;mean_fit_time;std_fit_time;mean_score_time;std_score_time;param_scaler__scaler;param_regressor__regressor__weights;param_regressor__regressor__p;param_regressor__regressor__n_neighbors;param_regressor__regressor__metric;param_regressor__regressor__algorithm;param_feature_selection__spearman_thr;param_feature_selection__rfe_k;params;split0_test_R2;split1_test_R2;split2_test_R2;split3_test_R2;split4_test_R2;mean_test_R2;std_test_R2;rank_test_R2;split0_train_R2;split1_train_R2;split2_train_R2;split3_train_R2;split4_train_R2;mean_train_R2;std_train_R2;split0_test_MAE;split1_test_MAE;split2_test_MAE;split3_test_MAE;split4_test_MAE;mean_test_MAE;std_test_MAE;rank_test_MAE;split0_train_MAE;split1_train_MAE;split2_train_MAE;split3_train_MAE;split4_train_MAE;mean_train_MAE;std_train_MAE;split0_test_MAPE;split1_test_MAPE;split2_test_MAPE;split3_test_MAPE;split4_test_MAPE;mean_test_MAPE;std_test_MAPE;rank_test_MAPE;split0_train_MAPE;split1_train_MAPE;split2_train_MAPE;split3_train_MAPE;split4_train_MAPE;mean_train_MAPE;std_train_MAPE;split0_test_MedAE;split1_test_MedAE;split2_test_MedAE;split3_test_MedAE;split4_test_MedAE;mean_test_MedAE;std_test_MedAE;rank_test_MedAE;split0_train_MedAE;split1_train_MedAE;split2_train_MedAE;split3_train_MedAE;split4_train_MedAE;mean_train_MedAE;std_train_MedAE;split0_test_RMSE;split1_test_RMSE;split2_test_RMSE;split3_test_RMSE;split4_test_RMSE;mean_test_RMSE;std_test_RMSE;rank_test_RMSE;split0_train_RMSE;split1_train_RMSE;split2_train_RMSE;split3_train_RMSE;split4_train_RMSE;mean_train_RMSE;std_train_RMSE;overfit_mae;overfit_R2;Model;Use_Log;Execution_Time_s;param_regressor__regressor__validation_fraction;param_regressor__regressor__subsample;param_regressor__regressor__n_iter_no_change;param_regressor__regressor__n_estimators;param_regressor__regressor__min_samples_split;param_regressor__regressor__min_samples_leaf;param_regressor__regressor__min_impurity_decrease;param_regressor__regressor__max_leaf_nodes;param_regressor__regressor__max_features;param_regressor__regressor__max_depth;param_regressor__regressor__loss;param_regressor__regressor__learning_rate;param_regressor__regressor__criterion;param_regressor__n_estimators;param_regressor__min_samples_split;param_regressor__min_samples_leaf;param_regressor__min_impurity_decrease;param_regressor__max_samples;param_regressor__max_features;param_regressor__max_depth;param_regressor__criterion;param_regressor__ccp_alpha;param_regressor__bootstrap;param_regressor__regressor__solver;param_regressor__regressor__max_iter;param_regressor__regressor__learning_rate_init;param_regressor__regressor__hidden_layer_sizes;param_regressor__regressor__batch_size;param_regressor__regressor__alpha;param_regressor__regressor__activation;param_regressor__solver;param_regressor__max_iter;param_regressor__learning_rate_init;param_regressor__hidden_layer_sizes;param_regressor__activation;param_regressor__fit_intercept;param_regressor__epsilon;param_regressor__alpha;param_regressor__max_leaf_nodes;mean_train_MAE_pos;mean_test_MAE_pos
0;45.812554121017456;1.5715996132416343;18.986527347564696;0.2066578017956447;MinMaxScaler(feature_range=(-1, 1));distance;4.0;79.0;euclidean;brute;0.25;5;{'scaler__scaler': MinMaxScaler(feature_range=(-1, 1)), 'regressor__regressor__weights': 'distance', 'regressor__regressor__p': 4, 'regressor__regressor__n_neighbors': 79, 'regressor__regressor__metric': 'euclidean', 'regressor__regressor__algorithm': 'brute', 'feature_selection__spearman_thr': 0.25, 'feature_selection__rfe_k': 5};0.89510395718587;0.8796876288227217;0.8579409896160404;0.8738707987837444;0.9082318966655062;0.8829670542147765;0.017351755420467865;29;0.9927146342711866;0.9946864001557834;0.9921232988525953;0.9923371449242798;0.9986106953484362;0.9940944347104562;0.002434104617865963;-1760.6177887756755;-1753.0908994512786;-1777.845042758198;-1765.303330379586;-1636.648732431837;-1738.7011587593147;51.65659728865937;26;-158.4343397847707;-152.28209124321563;-156.67860213849377;-155.2814610877052;-59.08278039829535;-136.35185493049613;38.68701354900903;-0.10785343173659113;-0.10693096703488328;-0.105978141449946;-0.10827205862656768;-0.10291101459512834;-0.10638912268862329;0.0019104651537527027;26;-0.011508618515729676;-0.011112127536517491;-0.011485899508436632;-0.011043480818512296;-0.00488464231600459;-0.010006953739040137;0.0025681179690207334;-1050.2653806883864;-1045.3006999455883;-1030.403340667266;-1030.1622241128662;-1022.3993631366384;-1035.7062017101491;10.391843576295464;24;-7.275957614183426e-12;-7.275957614183426e-12;-7.275957614183426e-12;-7.275957614183426e-12;-7.275957614183426e-12;-7.275957614183426e-12;0.0;-3090.9629787927324;-3373.8165659764504;-3786.796916706647;-3496.081695129164;-2881.148248705726;-3325.761281062144;315.17715731951597;29;-835.1485719075677;-709.9464630119667;-857.1073014716295;-849.9808546534342;-364.993899675246;-723.4354181439688;187.0957095661262;1175.1576864470223;-11.178754916583665;KNN;True;9891.770384073257;;;;;;;;;;;;;;;;;;;;;;;;;;;;;;;;;;;;;;;;136.35185493049613;1738.7011587593147
1;42.33202724456787;1.027113274318409;12.584857988357545;0.5304964814932368;RobustScaler();uniform;4.0;48.0;manhattan;kd_tree;0.25;8;{'scaler__scaler': RobustScaler(), 'regressor__regressor__weights': 'uniform', 'regressor__regressor__p': 4, 'regressor__regressor__n_neighbors': 48, 'regressor__regressor__metric': 'manhattan', 'regressor__regressor__algorithm': 'kd_tree', 'feature_selection__spearman_thr': 0.25, 'feature_selection__rfe_k': 8};0.906036348298231;0.8857352018543077;0.8655482079460443;0.8817849961995452;0.9112291729729375;0.8900667854542131;0.01668163586515114;26;0.8888032243640533;0.8929342555433484;0.897205262751331;0.8925941617684942;0.902680334135403;0.8948434477125261;0.004736740634210458;-1755.586063931376;-1763.243111588342;-1797.3823139431245;-1787.3315779273225;-1598.9977623607247;-1740.508165950178;72.38303075149123;27;-1738.7042326933488;-1728.0509429638157;-1730.648267206585;-1726.8780847760866;-1590.8812030593415;-1703.0325461398356;56.227308167584134;-0.10726811456055742;-0.10664880605329581;-0.10603394007288046;-0.1085620973460675;-0.09806626594852763;-0.10531584479626577;0.003720170771840274;25;-0.1047689592066184;-0.10430122839120567;-0.10517642774276875;-0.10421202412383757;-0.09651190253905531;-0.10299410840069714;0.003259554794907507;-1115.9662719834269;-1107.2173428182214;-1101.5704770878897;-1096.3017676391223;-986.1987114010553;-1081.450914185943;48.06983578789756;27;-1082.9947643053752;-1075.0460339310102;-1085.480813621059;-1078.4952016508978;-975.7776240549592;-1059.5588875126602;42.04502914282908;-2925.460201264751;-3287.9299152735907;-3684.011013990484;-3384.621042061901;-2833.706461418925;-3223.1457268019303;310.78857604037773;26;-3262.752722345985;-3186.8120279325685;-3096.338630309203;-3182.202275809777;-3054.8308347865213;-3156.5872982368114;73.24621284201292;2.2005228200298417;-0.5337986516550436;KNN;True;9891.770384073257;;;;;;;;;;;;;;;;;;;;;;;;;;;;;;;;;;;;;;;;1703.0325461398356;1740.508165950178
2;40.21074357032776;0.7171850366233254;10.508784437179566;1.3842781233181756;StandardScaler();distance;1.5;32.0;manhattan;auto;0.3;5;{'scaler__scaler': StandardScaler(), 'regressor__regressor__weights': 'distance', 'regressor__regressor__p': 1.5, 'regressor__regressor__n_neighbors': 32, 'regressor__regressor__metric': 'manhattan', 'regressor__regressor__algorithm': 'auto', 'feature_selection__spearman_thr': 0.3, 'feature_selection__rfe_k': 5};0.9303448655063974;0.8914288651347457;0.8685791825099111;0.8875974577845472;0.9280085138430638;0.901191776955733;0.024136036239479366;19;0.9986322096250395;0.9946856864814974;0.992123689321029;0.9923370003948411;0.9986101268510383;0.9952777425346891;0.002874153129876444;-1484.7671085291304;-1661.874240421725;-1680.7963957884544;-1664.6655890768723;-1441.6913822116417;-1586.7589432055647;101.98208414075421;14;-57.84581872645852;-152.2284537003762;-156.61745343695884;-155.2264937948307;-59.061388216526865;-116.19592157503023;47.169309051049055;-0.09229928396788663;-0.10117495796565139;-0.09952853154161564;-0.10214824821740463;-0.09087059264503261;-0.09720432286751819;0.0046858474590334865;12;-0.004856588835564214;-0.011103575034024274;-0.011501904090509872;-0.011051084014336477;-0.0048787910366178576;-0.008678388602210539;0.0031153345752017994;-901.8022871229805;-979.7476064636357;-962.7833469937959;-962.952527941663;-881.6231234337938;-937.7817783911738;38.64736500687354;10;-7.275957614183426e-12;-7.275957614183426e-12;-7.275957614183426e-12;-7.275957614183426e-12;-7.275957614183426e-12;-7.275957614183426e-12;0.0;-2518.7833777732744;-3204.966629667459;-3642.249602130569;-3300.3638139655004;-2551.8802866156534;-3043.6487420304916;439.9020216095306;18;-361.8660461738814;-709.9941381792939;-857.0860566962441;-849.9888703783413;-365.0685689925484;-628.8007360840618;222.90784263440318;1265.5891891015813;-9.453237177729497;KNN;True;9891.770384073257;;;;;;;;;;;;;;;;;;;;;;;;;;;;;;;;;;;;;;;;116.19592157503023;1586.7589432055647
3;37.63986015319824;2.583640088492471;35.971910047531125;3.5325340528819456;MinMaxScaler(feature_range=(-1, 1));distance;1.5;18.0;manhattan;ball_tree;0.25;12;{'scaler__scaler': MinMaxScaler(feature_range=(-1, 1)), 'regressor__regressor__weights': 'distance', 'regressor__regressor__p': 1.5, 'regressor__regressor__n_neighbors': 18, 'regressor__regressor__metric': 'manhattan', 'regressor__regressor__algorithm': 'ball_tree', 'feature_selection__spearman_thr': 0.25, 'feature_selection__rfe_k': 12};0.9392233306021422;0.9242023500407996;0.8981283833286049;0.9335274658954725;0.9365750815090729;0.9263313222752185;0.014985734903215867;3;0.9989551221538626;0.9990715037264598;0.9990168185321733;0.9990835806224783;0.9989543879553399;0.9990162825980627;5.504585555624975e-05;-1395.1101860846013;-1405.8094910093287;-1457.338844517618;-1388.3124034602504;-1379.7551413437081;-1405.2652132831013;27.39797589909426;2;-45.72661410237303;-44.40731977182701;-42.90248922940524;-43.246153594111014;-46.154702347727806;-44.487455809088814;1.2941867197981445;-0.08831507511799445;-0.08754420364921728;-0.08766873004289924;-0.08746061521884009;-0.087395205279125;-0.08767676586161521;0.00033198598865073065;2;-0.003866257898930593;-0.0037379896766101144;-0.003909156128307992;-0.003749128533128361;-0.003882004522584174;-0.0038289073519122475;7.111247797376191e-05;-869.6769573503625;-868.6825057661281;-858.5672244158959;-850.98307150852;-841.5628812263594;-857.8945280534532;10.67847876168982;3;-7.275957614183426e-12;-7.275957614183426e-12;-7.275957614183426e-12;-7.275957614183426e-12;-7.275957614183426e-12;-7.275957614183426e-12;0.0;-2352.787474301293;-2677.8990039951523;-3206.743488326215;-2538.018992053291;-2395.243588589484;-2634.1385094530874;308.3049115837905;3;-316.2793402487757;-296.7708630074832;-302.8167211362384;-293.94154287631864;-316.6446464215253;-305.29062273806824;9.562153262162644;3058.7897930454474;-7.275653218966379;KNN;True;9891.770384073257;;;;;;;;;;;;;;;;;;;;;;;;;;;;;;;;;;;;;;;;44.487455809088814;1405.2652132831013
4;42.09971551895141;2.3896909630967684;11.123294830322266;1.0276189225662726;MinMaxScaler(feature_range=(-1, 1));uniform;2.0;45.0;manhattan;auto;0.25;6;{'scaler__scaler': MinMaxScaler(feature_range=(-1, 1)), 'regressor__regressor__weights': 'uniform', 'regressor__regressor__p': 2, 'regressor__regressor__n_neighbors': 45, 'regressor__regressor__metric': 'manhattan', 'regressor__regressor__algorithm': 'auto', 'feature_selection__spearman_thr': 0.25, 'feature_selection__rfe_k': 6};0.8949968779345547;0.8751101436443851;0.8457444483250209;0.870130760001953;0.8859546072133199;0.8743873674238467;0.01671891675049033;37;0.8785595158757465;0.8810907147389062;0.8810799407101297;0.8814628158322952;0.8790615648904521;0.8802509104095059;0.0011947079590713912;-1846.5843219200967;-1869.5698791039672;-1938.6041814107016;-1881.348702314264;-1861.8416263277527;-1879.5897422153564;31.592875834175565;34;-1831.2517903073326;-1827.1369805591326;-1853.141360729619;-1819.1390264956024;-1832.2304073718171;-1832.5799130927007;11.268914236861598;-0.1134284050668441;-0.11337814103627672;-0.11379275258590169;-0.11498341523557175;-0.11450910658676632;-0.1140183641022721;0.0006294425581425385;34;-0.11081604229877241;-0.11080159757387152;-0.11245020190260961;-0.11014125339512498;-0.11095039426253446;-0.1110318978865826;0.0007630345472649098;-1173.9092737676128;-1177.8461457375342;-1191.71540517812;-1168.1751962565568;-1182.7532285888828;-1178.8798499057414;8.00149139566621;34;-1147.0284894825663;-1139.3360210707388;-1158.603637033999;-1143.1217908862473;-1148.0064143388445;-1147.219270562479;6.468303563518721;-3092.5402240784115;-3437.398683595745;-3946.008568919836;-3547.536719129256;-3211.874741838181;-3447.0717875122864;296.693432023765;37;-3409.7285699201325;-3358.451348966048;-3330.355303322368;-3343.036672823254;-3405.407070536825;-3369.3957931137256;32.44160572443093;2.565226694170236;-0.6661217746348432;KNN;True;9891.770384073257;;;;;;;;;;;;;;;;;;;;;;;;;;;;;;;;;;;;;;;;1832.5799130927007;1879.5897422153564
5;38.72764563560486;2.279961138496103;13.607092332839965;1.410468892142984;RobustScaler();distance;2.0;46.0;chebyshev;kd_tree;0.3;13;{'scaler__scaler': RobustScaler(), 'regressor__regressor__weights': 'distance', 'regressor__regressor__p': 2, 'regressor__regressor__n_neighbors': 46, 'regressor__regressor__metric': 'chebyshev', 'regressor__regressor__algorithm': 'kd_tree', 'feature_selection__spearman_thr': 0.3, 'feature_selection__rfe_k': 13};0.9252998482649313;0.9066792315757365;0.8805756070588477;0.9118745446169455;0.9234577079744423;0.9095773878981808;0.01609123100521587;10;0.9987581114444191;0.9987752172415041;0.9987643455739422;0.9988208549344763;0.9987393482856975;0.9987715754960078;2.7253883791730075e-05;-1545.559078293246;-1545.8296738253266;-1624.386299765656;-1542.19112714241;-1497.4163313132676;-1551.0765020679812;40.965012933440974;10;-53.692281051613264;-53.30690895571759;-50.875163349077305;-52.21725502251089;-54.50750812036385;-52.91982329985658;1.2602782130263734;-0.09646221257680626;-0.09553447126429444;-0.09702414489627821;-0.0967906950980791;-0.09353415657200485;-0.09586913608149257;0.0012727282476770745;10;-0.004502044035488952;-0.004409717344116993;-0.00456054572948751;-0.004433946501057281;-0.004521027822198557;-0.004485456286469859;5.58006405094066e-05;-947.9424444976103;-929.7857777609097;-965.3508483329078;-934.1558541151226;-915.4498026423062;-938.5369454697714;16.948403230856744;11;-7.275957614183426e-12;-7.275957614183426e-12;-7.275957614183426e-12;-7.275957614183426e-12;-7.275957614183426e-12;-7.275957614183426e-12;0.0;-2608.4048138134576;-2971.3613938222043;-3472.0353924052656;-2922.297570087291;-2631.300564436413;-2921.079946912926;312.35218545558064;10;-344.8096217129988;-340.8479679085247;-339.4779143137171;-333.42446003793737;-347.6837718179078;-341.2487471582172;4.870427329843632;2830.99335059984;-8.93038906854469;KNN;True;9891.770384073257;;;;;;;;;;;;;;;;;;;;;;;;;;;;;;;;;;;;;;;;52.91982329985658;1551.0765020679812
6;43.01542692184448;3.6080185557762254;13.273907375335693;1.205159920533032;StandardScaler();distance;3.0;84.0;chebyshev;kd_tree;0.25;5;{'scaler__scaler': StandardScaler(), 'regressor__regressor__weights': 'distance', 'regressor__regressor__p': 3, 'regressor__regressor__n_neighbors': 84, 'regressor__regressor__metric': 'chebyshev', 'regressor__regressor__algorithm': 'kd_tree', 'feature_selection__spearman_thr': 0.25, 'feature_selection__rfe_k': 5};0.9173203121924773;0.8908599586037484;0.8719910712177356;0.8863031720624656;0.9116269261423324;0.8956202880437518;0.01670277094180002;22;0.9987669540596027;0.9959990345020017;0.9957320348252926;0.9959709394342443;0.9987669973758505;0.9970471920393983;0.0014072600465119011;-1631.6348560475728;-1671.8159896073523;-1683.8030693428682;-1675.2199306878874;-1596.4391764364061;-1651.782604424417;32.99933861150174;22;-55.138463132229354;-128.94365983593187;-130.91320610185056;-127.0782241102568;-55.80209201322088;-99.5751290386979;36.032490785501544;-0.10181374547986627;-0.10298099227593399;-0.10126443300022875;-0.10396278573910134;-0.1000622932604131;-0.10201684995110868;0.001352324743903114;21;-0.004685284903694462;-0.009945965797113843;-0.010290156225398361;-0.009721985129281739;-0.0046917550902122775;-0.007867029429140138;0.0026015474585320735;-1011.5490830086856;-1006.6884801171436;-991.552150086156;-999.0985055922342;-990.7807793516076;-999.9337996311654;8.18862701400641;22;-7.275957614183426e-12;-7.275957614183426e-12;-7.275957614183426e-12;-7.275957614183426e-12;-7.275957614183426e-12;-7.275957614183426e-12;0.0;-2744.186762788735;-3213.35257937417;-3594.6594617659107;-3319.310838390252;-2827.35087614336;-3139.7721036924854;315.8054899949263;22;-343.57985529335355;-616.0466215901797;-630.9187645950719;-616.3334455372591;-343.8498676279069;-510.1457109287542;135.9966618081384;1558.8304934884738;-10.17272851329976;KNN;True;9891.770384073257;;;;;;;;;;;;;;;;;;;;;;;;;;;;;;;;;;;;;;;;99.5751290386979;1651.782604424417
7;276.2735811233521;291.4967744666817;12.575993633270263;1.3774979741341233;StandardScaler();distance;2.0;89.0;minkowski;kd_tree;0.3;8;{'scaler__scaler': StandardScaler(), 'regressor__regressor__weights': 'distance', 'regressor__regressor__p': 2, 'regressor__regressor__n_neighbors': 89, 'regressor__regressor__metric': 'minkowski', 'regressor__regressor__algorithm': 'kd_tree', 'feature_selection__spearman_thr': 0.3, 'feature_selection__rfe_k': 8};0.9264220156199894;0.8907704455586859;0.8622186374714287;0.886854431821282;0.9196644439027992;0.8971859948748371;0.023369390799286665;21;0.9987581114444191;0.9957374852963353;0.9932971547744764;0.9934647701808387;0.9987393482856975;0.9959993739963533;0.002404698830603412;-1529.2743428379922;-1614.114103473092;-1716.624356124925;-1618.0459043339981;-1501.423119680003;-1595.896365290002;75.84381826766064;15;-53.692281051613264;-126.32247946964533;-131.37502268587468;-128.68992589985083;-54.50750812036386;-98.9174434454696;36.629192811910926;-0.09481727500897943;-0.09796233907787746;-0.10110492960244587;-0.09845646675085656;-0.09334123667585388;-0.09713644942320264;0.0027551981475486633;11;-0.004502044035488951;-0.009316457675633143;-0.010274082843020208;-0.00927339747134793;-0.004521027822198558;-0.0075774019695377575;0.0025287171678742442;-947.2436428175479;-938.6630662888347;-981.9503632603773;-922.6673721748821;-924.4989787541281;-943.004684659154;21.49256489197196;12;-7.275957614183426e-12;-7.275957614183426e-12;-7.275957614183426e-12;-7.275957614183426e-12;-7.275957614183426e-12;-7.275957614183426e-12;0.0;-2588.738569327236;-3214.670051940404;-3729.347562023501;-3311.2542115221877;-2695.712854752834;-3107.9446499132323;419.1364158641541;20;-344.8096217129989;-635.863830795733;-790.6651672225591;-784.9541138967306;-347.6837718179078;-580.7953010891858;199.39355579942972;1513.361920508767;-9.921028235694255;KNN;True;9891.770384073257;;;;;;;;;;;;;;;;;;;;;;;;;;;;;;;;;;;;;;;;98.9174434454696;1595.896365290002
8;34.25843200683594;1.425346643365869;39.989051055908206;4.31831897366965;MinMaxScaler(feature_range=(-1, 1));distance;2.0;65.0;euclidean;ball_tree;0.3;10;{'scaler__scaler': MinMaxScaler(feature_range=(-1, 1)), 'regressor__regressor__weights': 'distance', 'regressor__regressor__p': 2, 'regressor__regressor__n_neighbors': 65, 'regressor__regressor__metric': 'euclidean', 'regressor__regressor__algorithm': 'ball_tree', 'feature_selection__spearman_thr': 0.3, 'feature_selection__rfe_k': 10};0.9250421530896765;0.8996095489816994;0.8824062929012447;0.9053176450913997;0.9160265348872874;0.9056804349902615;0.014564277354265584;13;0.9988985713137286;0.998935697543412;0.9987414228218898;0.998968117443771;0.9988721213489195;0.9988831860943442;7.800864744688074e-05;-1570.3338331030693;-1593.131892610968;-1628.5331009313527;-1580.7052788168367;-1552.815921625575;-1585.1040054175603;25.418735022821735;13;-47.3911108999552;-46.8832262888823;-51.36957648961928;-45.43931124694112;-48.18603335695009;-47.8538516564696;1.9726588040382915;-0.0992415689858061;-0.09876923009627933;-0.09882539764495125;-0.09922415738755527;-0.09770738352226448;-0.09875354752737128;0.0005584811710953507;16;-0.003984185945102405;-0.0038977491031391585;-0.004371595603461258;-0.0039129174635566056;-0.00401940073362203;-0.0040371697697762915;0.00017311292294064175;-988.3988672484775;-985.8344068874885;-988.4284781447313;-975.7001017487;-960.1747705516718;-979.7073249162138;10.83255346397681;18;-7.275957614183426e-12;-7.275957614183426e-12;-7.275957614183426e-12;-7.275957614183426e-12;-7.275957614183426e-12;-7.275957614183426e-12;0.0;-2612.900083328069;-3081.857302454354;-3445.3207767760578;-3029.062785555293;-2756.073305634497;-2985.0428507496545;287.7790311474343;13;-324.725396119553;-317.73401404069193;-342.61228939595344;-311.90976609149754;-328.86529814730966;-325.16935275900113;10.480592051795824;3212.385420502013;-9.330695761183804;KNN;True;9891.770384073257;;;;;;;;;;;;;;;;;;;;;;;;;;;;;;;;;;;;;;;;47.8538516564696;1585.1040054175603
9;33.95122742652893;0.9076944483906552;9.095781183242797;0.3097488471070213;MinMaxScaler();uniform;2.0;68.0;euclidean;auto;0.3;5;{'scaler__scaler': MinMaxScaler(), 'regressor__regressor__weights': 'uniform', 'regressor__regressor__p': 2, 'regressor__regressor__n_neighbors': 68, 'regressor__regressor__metric': 'euclidean', 'regressor__regressor__algorithm': 'auto', 'feature_selection__spearman_thr': 0.3, 'feature_selection__rfe_k': 5};0.8847062300554165;0.8628263993532325;0.8425329018568132;0.8553248404883895;0.8896160897460134;0.867001292299973;0.01776156115522198;39;0.8650673474182005;0.8687822107766734;0.8740212875580128;0.8702137024466934;0.880059679521892;0.8716288455442944;0.005098273384048173;-1959.7293975667171;-1979.8854751819242;-2004.6404190215492;-2008.6609160881994;-1851.9963979055083;-1960.9825211527798;57.299403906423144;39;-1955.868340109976;-1949.5976981970784;-1936.5005344650394;-1937.8539962199036;-1858.876134842044;-1927.7393407668083;35.185890052083764;-0.1193197797163355;-0.11993008589128071;-0.11827649833416033;-0.12189173379989128;-0.11569586883019368;-0.11902279331437231;0.002038017810198466;39;-0.11770878994847146;-0.11766831490561228;-0.11790490339889662;-0.11689358969185397;-0.11453994712329825;-0.11694310901362652;0.0012501902698107933;-1248.4949553177848;-1249.8855203180992;-1246.3788881537957;-1244.5990251287212;-1201.738442412916;-1238.2193662662635;18.329334579002627;39;-1223.2366779007225;-1222.3022031343025;-1227.1377538714937;-1223.8962374713738;-1184.9290261331698;-1216.3003797022125;15.769855269449087;-3240.5383925191186;-3602.480117077348;-3986.874219522668;-3744.3008351936974;-3159.8947308802153;-3546.8176590386092;309.6010439125356;39;-3594.1532640632395;-3527.9915421644714;-3427.7693678472588;-3498.0680939286917;-3391.325406849012;-3487.8615349705346;72.03168133389015;1.7244644897244352;-0.5309086852709305;KNN;True;9891.770384073257;;;;;;;;;;;;;;;;;;;;;;;;;;;;;;;;;;;;;;;;1927.7393407668083;1960.9825211527798
10;33.14577240943909;3.1233000760920744;397.51603803634646;27.908640189425373;MinMaxScaler(feature_range=(-1, 1));uniform;1.5;50.0;minkowski;brute;0.2;10;{'scaler__scaler': MinMaxScaler(feature_range=(-1, 1)), 'regressor__regressor__weights': 'uniform', 'regressor__regressor__p': 1.5, 'regressor__regressor__n_neighbors': 50, 'regressor__regressor__metric': 'minkowski', 'regressor__regressor__algorithm': 'brute', 'feature_selection__spearman_thr': 0.2, 'feature_selection__rfe_k': 10};0.9148036189048446;0.8912022198806713;0.869378083220154;0.8902241915562061;0.9049803848838234;0.89411769968914;0.015372789171551056;24;0.8954823733251909;0.8989548238016647;0.9009189468748244;0.8976803028541924;0.8966342561246016;0.8979341405960948;0.0018823474024098367;-1700.022916341378;-1728.6041688883415;-1770.5725158807973;-1722.049432625145;-1698.7134980187018;-1723.9925063508726;26.108656656948863;25;-1684.342986114776;-1682.3096678801498;-1699.00344804567;-1682.1174530330804;-1687.2655886842324;-1687.0078287515819;6.277757544736503;-0.10657871194668599;-0.10690371776015596;-0.10631411180107689;-0.10747813629961346;-0.10584590426308262;-0.10662411641412298;0.0005497827671574645;27;-0.10389825908881262;-0.1041020716417923;-0.1055633242021929;-0.10376002396794995;-0.10424856300577559;-0.10431444838130466;0.0006464882884480626;-1091.4890544794853;-1084.1097485865685;-1082.7071890241423;-1083.9977592508385;-1058.8367554330016;-1080.2281013548072;11.133931265997166;26;-1052.4352027681907;-1050.5979427808797;-1064.2580827349607;-1054.0002733750844;-1056.0640883024025;-1055.4711179923038;4.747428039572512;-2785.6389403746716;-3208.3101140202884;-3631.1621980631385;-3261.5727645348284;-2931.746132687817;-3163.6860299361488;292.17214354517256;24;-3163.245022435767;-3095.9145827793027;-3039.8931429263894;-3105.942851625414;-3148.2932500346096;-3110.6577699602967;43.42596676125778;2.1923240051980155;-0.4250245908259169;KNN;True;9891.770384073257;;;;;;;;;;;;;;;;;;;;;;;;;;;;;;;;;;;;;;;;1687.0078287515819;1723.9925063508726
11;28.277902364730835;0.6730593164003686;37.5961172580719;1.023444642252334;MinMaxScaler(feature_range=(-1, 1));distance;1.0;47.0;minkowski;brute;0.2;13;{'scaler__scaler': MinMaxScaler(feature_range=(-1, 1)), 'regressor__regressor__weights': 'distance', 'regressor__regressor__p': 1, 'regressor__regressor__n_neighbors': 47, 'regressor__regressor__metric': 'minkowski', 'regressor__regressor__algorithm': 'brute', 'feature_selection__spearman_thr': 0.2, 'feature_selection__rfe_k': 13};0.9310374606755837;0.902563380129997;0.888005879453055;0.908848605100901;0.9211836987653023;0.9103278048249679;0.014882761529175528;8;0.9990721912228632;0.9991687350749319;0.9990513793700088;0.9992098552408633;0.9991004976201139;0.9991205317057563;5.970338539327258e-05;-1488.9189189929564;-1524.1943082744287;-1527.8013649316702;-1502.7063221994072;-1484.0357539486952;-1505.5313336694312;17.8340902332994;6;-40.978359125405575;-39.94785784597284;-41.06179309807779;-38.55571492042701;-41.482246215042764;-40.4051942409852;1.0535095001056716;-0.0931883543775296;-0.09311545123749039;-0.09124067117694636;-0.09317566235479638;-0.09197247494068446;-0.09253852281748944;0.0007957265017485004;7;-0.003645459676503907;-0.003534559878355192;-0.0037248376392680868;-0.00355222283904811;-0.0036774344986146173;-0.003626902906357982;7.292921872410834e-05;-920.4848182819514;-911.6852315959368;-895.8988664273274;-897.3717099454352;-898.8728076112147;-904.8626867723731;9.622282183945243;8;-7.275957614183426e-12;-7.275957614183426e-12;-7.275957614183426e-12;-7.275957614183426e-12;-7.275957614183426e-12;-7.275957614183426e-12;0.0;-2506.2297061800987;-3036.1793913510232;-3362.290505433854;-2972.045195484697;-2670.1013876985367;-2909.369237229642;298.3009726558983;8;-298.0350227141663;-280.80245801290215;-297.44679470228886;-272.93998887441467;-293.68922918031416;-288.5826986968172;9.992214935534488;3626.0836433309073;-8.887088600731321;KNN;True;9891.770384073257;;;;;;;;;;;;;;;;;;;;;;;;;;;;;;;;;;;;;;;;40.4051942409852;1505.5313336694312
12;28.16633005142212;0.5955065367375193;15.1003577709198;0.14329374611853973;MinMaxScaler(feature_range=(-1, 1));uniform;4.0;88.0;euclidean;brute;0.3;10;{'scaler__scaler': MinMaxScaler(feature_range=(-1, 1)), 'regressor__regressor__weights': 'uniform', 'regressor__regressor__p': 4, 'regressor__regressor__n_neighbors': 88, 'regressor__regressor__metric': 'euclidean', 'regressor__regressor__algorithm': 'brute', 'feature_selection__spearman_thr': 0.3, 'feature_selection__rfe_k': 10};0.8991862831704227;0.8758198342236688;0.8560149938859747;0.8736097793923877;0.8898239815415688;0.8788909744428046;0.014778792984635533;32;0.8778806714620162;0.8823610030906481;0.8836025528645794;0.8823853510970682;0.8801508161834166;0.8812760789395456;0.002030518863037537;-1863.6773063048843;-1888.144088838901;-1930.248773467202;-1887.5662450050627;-1844.293739750875;-1882.7860306733849;28.813437827959177;37;-1859.2312004795008;-1852.3925394106743;-1873.250694540171;-1847.5597395068705;-1861.2844350072291;-1858.7437217888892;8.747160623012887;-0.11630836759373146;-0.11697073389728695;-0.11710219541374237;-0.11750337290285977;-0.11504789362285311;-0.11658651268609473;0.0008601047129259121;38;-0.11471818349403738;-0.11481903129572368;-0.11651579820851196;-0.11416270741262638;-0.1151497447184874;-0.11507309302587736;0.0007882364910754435;-1230.0300405498092;-1216.6262397315768;-1235.9433553962572;-1194.7532431633626;-1192.8671068323197;-1214.0439971346652;17.6770887016422;38;-1189.0806278580449;-1192.000022156536;-1206.0515719821183;-1183.4674152720872;-1188.4034109426593;-1191.8006096422891;7.635588795698974;-3030.219330970494;-3427.6182056800762;-3812.3806531177975;-3499.6973268634615;-3156.9177309686247;-3385.366649520091;274.04969743044046;32;-3419.2453694339;-3340.4642898807897;-3294.8431001396157;-3330.002394684808;-3390.0367125663124;-3354.9183733410855;44.29452595427927;1.293470885881833;-0.27064214651225355;KNN;True;9891.770384073257;;;;;;;;;;;;;;;;;;;;;;;;;;;;;;;;;;;;;;;;1858.7437217888892;1882.7860306733849
13;28.66265287399292;0.40897415711351787;27.16940841674805;5.7635722704852395;StandardScaler();distance;4.0;49.0;euclidean;ball_tree;0.3;9;{'scaler__scaler': StandardScaler(), 'regressor__regressor__weights': 'distance', 'regressor__regressor__p': 4, 'regressor__regressor__n_neighbors': 49, 'regressor__regressor__metric': 'euclidean', 'regressor__regressor__algorithm': 'ball_tree', 'feature_selection__spearman_thr': 0.3, 'feature_selection__rfe_k': 9};0.9334362378565744;0.8954003214541798;0.867328055651728;0.8970994345835799;0.9290750915419153;0.9044678282175955;0.02433335889358003;14;0.9987581114444191;0.9957365894749668;0.9932967859926014;0.9934639359198237;0.9987393482856975;0.9959989542235016;0.002404977105720617;-1458.6628401460732;-1575.4308563066052;-1670.410478491058;-1572.5642070347644;-1432.5540361539984;-1541.9244836265;86.56155797170614;9;-53.69228105161326;-126.341104110531;-131.37904369787756;-128.70743308780013;-54.50750812036386;-98.92547401363717;36.63553871527033;-0.0907645966277893;-0.09555726554836404;-0.09847767616311985;-0.09602398920393598;-0.08948180689693129;-0.0940610668880281;0.003389231481649064;9;-0.004502044035488952;-0.009303523758621585;-0.010265603538890252;-0.009260627997844556;-0.004521027822198558;-0.007570565430608781;0.0025234179055521645;-891.7599412423915;-906.1500222724881;-947.8814314929014;-884.6528539065075;-872.5300090418755;-900.5948515912329;26.025829010684095;7;-7.275957614183426e-12;-7.275957614183426e-12;-7.275957614183426e-12;-7.275957614183426e-12;-7.275957614183426e-12;-7.275957614183426e-12;0.0;-2462.2558676113294;-3145.802825692545;-3659.5456524858955;-3157.785530603603;-2532.9062722013814;-2991.6592297189504;444.55655783796163;14;-344.8096217129989;-635.9306446980412;-790.6869176108363;-785.0042143320707;-347.6837718179078;-580.823034034371;199.41208546777267;1458.6728282079712;-9.189881738105374;KNN;True;9891.770384073257;;;;;;;;;;;;;;;;;;;;;;;;;;;;;;;;;;;;;;;;98.92547401363717;1541.9244836265
14;28.794507646560668;0.8741965250191998;28.629276037216187;0.585820754524941;RobustScaler();uniform;1.0;25.0;minkowski;brute;0.3;5;{'scaler__scaler': RobustScaler(), 'regressor__regressor__weights': 'uniform', 'regressor__regressor__p': 1, 'regressor__regressor__n_neighbors': 25, 'regressor__regressor__metric': 'minkowski', 'regressor__regressor__algorithm': 'brute', 'feature_selection__spearman_thr': 0.3, 'feature_selection__rfe_k': 5};0.8969551585644773;0.879473404099114;0.8566581552914561;0.8721074620605767;0.913091849317351;0.883657205866595;0.019611645990081472;28;0.8851729886078701;0.8882686148538971;0.8953673231884239;0.8894140172364541;0.9093920055095199;0.893522989879233;0.008595834534789789;-1809.7209211830336;-1814.9737085130807;-1844.0133805592761;-1843.2882579237692;-1586.9701669007688;-1779.7932870159857;97.43706968069853;29;-1756.510068749;-1740.9556579125583;-1730.7961077460113;-1735.7228359686171;-1551.8097330528747;-1703.1588806858122;76.16526456191977;-0.10964855438846935;-0.1091575669912057;-0.10774324829880513;-0.11100889332381754;-0.09825178861778049;-0.10716201032401562;0.0045758834130297295;29;-0.10465667082796991;-0.10415552963859542;-0.10468191137562867;-0.10381400508732244;-0.09460729999590219;-0.10238308338508373;0.0039014284549523546;-1115.349894110117;-1119.2238388434253;-1117.307579808621;-1118.741327785006;-979.0327345978894;-1089.931075029012;55.46553517916206;29;-1075.3826181945897;-1063.861913873;-1065.8658994964037;-1073.0279191817917;-949.4032408768326;-1045.5083183245235;48.24370159103344;-3063.5669712155195;-3376.8188901400945;-3803.8564308437076;-3520.435183482757;-2803.8190477903363;-3313.699304694483;349.14807019152283;28;-3315.584451808295;-3255.5080118538003;-3123.8968034836616;-3228.9690217778616;-2947.6106702227476;-3174.313791829273;129.20779617114246;4.499545356526873;-1.1041443952070418;KNN;True;9891.770384073257;;;;;;;;;;;;;;;;;;;;;;;;;;;;;;;;;;;;;;;;1703.1588806858122;1779.7932870159857
15;29.391762733459473;0.4299602910604109;9.078359413146973;0.2231844851214173;RobustScaler();distance;3.0;11.0;manhattan;kd_tree;0.25;11;{'scaler__scaler': RobustScaler(), 'regressor__regressor__weights': 'distance', 'regressor__regressor__p': 3, 'regressor__regressor__n_neighbors': 11, 'regressor__regressor__metric': 'manhattan', 'regressor__regressor__algorithm': 'kd_tree', 'feature_selection__spearman_thr': 0.25, 'feature_selection__rfe_k': 11};0.9410256081479937;0.9350130581011615;0.905699386383909;0.9454453557106255;0.9432103184952786;0.9340787453677937;0.01460893779557729;1;0.9988427851704378;0.9989315638776173;0.9988991566512784;0.99893299426973;0.9988497801629936;0.9988912560264115;3.8726979800942665e-05;-1355.8154596519066;-1367.2720642781026;-1409.4749154322185;-1337.636520822801;-1315.5978114964746;-1357.1593543363006;31.462656466652636;1;-51.63895934715847;-50.72833569280259;-48.77064942226851;-50.063416416676866;-52.0882872624095;-50.65792962826318;1.1771636946092339;-0.08516097137706985;-0.08569314469570859;-0.0849407950409656;-0.08580995561000765;-0.08384081659911671;-0.0850891366645737;0.000702833423053938;1;-0.0043961052707650545;-0.004256108692769043;-0.004396570347828794;-0.004271810121292339;-0.004428595568601192;-0.004349838000251285;7.12753255751557e-05;-838.8801204966294;-843.4878642786025;-821.2756057870192;-820.0802248902874;-801.3214234768757;-825.0090477858828;15.054625513895173;1;-7.275957614183426e-12;-7.275957614183426e-12;-7.275957614183426e-12;-7.275957614183426e-12;-7.275957614183426e-12;-7.275957614183426e-12;0.0;-2317.640047332608;-2479.58713071341;-3085.2821156443397;-2299.268100444235;-2266.4933229816784;-2489.654143423254;306.76064689994075;1;-332.8473156594222;-318.35044285606034;-320.4245419101925;-317.1737328394503;-332.10643269009176;-324.1804931910434;6.85748753113251;2579.065971103389;-6.48844509025356;KNN;True;9891.770384073257;;;;;;;;;;;;;;;;;;;;;;;;;;;;;;;;;;;;;;;;50.65792962826318;1357.1593543363006
16;29.399000930786134;0.29271943218238544;16.624029397964478;2.360338540727409;RobustScaler();distance;1.0;25.0;euclidean;ball_tree;0.25;6;{'scaler__scaler': RobustScaler(), 'regressor__regressor__weights': 'distance', 'regressor__regressor__p': 1, 'regressor__regressor__n_neighbors': 25, 'regressor__regressor__metric': 'euclidean', 'regressor__regressor__algorithm': 'ball_tree', 'feature_selection__spearman_thr': 0.25, 'feature_selection__rfe_k': 6};0.9292523382776064;0.899195664522336;0.8803176015530142;0.8926633457875243;0.9277009316183215;0.9058259763517604;0.019468955617567448;12;0.9987663829328638;0.9959968968814585;0.9957326123628758;0.9959702303526838;0.9987661086009129;0.9970464462261589;0.001407222428175827;-1505.7529387355823;-1631.5101951183601;-1642.359005455758;-1634.8185453795593;-1474.224895955161;-1577.7331161288841;72.41867661006611;12;-55.14276508393137;-128.98508223493673;-130.91395250638877;-127.05445694597763;-55.81634613525041;-99.58252058129698;36.03122656864522;-0.09450124865007094;-0.10048894515366381;-0.09882757857094657;-0.10170394771703975;-0.09329777037269738;-0.09776389809288369;0.003306734548868226;13;-0.004682117062783912;-0.009943370717278039;-0.010312051867297046;-0.009721078536260008;-0.004684387632432843;-0.007868601163210368;0.002607669043237888;-925.6463466404603;-981.0839329770206;-958.3036706042749;-968.9865610228844;-912.4273224637036;-949.2895667416688;26.068886767295375;14;-7.275957614183426e-12;-7.275957614183426e-12;-7.275957614183426e-12;-7.275957614183426e-12;-7.275957614183426e-12;-7.275957614183426e-12;0.0;-2538.45983615735;-3088.203627521718;-3475.783876788263;-3225.134096828233;-2557.325905691642;-2976.9814685974407;371.79724354715046;12;-343.65941637002146;-616.2111691310089;-630.8760754432983;-616.3876779628403;-343.97377251132855;-510.2216222836995;135.9734006924689;1484.3474406141968;-9.149069255466463;KNN;True;9891.770384073257;;;;;;;;;;;;;;;;;;;;;;;;;;;;;;;;;;;;;;;;99.58252058129698;1577.7331161288841
17;29.360685777664184;0.2162863840419502;7.488958358764648;0.11737025173659901;MinMaxScaler(feature_range=(-1, 1));uniform;1.5;38.0;euclidean;kd_tree;0.2;5;{'scaler__scaler': MinMaxScaler(feature_range=(-1, 1)), 'regressor__regressor__weights': 'uniform', 'regressor__regressor__p': 1.5, 'regressor__regressor__n_neighbors': 38, 'regressor__regressor__metric': 'euclidean', 'regressor__regressor__algorithm': 'kd_tree', 'feature_selection__spearman_thr': 0.2, 'feature_selection__rfe_k': 5};0.8894971068574874;0.8677375840446838;0.8481097521787535;0.8624575875047737;0.8809865960671321;0.869757725330566;0.014434254021292267;38;0.8728525835056903;0.8767785959529525;0.8831243529429283;0.877584944744699;0.8743730908963041;0.8769427136085148;0.0035209142403376074;-1906.2421764620578;-1931.871679869464;-1947.6313910297386;-1943.237360610257;-1900.8197680905084;-1925.960475212405;19.09936209461995;38;-1879.9786838581479;-1870.9949833998814;-1855.7705991805149;-1861.692379393231;-1881.7462566913146;-1870.036580504618;10.099746402025534;-0.11601598519270356;-0.11652024381194265;-0.11461559402418646;-0.11772697491263544;-0.115950619418334;-0.11616588347196041;0.0010034722931390042;37;-0.11272412228686093;-0.11265413328200148;-0.11291251812158414;-0.11204044413798836;-0.1130562522908704;-0.11267749402386107;0.0003484958041639797;-1202.1183650083494;-1213.4662002431633;-1194.4013497042506;-1189.9453487032797;-1202.7504873925564;-1200.5363502103198;8.054734511904957;37;-1169.0515480493686;-1162.5970988601284;-1170.7642780504639;-1165.032527830007;-1166.636067771673;-1166.8163041123282;2.884401137093425;-3172.4959429627665;-3537.403074776466;-3915.638298988186;-3650.833850481722;-3281.0863934693093;-3511.49151213569;265.11387601706815;38;-3488.9266065924003;-3418.804395244475;-3301.604325575954;-3397.2793088042854;-3470.7888879934076;-3415.480704842105;65.97493932971315;2.9905241047582214;-0.8193224216874462;KNN;True;9891.770384073257;;;;;;;;;;;;;;;;;;;;;;;;;;;;;;;;;;;;;;;;1870.036580504618;1925.960475212405
18;29.597356414794923;0.20207831407107948;7.55797848701477;0.13740748896655844;MinMaxScaler();distance;1.0;18.0;chebyshev;auto;0.3;6;{'scaler__scaler': MinMaxScaler(), 'regressor__regressor__weights': 'distance', 'regressor__regressor__p': 1, 'regressor__regressor__n_neighbors': 18, 'regressor__regressor__metric': 'chebyshev', 'regressor__regressor__algorithm': 'auto', 'feature_selection__spearman_thr': 0.3, 'feature_selection__rfe_k': 6};0.921921974095426;0.9048456947970323;0.8874788630960151;0.9155188504693916;0.9188016693161493;0.9097134103548028;0.012517334868381974;9;0.9986331751143704;0.9986217798281852;0.99856862462742;0.9987293533044217;0.9986104169109843;0.9986326699570764;5.303493576166789e-05;-1597.797095347784;-1618.6705882317424;-1613.1796494124806;-1603.056775881759;-1561.1474269303708;-1598.770307160827;20.19134667619052;16;-57.831830092783704;-58.32984996440189;-58.375913211221935;-56.40337728434007;-59.06490814584045;-58.00117573971761;0.8901257666756394;-0.10010144682591907;-0.1003434363460747;-0.09798959780327733;-0.10108787488540574;-0.0989864658523756;-0.0997017643426105;0.0010895831930500803;17;-0.004891947310279486;-0.004823994321345087;-0.004930861786977645;-0.004814105661481586;-0.004916398518671672;-0.004875461519751096;4.7812597993612645e-05;-988.0618865401611;-982.9405081381592;-959.8373995575603;-969.7828455109611;-963.0442121469614;-972.7333703787606;11.027606418504913;16;-7.275957614183426e-12;-7.275957614183426e-12;-7.275957614183426e-12;-7.275957614183426e-12;-7.275957614183426e-12;-7.275957614183426e-12;0.0;-2666.727645311006;-3000.409587282662;-3370.192270049025;-2861.2358450794536;-2710.1496833770875;-2921.7430062198464;253.28278991096897;11;-361.73830749065206;-361.5684088926527;-365.3758015310964;-346.1196399483082;-365.030472963843;-359.9665261653105;7.104158112047629;2656.4446526659513;-8.904100804762937;KNN;True;9891.770384073257;;;;;;;;;;;;;;;;;;;;;;;;;;;;;;;;;;;;;;;;58.00117573971761;1598.770307160827
19;30.257647943496703;0.2198214917733176;8.440275955200196;0.5388918150768138;StandardScaler();distance;4.0;16.0;manhattan;kd_tree;0.3;10;{'scaler__scaler': StandardScaler(), 'regressor__regressor__weights': 'distance', 'regressor__regressor__p': 4, 'regressor__regressor__n_neighbors': 16, 'regressor__regressor__metric': 'manhattan', 'regressor__regressor__algorithm': 'kd_tree', 'feature_selection__spearman_thr': 0.3, 'feature_selection__rfe_k': 10};0.9166756706001702;0.90156008234109;0.8776575774453445;0.908742686186771;0.9416694370613896;0.9092610907269532;0.020802082741861835;11;0.9937662059843125;0.9957194965124215;0.9932952222405739;0.9934535279657069;0.9987379835978439;0.9949944872601717;0.002064467742187605;-1540.7771801403503;-1544.0851193303308;-1611.80073835985;-1525.3643439569853;-1324.493562972961;-1509.3041889520953;97.07595066378542;7;-132.69202898926216;-126.40114512935895;-131.4087298076471;-128.79712079371726;-54.558833283660775;-114.77157160072925;30.184349230946605;-0.09358971893474564;-0.0936611609533111;-0.09512281073923583;-0.09416780446305517;-0.08381899081202146;-0.09207209718047385;0.004162713211934032;6;-0.00978852999244701;-0.00930060853688422;-0.01031416779640342;-0.009370887743047219;-0.004619884932821376;-0.008678815800320648;0.002061375817631977;-879.0437140651484;-877.3782592900934;-899.7928266356248;-861.6122974032651;-806.8259081819224;-864.9306011152108;31.485442349787853;4;-7.275957614183426e-12;-7.275957614183426e-12;-7.275957614183426e-12;-7.275957614183426e-12;-7.275957614183426e-12;-7.275957614183426e-12;0.0;-2754.86400502406;-3051.7710168806393;-3514.1974583471274;-2973.7714685947017;-2297.0360511541944;-2918.3280000001446;397.1562895659668;9;-772.5281035587034;-637.2041633296279;-790.7791395037455;-785.628981605067;-347.8719092214557;-666.8024594437198;169.26938671190894;1215.0505546815266;-8.616469501182364;KNN;True;9891.770384073257;;;;;;;;;;;;;;;;;;;;;;;;;;;;;;;;;;;;;;;;114.77157160072925;1509.3041889520953
20;28.469708108901976;1.5240154961057562;31.07068552970886;3.760588891976755;MinMaxScaler();uniform;1.0;79.0;euclidean;ball_tree;0.2;9;{'scaler__scaler': MinMaxScaler(), 'regressor__regressor__weights': 'uniform', 'regressor__regressor__p': 1, 'regressor__regressor__n_neighbors': 79, 'regressor__regressor__metric': 'euclidean', 'regressor__regressor__algorithm': 'ball_tree', 'feature_selection__spearman_thr': 0.2, 'feature_selection__rfe_k': 9};0.898707718329797;0.8735908858193879;0.858500306152552;0.8716501745458074;0.8866614157256782;0.8778221001146445;0.013738050154616393;34;0.8761486778932276;0.8810344814079685;0.8865010187549065;0.8807081132315763;0.8789737094882626;0.8806732001551882;0.0033898313504857535;-1852.9266384976706;-1892.0203319139466;-1905.3629294583827;-1895.3834752040973;-1853.3946562441176;-1879.817606263643;22.203885972579595;36;-1860.0716420480085;-1849.841351172125;-1846.4101159291602;-1845.311399429675;-1860.9285577142216;-1852.512613258638;6.696277065946019;-0.11543642909152478;-0.11691500036394252;-0.11547734413208563;-0.11775865118866945;-0.11520116731324331;-0.11615771841789316;0.0010034559441535681;36;-0.11460069744631805;-0.11431143665986535;-0.11489077807878392;-0.11380701145927158;-0.11493468175427993;-0.11450892107970376;0.00041645816898342754;-1187.9473977971356;-1200.5666705074818;-1211.3991377721832;-1188.1403073178117;-1169.397324512991;-1191.4901675815206;14.075627842479202;36;-1172.1798304779559;-1165.6528360633129;-1183.9868824948826;-1170.2230127861258;-1179.0044500612748;-1174.2094023767104;6.508715555225999;-3037.403073265847;-3458.243085426915;-3779.3348521167964;-3526.723332184876;-3201.9063042001467;-3400.7221294389165;258.4805703292307;34;-3443.4072307684005;-3359.2453768796445;-3253.561290745584;-3353.6620110470044;-3406.6437703999018;-3363.3039359681075;63.94961436151655;1.473943702708422;-0.32374097906480837;KNN;True;9891.770384073257;;;;;;;;;;;;;;;;;;;;;;;;;;;;;;;;;;;;;;;;1852.512613258638;1879.817606263643
21;28.70550141334534;1.1640368308397202;8.517063522338868;0.09540228180263506;RobustScaler();distance;1.5;8.0;euclidean;kd_tree;0.2;12;{'scaler__scaler': RobustScaler(), 'regressor__regressor__weights': 'distance', 'regressor__regressor__p': 1.5, 'regressor__regressor__n_neighbors': 8, 'regressor__regressor__metric': 'euclidean', 'regressor__regressor__algorithm': 'kd_tree', 'feature_selection__spearman_thr': 0.2, 'feature_selection__rfe_k': 12};0.9318319242922236;0.9312692866084864;0.9036684885493111;0.9287525843731028;0.9401170464535008;0.927127866055325;0.01233677784587554;2;0.9989788762268086;0.9989369971291026;0.9989463136433563;0.9990838527482814;0.9988732765310042;0.9989638632557106;6.907763744413585e-05;-1432.8798768296317;-1410.3939266030668;-1440.8153794721813;-1421.2320010579942;-1356.9620155381485;-1412.4566399002044;29.60487054343678;3;-46.36970892257492;-50.42750485399539;-46.39646050597311;-44.66186629197908;-51.58348872535569;-47.88780585997564;2.6473971441513955;-0.08942846784032707;-0.08889566915791167;-0.08647760619366948;-0.08945431662083565;-0.08676095777451269;-0.0882034035174513;0.0013117792518909533;3;-0.004159613313548335;-0.004251418468637569;-0.004171908985133329;-0.004036716982265358;-0.004391902958327328;-0.0042023121415823836;0.00011706870442406363;-875.645054157947;-862.7823328744744;-839.2363893018319;-859.5723499613487;-841.3858917383086;-855.7244036067821;13.703290943416437;2;-7.275957614183426e-12;-7.275957614183426e-12;-7.275957614183426e-12;-7.275957614183426e-12;-7.275957614183426e-12;-7.275957614183426e-12;0.0;-2491.7517293785518;-2550.0092106749976;-3118.328109526075;-2627.5942795110846;-2327.4016276317416;-2623.01699134449;266.57201790943617;2;-312.6635519118285;-317.53996736526074;-313.48638884690854;-293.89789745623824;-328.6968418048806;-313.2569294770234;11.24199426759401;2849.5121242978635;-7.191050631828241;KNN;True;9891.770384073257;;;;;;;;;;;;;;;;;;;;;;;;;;;;;;;;;;;;;;;;47.88780585997564;1412.4566399002044
22;29.69838752746582;0.8168655472904718;15.22912564277649;0.13812410508105236;RobustScaler();uniform;1.5;19.0;euclidean;brute;0.2;14;{'scaler__scaler': RobustScaler(), 'regressor__regressor__weights': 'uniform', 'regressor__regressor__p': 1.5, 'regressor__regressor__n_neighbors': 19, 'regressor__regressor__metric': 'euclidean', 'regressor__regressor__algorithm': 'brute', 'feature_selection__spearman_thr': 0.2, 'feature_selection__rfe_k': 14};0.9161329342848977;0.9025945699599205;0.8805770164684494;0.9016782799619181;0.912539376056732;0.9027044353463836;0.012391435542288958;17;0.9093364257367588;0.9157934949915967;0.9162118103982638;0.9143135102255244;0.9102244512971832;0.9131759385298654;0.002857107788220953;-1632.989645349973;-1570.7269364596343;-1670.8740417888243;-1572.7856406284623;-1605.1549128354125;-1610.5062354124614;37.904216964535564;18;-1547.317109103912;-1478.1827360486516;-1542.813764915538;-1484.6502558947388;-1548.361728760169;-1520.265118944602;31.840277982744155;-0.10022809029645491;-0.09556824404092293;-0.09886942552382343;-0.09686964591451906;-0.09846897687334524;-0.09800087652981311;0.0016205776735419115;15;-0.09385266965498423;-0.08963123925421207;-0.09427151805641612;-0.08989790935054137;-0.09386985780757769;-0.0923046388247463;0.0020810735620489856;-1019.7781358073044;-951.4315434368873;-1005.7278156139691;-946.5600234335479;-979.2209553696184;-980.5436947322654;28.905840996105695;19;-942.7997428749131;-892.6607733572209;-942.5395145595649;-897.7653302652816;-947.7618456281343;-924.705441337023;24.206139821044456;-2763.821400441369;-3035.6934062128744;-3472.014904403037;-3086.728867846877;-2812.7168383744947;-3034.1950834557306;251.63576081268172;17;-2946.147470333864;-2826.20719868519;-2795.467284926253;-2842.300644479515;-2934.0390867328674;-2868.8323370315384;60.22094991495871;5.935880218741493;-1.1467125601601054;KNN;True;9891.770384073257;;;;;;;;;;;;;;;;;;;;;;;;;;;;;;;;;;;;;;;;1520.265118944602;1610.5062354124614
23;29.663988542556762;0.4789364658226557;8.59860725402832;0.11701589675960558;MinMaxScaler();distance;3.0;59.0;euclidean;auto;0.3;6;{'scaler__scaler': MinMaxScaler(), 'regressor__regressor__weights': 'distance', 'regressor__regressor__p': 3, 'regressor__regressor__n_neighbors': 59, 'regressor__regressor__metric': 'euclidean', 'regressor__regressor__algorithm': 'auto', 'feature_selection__spearman_thr': 0.3, 'feature_selection__rfe_k': 6};0.917931691763207;0.8993852450257778;0.879057102192338;0.9017919921905155;0.9117258609237798;0.9019783784191236;0.013279048206250286;18;0.998632601488381;0.998622238042623;0.9985692303078773;0.9987291708838973;0.9986106963148765;0.9986327874075309;5.277995731983764e-05;-1640.6996474205762;-1643.6804954896068;-1657.5183641835797;-1656.2252648955118;-1606.502971405224;-1640.9253486788998;18.449701525779396;20;-57.849494149448724;-58.31748384267671;-58.32895418989033;-56.42810131449056;-59.07024657007886;-57.99885601331704;0.8772622772240402;-0.1024070624546912;-0.1016480237188032;-0.10030823666279262;-0.10371730982490897;-0.10113008853309663;-0.10184214423885851;0.001160427259419087;20;-0.004862002292989635;-0.004802057871186212;-0.004931873036915702;-0.004795888038335213;-0.004884109580657318;-0.004855186164016816;5.1191372960274594e-05;-1015.0000000000182;-1000.2261678351388;-1000.0;-1010.1196881646301;-1000.1595992253642;-1005.1010910450302;6.282978005752519;23;-7.275957614183426e-12;-7.275957614183426e-12;-7.275957614183426e-12;-7.275957614183426e-12;-7.275957614183426e-12;-7.275957614183426e-12;0.0;-2734.021915622818;-3085.2983024592627;-3494.039476447098;-3084.9434008992707;-2825.767805298892;-3044.8141801454685;264.43367084229504;19;-361.8142062872914;-361.50829888942343;-365.2984897362996;-346.1444844075996;-364.99377272509014;-359.95185040914083;7.078725731711346;2729.237439273163;-9.678673703406423;KNN;True;9891.770384073257;;;;;;;;;;;;;;;;;;;;;;;;;;;;;;;;;;;;;;;;57.99885601331704;1640.9253486788998
24;28.921832227706908;0.8917993155778093;38.760651397705075;0.3651711545229077;MinMaxScaler();distance;1.5;1.0;manhattan;brute;0.25;14;{'scaler__scaler': MinMaxScaler(), 'regressor__regressor__weights': 'distance', 'regressor__regressor__p': 1.5, 'regressor__regressor__n_neighbors': 1, 'regressor__regressor__metric': 'manhattan', 'regressor__regressor__algorithm': 'brute', 'feature_selection__spearman_thr': 0.25, 'feature_selection__rfe_k': 14};0.9111483918073421;0.8990412000805574;0.8796576143812993;0.9134150539096891;0.9182823108262316;0.9043089142010239;0.013859231164991357;15;0.9982619665974225;0.9983078559814004;0.9981796362387186;0.9984577270747411;0.9982393394991897;0.9982893050782945;9.378839043153118e-05;-1645.1639355051007;-1667.8670615333997;-1673.4214544257984;-1628.946557851784;-1590.014018691589;-1641.0826056015344;30.11693776129722;21;-44.66701767087502;-44.7573464082471;-45.31397874231532;-43.64811859360043;-45.497951595130566;-44.77688260203369;0.6472979081399315;-0.10396110207588716;-0.10621913378874702;-0.1025704907639114;-0.10426463243119434;-0.10276637565264898;-0.10395634694247777;0.0013078146568824987;23;-0.004148972441756383;-0.004082306195262726;-0.004311521964492686;-0.004314832957320313;-0.004240428031815378;-0.004219612318129498;9.142276594971309e-05;-999.9999999999909;-1000.0;-998.0000000000055;-995.0000000000073;-996.9999999999927;-997.9999999999993;1.8973665960975763;21;-7.275957614183426e-12;-7.275957614183426e-12;-7.275957614183426e-12;-7.275957614183426e-12;-7.275957614183426e-12;-7.275957614183426e-12;0.0;-2844.768284257173;-3090.5687790361944;-3485.3542855055553;-2896.642812553838;-2718.8031599247383;-3007.2274642555;267.3430611160303;15;-407.9126023686293;-400.63587776397765;-412.04258332946273;-381.32427644190903;-410.88914839092615;-402.56089765898093;11.336689543431849;3565.0220163540353;-9.414143815744861;KNN;True;9891.770384073257;;;;;;;;;;;;;;;;;;;;;;;;;;;;;;;;;;;;;;;;44.77688260203369;1641.0826056015344
25;29.038669538497924;0.8787964504977631;8.736144733428954;0.24113789433223323;MinMaxScaler();uniform;2.0;6.0;chebyshev;kd_tree;0.25;11;{'scaler__scaler': MinMaxScaler(), 'regressor__regressor__weights': 'uniform', 'regressor__regressor__p': 2, 'regressor__regressor__n_neighbors': 6, 'regressor__regressor__metric': 'chebyshev', 'regressor__regressor__algorithm': 'kd_tree', 'feature_selection__spearman_thr': 0.25, 'feature_selection__rfe_k': 11};0.9224570429391545;0.9093090682009829;0.8897471878552405;0.9169362771757579;0.9204954410130315;0.9117890034368334;0.01190038034637299;7;0.9346131556694346;0.9379059359779878;0.9398048000430869;0.9366215388738975;0.9363812213642048;0.9370653303857223;0.0017256551604453996;-1566.5748907273048;-1555.9609709568617;-1591.015225078169;-1560.0991555187065;-1525.6710762867322;-1559.864263713555;20.975604133219875;11;-1292.2832566654283;-1284.3787680203188;-1303.0451568570186;-1287.2148538834244;-1293.2265675795898;-1292.029720601156;6.396195369692558;-0.09939911861024908;-0.09800711421258951;-0.09624589530710523;-0.09925441180180287;-0.09645050644647431;-0.0978714092756442;0.001336133836123449;14;-0.08029110753379348;-0.08025577865642304;-0.0821064083329993;-0.08053654747526261;-0.08058571966251563;-0.08075511233219881;0.0006880552198357698;-965.7366879033052;-948.5841956962531;-936.7113980243794;-946.1598041923216;-923.3473285289074;-944.1078828690333;13.984002069659173;13;-772.4190153702457;-775.9611131868387;-796.7810071249514;-776.1537366796128;-780.0394052007468;-780.2708555124791;8.600169946346059;-2657.5743920022105;-2929.194805407361;-3336.0493009910247;-2837.1313700046044;-2681.734282399399;-2888.33683016092;245.22387544215994;7;-2501.976652284351;-2426.9242413525185;-2369.43031952746;-2444.4698360362254;-2469.900878711259;-2442.540385582363;44.43857531906191;20.729750936981603;-2.6973921805947483;KNN;True;9891.770384073257;;;;;;;;;;;;;;;;;;;;;;;;;;;;;;;;;;;;;;;;1292.029720601156;1559.864263713555
26;28.618461751937865;0.7667471418678806;50.35139017105102;4.210501192014016;RobustScaler();distance;2.0;93.0;chebyshev;ball_tree;0.2;9;{'scaler__scaler': RobustScaler(), 'regressor__regressor__weights': 'distance', 'regressor__regressor__p': 2, 'regressor__regressor__n_neighbors': 93, 'regressor__regressor__metric': 'chebyshev', 'regressor__regressor__algorithm': 'ball_tree', 'feature_selection__spearman_thr': 0.2, 'feature_selection__rfe_k': 9};0.917646024160673;0.895646906602985;0.8694214571904715;0.8937602893518366;0.9114106434368254;0.8975770641485582;0.01676402429651378;20;0.9988433877646823;0.9966967105060581;0.9964907075523748;0.9966259749173896;0.9988512148865322;0.9975015991254074;0.0011007565281038957;-1616.8778322194464;-1613.5847591313052;-1698.0247937171591;-1619.3937914569574;-1593.0747865165952;-1628.1911926082926;36.13482561145792;19;-51.71495397778891;-108.42565244221623;-111.12551391484054;-107.85139408068008;-52.13271751501519;-86.2500463861082;28.049347043736926;-0.10133699668594078;-0.09922595789464043;-0.10163973068487073;-0.10021449203052028;-0.09921407688476358;-0.10032625083614714;0.0010204804723049565;18;-0.00436258306601036;-0.008381110512860569;-0.009285916641632782;-0.008282729870837167;-0.004375292525842226;-0.006937526523436622;0.0021262088229988623;-1005.0000000000055;-950.9167866755488;-988.2415220363619;-941.7279465881847;-969.5086016909345;-971.078971398207;23.305157098882262;15;-7.275957614183426e-12;-7.275957614183426e-12;-7.275957614183426e-12;-7.275957614183426e-12;-7.275957614183426e-12;-7.275957614183426e-12;0.0;-2738.776144313681;-3142.0926519355116;-3630.5592709202924;-3208.611896888133;-2830.808566248775;-3110.1697060612787;315.43337260573475;21;-332.76064290462364;-559.7633952616789;-572.1011115886182;-564.0115412999679;-331.8992420392304;-472.10718661882385;114.19678920371622;1787.7568892189445;-10.017481181429815;KNN;True;9891.770384073257;;;;;;;;;;;;;;;;;;;;;;;;;;;;;;;;;;;;;;;;86.2500463861082;1628.1911926082926
27;29.239626979827882;0.927616573909315;7.3701338291168215;0.1930010851833648;RobustScaler();uniform;4.0;10.0;euclidean;kd_tree;0.25;5;{'scaler__scaler': RobustScaler(), 'regressor__regressor__weights': 'uniform', 'regressor__regressor__p': 4, 'regressor__regressor__n_neighbors': 10, 'regressor__regressor__metric': 'euclidean', 'regressor__regressor__algorithm': 'kd_tree', 'feature_selection__spearman_thr': 0.25, 'feature_selection__rfe_k': 5};0.9003009217273215;0.892490875836765;0.8682686974191399;0.890286992765032;0.9240059383579214;0.895070685221236;0.01795822891107644;23;0.9075667034531208;0.9110821201466792;0.9149346752566647;0.9107398394948183;0.9245332449420968;0.9137713166586761;0.005866708793023255;-1747.4267483735155;-1756.2681325251579;-1780.6835488937602;-1750.7789216268843;-1523.7914645267194;-1711.7897631892076;94.71872944268726;24;-1582.9936362458316;-1568.9528483776458;-1570.7154377657016;-1572.3196765248142;-1401.3377497663726;-1539.263869736073;69.13643033256912;-0.10692723508239041;-0.10690709336616147;-0.1052252844968977;-0.10776906767681668;-0.09553985584622873;-0.10447370729369901;0.004542667419479251;24;-0.09573217661918355;-0.09530233125725089;-0.09609439296871707;-0.09533261144793086;-0.08600362617150857;-0.0936930276929182;0.003855636708525162;-1090.0004301466142;-1107.0288277198633;-1091.3568089020082;-1083.026319560352;-948.1682362423471;-1063.916124514237;58.403528201284935;25;-979.1021067688116;-972.3343332402237;-981.6513078686148;-980.9655416594051;-853.1698058150141;-953.4446190704139;50.245765240313816;-3013.4210845770726;-3189.2530915232164;-3646.5495185507484;-3260.639680922094;-2621.8603501729153;-3146.3447451492093;334.0245062803358;23;-2974.7624074495093;-2904.194686710902;-2816.6915627386707;-2900.966203724106;-2690.0769255196165;-2857.338357228561;97.484214734815;11.208337754508356;-2.046532988781192;KNN;True;9891.770384073257;;;;;;;;;;;;;;;;;;;;;;;;;;;;;;;;;;;;;;;;1539.263869736073;1711.7897631892076
28;29.055974006652832;0.445624685823685;131.60131931304932;22.729793274814426;StandardScaler();distance;1.5;34.0;minkowski;ball_tree;0.3;11;{'scaler__scaler': StandardScaler(), 'regressor__regressor__weights': 'distance', 'regressor__regressor__p': 1.5, 'regressor__regressor__n_neighbors': 34, 'regressor__regressor__metric': 'minkowski', 'regressor__regressor__algorithm': 'ball_tree', 'feature_selection__spearman_thr': 0.3, 'feature_selection__rfe_k': 11};0.936465519801271;0.9212552786101381;0.8732966392685214;0.9308324529407425;0.9340770662960357;0.9191853913833418;0.02352054789563563;4;0.9987579411766745;0.9987752052135642;0.9932977047120594;0.9988208549344763;0.9987392091273555;0.9976781830328261;0.0021904064043477773;-1417.630980925866;-1425.2133747041173;-1635.8487327456523;-1413.2561018600536;-1387.5344646308597;-1455.8967309733098;90.86262337304505;4;-53.687869797391265;-53.31412479260059;-131.36336000926516;-52.217255022510884;-54.504615483746434;-69.01744502110287;31.181635183609718;-0.08833229676436709;-0.08794811256033634;-0.09640388545782919;-0.08873584663200554;-0.08705247251709299;-0.08969452278632623;0.003400607165319762;4;-0.0044996203531013045;-0.004410242418995196;-0.010294355805089304;-0.004433946501057281;-0.004518756329521288;-0.0056313842815528745;0.002331830982955104;-866.9820441442844;-863.7199574576789;-918.7852619018267;-848.0666810862049;-841.3111568405138;-867.7730202861018;27.231862873786312;5;-7.275957614183426e-12;-7.275957614183426e-12;-7.275957614183426e-12;-7.275957614183426e-12;-7.275957614183426e-12;-7.275957614183426e-12;0.0;-2405.5754979874105;-2729.461976546409;-3576.2814462141573;-2588.95759417811;-2441.956877752444;-2748.4466785357063;429.55889792921937;4;-344.83325827207386;-340.84964154768943;-790.6327313393405;-333.42446003793737;-347.7029610045677;-431.48861044032185;179.63612385217186;2009.461934628488;-7.867546167129295;KNN;True;9891.770384073257;;;;;;;;;;;;;;;;;;;;;;;;;;;;;;;;;;;;;;;;69.01744502110287;1455.8967309733098
29;28.57643041610718;0.3538107046788913;15.094470691680907;0.1141599067960912;StandardScaler();uniform;4.0;87.0;euclidean;brute;0.25;11;{'scaler__scaler': StandardScaler(), 'regressor__regressor__weights': 'uniform', 'regressor__regressor__p': 4, 'regressor__regressor__n_neighbors': 87, 'regressor__regressor__metric': 'euclidean', 'regressor__regressor__algorithm': 'brute', 'feature_selection__spearman_thr': 0.25, 'feature_selection__rfe_k': 11};0.908088599204593;0.8838965456823965;0.8531155790529295;0.883541676048056;0.8994589906182682;0.8856202781212487;0.018762636901570318;27;0.8871495026009178;0.8918567037287003;0.883571816162575;0.8910855318019284;0.8893146897687528;0.8885956488125748;0.002989356108730247;-1730.6683018878903;-1750.8574301133579;-1890.6164211604137;-1748.3591658813027;-1718.6883052788269;-1767.8379248643582;62.513333591873725;28;-1725.954888098734;-1717.2017516528222;-1820.9247669224835;-1717.0000083475543;-1726.9224063685645;-1741.6007642780319;39.882462404694586;-0.10551746250755219;-0.1059428031005109;-0.11018042294883536;-0.10697550715604227;-0.10488040577938565;-0.10669932029846527;0.0018693266691069944;28;-0.10421148938208909;-0.10390527814877623;-0.10913017078793576;-0.10381774490411928;-0.1044305197233138;-0.10509904058924682;0.0020273857733199984;-1085.4685648265022;-1077.1232011705688;-1138.4980490595426;-1060.3337395561757;-1070.0000368600467;-1086.2847182945673;27.38421282043265;28;-1058.818861191111;-1052.3011985635876;-1117.9314681620367;-1056.5194018948678;-1061.4846877861492;-1069.4111235195505;24.446653216106515;-2893.3364854412935;-3314.27769316339;-3850.5741424868374;-3359.3791126742817;-3015.722303757618;-3286.657947504684;332.31328253602675;27;-3286.925058995321;-3202.8085454901297;-3295.2781007698336;-3204.473062869945;-3257.855776137982;-3249.468108852642;39.429939011109745;1.5064968461473305;-0.33483966473413534;KNN;True;9891.770384073257;;;;;;;;;;;;;;;;;;;;;;;;;;;;;;;;;;;;;;;;1741.6007642780319;1767.8379248643582
30;28.93520231246948;0.24540648462915263;14.447894668579101;0.13524908942780467;RobustScaler();uniform;2.0;66.0;euclidean;brute;0.3;5;{'scaler__scaler': RobustScaler(), 'regressor__regressor__weights': 'uniform', 'regressor__regressor__p': 2, 'regressor__regressor__n_neighbors': 66, 'regressor__regressor__metric': 'euclidean', 'regressor__regressor__algorithm': 'brute', 'feature_selection__spearman_thr': 0.3, 'feature_selection__rfe_k': 5};0.9041123855698744;0.8682599004560858;0.8475796464479673;0.8608247233523094;0.8978745957096685;0.8757302503071809;0.021754792546531124;35;0.8854473229726642;0.8740540181676404;0.8802606991236711;0.8752689330064622;0.8873857445332085;0.8804833435607293;0.00530773216677363;-1804.7077053320147;-1922.3522134362906;-1952.9905077158066;-1947.0790336423302;-1771.2202883713942;-1879.6699496995673;76.31819126043605;35;-1782.1527290907352;-1891.0327990311264;-1876.4169596035072;-1884.3929798394752;-1779.9469351067014;-1842.7884805343092;50.62623315835449;-0.11089210492879127;-0.11572590085457762;-0.11425987462226032;-0.11713090104945521;-0.10932083256073043;-0.11346592280316296;0.002931765249745077;33;-0.10844652393027836;-0.11325920529267448;-0.11361804010395221;-0.11287720834588424;-0.10841028828848276;-0.11132225319225442;0.0023744331913965414;-1162.9895683347459;-1205.2922535957314;-1200.5033581541438;-1191.667578762197;-1141.3283901771683;-1180.3562298047973;24.414880196627784;35;-1129.4425638853463;-1177.0496352810123;-1181.9474562887744;-1183.6196283986574;-1128.2258077608221;-1160.0570183229224;25.587526982346283;-2955.258723984788;-3530.411400665308;-3922.4652493850394;-3672.4407392355306;-3039.3913410819764;-3423.993490870528;371.25624468584635;35;-3311.6214353353266;-3456.3947378443627;-3341.807041404016;-3429.2658634033132;-3286.1209637786883;-3365.0420083531412;66.47131310633658;2.0013946014338244;-0.5398277307923443;KNN;True;9891.770384073257;;;;;;;;;;;;;;;;;;;;;;;;;;;;;;;;;;;;;;;;1842.7884805343092;1879.6699496995673
31;29.129309129714965;0.3998685452703554;30.091523313522337;3.364326320538585;MinMaxScaler();uniform;3.0;53.0;minkowski;auto;0.25;12;{'scaler__scaler': MinMaxScaler(), 'regressor__regressor__weights': 'uniform', 'regressor__regressor__p': 3, 'regressor__regressor__n_neighbors': 53, 'regressor__regressor__metric': 'minkowski', 'regressor__regressor__algorithm': 'auto', 'feature_selection__spearman_thr': 0.25, 'feature_selection__rfe_k': 12};0.90464577903178;0.8816171627883076;0.8454076479986816;0.8801679924743018;0.8932296602609904;0.8810136485108122;0.019882530885808374;30;0.8847943315734645;0.8891552897341878;0.8780270457281028;0.8865653635583162;0.8870607788599623;0.8851205618908067;0.003809339057802212;-1797.0291380968904;-1831.878103457709;-1927.8143925541128;-1828.048661625829;-1792.0786348760212;-1835.3697861221124;48.89974445187283;31;-1785.8465564017783;-1774.3003642403773;-1852.797123492202;-1785.0672536094087;-1787.4170776130923;-1797.085675071372;28.238901871456278;-0.11357830508760529;-0.11456642208924916;-0.11511279302124905;-0.1157319308923214;-0.11256989296669385;-0.11431186881142374;0.0011220916945833019;35;-0.11125052566612322;-0.11098893638525244;-0.11420460354309755;-0.11108378112309251;-0.11177647564746056;-0.11186086447300525;0.0012030681514082246;-1157.1781119543411;-1139.9831372815697;-1159.9679356308861;-1141.1119420744071;-1126.8892164879744;-1145.0260686858358;12.170690163903695;33;-1114.6504316456003;-1109.8330974256532;-1134.8720945490022;-1115.1136536644317;-1116.5556367497466;-1118.2049828068868;8.634727220961564;-2947.027661246172;-3346.653083332143;-3950.314061684848;-3407.690687018471;-3107.742591242116;-3351.8856169047503;341.98654067657736;30;-3321.046738273862;-3242.5647962359285;-3372.8325633647073;-3270.2931095440254;-3290.8588508080798;-3299.5192116453204;44.74651778980172;2.130344233544678;-0.4639947998972282;KNN;True;9891.770384073257;;;;;;;;;;;;;;;;;;;;;;;;;;;;;;;;;;;;;;;;1797.085675071372;1835.3697861221124
32;29.557756996154787;1.1404678918279214;10.098857975006103;0.551673814166905;MinMaxScaler();distance;1.0;34.0;chebyshev;auto;0.3;12;{'scaler__scaler': MinMaxScaler(), 'regressor__regressor__weights': 'distance', 'regressor__regressor__p': 1, 'regressor__regressor__n_neighbors': 34, 'regressor__regressor__metric': 'chebyshev', 'regressor__regressor__algorithm': 'auto', 'feature_selection__spearman_thr': 0.3, 'feature_selection__rfe_k': 12};0.9240848653418906;0.8981576502256465;0.8739067638050086;0.905045364340833;0.9144163003845693;0.9031221888195896;0.017022791012872723;16;0.998898598036189;0.9989356976401327;0.9989092436985877;0.998968117443771;0.9988719988555255;0.9989167311348413;3.282111774319771e-05;-1580.5686953849643;-1601.027185887137;-1675.5518121148825;-1599.3433483957522;-1572.4096564862014;-1605.7801396537875;36.554931810041424;17;-47.39038752871456;-46.88465793498641;-44.84672691337085;-45.43931124694112;-48.19169170695092;-46.55055506619277;1.2367834059247442;-0.10085054029077502;-0.1003523688640445;-0.10115414821135178;-0.10187033363307603;-0.0995160070183234;-0.10074867960351415;0.0007885977501975603;19;-0.003984747918539267;-0.0038978543356677784;-0.004057089193334213;-0.003912917463556605;-0.004017427940797205;-0.003974007370379013;6.071994075603858e-05;-982.683378931988;-976.4891440644296;-973.4957262012213;-980.6385633004538;-962.2778452817684;-975.1169315559722;7.170675746995873;17;-7.275957614183426e-12;-7.275957614183426e-12;-7.275957614183426e-12;-7.275957614183426e-12;-7.275957614183426e-12;-7.275957614183426e-12;0.0;-2629.531843072557;-3104.0630121828412;-3567.660482446733;-3033.4150399820937;-2782.372393190976;-3023.40855417504;321.2639809356286;16;-324.7214569112027;-317.73399960333103;-318.9531356162389;-311.90976609149754;-328.88315588971244;-320.4403028223966;5.863716374078804;3349.5402629902933;-9.58984260944575;KNN;True;9891.770384073257;;;;;;;;;;;;;;;;;;;;;;;;;;;;;;;;;;;;;;;;46.55055506619277;1605.7801396537875
33;29.868925285339355;0.7926618117872914;13.104995679855346;1.2636355660702312;StandardScaler();distance;4.0;85.0;manhattan;kd_tree;0.2;10;{'scaler__scaler': StandardScaler(), 'regressor__regressor__weights': 'distance', 'regressor__regressor__p': 4, 'regressor__regressor__n_neighbors': 85, 'regressor__regressor__metric': 'manhattan', 'regressor__regressor__algorithm': 'kd_tree', 'feature_selection__spearman_thr': 0.2, 'feature_selection__rfe_k': 10};0.9359405035836128;0.9056342013496053;0.8784656227343198;0.9124923858227613;0.928786513922305;0.9122638454825209;0.020099288465815282;5;0.9988433877646823;0.9966967105060581;0.99692016006566;0.9967220976960223;0.9988512148865322;0.9976067141837909;0.0010158890811343584;-1426.8350813515003;-1526.4526546305976;-1573.0440001416182;-1502.5819314316477;-1416.6775755969622;-1489.1182486304651;59.57433076168257;5;-51.714953977788916;-108.42565244221625;-99.21145556690409;-105.645334135585;-52.13271751501518;-83.42602272750189;25.8948721086641;-0.08869829809936723;-0.09306471860547727;-0.0930704938146061;-0.09260710499024659;-0.08799569494113617;-0.09108726209016668;0.0022547018060041384;5;-0.004362583066010361;-0.008381110512860569;-0.008286291197678666;-0.008181924779903472;-0.004375292525842225;-0.006717440416459058;0.0019185836075944313;-879.7698691161477;-895.9830043698312;-895.3737258820547;-872.8591417178068;-862.9229825858456;-881.3817447343372;12.844696373380426;6;-7.275957614183426e-12;-7.275957614183426e-12;-7.275957614183426e-12;-7.275957614183426e-12;-7.275957614183426e-12;-7.275957614183426e-12;0.0;-2415.494267644098;-2987.95211501558;-3502.572974473433;-2912.035543218264;-2538.053956416734;-2871.221771353622;382.77524197189814;5;-332.76064290462364;-559.7633952616789;-535.9534657975094;-555.919413312753;-331.8992420392304;-463.259231863159;107.20890175123833;1684.956539872982;-8.554760857949386;KNN;True;9891.770384073257;;;;;;;;;;;;;;;;;;;;;;;;;;;;;;;;;;;;;;;;83.42602272750189;1489.1182486304651
34;29.672263145446777;0.5854473020766734;8.52320580482483;0.24122072294946648;RobustScaler();uniform;1.5;15.0;euclidean;kd_tree;0.3;11;{'scaler__scaler': RobustScaler(), 'regressor__regressor__weights': 'uniform', 'regressor__regressor__p': 1.5, 'regressor__regressor__n_neighbors': 15, 'regressor__regressor__metric': 'euclidean', 'regressor__regressor__algorithm': 'kd_tree', 'feature_selection__spearman_thr': 0.3, 'feature_selection__rfe_k': 11};0.9292826627092517;0.9059189044675834;0.8876521933421113;0.9121388001934028;0.9256241042928225;0.9121233330010343;0.014926789811448;6;0.9229448134632722;0.9270481406805359;0.9214278502547828;0.9238841626568308;0.9230421326539258;0.9236694199418695;0.0018657463287397986;-1505.7636853442518;-1522.7763193505273;-1606.3271211618187;-1523.9147315550144;-1482.6521171380423;-1528.286794909931;41.78417662279099;8;-1409.8094245111324;-1400.620763221266;-1466.6001280018186;-1407.1413896775668;-1416.7046502839278;-1420.1752711391423;23.77824285358671;-0.09343670649980111;-0.09360297202283678;-0.09544327732375067;-0.09489487680854054;-0.0920361781968675;-0.09388280217035931;0.0011955504285331825;8;-0.086345467657509;-0.08602251847253696;-0.08978592799081606;-0.085978003725702;-0.08663580549728629;-0.08695354466877005;0.0014360780637136749;-922.6957131878644;-922.118236397795;-958.0088811781679;-917.6140178552782;-897.3528770803005;-923.5579451398811;19.5536137973887;9;-848.3849077706491;-847.7368665988215;-885.6699477411535;-856.3757027923039;-858.6022211255331;-859.3539292056921;13.836497418207472;-2537.915750315198;-2983.4413606233215;-3367.5955073112195;-2917.912836949413;-2593.79609421981;-2880.1323098837925;299.6067753172366;6;-2716.0577612081197;-2630.5669517255355;-2707.0565521636477;-2678.8682331135055;-2716.5229164055813;-2689.814482923278;32.647907632279825;7.612547969805927;-1.2500237305205784;KNN;True;9891.770384073257;;;;;;;;;;;;;;;;;;;;;;;;;;;;;;;;;;;;;;;;1420.1752711391423;1528.286794909931
35;30.22346959114075;0.18658554622440457;9.651625204086304;0.4470922565351789;StandardScaler();uniform;4.0;78.0;euclidean;kd_tree;0.25;7;{'scaler__scaler': StandardScaler(), 'regressor__regressor__weights': 'uniform', 'regressor__regressor__p': 4, 'regressor__regressor__n_neighbors': 78, 'regressor__regressor__metric': 'euclidean', 'regressor__regressor__algorithm': 'kd_tree', 'feature_selection__spearman_thr': 0.25, 'feature_selection__rfe_k': 7};0.8996291988518333;0.8775336065261774;0.8520716495566895;0.8730917364578376;0.9007952868605451;0.8806242956506164;0.01816370357774169;31;0.8797045509505961;0.8836999101250751;0.8833043689592006;0.8847900010902513;0.8905525028856844;0.8844102668021614;0.00351404725519459;-1801.2365159875085;-1813.8595945589966;-1912.749036456888;-1828.7361694538367;-1717.65302160139;-1814.8468676117238;62.306672920232636;30;-1801.8060416235426;-1795.1307583235555;-1838.531584701834;-1785.5299572267493;-1724.2043493199951;-1789.0405382391352;37.05527792342124;-0.10967666237235192;-0.10935140074638626;-0.11181642967013473;-0.11095829763208612;-0.10551160547109065;-0.10946287917840994;0.0021654639629263986;30;-0.10808795000298427;-0.10815945006820991;-0.11111009484529935;-0.1074149748807163;-0.10471655699767178;-0.10789780535897633;0.0020384740906126786;-1140.0482732189066;-1135.8919759879827;-1187.982361389426;-1133.8163981810685;-1089.5439784699292;-1137.4565974494626;31.21181748479285;31;-1125.048188077084;-1117.8011447220724;-1155.9119649821732;-1118.0146674501675;-1082.4283249017408;-1119.8408580266475;23.389887047439466;-3023.555510402036;-3403.8842823383616;-3864.233218669179;-3506.8621989028443;-2995.6141979140402;-3358.8298816452925;323.6388530353717;31;-3393.6157160564007;-3321.4001601071386;-3299.060721729004;-3295.7853871524603;-3239.5879750465924;-3309.889992018319;49.801741734296556;1.4424675585042086;-0.42807860714171275;KNN;True;9891.770384073257;;;;;;;;;;;;;;;;;;;;;;;;;;;;;;;;;;;;;;;;1789.0405382391352;1814.8468676117238
36;28.838316774368288;1.0982796584307102;37.47087459564209;7.096753887367174;StandardScaler();uniform;1.0;58.0;chebyshev;ball_tree;0.3;9;{'scaler__scaler': StandardScaler(), 'regressor__regressor__weights': 'uniform', 'regressor__regressor__p': 1, 'regressor__regressor__n_neighbors': 58, 'regressor__regressor__metric': 'chebyshev', 'regressor__regressor__algorithm': 'ball_tree', 'feature_selection__spearman_thr': 0.3, 'feature_selection__rfe_k': 9};0.8946590455884667;0.8726779466231742;0.8460172869672871;0.8673056819476136;0.8972151171163423;0.8755750156485768;0.01888347639538;36;0.8769838100521898;0.8796637116387439;0.8788773736123274;0.8821530470459595;0.8875508040254951;0.8810457492749432;0.0036511115280915183;-1829.0820280499518;-1837.1627231463667;-1948.3545768348235;-1864.8672015384725;-1738.1173042147293;-1843.5167667568687;67.53456854562383;33;-1814.5136849332234;-1810.272779672296;-1869.2252506075245;-1795.6181940751364;-1736.2719138043253;-1805.1803646185012;42.55490730722933;-0.11149584379242017;-0.11143738080666257;-0.11384346528474737;-0.11281926628326826;-0.1069649769310929;-0.11131218661963826;0.0023505870079929066;31;-0.1091007833027531;-0.10895866652469231;-0.11307315586297999;-0.10833947190945657;-0.10589695884922311;-0.10907380728982101;0.0023082629215962895;-1144.344119709409;-1132.4679943175106;-1177.3630493698565;-1111.2084998861392;-1077.380147491278;-1128.5527621548385;33.366450453912954;30;-1110.7200390696544;-1105.4841358061735;-1154.5663485016348;-1107.4638839062463;-1060.061204882364;-1107.6591224332146;29.933217361910486;-3097.5111292607985;-3470.708507061287;-3942.5172841715575;-3585.9143590730496;-3049.189040549397;-3429.168064023218;329.9099307091797;36;-3431.7781088248616;-3378.54325190599;-3361.0552409041;-3333.2893638417436;-3283.711835585855;-3357.67556021251;48.9967134471658;2.1236881859430885;-0.6209363850706447;KNN;True;9891.770384073257;;;;;;;;;;;;;;;;;;;;;;;;;;;;;;;;;;;;;;;;1805.1803646185012;1843.5167667568687
37;28.379890727996827;0.6177940912715042;47.173010396957395;1.1665692058620893;MinMaxScaler(feature_range=(-1, 1));uniform;1.0;11.0;chebyshev;ball_tree;0.2;13;{'scaler__scaler': MinMaxScaler(feature_range=(-1, 1)), 'regressor__regressor__weights': 'uniform', 'regressor__regressor__p': 1, 'regressor__regressor__n_neighbors': 11, 'regressor__regressor__metric': 'chebyshev', 'regressor__regressor__algorithm': 'ball_tree', 'feature_selection__spearman_thr': 0.2, 'feature_selection__rfe_k': 13};0.9093391306338491;0.8881118678090058;0.8712499475513895;0.8918928917788076;0.9059353402065704;0.8933058355959244;0.013652888672500066;25;0.9086690794494318;0.9118998482802259;0.9152165031740142;0.9112637580580075;0.9091873254808885;0.9112473028885135;0.0023268596944819118;-1660.6159903893995;-1698.5295888749058;-1707.552548807167;-1677.853790606041;-1642.5952660210992;-1677.4294369397226;23.870106010610645;23;-1516.4115465339319;-1511.9837185167976;-1507.111035966096;-1516.841092748552;-1521.490780558426;-1514.7676348647606;4.869826652307689;-0.10376219574256575;-0.1055234632047942;-0.10226191976033817;-0.10500458466410041;-0.10196721071267915;-0.10370387481689554;0.0014213645510119794;22;-0.09305104482074955;-0.09273915239206677;-0.09354421084452334;-0.09300218257069412;-0.09326197469258712;-0.09311971306412418;0.00026973761552575513;-1003.5674924904051;-1009.9379036334321;-990.0719164792918;-987.9589811451569;-985.281199939257;-995.3634987375086;9.63534393985011;20;-892.8381762591598;-891.1120222285795;-896.3193619683607;-897.3501724817816;-899.6871680420918;-895.4613801959946;3.0970652419258666;-2873.5859441082534;-3253.55636769567;-3605.0503084465813;-3236.6882787966565;-2916.976779986796;-3177.1715358067913;265.4515593315381;25;-2956.9704269807185;-2890.8097129591038;-2812.021734525697;-2892.439965079872;-2950.9380626149573;-2900.63598043207;52.38336399571026;10.738399628500417;-1.9688911271086869;KNN;True;9891.770384073257;;;;;;;;;;;;;;;;;;;;;;;;;;;;;;;;;;;;;;;;1514.7676348647606;1677.4294369397226
38;28.828467226028444;0.7922357884064023;20.001313972473145;2.533590583990236;MinMaxScaler(feature_range=(-1, 1));uniform;1.5;58.0;chebyshev;ball_tree;0.3;5;{'scaler__scaler': MinMaxScaler(feature_range=(-1, 1)), 'regressor__regressor__weights': 'uniform', 'regressor__regressor__p': 1.5, 'regressor__regressor__n_neighbors': 58, 'regressor__regressor__metric': 'chebyshev', 'regressor__regressor__algorithm': 'ball_tree', 'feature_selection__spearman_thr': 0.3, 'feature_selection__rfe_k': 5};0.8827706354073105;0.8611142514905807;0.8413276906095191;0.8535756870311034;0.8836123881598027;0.8644801305396632;0.016533949042380477;40;0.8631466743466982;0.868674180359934;0.8740493642914606;0.8691781651528175;0.8755779299844301;0.870125262827068;0.004400760910141954;-1976.7695668608858;-2001.7697447840155;-2023.9697072611402;-2023.6442858010053;-1898.5882505142424;-1984.9483110442575;46.53592240262523;40;-1970.3354466938904;-1959.8229534215484;-1949.3341520987692;-1950.1449274011577;-1898.870090520361;-1945.701514027145;24.626684302370432;-0.12052324316533237;-0.1211738503925798;-0.11951589367206847;-0.12288149764398625;-0.11927641177128183;-0.12067417932904974;0.0012992372261768149;40;-0.11842965853127566;-0.11843319404653029;-0.11880250761334869;-0.11762744168259244;-0.11764489805462888;-0.11818753998567519;0.00047017504512053825;-1257.6707448914785;-1255.3739872942078;-1254.0495323170362;-1255.3914707411323;-1222.780286998343;-1249.0532044484396;13.18800517271632;40;-1230.9830567348954;-1232.8811904893378;-1235.1576413007328;-1236.3434804956905;-1208.687779259133;-1228.8106296559579;10.229823181239338;-3267.6268542344187;-3624.892779600213;-4002.102373936711;-3766.8675279308864;-3244.6892203441853;-3581.235751209283;291.5846067548355;40;-3619.6430213876115;-3529.4435251074206;-3427.3873750174766;-3511.995539154076;-3454.10529334717;-3508.5149508027507;66.84558649131635;2.017102661131241;-0.6487723697463493;KNN;True;9891.770384073257;;;;;;;;;;;;;;;;;;;;;;;;;;;;;;;;;;;;;;;;1945.701514027145;1984.9483110442575
39;29.046699905395506;0.8190222026057019;15.094507884979247;0.9424932725159534;MinMaxScaler();uniform;2.0;93.0;manhattan;kd_tree;0.25;12;{'scaler__scaler': MinMaxScaler(), 'regressor__regressor__weights': 'uniform', 'regressor__regressor__p': 2, 'regressor__regressor__n_neighbors': 93, 'regressor__regressor__metric': 'manhattan', 'regressor__regressor__algorithm': 'kd_tree', 'feature_selection__spearman_thr': 0.25, 'feature_selection__rfe_k': 12};0.9042812879323503;0.8751404582184374;0.8439738209610691;0.8752576485625799;0.8923403239452595;0.8781987079239393;0.020345180719959735;33;0.8792782639699934;0.8843173789496255;0.8750891642583141;0.883204440380336;0.8810999560585623;0.8805978407233661;0.0032547886383855733;-1788.664411329669;-1832.4316298495896;-1929.2170926793567;-1828.7681973386166;-1800.7608730899728;-1835.9684408574408;49.471017056667996;32;-1805.9954982982024;-1796.771607447434;-1870.3684158565661;-1796.478886770233;-1804.7398181967478;-1814.8708453138365;28.025832303982018;-0.11165524764990979;-0.11240269979652213;-0.11318609042128724;-0.11343665075377417;-0.11123475595204013;-0.11238308891470669;0.0008489534798660253;32;-0.11055219186120958;-0.11047962663441767;-0.11318596264674015;-0.11021002542735066;-0.11084018195848391;-0.11105359770564038;0.0010848955086361627;-1151.896007132791;-1140.523237784897;-1157.343232743271;-1126.9784368685137;-1140.5130621681092;-1143.4507953395164;10.515330544207524;32;-1131.5580811159589;-1128.404621423586;-1147.0153568348278;-1127.1911899463994;-1127.6985867328676;-1132.373567210728;7.476791132653591;-2952.654789235415;-3436.9814775708633;-3968.591143929023;-3476.8080382212597;-3120.6586169748152;-3391.1388131862755;348.8035940408106;33;-3399.6233200807;-3312.57131719672;-3413.2104591469993;-3318.386772279521;-3376.5864131351136;-3364.0756563678106;41.4114847769769;1.1624846802779487;-0.27244363868256405;KNN;True;9891.770384073257;;;;;;;;;;;;;;;;;;;;;;;;;;;;;;;;;;;;;;;;1814.8708453138365;1835.9684408574408
40;84.92036361694336;4.1838582667613275;7.091782426834106;0.1007631625129218;MinMaxScaler(feature_range=(-1, 1));;;;;;0.2;12;{'scaler__scaler': MinMaxScaler(feature_range=(-1, 1)), 'regressor__regressor__validation_fraction': 0.2, 'regressor__regressor__subsample': 0.8, 'regressor__regressor__n_iter_no_change': 10, 'regressor__regressor__n_estimators': 700, 'regressor__regressor__min_samples_split': 6, 'regressor__regressor__min_samples_leaf': 4, 'regressor__regressor__min_impurity_decrease': 0.0, 'regressor__regressor__max_leaf_nodes': 40, 'regressor__regressor__max_features': 0.6, 'regressor__regressor__max_depth': 7, 'regressor__regressor__loss': 'absolute_error', 'regressor__regressor__learning_rate': 0.04, 'regressor__regressor__criterion': 'squared_error', 'feature_selection__spearman_thr': 0.2, 'feature_selection__rfe_k': 12};0.9390146902813108;0.9190507956232973;0.9068865899033185;0.9258144941733666;0.9336598566790751;0.9248852853320736;0.011273783064373669;3;0.9293329652062687;0.9323258366418526;0.9367310859495152;0.930291216636576;0.9289419558664322;0.9315246120601289;0.0028546111612244253;-1417.108246656023;-1437.052453010997;-1446.3961834306108;-1430.2239190134458;-1402.814802577597;-1426.7191209377347;15.297277472531192;3;-1363.586028196987;-1346.2539351400112;-1345.3223795833549;-1363.551026714348;-1364.635414703007;-1356.6697568675415;8.898209955357942;-0.0879900936361489;-0.08753487502482951;-0.0865831173234464;-0.08852639679400764;-0.08659264178601757;-0.08744542491289001;0.0007673303054982065;3;-0.08357122886819518;-0.08272074727932796;-0.0834913670254899;-0.08290626515970859;-0.0833112263999227;-0.08320016694652888;0.000331975937525877;-911.7972230853338;-882.0771258096756;-885.8392810601181;-873.9878887040004;-876.8471480532589;-886.1097333424774;13.482705966677587;3;-835.3744069253935;-828.3275091635815;-832.7814329871317;-839.5277864060627;-837.5653877227251;-834.7153046409788;3.9054106254798113;-2356.822458192424;-2767.4043263844396;-3065.7994249436247;-2681.2251285251705;-2449.6719548327624;-2664.184658575684;250.09051173323726;3;-2601.0368069589126;-2533.6266865207504;-2429.1716325567254;-2563.6432460515143;-2610.3184062376104;-2547.5593556651024;65.21809566045039;5.163332027975062;-0.7127376606155391;GradientBoosting;True;5274.752969026566;0.2;0.8;10;700.0;6.0;4.0;0.0;40;0.6;7.0;absolute_error;0.04;squared_error;;;;;;;;;;;;;;;;;;;;;;;;;;;1356.6697568675415;1426.7191209377347
41;52.11861538887024;0.7902477026233589;7.096270132064819;0.1359333578593191;StandardScaler();;;;;;0.25;14;{'scaler__scaler': StandardScaler(), 'regressor__regressor__validation_fraction': 0.2, 'regressor__regressor__subsample': 0.8, 'regressor__regressor__n_iter_no_change': 15, 'regressor__regressor__n_estimators': 700, 'regressor__regressor__min_samples_split': 5, 'regressor__regressor__min_samples_leaf': 3, 'regressor__regressor__min_impurity_decrease': 0.0001, 'regressor__regressor__max_leaf_nodes': None, 'regressor__regressor__max_features': 0.6, 'regressor__regressor__max_depth': 9, 'regressor__regressor__loss': 'huber', 'regressor__regressor__learning_rate': 0.02, 'regressor__regressor__criterion': 'squared_error', 'feature_selection__spearman_thr': 0.25, 'feature_selection__rfe_k': 14};0.8866868820168675;0.8638092576030365;0.8398344251017822;0.8505766737282119;0.8834433114535053;0.8648701099806807;0.01818322633668254;30;0.860717534007226;0.8679286825636011;0.8702783437113365;0.869072703281071;0.8660266697416659;0.86680478666098;0.003350590908733966;-1793.8110338968581;-1813.2951702313312;-1850.3575529184968;-1848.9536207910749;-1768.499589308327;-1814.9833934292176;31.677027821031274;29;-1799.537748945049;-1797.7441460590517;-1789.541681509591;-1796.7485321275212;-1794.3403940187663;-1795.582500531996;3.455738824825169;-0.11082105728645734;-0.11331018579245282;-0.10918164492525075;-0.11315394311774062;-0.11013362780756727;-0.11132009178589378;0.0016464004398412193;30;-0.10932015316233862;-0.1106984169591744;-0.1102775373044527;-0.10968708462407029;-0.1101012919425694;-0.11001689679852107;0.0004761834747289898;-1112.4995597728775;-1122.090212091167;-1115.9574815522683;-1110.167057843083;-1115.4196946359589;-1115.226801179071;4.01786907092537;28;-1105.7393024831554;-1106.1389725591102;-1103.286781894527;-1112.6829408866033;-1102.9470180219687;-1106.1590031690728;3.5015658459747296;-3212.5829197677003;-3589.5509073072594;-4020.8901722606715;-3805.2478547745936;-3247.0451509430286;-3575.0634010106505;313.35103389523493;30;-3651.6259716090653;-3539.4471512555006;-3478.3177523636355;-3513.410849556771;-3584.231378280509;-3553.4066206130965;60.050101111396316;1.0804790585491635;-0.22319635402013777;GradientBoosting;True;5274.752969026566;0.2;0.8;15;700.0;5.0;3.0;0.0001;;0.6;9.0;huber;0.02;squared_error;;;;;;;;;;;;;;;;;;;;;;;;;;;1795.582500531996;1814.9833934292176
42;42.17377381324768;1.2139822728776508;6.893233776092529;0.05218277469617007;StandardScaler();;;;;;0.3;10;{'scaler__scaler': StandardScaler(), 'regressor__regressor__validation_fraction': 0.2, 'regressor__regressor__subsample': 0.75, 'regressor__regressor__n_iter_no_change': 15, 'regressor__regressor__n_estimators': 1100, 'regressor__regressor__min_samples_split': 6, 'regressor__regressor__min_samples_leaf': 4, 'regressor__regressor__min_impurity_decrease': 0.0005, 'regressor__regressor__max_leaf_nodes': None, 'regressor__regressor__max_features': 0.6, 'regressor__regressor__max_depth': 8, 'regressor__regressor__loss': 'absolute_error', 'regressor__regressor__learning_rate': 0.05, 'regressor__regressor__criterion': 'squared_error', 'feature_selection__spearman_thr': 0.3, 'feature_selection__rfe_k': 10};0.8986571395000797;0.8772697918306225;0.8526890106743314;0.8658997194915701;0.9063222907902404;0.8801675904573688;0.01996483658323169;28;0.876604620604701;0.8806484022747831;0.8828900214273012;0.8813217686779453;0.8936024879595763;0.8830134601888613;0.005686322012995358;-1711.8811494525692;-1723.8168320022485;-1815.5146502558457;-1747.6325446067578;-1577.406650485229;-1715.2503653605302;77.7009112629772;25;-1708.6936588595886;-1695.4704369376955;-1743.3531230408428;-1694.4621900972784;-1582.666973298754;-1684.9292764468319;54.106677729482946;-0.10296971681187295;-0.1021197917753172;-0.1045111376633618;-0.10340602129719777;-0.09588267441027588;-0.10177786839160512;0.003046715251894852;25;-0.10086830978819687;-0.09951633751640618;-0.10385015452238215;-0.09957564827525145;-0.09498734717955185;-0.0997595594563577;0.0028575963865473814;-1031.5244696492955;-1020.8845904462505;-1071.5695738221257;-1001.7659921966006;-956.6193050544662;-1016.4727862337477;37.630844244422285;22;-1000.4790434374381;-994.056841113239;-1042.3068509512068;-992.8954392781343;-936.3640190641436;-993.2204387688323;33.75091364055044;-3038.1613201779774;-3407.548600277987;-3856.161332614475;-3604.8615777268506;-2910.9708630778496;-3363.5407387750283;350.29665916086583;28;-3437.0631562621456;-3364.6918458490727;-3304.912467854412;-3345.0250177860103;-3194.130070556453;-3329.1645116616187;79.97290359744457;1.7995466835046765;-0.32229063992793455;GradientBoosting;True;5274.752969026566;0.2;0.75;15;1100.0;6.0;4.0;0.0005;;0.6;8.0;absolute_error;0.05;squared_error;;;;;;;;;;;;;;;;;;;;;;;;;;;1684.9292764468319;1715.2503653605302
43;48.73640675544739;0.9363666345992352;6.882040548324585;0.06480330129895906;MinMaxScaler();;;;;;0.3;5;{'scaler__scaler': MinMaxScaler(), 'regressor__regressor__validation_fraction': 0.15, 'regressor__regressor__subsample': 0.8, 'regressor__regressor__n_iter_no_change': 15, 'regressor__regressor__n_estimators': 700, 'regressor__regressor__min_samples_split': 5, 'regressor__regressor__min_samples_leaf': 3, 'regressor__regressor__min_impurity_decrease': 0.0, 'regressor__regressor__max_leaf_nodes': 30, 'regressor__regressor__max_features': 0.6, 'regressor__regressor__max_depth': 9, 'regressor__regressor__loss': 'huber', 'regressor__regressor__learning_rate': 0.05, 'regressor__regressor__criterion': 'squared_error', 'feature_selection__spearman_thr': 0.3, 'feature_selection__rfe_k': 5};0.9046066613441957;0.8859195230706501;0.8633385676369151;0.8805762026927544;0.8981668229864833;0.8865215555461997;0.014393358868145129;25;0.8908355299717947;0.8886465516339629;0.8972015258066549;0.8948744258595938;0.8933977778657566;0.8929911622275526;0.002998718769248889;-1737.2913375177993;-1774.7844604685693;-1802.6268902345982;-1774.702765963508;-1724.9806188989962;-1762.8772146166943;28.11566095282883;27;-1727.8129763014072;-1742.2315483506816;-1725.4768855992684;-1713.0276045348714;-1720.6524842075266;-1725.840299798751;9.630941201038203;-0.10499787010825791;-0.10656215731634061;-0.10452941913654684;-0.10647296250773022;-0.10413807362780224;-0.10534009653933556;0.000999599290357133;27;-0.10308659454857076;-0.10360314443580344;-0.1039065115679923;-0.10220704098037833;-0.10286790542839754;-0.10313423939222847;0.0005914688427471945;-1097.106096092024;-1124.572034013243;-1117.021596417093;-1091.377110357239;-1097.330349181139;-1105.4814372121477;12.908483812557233;27;-1088.3126909806615;-1088.4175264529376;-1087.594719870549;-1081.0680164226924;-1082.1978511469715;-1085.5181609747624;3.2048731289839907;-2947.632086962876;-3285.2769554463193;-3714.1599828693243;-3401.881551069234;-3035.03968464146;-3276.798052197843;273.4229591104179;25;-3232.7991179605797;-3249.9973917672583;-3096.3949111136067;-3148.2414163048556;-3197.201366314809;-3184.9268406922215;56.321076773657374;2.1460221332334313;-0.7244872015546655;GradientBoosting;True;5274.752969026566;0.15;0.8;15;700.0;5.0;3.0;0.0;30;0.6;9.0;huber;0.05;squared_error;;;;;;;;;;;;;;;;;;;;;;;;;;;1725.840299798751;1762.8772146166943
44;56.380084657669066;2.4310534428913693;6.956302309036255;0.06510645326566143;MinMaxScaler(feature_range=(-1, 1));;;;;;0.25;11;{'scaler__scaler': MinMaxScaler(feature_range=(-1, 1)), 'regressor__regressor__validation_fraction': 0.15, 'regressor__regressor__subsample': 0.8, 'regressor__regressor__n_iter_no_change': 15, 'regressor__regressor__n_estimators': 1100, 'regressor__regressor__min_samples_split': 4, 'regressor__regressor__min_samples_leaf': 3, 'regressor__regressor__min_impurity_decrease': 0.0001, 'regressor__regressor__max_leaf_nodes': 40, 'regressor__regressor__max_features': 0.4, 'regressor__regressor__max_depth': 7, 'regressor__regressor__loss': 'absolute_error', 'regressor__regressor__learning_rate': 0.04, 'regressor__regressor__criterion': 'squared_error', 'feature_selection__spearman_thr': 0.25, 'feature_selection__rfe_k': 11};0.927296370731721;0.9092388850827544;0.8895233697341834;0.906704496453652;0.9243847233396234;0.9114295690683868;0.0136132170630193;9;0.9115384651827649;0.91653907828521;0.9195773938514604;0.9146833635403043;0.917113390675191;0.9158903383069861;0.002679801747125391;-1521.2895993585223;-1521.5279147862575;-1569.7490334406943;-1530.230150488566;-1470.8480034370602;-1522.7289403022203;31.503342958039976;9;-1497.1349434952672;-1466.324786906172;-1493.213330787495;-1472.3510435911214;-1456.6141531747328;-1477.1276515909576;15.616416306006375;-0.09330463175509557;-0.09225766574427031;-0.09302444425069077;-0.09324767594405894;-0.08995536023190401;-0.09235795558520392;0.001258135740905336;8;-0.09041823777883322;-0.08887499494792482;-0.09172369191111772;-0.08863371151956509;-0.08819415852004539;-0.08956895893549725;0.0013122879773392834;-959.8274131016742;-931.6709113699508;-960.7217542965282;-916.6283171960349;-915.113474159376;-936.7923740247128;20.030085034047456;10;-916.2506766976594;-897.3946419556041;-930.8042251615225;-901.5514325139902;-890.8786853853799;-907.3759323428312;14.3760641692179;-2573.3111183554533;-2930.3279962541274;-3339.4337485777082;-3006.796986997503;-2615.3179840579464;-2893.037566848548;280.3406860916359;9;-2910.149490378911;-2813.667443108334;-2738.7480542573935;-2836.159821418138;-2819.220522030918;-2823.589066238739;54.71060411138445;3.0871596413585016;-0.48704184901054515;GradientBoosting;True;5274.752969026566;0.15;0.8;15;1100.0;4.0;3.0;0.0001;40;0.4;7.0;absolute_error;0.04;squared_error;;;;;;;;;;;;;;;;;;;;;;;;;;;1477.1276515909576;1522.7289403022203
45;80.87419505119324;1.540604689084702;6.930428457260132;0.090942411938315;RobustScaler();;;;;;0.2;9;{'scaler__scaler': RobustScaler(), 'regressor__regressor__validation_fraction': 0.2, 'regressor__regressor__subsample': 0.75, 'regressor__regressor__n_iter_no_change': None, 'regressor__regressor__n_estimators': 1100, 'regressor__regressor__min_samples_split': 4, 'regressor__regressor__min_samples_leaf': 3, 'regressor__regressor__min_impurity_decrease': 0.0005, 'regressor__regressor__max_leaf_nodes': None, 'regressor__regressor__max_features': 0.6, 'regressor__regressor__max_depth': 6, 'regressor__regressor__loss': 'huber', 'regressor__regressor__learning_rate': 0.05, 'regressor__regressor__criterion': 'squared_error', 'feature_selection__spearman_thr': 0.2, 'feature_selection__rfe_k': 9};0.8433109681451894;0.8218548445706483;0.793161950163632;0.8058703395257654;0.8495242395667045;0.822744468394388;0.02145129411731147;37;0.815268461202785;0.8252653988479045;0.8233733333414266;0.8265449375824419;0.8290905302059539;0.8239085322361023;0.004702809552376306;-2081.3707431107528;-2093.911171690466;-2199.0620505271204;-2135.6723842064184;-1997.0198740345593;-2101.4072447138633;66.43031920361544;32;-2104.379075938886;-2087.0775720877655;-2134.056008408479;-2084.7791111347497;-2045.9476507186353;-2091.2478836577034;28.692547381789872;-0.13214250333310212;-0.13568736563698638;-0.13350130251642564;-0.1349271160437279;-0.13003462498828047;-0.1332585825037045;0.0020189818950938853;32;-0.13174140942591733;-0.1322793170980216;-0.13626521031386093;-0.13146736978338425;-0.13092069327280514;-0.13253479997879786;0.001916008821489432;-1266.8921760647863;-1275.938567237812;-1326.8687779828897;-1264.8705129467876;-1246.8252050957099;-1276.2790478655972;27.000865191731133;33;-1261.6182689687912;-1264.9208454583686;-1322.0746096873736;-1268.3487726290477;-1254.4306604533485;-1274.278631439386;24.33685949669187;-3777.752917230497;-4105.3797090915705;-4569.333317722537;-4337.302347998294;-3689.3767012481194;-4095.8289986582035;331.35563925493153;37;-4205.412367192421;-4071.183086287224;-4058.73921088897;-4043.964433801217;-4048.2742352101136;-4085.514666675989;60.6812152249484;0.48580376987115764;-0.14128556704650364;GradientBoosting;True;5274.752969026566;0.2;0.75;;1100.0;4.0;3.0;0.0005;;0.6;6.0;huber;0.05;squared_error;;;;;;;;;;;;;;;;;;;;;;;;;;;2091.2478836577034;2101.4072447138633
46;71.13166861534118;7.939733545486576;7.7923829555511475;0.7103828423698739;RobustScaler();;;;;;0.25;14;{'scaler__scaler': RobustScaler(), 'regressor__regressor__validation_fraction': 0.2, 'regressor__regressor__subsample': 0.75, 'regressor__regressor__n_iter_no_change': 15, 'regressor__regressor__n_estimators': 700, 'regressor__regressor__min_samples_split': 4, 'regressor__regressor__min_samples_leaf': 4, 'regressor__regressor__min_impurity_decrease': 0.0, 'regressor__regressor__max_leaf_nodes': 40, 'regressor__regressor__max_features': 0.6, 'regressor__regressor__max_depth': 8, 'regressor__regressor__loss': 'huber', 'regressor__regressor__learning_rate': 0.03, 'regressor__regressor__criterion': 'squared_error', 'feature_selection__spearman_thr': 0.25, 'feature_selection__rfe_k': 14};0.9294651148185447;0.9113003947136258;0.8899350952090876;0.9156561570517234;0.9264471981755253;0.9145607919937013;0.01401199805843865;5;0.9153696688026329;0.9209352349381189;0.9207531063049179;0.9197810783591769;0.9195857765468496;0.9192849729903394;0.0020270663592756246;-1529.3763261219003;-1540.223668707798;-1571.6373094453477;-1535.012007292603;-1504.6372795694722;-1536.1773182274242;21.522868819581426;11;-1516.2255856138029;-1494.3382498271667;-1502.8062407909395;-1488.0854732474995;-1488.1579761398566;-1497.922705123853;10.618980532377675;-0.09419840327946102;-0.09373442907415587;-0.09272085635597933;-0.09440520477473371;-0.09255138121721677;-0.09352205494030935;0.0007571829537012694;12;-0.09189204326829535;-0.09068225639436431;-0.09190554837244944;-0.0902032745729059;-0.09067538987273849;-0.09107170249615068;0.0006973029395330334;-981.8486380420363;-964.2898161720514;-965.8773174003309;-959.123530966006;-966.0382407446459;-967.4355086650141;7.630242075144096;12;-958.5820791214755;-944.4524061975844;-954.7022421295214;-941.6861225899047;-945.6609921936142;-949.0167684464201;6.475380837953952;-2534.6396998176697;-2896.8577309980174;-3333.2052215071126;-2858.909726898496;-2579.4038152784115;-2840.603238899942;285.65546898336737;5;-2846.433773942234;-2738.5625791549205;-2718.6552250668155;-2750.1238179584093;-2776.855604881622;-2766.1262002008;44.34805395460889;2.553844265309288;-0.5138973371087311;GradientBoosting;True;5274.752969026566;0.2;0.75;15;700.0;4.0;4.0;0.0;40;0.6;8.0;huber;0.03;squared_error;;;;;;;;;;;;;;;;;;;;;;;;;;;1497.922705123853;1536.1773182274242
47;96.42972679138184;9.397616027769894;8.494078016281128;0.22600767653904152;MinMaxScaler(feature_range=(-1, 1));;;;;;0.3;9;{'scaler__scaler': MinMaxScaler(feature_range=(-1, 1)), 'regressor__regressor__validation_fraction': 0.15, 'regressor__regressor__subsample': 0.75, 'regressor__regressor__n_iter_no_change': 10, 'regressor__regressor__n_estimators': 700, 'regressor__regressor__min_samples_split': 6, 'regressor__regressor__min_samples_leaf': 4, 'regressor__regressor__min_impurity_decrease': 0.0, 'regressor__regressor__max_leaf_nodes': 40, 'regressor__regressor__max_features': 0.4, 'regressor__regressor__max_depth': 9, 'regressor__regressor__loss': 'absolute_error', 'regressor__regressor__learning_rate': 0.02, 'regressor__regressor__criterion': 'squared_error', 'feature_selection__spearman_thr': 0.3, 'feature_selection__rfe_k': 9};0.9305664709793381;0.904821082817298;0.8812047156887527;0.9013489352411092;0.9225278047653807;0.9080938018983756;0.01727766285111296;13;0.9180122905787448;0.9149935223303505;0.9123860432718015;0.9105569413336443;0.9154902031817962;0.9142878001392674;0.0025826975251421616;-1478.5049999245896;-1535.7997041260505;-1613.8970504614197;-1559.8355517245066;-1476.349541697085;-1532.87736958673;51.86756639937442;10;-1433.398950432123;-1477.8853085472426;-1528.5301682050956;-1493.471207401498;-1459.2439677862221;-1478.5059204744362;32.03882613565292;-0.0905933395155901;-0.09259311783512207;-0.09466242435834268;-0.09407440005925582;-0.09042840047493406;-0.09247033644864895;0.0017370068938853535;9;-0.08660694065089149;-0.08885390541832035;-0.09290895079160005;-0.08935513327883725;-0.08807840676592296;-0.08916066738111442;0.002091619308782836;-925.6879827265275;-940.7808009450991;-978.7209008303798;-924.897565799743;-911.7827489433416;-936.3739998490182;23.079467238916646;9;-865.3064735198232;-893.7678921603601;-940.5481873728859;-905.5601487409403;-885.1198578204458;-898.060511922891;24.980637551036143;-2514.7734734923743;-3000.7975951888016;-3462.878252913107;-3091.8942980505744;-2647.2359900704832;-2943.5159219430684;336.6411883744125;12;-2801.6407150827804;-2839.6001317284376;-2858.575437496421;-2903.936789162211;-2846.6914032220448;-2850.088895338379;32.98605872755235;3.6774590050235805;-0.6774670120227174;GradientBoosting;True;5274.752969026566;0.15;0.75;10;700.0;6.0;4.0;0.0;40;0.4;9.0;absolute_error;0.02;squared_error;;;;;;;;;;;;;;;;;;;;;;;;;;;1478.5059204744362;1532.87736958673
48;51.961848163604735;0.4381686958496195;8.320660877227784;0.20833170950754046;MinMaxScaler();;;;;;0.25;14;{'scaler__scaler': MinMaxScaler(), 'regressor__regressor__validation_fraction': 0.2, 'regressor__regressor__subsample': 0.75, 'regressor__regressor__n_iter_no_change': 10, 'regressor__regressor__n_estimators': 1100, 'regressor__regressor__min_samples_split': 5, 'regressor__regressor__min_samples_leaf': 4, 'regressor__regressor__min_impurity_decrease': 0.0005, 'regressor__regressor__max_leaf_nodes': None, 'regressor__regressor__max_features': 0.4, 'regressor__regressor__max_depth': 7, 'regressor__regressor__loss': 'absolute_error', 'regressor__regressor__learning_rate': 0.04, 'regressor__regressor__criterion': 'squared_error', 'feature_selection__spearman_thr': 0.25, 'feature_selection__rfe_k': 14};0.9143723765903683;0.8919070064209758;0.8663044149755259;0.8852375203658487;0.9054144433480702;0.8926471523401578;0.01663958750835497;21;0.8934090858825962;0.8972213358291236;0.8966753852188638;0.8973967907554158;0.892494953376;0.8954395102124;0.0020652493605340483;-1604.05845474875;-1625.607592930361;-1661.8308115273185;-1646.0030671948402;-1591.7749484731523;-1625.8549749748843;25.83332783036014;19;-1593.8871991012434;-1592.8561614945113;-1594.7357018659743;-1592.1607072165264;-1600.3837320774626;-1594.8047003511435;2.9243689134412203;-0.09802795693524613;-0.09857435509760634;-0.09686895585522529;-0.09969269057796118;-0.09699072179841291;-0.09803093605289036;0.0010477580741639896;19;-0.0957024166798971;-0.09579908110494653;-0.09651503536521301;-0.09578654781793139;-0.0962416597795546;-0.09600894814950853;0.0003155143731747151;-999.8767264263079;-990.179516014985;-975.6478112925015;-978.0982323365079;-978.4142399224997;-984.4433051985604;9.2202483274891;16;-962.6585507695772;-958.6341174023491;-960.8469960277544;-966.3380369216466;-960.8249386050811;-961.8605279452817;2.5766002515894697;-2792.680137745805;-3197.9015944960106;-3673.636279531041;-3334.830090411604;-2925.042223015518;-3184.818065039996;310.7647584393836;21;-3194.4651675463615;-3122.3577486195422;-3104.3087435619254;-3110.242919267109;-3210.7115251160803;-3148.4172208222035;44.906402443059406;1.9469640776017336;-0.31184215576771207;GradientBoosting;True;5274.752969026566;0.2;0.75;10;1100.0;5.0;4.0;0.0005;;0.4;7.0;absolute_error;0.04;squared_error;;;;;;;;;;;;;;;;;;;;;;;;;;;1594.8047003511435;1625.8549749748843
49;42.66605954170227;0.3278087148811317;8.252705192565918;0.07008982222209761;StandardScaler();;;;;;0.2;8;{'scaler__scaler': StandardScaler(), 'regressor__regressor__validation_fraction': 0.2, 'regressor__regressor__subsample': 0.75, 'regressor__regressor__n_iter_no_change': 15, 'regressor__regressor__n_estimators': 900, 'regressor__regressor__min_samples_split': 6, 'regressor__regressor__min_samples_leaf': 3, 'regressor__regressor__min_impurity_decrease': 0.0005, 'regressor__regressor__max_leaf_nodes': None, 'regressor__regressor__max_features': 0.5, 'regressor__regressor__max_depth': 7, 'regressor__regressor__loss': 'huber', 'regressor__regressor__learning_rate': 0.05, 'regressor__regressor__criterion': 'squared_error', 'feature_selection__spearman_thr': 0.2, 'feature_selection__rfe_k': 8};0.8511468842234611;0.8183843615659505;0.7950786061524354;0.8062628011828675;0.8443733006318059;0.8230491907513041;0.021587473912087634;36;0.8230042615342976;0.8213455737714861;0.8252164060606899;0.8273734153637872;0.8241704659724363;0.8242220245405395;0.0020336977543661846;-2052.5478580720783;-2116.904568521545;-2177.094464146726;-2138.987831402292;-2024.8106002108443;-2102.069064470697;55.91622002908561;34;-2067.10775929703;-2109.4465399858536;-2114.301685183566;-2085.0908603318067;-2070.619259852012;-2089.3132209300534;19.442988032174224;-0.13266416932985978;-0.1364649626927585;-0.13218690532671243;-0.13474945276056782;-0.13194816163476922;-0.13360273034893355;0.0017395632319260896;33;-0.1318601180722746;-0.133074057250068;-0.1351542821682792;-0.13132587501921364;-0.13266630646873173;-0.13281612779571345;0.0013183890042446197;-1280.3117058079042;-1291.9350972272805;-1302.396856706333;-1281.0515195505072;-1249.4970553144522;-1281.0384469212954;17.721773977072857;34;-1256.1779089372535;-1279.2379179009017;-1294.226681642076;-1269.8856034050805;-1256.6550873562337;-1271.236639848309;14.378976468133715;-3682.0799640197993;-4145.175705493513;-4548.11327826969;-4332.915882638239;-3751.9909385562205;-4092.0551537954925;332.4298492398665;36;-4116.417999855576;-4116.594290148246;-4037.5075114274205;-4034.29522959983;-4106.130743303965;-4082.1891548670073;37.996852916568834;0.6105280631386301;-0.1422958564943926;GradientBoosting;True;5274.752969026566;0.2;0.75;15;900.0;6.0;3.0;0.0005;;0.5;7.0;huber;0.05;squared_error;;;;;;;;;;;;;;;;;;;;;;;;;;;2089.3132209300534;2102.069064470697
50;43.74347620010376;0.42749467640539673;8.194973468780518;0.5260539198813864;MinMaxScaler();;;;;;0.2;7;{'scaler__scaler': MinMaxScaler(), 'regressor__regressor__validation_fraction': 0.15, 'regressor__regressor__subsample': 0.75, 'regressor__regressor__n_iter_no_change': 10, 'regressor__regressor__n_estimators': 1100, 'regressor__regressor__min_samples_split': 4, 'regressor__regressor__min_samples_leaf': 4, 'regressor__regressor__min_impurity_decrease': 0.0005, 'regressor__regressor__max_leaf_nodes': 30, 'regressor__regressor__max_features': 0.5, 'regressor__regressor__max_depth': 7, 'regressor__regressor__loss': 'huber', 'regressor__regressor__learning_rate': 0.04, 'regressor__regressor__criterion': 'squared_error', 'feature_selection__spearman_thr': 0.2, 'feature_selection__rfe_k': 7};0.8508733667051174;0.8218860816492408;0.7952549842078988;0.8096797249955655;0.8454219853110101;0.8246232285737666;0.021047337519703082;35;0.8227525863881469;0.8243435921212421;0.825726702798424;0.8296539849522823;0.8254021884973708;0.8255758109514932;0.0022879412784188816;-2098.9321382655676;-2141.5258489988473;-2199.6569846232887;-2154.684191277826;-2060.5235673238794;-2131.064546097882;47.70905666468445;37;-2119.464679255126;-2130.8444481047377;-2138.067897722423;-2106.925110839369;-2108.665957355736;-2120.7936186554784;12.170469567583174;-0.13644995273293434;-0.14007194450994748;-0.1346522692790602;-0.13815005867983193;-0.13479484420877585;-0.13682381388210996;0.0020630741090027598;38;-0.13610637609156714;-0.13622677357111487;-0.13795214829250235;-0.13491608148552586;-0.13546130566091721;-0.1361325370203255;0.0010247795577126826;-1333.2669001580634;-1351.1375504336065;-1339.9074482833148;-1323.1608160140422;-1314.4068026694113;-1332.3759035116877;12.785334251108058;37;-1325.508029702427;-1326.9425341315555;-1343.0802102818134;-1330.2360372828316;-1318.7971309179502;-1328.9127884633156;8.003344805122081;-3685.46132137617;-4105.0197619169985;-4546.15555182605;-4294.536301193376;-3739.328245590205;-4074.10023638056;327.2603821556856;35;-4119.343584654946;-4081.9076578392;-4031.6092663666436;-4007.5580953878252;-4091.723316460438;-4066.428384141811;40.88408448569339;0.4842964139488116;-0.11538399806418648;GradientBoosting;True;5274.752969026566;0.15;0.75;10;1100.0;4.0;4.0;0.0005;30;0.5;7.0;huber;0.04;squared_error;;;;;;;;;;;;;;;;;;;;;;;;;;;2120.7936186554784;2131.064546097882
51;121.22678298950196;1.3132164971286244;7.242850208282471;0.08983254344863544;RobustScaler();;;;;;0.2;11;{'scaler__scaler': RobustScaler(), 'regressor__regressor__validation_fraction': 0.2, 'regressor__regressor__subsample': 0.75, 'regressor__regressor__n_iter_no_change': None, 'regressor__regressor__n_estimators': 900, 'regressor__regressor__min_samples_split': 5, 'regressor__regressor__min_samples_leaf': 4, 'regressor__regressor__min_impurity_decrease': 0.0, 'regressor__regressor__max_leaf_nodes': 30, 'regressor__regressor__max_features': 0.4, 'regressor__regressor__max_depth': 8, 'regressor__regressor__loss': 'huber', 'regressor__regressor__learning_rate': 0.04, 'regressor__regressor__criterion': 'squared_error', 'feature_selection__spearman_thr': 0.2, 'feature_selection__rfe_k': 11};0.9482264899953318;0.9382512037028303;0.9213314127969693;0.9457169280692403;0.9466816589388349;0.9400415387006413;0.009965628727731896;1;0.9500382283913948;0.948723261462213;0.9490724499078886;0.9499392885525829;0.9497070839124173;0.9494960624452993;0.0005121703420110923;-1336.494261546753;-1353.7900137434985;-1389.6087569560002;-1329.6122068110528;-1324.41021352785;-1346.7830905170308;23.598218376141663;1;-1254.2605337274244;-1257.6963733514535;-1280.8087977110379;-1257.0581588439625;-1261.8810783516037;-1262.3409883970965;9.550350598636145;-0.0831449263077825;-0.08328034401908602;-0.08356493445949786;-0.08391547517182245;-0.08252714915353217;-0.0832865658223442;0.00046256463500846313;1;-0.07744977050449116;-0.07732536244548452;-0.07959101050084329;-0.07733140291673922;-0.07777860319421687;-0.07789522991235501;0.0008637543042456291;-864.3245069872628;-864.4901491383644;-861.7024596655756;-850.7480026112444;-847.2007141456002;-857.6931665096093;7.274268886737612;1;-807.3740360305392;-807.9934579913461;-831.8489319220153;-814.6552370244281;-816.398582443624;-815.6540490823905;8.843861799522998;-2171.541110453375;-2417.021821252578;-2817.9825389432795;-2293.5380961947435;-2196.1299850258456;-2379.242710373964;235.7691260862659;1;-2187.041270541412;-2205.420332259199;-2179.412327238962;-2172.512811821225;-2196.040118900236;-2188.085372152207;11.684137360020864;6.689325855382214;-0.9957412272262706;GradientBoosting;True;5274.752969026566;0.2;0.75;;900.0;5.0;4.0;0.0;30;0.4;8.0;huber;0.04;squared_error;;;;;;;;;;;;;;;;;;;;;;;;;;;1262.3409883970965;1346.7830905170308
52;60.6085889339447;2.0766345747206114;6.94688229560852;0.03380907971639172;RobustScaler();;;;;;0.2;13;{'scaler__scaler': RobustScaler(), 'regressor__regressor__validation_fraction': 0.15, 'regressor__regressor__subsample': 0.8, 'regressor__regressor__n_iter_no_change': 10, 'regressor__regressor__n_estimators': 900, 'regressor__regressor__min_samples_split': 4, 'regressor__regressor__min_samples_leaf': 3, 'regressor__regressor__min_impurity_decrease': 0.0001, 'regressor__regressor__max_leaf_nodes': 40, 'regressor__regressor__max_features': 0.6, 'regressor__regressor__max_depth': 8, 'regressor__regressor__loss': 'absolute_error', 'regressor__regressor__learning_rate': 0.05, 'regressor__regressor__criterion': 'squared_error', 'feature_selection__spearman_thr': 0.2, 'feature_selection__rfe_k': 13};0.9314887301743816;0.9102136921039998;0.8891773259241561;0.9117878244327169;0.926709699873;0.9138754545016509;0.01485065380761155;6;0.915999159206998;0.9218999344871767;0.9207056364342517;0.9186417227416274;0.9191901521693415;0.919287321007879;0.0020037771719548713;-1473.8459309743262;-1491.09694143072;-1531.5870048442523;-1491.2536948427446;-1446.4203118205844;-1486.8407767825254;27.72180987738427;5;-1444.6273524556289;-1421.1043268180524;-1448.3738789981849;-1435.0342650822283;-1426.7498265671272;-1435.1779299842442;10.32031519203134;-0.09103661377089169;-0.0906937233855549;-0.09020584324096124;-0.09175176725581285;-0.08911043583237017;-0.09055967669711817;0.0008822714532275173;5;-0.08800563452026253;-0.08674381147757186;-0.08858622000500711;-0.08711445628195473;-0.0869459281394798;-0.0874792100848552;0.0007015468239678196;-924.7208897468226;-914.0660690479417;-915.4727252188131;-903.3507779880592;-902.6020284808183;-912.042498096491;8.261614580131733;5;-885.7411445107;-867.0352458955108;-885.0451754026276;-879.9920685852148;-865.5843666645233;-876.6796002117153;8.708440247552165;-2498.016252058057;-2914.5491258284214;-3344.6596813429323;-2923.735065462164;-2574.796899802753;-2851.1514048988656;301.3019503346906;6;-2835.827959917983;-2721.8041767013556;-2719.4693572392057;-2769.5850710026266;-2783.6780537922564;-2766.0729237306855;43.173267723693165;3.5997520390275475;-0.5887023983203369;GradientBoosting;True;5274.752969026566;0.15;0.8;10;900.0;4.0;3.0;0.0001;40;0.6;8.0;absolute_error;0.05;squared_error;;;;;;;;;;;;;;;;;;;;;;;;;;;1435.1779299842442;1486.8407767825254
53;106.1843608379364;3.709522828466389;7.107033777236938;0.012451117797363352;MinMaxScaler();;;;;;0.2;7;{'scaler__scaler': MinMaxScaler(), 'regressor__regressor__validation_fraction': 0.2, 'regressor__regressor__subsample': 0.8, 'regressor__regressor__n_iter_no_change': None, 'regressor__regressor__n_estimators': 900, 'regressor__regressor__min_samples_split': 4, 'regressor__regressor__min_samples_leaf': 3, 'regressor__regressor__min_impurity_decrease': 0.0001, 'regressor__regressor__max_leaf_nodes': 30, 'regressor__regressor__max_features': 0.6, 'regressor__regressor__max_depth': 7, 'regressor__regressor__loss': 'absolute_error', 'regressor__regressor__learning_rate': 0.02, 'regressor__regressor__criterion': 'squared_error', 'feature_selection__spearman_thr': 0.2, 'feature_selection__rfe_k': 7};0.9270987827385715;0.9053860158645426;0.8803805413079084;0.9078984825911806;0.9195658664783641;0.9080659377961136;0.015926008588560983;14;0.9132172163036936;0.91556189145918;0.9103447006021927;0.9143485889711034;0.9123120610594594;0.913156891679126;0.0017793236280791898;-1545.488019606909;-1575.7456829589873;-1633.8281173391904;-1568.068715758531;-1534.8947846430697;-1571.6050640613375;34.44155475408959;13;-1518.8028924124797;-1513.8798318548568;-1564.3130551848044;-1514.2668308737632;-1522.745378987633;-1526.8015978627075;19.03488403483607;-0.095678539363461;-0.09594068683246407;-0.09616863082513162;-0.09671495244099144;-0.09460394317657257;-0.09582135052772414;0.0006979749028822549;13;-0.09294899480483357;-0.09232662166740384;-0.09551541928087195;-0.09217709128260632;-0.09292510726970815;-0.09317864686108476;0.0012088497210705905;-976.50063814022;-967.4668930301013;-995.4637116213653;-965.360561926731;-969.9285642422919;-974.9440737921419;10.921407391719633;14;-940.9086094154509;-934.4315652867426;-968.1671812859931;-937.070510174959;-941.9473138898356;-944.5050360105963;12.13359248170448;-2576.8055132964987;-2991.8787463222707;-3474.869816921296;-2987.4946936085794;-2697.3662631174457;-2945.683006653218;310.37163334192576;14;-2882.4040009676746;-2830.091162931255;-2891.6850741259273;-2841.7187875970667;-2899.724862190143;-2869.1247775624133;27.915520026176193;2.934465503661261;-0.5575114122668532;GradientBoosting;True;5274.752969026566;0.2;0.8;;900.0;4.0;3.0;0.0001;30;0.6;7.0;absolute_error;0.02;squared_error;;;;;;;;;;;;;;;;;;;;;;;;;;;1526.8015978627075;1571.6050640613375
54;94.5267837524414;0.8628091198272275;7.196020221710205;0.05562980971163598;MinMaxScaler();;;;;;0.3;7;{'scaler__scaler': MinMaxScaler(), 'regressor__regressor__validation_fraction': 0.2, 'regressor__regressor__subsample': 0.75, 'regressor__regressor__n_iter_no_change': None, 'regressor__regressor__n_estimators': 1100, 'regressor__regressor__min_samples_split': 6, 'regressor__regressor__min_samples_leaf': 3, 'regressor__regressor__min_impurity_decrease': 0.0001, 'regressor__regressor__max_leaf_nodes': None, 'regressor__regressor__max_features': 0.4, 'regressor__regressor__max_depth': 8, 'regressor__regressor__loss': 'absolute_error', 'regressor__regressor__learning_rate': 0.02, 'regressor__regressor__criterion': 'squared_error', 'feature_selection__spearman_thr': 0.3, 'feature_selection__rfe_k': 7};0.9303160699062609;0.9084190042099224;0.8853701189172137;0.9088506829411245;0.9232924020412028;0.9112496556031449;0.015440686334298445;10;0.9170381195309756;0.919337798404158;0.9181837461376827;0.9168778977986268;0.917001656221245;0.9176878436185376;0.0009505026952553585;-1494.7774598993403;-1532.0893041039174;-1569.9308624789144;-1531.7321238237346;-1483.86275102499;-1522.4785002661793;30.621063031138153;8;-1453.9446689050278;-1450.056142445085;-1473.9452921339719;-1451.27269486872;-1453.8039019504788;-1456.6045400606565;8.796934185718507;-0.09225042863304675;-0.09315887769376849;-0.09219848594235379;-0.09405015552438237;-0.09123061221655;-0.09257771200202028;0.0009561849327156486;10;-0.08834840244603141;-0.08792838393020865;-0.08971800123629776;-0.08787256578269576;-0.08818209102341568;-0.08840988888372985;0.0006763717187014367;-935.2163880665921;-936.6073676107699;-948.7981876130016;-928.4020086682967;-929.5447885435201;-935.713748100436;7.263140859557469;8;-889.625545966117;-885.5139606597058;-900.0446610089693;-887.7955264910543;-888.8658910750055;-890.3691170401704;5.0323880838016075;-2519.303959529713;-2943.5336434049304;-3401.6258507870316;-2972.01132068633;-2634.140399707324;-2894.123034823066;307.9439596069361;10;-2818.2359940561378;-2766.089402761776;-2762.376088004991;-2799.446013625368;-2821.12009290329;-2793.453518270312;25.02047940403196;4.522432712092163;-0.7015662308445012;GradientBoosting;True;5274.752969026566;0.2;0.75;;1100.0;6.0;3.0;0.0001;;0.4;8.0;absolute_error;0.02;squared_error;;;;;;;;;;;;;;;;;;;;;;;;;;;1456.6045400606565;1522.4785002661793
55;42.83228712081909;0.5487937458822499;6.9258726119995115;0.04520858000984319;MinMaxScaler();;;;;;0.25;6;{'scaler__scaler': MinMaxScaler(), 'regressor__regressor__validation_fraction': 0.15, 'regressor__regressor__subsample': 0.75, 'regressor__regressor__n_iter_no_change': 15, 'regressor__regressor__n_estimators': 900, 'regressor__regressor__min_samples_split': 5, 'regressor__regressor__min_samples_leaf': 3, 'regressor__regressor__min_impurity_decrease': 0.0001, 'regressor__regressor__max_leaf_nodes': None, 'regressor__regressor__max_features': 0.5, 'regressor__regressor__max_depth': 9, 'regressor__regressor__loss': 'huber', 'regressor__regressor__learning_rate': 0.03, 'regressor__regressor__criterion': 'squared_error', 'feature_selection__spearman_thr': 0.25, 'feature_selection__rfe_k': 6};0.8836317457625074;0.8592846391849314;0.837040744439007;0.8461274605265159;0.8743045643732928;0.8600778308572508;0.017222869621151174;31;0.8573156580328545;0.8624945498825896;0.8672132844000063;0.864778691003263;0.8584837140518642;0.8620571794741154;0.003726526977931354;-1883.247673920908;-1901.737070564305;-1937.850590876684;-1944.7232301550353;-1876.1939200124223;-1908.7504971058709;27.92978995551396;31;-1898.8503013705142;-1886.5221907107812;-1877.8677551613598;-1887.1670930024236;-1899.966947340142;-1890.0748575170444;8.306042857156541;-0.11676740689306597;-0.11803196121372916;-0.11481272008675085;-0.1191400201031295;-0.1163638943068404;-0.11702320052070318;0.001475456681356778;31;-0.11558131038547127;-0.11556046739730481;-0.11604976021435266;-0.11545393425961951;-0.11618127165423942;-0.11576534878219755;0.0002921325782742232;-1195.0402345255425;-1216.3019418699478;-1205.0004096344055;-1194.0127020220061;-1200.449491095348;-1202.16095582945;8.10009639007524;31;-1197.3679379991936;-1188.650875686384;-1187.6559870659348;-1192.6982153701665;-1193.5032003824035;-1191.9752433008166;3.5112929819252585;-3255.603528946767;-3648.6909339817985;-4055.805673256612;-3861.4846297605895;-3371.937227955654;-3638.704398780284;297.19866596864836;31;-3695.951145728049;-3611.5292211294395;-3519.170636079835;-3570.5605760519643;-3683.7493489765816;-3616.1921855931737;66.9964628067629;0.9880899433454348;-0.22960757870749748;GradientBoosting;True;5274.752969026566;0.15;0.75;15;900.0;5.0;3.0;0.0001;;0.5;9.0;huber;0.03;squared_error;;;;;;;;;;;;;;;;;;;;;;;;;;;1890.0748575170444;1908.7504971058709
56;72.69292044639587;3.404130946071652;7.207732200622559;0.454171897260667;RobustScaler();;;;;;0.2;9;{'scaler__scaler': RobustScaler(), 'regressor__regressor__validation_fraction': 0.2, 'regressor__regressor__subsample': 0.8, 'regressor__regressor__n_iter_no_change': None, 'regressor__regressor__n_estimators': 900, 'regressor__regressor__min_samples_split': 6, 'regressor__regressor__min_samples_leaf': 3, 'regressor__regressor__min_impurity_decrease': 0.0005, 'regressor__regressor__max_leaf_nodes': 30, 'regressor__regressor__max_features': 0.5, 'regressor__regressor__max_depth': 7, 'regressor__regressor__loss': 'absolute_error', 'regressor__regressor__learning_rate': 0.03, 'regressor__regressor__criterion': 'squared_error', 'feature_selection__spearman_thr': 0.2, 'feature_selection__rfe_k': 9};0.9146398391467525;0.8828697456986742;0.8578337157646553;0.8731418526248256;0.9067677159561853;0.8870505738382185;0.021045141477214202;24;0.8939090839587147;0.8866536337634967;0.8882375602174094;0.8868674738654788;0.8943126723802757;0.8899960848370749;0.0034057916780946868;-1618.9239853509805;-1714.203257603838;-1796.153804090263;-1730.537561033044;-1606.7398455647385;-1693.3116907285726;71.3119041304355;23;-1611.8343312196603;-1689.3704532164813;-1725.5041039979785;-1683.5869805335242;-1620.9288028307733;-1666.2449343596836;43.269506317772006;-0.09931894045802551;-0.10279419070290755;-0.10448555029428108;-0.1034599976623848;-0.09798822062485636;-0.10160937994849106;0.002508379006904288;24;-0.09699532325428184;-0.1005413864752838;-0.10391008335915629;-0.10010691053686788;-0.09772551123230078;-0.09985584297157811;0.0024368322187010238;-1018.070638686746;-1030.9467068720005;-1083.8270266910677;-1009.0591121705529;-994.7310833159227;-1027.3269135472578;30.61778904127231;24;-978.7327676222412;-1015.1729526535655;-1054.3368090382428;-1013.8571613826498;-988.8419015750878;-1010.1883184543574;26.201211418952454;-2788.3151821001907;-3328.9008982775727;-3788.2264199422443;-3506.1696992929496;-2904.041975299018;-3263.1308349823953;372.4281615308392;24;-3186.964040785089;-3278.951386711105;-3228.575506434438;-3265.9353225756727;-3183.452098001106;-3228.775670901482;39.24518036349141;1.624416423464798;-0.33095774790915394;GradientBoosting;True;5274.752969026566;0.2;0.8;;900.0;6.0;3.0;0.0005;30;0.5;7.0;absolute_error;0.03;squared_error;;;;;;;;;;;;;;;;;;;;;;;;;;;1666.2449343596836;1693.3116907285726
57;94.47483620643615;1.564411913320064;8.13021640777588;0.08525238007571626;RobustScaler();;;;;;0.2;5;{'scaler__scaler': RobustScaler(), 'regressor__regressor__validation_fraction': 0.15, 'regressor__regressor__subsample': 0.8, 'regressor__regressor__n_iter_no_change': None, 'regressor__regressor__n_estimators': 1100, 'regressor__regressor__min_samples_split': 4, 'regressor__regressor__min_samples_leaf': 4, 'regressor__regressor__min_impurity_decrease': 0.0005, 'regressor__regressor__max_leaf_nodes': None, 'regressor__regressor__max_features': 0.5, 'regressor__regressor__max_depth': 6, 'regressor__regressor__loss': 'huber', 'regressor__regressor__learning_rate': 0.02, 'regressor__regressor__criterion': 'squared_error', 'feature_selection__spearman_thr': 0.2, 'feature_selection__rfe_k': 5};0.8453351726105289;0.8166126443183833;0.7904065729511827;0.8011530676082649;0.841008773502133;0.8189032461980986;0.021539160403067633;39;0.8175685058555202;0.8199633108580322;0.8209637842753625;0.8214861708087999;0.8212397125825441;0.8202442968760518;0.0014345435608037749;-2128.895318209404;-2185.387991267529;-2224.608777265533;-2225.7391524978148;-2093.270137774577;-2171.580275402971;52.70738510181113;39;-2144.6200670754465;-2173.4424279087502;-2165.996087371183;-2171.551230661142;-2140.777466013081;-2159.27745580592;13.809566689159777;-0.1372287678360096;-0.14165210704200426;-0.13528133072228649;-0.1412174997758138;-0.13633741026581964;-0.13834342312838674;0.0026019477221736337;39;-0.13670036824988854;-0.13790491914712297;-0.13857927524989766;-0.13755342778885835;-0.13697015183722863;-0.13754162845459922;0.0006697961599752039;-1344.2950150146298;-1380.5498877603713;-1345.798977888544;-1363.3878218649816;-1327.6412103158673;-1352.334582568879;18.085292113807412;40;-1336.8875993053252;-1353.8112819997004;-1348.4782606061299;-1358.4444012161694;-1334.8936143825904;-1346.503031501983;9.242764393650983;-3753.2719371939124;-4165.345376020392;-4599.66763947945;-4389.68339131644;-3792.33162100807;-4140.059993003653;330.0637517469395;39;-4179.150113685316;-4132.488807017577;-4086.3301833060646;-4102.511154179958;-4140.210125674707;-4128.138076772725;32.160628868298424;0.5697655743114833;-0.16349405696091682;GradientBoosting;True;5274.752969026566;0.15;0.8;;1100.0;4.0;4.0;0.0005;;0.5;6.0;huber;0.02;squared_error;;;;;;;;;;;;;;;;;;;;;;;;;;;2159.27745580592;2171.580275402971
58;59.39187164306641;0.8602255212494064;8.051132869720458;0.06452683388621312;StandardScaler();;;;;;0.2;12;{'scaler__scaler': StandardScaler(), 'regressor__regressor__validation_fraction': 0.2, 'regressor__regressor__subsample': 0.75, 'regressor__regressor__n_iter_no_change': 10, 'regressor__regressor__n_estimators': 700, 'regressor__regressor__min_samples_split': 6, 'regressor__regressor__min_samples_leaf': 3, 'regressor__regressor__min_impurity_decrease': 0.0, 'regressor__regressor__max_leaf_nodes': None, 'regressor__regressor__max_features': 0.5, 'regressor__regressor__max_depth': 6, 'regressor__regressor__loss': 'huber', 'regressor__regressor__learning_rate': 0.03, 'regressor__regressor__criterion': 'squared_error', 'feature_selection__spearman_thr': 0.2, 'feature_selection__rfe_k': 12};0.9265957456535332;0.904220492620094;0.8850891465723107;0.9031727106725703;0.9209760746807507;0.9080108340398517;0.014674292396703576;15;0.9125569312275097;0.9142837177876273;0.9159618557645882;0.9129731294883376;0.9129096926716889;0.9137370653879504;0.0012577266295203406;-1556.8062411785925;-1578.2956638287064;-1608.210579365225;-1589.4403415893862;-1542.2097909113188;-1574.9925233746458;23.36038458457072;14;-1536.5658113271882;-1530.0582631821762;-1539.7040567269446;-1539.8495693344667;-1535.3272997878796;-1536.3010000717309;3.5822651919427413;-0.09575950994674455;-0.09609707027350335;-0.09519765942508707;-0.09731009318686655;-0.09486824680718557;-0.09584651592787742;0.0008473996869963544;14;-0.09297683942365441;-0.09293409827522774;-0.09437407962685367;-0.09320244849301043;-0.09331138573514103;-0.09335977031077745;0.0005260698349736303;-990.3021256476932;-991.6356613494099;-990.8426769387661;-986.9868342946775;-988.7496313219108;-989.7033859104915;1.6540533358074843;18;-974.4154670024973;-967.8276064151241;-973.770754856112;-979.9067271080348;-967.1832168577384;-972.6207544479014;4.694038236002604;-2585.6805388910225;-3010.2503999996;-3405.792207000393;-3063.180839827555;-2673.61596990813;-2947.70399112534;294.37289029911307;15;-2893.348579146069;-2851.4308246170917;-2799.633860578537;-2864.44521798749;-2889.8265221062816;-2859.737000887094;33.87820782657196;2.5184858501757383;-0.6266826163681418;GradientBoosting;True;5274.752969026566;0.2;0.75;10;700.0;6.0;3.0;0.0;;0.5;6.0;huber;0.03;squared_error;;;;;;;;;;;;;;;;;;;;;;;;;;;1536.3010000717309;1574.9925233746458
59;49.26951518058777;0.7248377853705098;8.053291368484498;0.08577431573887868;StandardScaler();;;;;;0.25;5;{'scaler__scaler': StandardScaler(), 'regressor__regressor__validation_fraction': 0.15, 'regressor__regressor__subsample': 0.75, 'regressor__regressor__n_iter_no_change': 10, 'regressor__regressor__n_estimators': 700, 'regressor__regressor__min_samples_split': 4, 'regressor__regressor__min_samples_leaf': 4, 'regressor__regressor__min_impurity_decrease': 0.0, 'regressor__regressor__max_leaf_nodes': 30, 'regressor__regressor__max_features': 0.4, 'regressor__regressor__max_depth': 8, 'regressor__regressor__loss': 'huber', 'regressor__regressor__learning_rate': 0.04, 'regressor__regressor__criterion': 'squared_error', 'feature_selection__spearman_thr': 0.25, 'feature_selection__rfe_k': 5};0.9017205477637504;0.881636967980137;0.8607155370047255;0.8736819075955896;0.9059001255387509;0.8847310171765909;0.017001026729402045;26;0.8824465885245901;0.885806915713842;0.8912289910271741;0.88662793030253;0.8957891889604161;0.8883799229057103;0.004645615429614151;-1772.1887574677162;-1799.6472750923585;-1818.1813872946454;-1807.4924005045254;-1682.4878002838198;-1775.999524128613;49.1717223761755;28;-1778.4124215273118;-1764.7288266592336;-1755.845406141047;-1761.2867965501584;-1697.4444008768996;-1751.5435703509302;28.056879844945477;-0.10768228963316157;-0.10824482874351672;-0.1060088909680794;-0.10842182053944956;-0.10275286422843577;-0.1066221388225286;0.0021139184193653504;28;-0.10613942097809013;-0.10549347893850716;-0.1057367396834722;-0.1050194247352163;-0.10215792443099495;-0.10490939775325614;0.001422765898801572;-1140.2718503738106;-1159.6391917349683;-1132.335367812222;-1113.8542723130613;-1077.9536869943267;-1124.8108738456779;27.656155222374895;29;-1124.3476982088737;-1113.6018741960618;-1114.6243362817095;-1118.2509035322291;-1071.2894236705524;-1108.4228471778854;18.943935712507702;-2991.889948177088;-3346.3731277225866;-3749.634698519952;-3498.6985830418976;-2917.522738248911;-3300.8238191420874;311.4547229989603;26;-3354.7153986291987;-3291.1757823228395;-3185.074457428007;-3269.3910931012683;-3161.1364971900985;-3252.298645734282;70.88357158113055;1.3962515230370798;-0.41073707712626345;GradientBoosting;True;5274.752969026566;0.15;0.75;10;700.0;4.0;4.0;0.0;30;0.4;8.0;huber;0.04;squared_error;;;;;;;;;;;;;;;;;;;;;;;;;;;1751.5435703509302;1775.999524128613
60;70.57713685035705;1.3053116704851078;8.313721799850464;0.1666708625466129;MinMaxScaler();;;;;;0.25;9;{'scaler__scaler': MinMaxScaler(), 'regressor__regressor__validation_fraction': 0.15, 'regressor__regressor__subsample': 0.8, 'regressor__regressor__n_iter_no_change': 10, 'regressor__regressor__n_estimators': 1100, 'regressor__regressor__min_samples_split': 5, 'regressor__regressor__min_samples_leaf': 4, 'regressor__regressor__min_impurity_decrease': 0.0005, 'regressor__regressor__max_leaf_nodes': None, 'regressor__regressor__max_features': 0.5, 'regressor__regressor__max_depth': 9, 'regressor__regressor__loss': 'absolute_error', 'regressor__regressor__learning_rate': 0.02, 'regressor__regressor__criterion': 'squared_error', 'feature_selection__spearman_thr': 0.25, 'feature_selection__rfe_k': 9};0.9107479838552526;0.8890550793786386;0.8669528687277842;0.8768740905344123;0.9022796021277564;0.8891819249247689;0.016014205334567638;23;0.8892428751491551;0.8936857790567739;0.8973201029726051;0.8919603036135402;0.8895855947992943;0.8923589311182738;0.002964248796862104;-1632.6536142342334;-1650.7315826679758;-1672.8765743589245;-1683.2851072439432;-1624.95472006025;-1652.9003197130653;22.44047729459218;22;-1624.7316779471098;-1613.5840404381127;-1608.4828559858129;-1620.5609989249656;-1628.4894064280206;-1619.1697959448045;7.281984165954755;-0.1000225840037939;-0.10015410659261673;-0.09798912613289777;-0.10210967358805197;-0.09923948524630107;-0.09990299511273229;0.0013453570668382924;22;-0.09780526584616052;-0.09711553698270284;-0.0976158079122219;-0.09777222503066645;-0.09813283701329491;-0.09768833455700933;0.0003321596444279196;-1008.725942165489;-1007.3405390111293;-998.659800880876;-997.9825937857131;-1009.033032812421;-1004.3483817311256;4.958733801164367;20;-978.7286374716759;-971.5564699898064;-974.3593915661168;-980.9567990897885;-978.777498217707;-976.875759267019;3.4155994944870485;-2851.171023909238;-3239.8136820547948;-3664.716468202509;-3454.2079195518477;-2973.119331475269;-3236.6056850387313;299.5412502094617;23;-3256.2961839051936;-3175.607782704774;-3094.608563229076;-3191.5783847166517;-3253.866492437005;-3194.3914813985402;59.475777823306544;2.0831986770466315;-0.356023353688364;GradientBoosting;True;5274.752969026566;0.15;0.8;10;1100.0;5.0;4.0;0.0005;;0.5;9.0;absolute_error;0.02;squared_error;;;;;;;;;;;;;;;;;;;;;;;;;;;1619.1697959448045;1652.9003197130653
61;62.3999879360199;4.6158934582008;7.32798490524292;0.12711382433386434;MinMaxScaler();;;;;;0.25;7;{'scaler__scaler': MinMaxScaler(), 'regressor__regressor__validation_fraction': 0.2, 'regressor__regressor__subsample': 0.75, 'regressor__regressor__n_iter_no_change': 10, 'regressor__regressor__n_estimators': 1100, 'regressor__regressor__min_samples_split': 6, 'regressor__regressor__min_samples_leaf': 3, 'regressor__regressor__min_impurity_decrease': 0.0001, 'regressor__regressor__max_leaf_nodes': 30, 'regressor__regressor__max_features': 0.6, 'regressor__regressor__max_depth': 8, 'regressor__regressor__loss': 'absolute_error', 'regressor__regressor__learning_rate': 0.04, 'regressor__regressor__criterion': 'squared_error', 'feature_selection__spearman_thr': 0.25, 'feature_selection__rfe_k': 7};0.9246037219583805;0.9071089814764819;0.8782098829402674;0.90939357731593;0.917032304155883;0.9072696935693884;0.015778380208373265;16;0.9102057213266382;0.9164107511411222;0.9100260059248577;0.9150822510308035;0.9099493841179543;0.9123348227082753;0.002818353415666407;-1565.9351385949035;-1570.322703868203;-1631.4650393653685;-1570.1149553929167;-1551.2016035128895;-1577.8078881468562;27.724197513635538;15;-1535.70152376617;-1507.9972600885462;-1561.95559598493;-1517.9391073864774;-1540.1296092414645;-1532.7446192935179;18.69864963203115;-0.09650498808039562;-0.09578373024977509;-0.0958024885554619;-0.0969318021086257;-0.0954945828627486;-0.09610351837140138;0.0005312095110417838;15;-0.0937190812554604;-0.09200117064865149;-0.09529940308243089;-0.09244274868213175;-0.09388328629463703;-0.09346913799266232;0.0011655268241723032;-976.0006899604905;-981.0968985752588;-995.4835649978068;-966.5743927716312;-977.3583611459098;-979.3027814902194;9.39928794485834;15;-946.2197741210666;-935.6925164557551;-964.9766362469309;-944.2884155139836;-947.1752207000955;-947.6705126075664;9.557853778061409;-2620.530415160654;-2964.5118158196333;-3506.256198041002;-2963.147305104161;-2739.5185281775725;-2958.792852460604;304.06265417893457;16;-2931.989405103424;-2815.829719859299;-2896.820002771943;-2829.5219947006863;-2938.5305135043195;-2882.5383271879346;51.07889993941524;2.940037647896564;-0.5551831425058418;GradientBoosting;True;5274.752969026566;0.2;0.75;10;1100.0;6.0;3.0;0.0001;30;0.6;8.0;absolute_error;0.04;squared_error;;;;;;;;;;;;;;;;;;;;;;;;;;;1532.7446192935179;1577.8078881468562
62;36.95978798866272;0.5349745608810191;6.951965618133545;0.09746274608795587;RobustScaler();;;;;;0.2;9;{'scaler__scaler': RobustScaler(), 'regressor__regressor__validation_fraction': 0.15, 'regressor__regressor__subsample': 0.8, 'regressor__regressor__n_iter_no_change': 10, 'regressor__regressor__n_estimators': 700, 'regressor__regressor__min_samples_split': 5, 'regressor__regressor__min_samples_leaf': 3, 'regressor__regressor__min_impurity_decrease': 0.0005, 'regressor__regressor__max_leaf_nodes': 40, 'regressor__regressor__max_features': 0.5, 'regressor__regressor__max_depth': 9, 'regressor__regressor__loss': 'huber', 'regressor__regressor__learning_rate': 0.05, 'regressor__regressor__criterion': 'squared_error', 'feature_selection__spearman_thr': 0.2, 'feature_selection__rfe_k': 9};0.8517720968658222;0.81896661602869;0.7919642216364778;0.806443879533857;0.8435972725402616;0.8225488173210218;0.02238149331427263;38;0.8233934651845782;0.8224100716419772;0.8224955224011441;0.8264841859626363;0.8227103612795086;0.823498721293969;0.0015321328749277412;-2039.6452271449075;-2106.0395756701655;-2200.1384078346623;-2144.01448111523;-2019.8271072487264;-2101.932959802738;66.41259130056855;33;-2059.2713474881534;-2094.944989045002;-2138.4895256251043;-2095.3668215479483;-2069.8361174865877;-2091.581760238559;27.359869157133904;-0.13143887303432222;-0.13571696982866252;-0.1343511768902331;-0.1361951043460852;-0.13146398891684102;-0.13383322260322883;0.0020367348250978318;34;-0.13091393166698842;-0.13210351249431;-0.13720083703653566;-0.13283389739273788;-0.13246485172891936;-0.13310340606389826;0.0021476923626677492;-1265.4215779726492;-1271.1633851219813;-1322.3934218468676;-1278.4463021239817;-1243.782922396802;-1276.2415218924564;25.811928505937043;32;-1253.8490632102776;-1265.1841675700198;-1316.0020081402781;-1279.161390926327;-1254.5079333123358;-1273.7409126318476;23.039934164323938;-3674.3390936894334;-4138.525714827129;-4582.543945351793;-4330.890508351881;-3761.3339037595747;-4097.526633195963;341.61225415161294;38;-4111.889623520649;-4104.311770556206;-4068.812406656142;-4044.6725592325674;-4123.144340206815;-4090.566140034476;29.27257456258674;0.49489815607295295;-0.11534978116961142;GradientBoosting;True;5274.752969026566;0.15;0.8;10;700.0;5.0;3.0;0.0005;40;0.5;9.0;huber;0.05;squared_error;;;;;;;;;;;;;;;;;;;;;;;;;;;2091.581760238559;2101.932959802738
63;56.745710897445676;2.2288849280937124;7.01439471244812;0.05982958284508908;StandardScaler();;;;;;0.2;9;{'scaler__scaler': StandardScaler(), 'regressor__regressor__validation_fraction': 0.15, 'regressor__regressor__subsample': 0.75, 'regressor__regressor__n_iter_no_change': 15, 'regressor__regressor__n_estimators': 900, 'regressor__regressor__min_samples_split': 6, 'regressor__regressor__min_samples_leaf': 3, 'regressor__regressor__min_impurity_decrease': 0.0, 'regressor__regressor__max_leaf_nodes': 40, 'regressor__regressor__max_features': 0.6, 'regressor__regressor__max_depth': 8, 'regressor__regressor__loss': 'huber', 'regressor__regressor__learning_rate': 0.03, 'regressor__regressor__criterion': 'squared_error', 'feature_selection__spearman_thr': 0.2, 'feature_selection__rfe_k': 9};0.9181972399994424;0.9005169009417853;0.8741355436710849;0.8914380684928775;0.9257386116142623;0.9020052729438905;0.018525949543471594;17;0.9008544000105246;0.9045854373405695;0.9064331169148129;0.9034882311640651;0.9201655523406167;0.9071053475541178;0.00677537698957033;-1601.1059799468849;-1627.0832263004927;-1677.7408137363182;-1638.7414781907091;-1511.089790168316;-1611.1522576685443;55.78964374874384;18;-1599.3357963703663;-1590.8930820289263;-1597.4563782639286;-1590.748790131316;-1497.8776358430014;-1575.2623365275078;38.84494640899219;-0.09752537593600415;-0.09787851256168868;-0.09737710039768749;-0.09876004554942533;-0.09269544385684972;-0.09684729566033105;0.002130745397926708;16;-0.09547656801341896;-0.09493167821308163;-0.09621271892519159;-0.09477290186288037;-0.09107691280736738;-0.094494155964388;0.001781306704223601;-1016.5056892184639;-1008.196180411358;-1017.7668956068192;-985.5404736307582;-978.49578321421;-1001.3010044163218;16.23775790774244;19;-991.1927744603354;-986.4505996714156;-991.8966797180037;-987.166086374782;-946.5360764471043;-980.6484433343281;17.190136731563694;-2729.595097547553;-3067.8984228077366;-3564.422483825128;-3243.4897561046105;-2591.7986524062253;-3039.4408825382507;350.5536856932753;17;-3080.8800235694644;-3008.4202901726185;-2954.0925129844877;-3016.504484009208;-2766.827117448922;-2965.3448856369405;107.10469948165013;2.278345664008689;-0.5622361971494102;GradientBoosting;True;5274.752969026566;0.15;0.75;15;900.0;6.0;3.0;0.0;40;0.6;8.0;huber;0.03;squared_error;;;;;;;;;;;;;;;;;;;;;;;;;;;1575.2623365275078;1611.1522576685443
64;66.39524688720704;0.4921131324153741;6.928812170028687;0.06203003701540623;MinMaxScaler(feature_range=(-1, 1));;;;;;0.25;7;{'scaler__scaler': MinMaxScaler(feature_range=(-1, 1)), 'regressor__regressor__validation_fraction': 0.15, 'regressor__regressor__subsample': 0.8, 'regressor__regressor__n_iter_no_change': None, 'regressor__regressor__n_estimators': 900, 'regressor__regressor__min_samples_split': 4, 'regressor__regressor__min_samples_leaf': 3, 'regressor__regressor__min_impurity_decrease': 0.0005, 'regressor__regressor__max_leaf_nodes': 30, 'regressor__regressor__max_features': 0.4, 'regressor__regressor__max_depth': 8, 'regressor__regressor__loss': 'huber', 'regressor__regressor__learning_rate': 0.04, 'regressor__regressor__criterion': 'squared_error', 'feature_selection__spearman_thr': 0.25, 'feature_selection__rfe_k': 7};0.8494622360375712;0.8248212595585394;0.798212108800511;0.8101176209053507;0.8475875635580584;0.8260401577720062;0.02021038173351401;34;0.8200758228275988;0.8277610931360598;0.8296428862744406;0.829530468656308;0.8282764395488729;0.827057342088656;0.003564392489696162;-2113.175466926926;-2136.4713916978153;-2186.8614889510936;-2168.0803640916015;-2066.0248182168825;-2134.1227059768635;42.464402127057824;38;-2136.5333470721484;-2126.0344591407516;-2125.3154982510196;-2123.316957710593;-2117.570765766575;-2125.7542055882177;6.154181697731251;-0.136385068595726;-0.13904195125938718;-0.13365773912376774;-0.13861639356622005;-0.1350069417243005;-0.1365416188538803;0.0020616913647842554;36;-0.1361531746384585;-0.13549618463935423;-0.13671166462293352;-0.13538252134193487;-0.13584297536288736;-0.1359173041211137;0.00048072913598553663;-1342.0593320497283;-1350.3506273958392;-1338.9563428899728;-1323.1423024314663;-1318.2459595585242;-1334.550912865106;12.011852862610565;38;-1333.2918102947442;-1319.0709738851083;-1338.3958659588843;-1335.308901213899;-1322.2038674578362;-1329.6542837620943;7.604429080007083;-3702.857349989166;-4071.055498833333;-4513.206170288984;-4289.592942315092;-3713.0425860834625;-4057.9509095020076;318.16357480781187;34;-4150.331878986681;-4042.0046365151534;-3986.053720508573;-4009.0107534804984;-4057.9043247831933;-4049.06106285482;56.49376444307842;0.39367206079830486;-0.12298836669304722;GradientBoosting;True;5274.752969026566;0.15;0.8;;900.0;4.0;3.0;0.0005;30;0.4;8.0;huber;0.04;squared_error;;;;;;;;;;;;;;;;;;;;;;;;;;;2125.7542055882177;2134.1227059768635
65;46.34810967445374;1.242092723384402;7.081737327575683;0.21763622418665585;MinMaxScaler(feature_range=(-1, 1));;;;;;0.3;9;{'scaler__scaler': MinMaxScaler(feature_range=(-1, 1)), 'regressor__regressor__validation_fraction': 0.15, 'regressor__regressor__subsample': 0.8, 'regressor__regressor__n_iter_no_change': 10, 'regressor__regressor__n_estimators': 700, 'regressor__regressor__min_samples_split': 5, 'regressor__regressor__min_samples_leaf': 4, 'regressor__regressor__min_impurity_decrease': 0.0005, 'regressor__regressor__max_leaf_nodes': 30, 'regressor__regressor__max_features': 0.4, 'regressor__regressor__max_depth': 6, 'regressor__regressor__loss': 'absolute_error', 'regressor__regressor__learning_rate': 0.03, 'regressor__regressor__criterion': 'squared_error', 'feature_selection__spearman_thr': 0.3, 'feature_selection__rfe_k': 9};0.906563247426636;0.882630772901239;0.8539036267556745;0.874242400320161;0.897844096039276;0.8830368286885972;0.01843365320020136;27;0.884216872578499;0.8865960013221219;0.8846618905364328;0.8885541818122623;0.8842732018525263;0.8856604296203685;0.0016884569448086255;-1683.235175053174;-1714.2864547867575;-1826.9101346539894;-1723.7217411057102;-1673.892926637176;-1724.4092864473612;54.50977596739323;26;-1683.658326949415;-1689.4289180077576;-1761.4596787196272;-1675.3117425482587;-1694.840807420044;-1700.9398947290204;30.9444679206835;-0.1024449882097625;-0.1034131284170979;-0.10697984704216465;-0.10342818938459884;-0.10183214721962112;-0.103619660054649;0.001785789965501371;26;-0.10060014297677611;-0.10122268778282147;-0.10697186218752971;-0.10025428598857054;-0.10177100624998676;-0.10216399703713692;0.0024596222468716545;-1057.2038824438823;-1064.3280829519135;-1118.649301226189;-1013.8614011790751;-1043.287634199105;-1059.466060400033;34.27226028170784;26;-1023.0154131773033;-1026.5879842110826;-1096.5427795687274;-1023.1209755398322;-1030.586212674405;-1039.97067303427;28.421684807911955;-2917.2464433100317;-3332.295031666328;-3840.230918046116;-3490.927822684773;-3039.8451630988716;-3324.109075761224;328.82227236304965;27;-3329.359572085278;-3279.784893617293;-3279.815583190641;-3241.4977617753943;-3331.2239467659842;-3292.3363514869184;34.00539624030855;1.3797895969792502;-0.29623102083220104;GradientBoosting;True;5274.752969026566;0.15;0.8;10;700.0;5.0;4.0;0.0005;30;0.4;6.0;absolute_error;0.03;squared_error;;;;;;;;;;;;;;;;;;;;;;;;;;;1700.9398947290204;1724.4092864473612
66;40.92894287109375;0.2990037082044423;6.958916187286377;0.061975789055229685;MinMaxScaler(feature_range=(-1, 1));;;;;;0.3;7;{'scaler__scaler': MinMaxScaler(feature_range=(-1, 1)), 'regressor__regressor__validation_fraction': 0.2, 'regressor__regressor__subsample': 0.8, 'regressor__regressor__n_iter_no_change': 10, 'regressor__regressor__n_estimators': 1100, 'regressor__regressor__min_samples_split': 4, 'regressor__regressor__min_samples_leaf': 3, 'regressor__regressor__min_impurity_decrease': 0.0005, 'regressor__regressor__max_leaf_nodes': None, 'regressor__regressor__max_features': 0.4, 'regressor__regressor__max_depth': 8, 'regressor__regressor__loss': 'huber', 'regressor__regressor__learning_rate': 0.02, 'regressor__regressor__criterion': 'squared_error', 'feature_selection__spearman_thr': 0.3, 'feature_selection__rfe_k': 7};0.8420892183248606;0.81500996876995;0.7891873783993236;0.8052610580811368;0.8353487415993055;0.8173792730349152;0.019394488166636234;40;0.8129857809780233;0.8170584567012211;0.8204660255452656;0.8252756739531288;0.8146636498443651;0.8180899174044007;0.0043848926169041385;-2148.2659243749413;-2179.0439473742363;-2225.6594802768022;-2193.0716229975296;-2121.53294432745;-2173.5147838701914;35.977013542268516;40;-2168.2492050472765;-2170.8627542758863;-2162.1470668896995;-2145.9756315772456;-2176.240452138934;-2164.6950219858086;10.400747556759342;-0.13757474625328425;-0.141071281267067;-0.13590843355707127;-0.14092445069534684;-0.13802658312619218;-0.13870109897979233;0.0020041795922771835;40;-0.1372601959053352;-0.13747763978231345;-0.13898719351873162;-0.13757610458778707;-0.13895699283751287;-0.13805162532633602;0.0007585404509819698;-1355.9837255131533;-1360.7871091587294;-1345.2723999792797;-1340.8908779198564;-1342.278851256142;-1349.0425927654321;7.906022981331986;39;-1339.652523894475;-1337.8304407637079;-1347.2995201371477;-1340.8818855440695;-1346.9758544436845;-1342.528044956617;3.8883397993294397;-3792.4524362782786;-4183.506866300295;-4613.026260106556;-4344.103389073048;-3859.2441509453306;-4158.466620540702;305.02883767051003;40;-4231.315194998715;-4165.693823350702;-4092.0066737686557;-4058.7333922157577;-4215.675405734003;-4152.684898013567;67.56995211552186;0.40743669638469115;-0.08686629114562817;GradientBoosting;True;5274.752969026566;0.2;0.8;10;1100.0;4.0;3.0;0.0005;;0.4;8.0;huber;0.02;squared_error;;;;;;;;;;;;;;;;;;;;;;;;;;;2164.6950219858086;2173.5147838701914
67;51.87288427352905;0.8904961422810505;7.197693300247193;0.06613227886738536;RobustScaler();;;;;;0.3;10;{'scaler__scaler': RobustScaler(), 'regressor__regressor__validation_fraction': 0.15, 'regressor__regressor__subsample': 0.8, 'regressor__regressor__n_iter_no_change': 15, 'regressor__regressor__n_estimators': 900, 'regressor__regressor__min_samples_split': 6, 'regressor__regressor__min_samples_leaf': 3, 'regressor__regressor__min_impurity_decrease': 0.0, 'regressor__regressor__max_leaf_nodes': 30, 'regressor__regressor__max_features': 0.5, 'regressor__regressor__max_depth': 9, 'regressor__regressor__loss': 'huber', 'regressor__regressor__learning_rate': 0.04, 'regressor__regressor__criterion': 'squared_error', 'feature_selection__spearman_thr': 0.3, 'feature_selection__rfe_k': 10};0.9300930768708728;0.8947295441765496;0.869473981969312;0.8824046236145944;0.9217695374415816;0.8996941528145822;0.023014130767915027;18;0.9175740020955934;0.8968582620050665;0.9015581521664997;0.8955831332376996;0.913523364708552;0.9050193828426822;0.008916983681582665;-1540.3341309913676;-1671.3390601769286;-1744.6533386667372;-1691.7893672365162;-1549.4842827032742;-1639.5200359549647;80.92196888508178;21;-1527.7660175091582;-1641.420796921478;-1675.6305859008132;-1638.787619439513;-1548.4575124983674;-1606.4125064538662;57.63492415599058;-0.09491916792117196;-0.10004322861607184;-0.10103669319391122;-0.10105417642487623;-0.09467998114513279;-0.09834664946023282;0.0029201885082632086;21;-0.092703089336663;-0.09732320913481433;-0.10065807188092275;-0.09699622939965998;-0.09386175845589148;-0.09630847164159032;0.0028073799932925316;-994.5800486556545;-1016.4134377069768;-1079.4636286306813;-1007.011969459325;-986.9302151787892;-1016.8798599262852;32.88946250824693;23;-969.3296479551245;-1001.2346210986416;-1041.4773436584928;-1004.6346674154902;-972.5119592782376;-997.8376478811973;26.139083809971414;-2523.331706781842;-3155.8734153966075;-3629.8290073598937;-3375.7390927124684;-2660.1594959704385;-3068.98654364425;419.77838911750075;18;-2809.1192151056225;-3127.867875489896;-3030.0715887772108;-3137.6114860381876;-2879.627104606966;-2996.8594540035765;131.95999997343225;2.0609606416836805;-0.5884106052373588;GradientBoosting;True;5274.752969026566;0.15;0.8;15;900.0;6.0;3.0;0.0;30;0.5;9.0;huber;0.04;squared_error;;;;;;;;;;;;;;;;;;;;;;;;;;;1606.4125064538662;1639.5200359549647
68;79.18051629066467;4.6610607973732305;7.141632604598999;0.047522290318959826;RobustScaler();;;;;;0.25;14;{'scaler__scaler': RobustScaler(), 'regressor__regressor__validation_fraction': 0.15, 'regressor__regressor__subsample': 0.8, 'regressor__regressor__n_iter_no_change': 10, 'regressor__regressor__n_estimators': 900, 'regressor__regressor__min_samples_split': 4, 'regressor__regressor__min_samples_leaf': 4, 'regressor__regressor__min_impurity_decrease': 0.0, 'regressor__regressor__max_leaf_nodes': 40, 'regressor__regressor__max_features': 0.5, 'regressor__regressor__max_depth': 7, 'regressor__regressor__loss': 'absolute_error', 'regressor__regressor__learning_rate': 0.05, 'regressor__regressor__criterion': 'squared_error', 'feature_selection__spearman_thr': 0.25, 'feature_selection__rfe_k': 14};0.9371854144084324;0.9220929616693376;0.9034636583499982;0.9316011876558713;0.9337581175421285;0.9256202679251537;0.012158172952229858;2;0.9281693302730196;0.9331912159820317;0.9342610331020438;0.9359164163531477;0.9295652003768623;0.932220639217421;0.0029061470952552577;-1433.3092437950727;-1427.4392408552364;-1460.6736939071804;-1402.9411544974375;-1401.948355959726;-1425.2623378029307;21.749633181413408;2;-1387.8435176259125;-1335.2985487799906;-1353.7844499848259;-1321.2329724332765;-1357.5994520930046;-1351.151788183402;22.54438743016138;-0.0888885460650465;-0.08709813687795452;-0.08664545520421098;-0.0878441282978678;-0.08641632207935922;-0.0873785177048878;0.0008987539521554743;2;-0.08519676997590364;-0.08190334296471694;-0.08341810142976654;-0.08124495037449872;-0.08328491952931348;-0.08300961685483987;0.0013685159620780236;-903.4075625537953;-879.9129941964384;-877.9448486686015;-867.9398829160905;-875.7363663976107;-880.9883309465073;11.923809852463695;2;-856.1614960042871;-820.1696919508358;-830.5958855237468;-812.6947673078048;-829.3176217616638;-829.7878925096677;14.704595742386815;-2391.908160512036;-2714.905208176255;-3121.641607811976;-2574.5304351524064;-2447.8570953352023;-2650.1685013975753;260.7018055323559;2;-2622.364284943085;-2517.375265537354;-2476.1357365424196;-2458.030303038019;-2598.8457457721497;-2534.550267166605;65.43355907546632;5.484990677410782;-0.7080267282870055;GradientBoosting;True;5274.752969026566;0.15;0.8;10;900.0;4.0;4.0;0.0;40;0.5;7.0;absolute_error;0.05;squared_error;;;;;;;;;;;;;;;;;;;;;;;;;;;1351.151788183402;1425.2623378029307
69;78.02851538658142;1.764262233492807;6.8812767505645756;0.13426477013989596;MinMaxScaler();;;;;;0.25;10;{'scaler__scaler': MinMaxScaler(), 'regressor__regressor__validation_fraction': 0.2, 'regressor__regressor__subsample': 0.8, 'regressor__regressor__n_iter_no_change': None, 'regressor__regressor__n_estimators': 1100, 'regressor__regressor__min_samples_split': 4, 'regressor__regressor__min_samples_leaf': 4, 'regressor__regressor__min_impurity_decrease': 0.0005, 'regressor__regressor__max_leaf_nodes': 30, 'regressor__regressor__max_features': 0.4, 'regressor__regressor__max_depth': 8, 'regressor__regressor__loss': 'huber', 'regressor__regressor__learning_rate': 0.05, 'regressor__regressor__criterion': 'squared_error', 'feature_selection__spearman_thr': 0.25, 'feature_selection__rfe_k': 10};0.8500508133184961;0.8261218218787231;0.8032189797603035;0.8110980147548508;0.84837333028621;0.8277725919997166;0.01899661025218937;32;0.8216322772789358;0.8294250072421179;0.8349287258052467;0.8303049260661977;0.8287357693427528;0.8290053411470503;0.004275190432328085;-2092.58310480574;-2115.7349905984765;-2146.8572396133136;-2141.2976408974373;-2049.6800046419658;-2109.2305961113866;35.52401644325939;35;-2112.3118656096717;-2104.4117072351587;-2085.843435987908;-2101.898084252808;-2093.6660044362416;-2099.6262195043573;9.104692905152653;-0.13549478576546037;-0.13943172960486336;-0.13249644977368494;-0.13793659334692235;-0.13440142395925012;-0.13595219649003623;0.0024739153972425415;35;-0.13524362963588052;-0.13546334934091397;-0.1354504675499562;-0.13515638524749915;-0.13499184529510289;-0.13526113541387055;0.00017918334059217523;-1318.1596145636604;-1338.5822136291026;-1320.6396333424273;-1314.7701230864513;-1325.4472619572762;-1323.5197693157836;8.296688591300061;35;-1312.0378115382882;-1320.4294298000204;-1319.3291964084838;-1320.3899370982372;-1316.429289652422;-1317.7231328994903;3.1941270128571295;-3695.611486502847;-4055.9151764974226;-4456.862403184443;-4278.50467539399;-3703.4588685690405;-4038.070522029548;304.22255115749135;32;-4132.341429628927;-4022.433360109232;-3923.7268153949753;-3999.8937504478827;-4052.473606853116;-4026.173792486826;68.06359081217535;0.45743268577092316;-0.14870219601093687;GradientBoosting;True;5274.752969026566;0.2;0.8;;1100.0;4.0;4.0;0.0005;30;0.4;8.0;huber;0.05;squared_error;;;;;;;;;;;;;;;;;;;;;;;;;;;2099.6262195043573;2109.2305961113866
70;83.69031710624695;0.7815987419930496;7.068976831436157;0.11151315173788286;MinMaxScaler();;;;;;0.3;13;{'scaler__scaler': MinMaxScaler(), 'regressor__regressor__validation_fraction': 0.2, 'regressor__regressor__subsample': 0.8, 'regressor__regressor__n_iter_no_change': None, 'regressor__regressor__n_estimators': 900, 'regressor__regressor__min_samples_split': 6, 'regressor__regressor__min_samples_leaf': 3, 'regressor__regressor__min_impurity_decrease': 0.0001, 'regressor__regressor__max_leaf_nodes': 40, 'regressor__regressor__max_features': 0.5, 'regressor__regressor__max_depth': 9, 'regressor__regressor__loss': 'absolute_error', 'regressor__regressor__learning_rate': 0.05, 'regressor__regressor__criterion': 'squared_error', 'feature_selection__spearman_thr': 0.3, 'feature_selection__rfe_k': 13};0.9358298551764679;0.9162058030004674;0.8956978082515662;0.91673909652823;0.9285589997650037;0.918606312544347;0.013636384523517701;4;0.9236108886211606;0.9262476980783205;0.9251362049134743;0.9228080534106389;0.920784282532733;0.9237174255112656;0.0018898068533365353;-1436.4621723833113;-1462.3897406239328;-1504.7322242142732;-1463.3346666676464;-1419.53340494565;-1457.2904417669627;28.888298185613436;4;-1395.711302359499;-1389.0002415168021;-1424.194491196542;-1397.0138964713046;-1400.8601554017446;-1401.3560173891783;12.043452862035332;-0.08844148900063625;-0.0887873319944923;-0.08889891438415326;-0.09004922363590594;-0.08716533703042949;-0.08866845920912345;0.0009257043252237449;4;-0.08477789212600667;-0.08463211205111294;-0.08715157483841307;-0.08475062145343251;-0.08487167839897666;-0.08523677577358837;0.0009604467704046736;-905.1902582074636;-893.6036045720921;-903.7885032331615;-884.9799050044194;-870.930874596891;-891.6986291228055;12.71423552284804;4;-846.9073728403118;-845.1265627088419;-871.2287067267935;-855.710541028614;-850.215756936419;-853.837788048196;9.41261353134837;-2417.579479792172;-2815.615160715638;-3244.7731501436133;-2840.4968331467976;-2542.105034151987;-2772.113931590042;285.85803660443656;4;-2704.2933025507505;-2644.9591380948723;-2642.4022487877273;-2697.738401453994;-2756.0845786388877;-2689.095533905246;42.24094638094462;3.991449973005004;-0.5533199683972226;GradientBoosting;True;5274.752969026566;0.2;0.8;;900.0;6.0;3.0;0.0001;40;0.5;9.0;absolute_error;0.05;squared_error;;;;;;;;;;;;;;;;;;;;;;;;;;;1401.3560173891783;1457.2904417669627
71;67.14527688026428;3.0793532717478693;7.1030395984649655;0.1586903152034723;MinMaxScaler(feature_range=(-1, 1));;;;;;0.25;12;{'scaler__scaler': MinMaxScaler(feature_range=(-1, 1)), 'regressor__regressor__validation_fraction': 0.2, 'regressor__regressor__subsample': 0.8, 'regressor__regressor__n_iter_no_change': 15, 'regressor__regressor__n_estimators': 700, 'regressor__regressor__min_samples_split': 4, 'regressor__regressor__min_samples_leaf': 3, 'regressor__regressor__min_impurity_decrease': 0.0001, 'regressor__regressor__max_leaf_nodes': 30, 'regressor__regressor__max_features': 0.6, 'regressor__regressor__max_depth': 8, 'regressor__regressor__loss': 'absolute_error', 'regressor__regressor__learning_rate': 0.04, 'regressor__regressor__criterion': 'squared_error', 'feature_selection__spearman_thr': 0.25, 'feature_selection__rfe_k': 12};0.9316300364814641;0.9123946018362705;0.8877297816922012;0.9088670632545142;0.9232220708139658;0.9127687108156831;0.014881754762091404;8;0.9166454113127223;0.9204714299817518;0.9164232087709837;0.9163077814533813;0.9152233747847827;0.9170142412607243;0.0017968748972209837;-1482.5942428900441;-1494.0230872948637;-1565.938552631403;-1498.9731843324373;-1476.0263247537223;-1503.511078380494;32.25129357851919;7;-1453.4991348034048;-1435.7641991200887;-1493.9542147387074;-1439.6344225545836;-1466.0713902149407;-1457.784672286345;21.02191299834607;-0.09133865619881183;-0.09100546549422969;-0.09202109482082967;-0.0914686881235019;-0.09020290891369429;-0.09120736271021349;0.0005995629766405506;7;-0.08818364711094265;-0.08747296963081087;-0.09102790154898484;-0.08689101186035578;-0.0884948203697507;-0.08841407010416896;0.0014210634537633615;-930.3242585585122;-922.3347046093622;-949.3631327853655;-907.0422520871789;-920.3517980787574;-925.8832292238352;13.922641916866821;7;-883.940909070825;-882.844020413313;-917.0320965350497;-881.0965755180605;-893.0227481884867;-891.5872699451469;13.375094127041526;-2495.4388100480683;-2878.934321173144;-3366.432461435406;-2971.7442607358953;-2635.347710885377;-2869.579512855578;300.7436793058437;8;-2824.898317760699;-2746.583229110282;-2791.938562940279;-2809.0300024923063;-2851.181885453375;-2804.726399551388;35.00770340094256;3.136705095302789;-0.46297322920572664;GradientBoosting;True;5274.752969026566;0.2;0.8;15;700.0;4.0;3.0;0.0001;30;0.6;8.0;absolute_error;0.04;squared_error;;;;;;;;;;;;;;;;;;;;;;;;;;;1457.784672286345;1503.511078380494
72;61.435966396331786;0.2713564899807276;6.958171463012695;0.26704155568950017;MinMaxScaler();;;;;;0.2;7;{'scaler__scaler': MinMaxScaler(), 'regressor__regressor__validation_fraction': 0.2, 'regressor__regressor__subsample': 0.8, 'regressor__regressor__n_iter_no_change': None, 'regressor__regressor__n_estimators': 700, 'regressor__regressor__min_samples_split': 6, 'regressor__regressor__min_samples_leaf': 4, 'regressor__regressor__min_impurity_decrease': 0.0005, 'regressor__regressor__max_leaf_nodes': 40, 'regressor__regressor__max_features': 0.5, 'regressor__regressor__max_depth': 6, 'regressor__regressor__loss': 'huber', 'regressor__regressor__learning_rate': 0.05, 'regressor__regressor__criterion': 'squared_error', 'feature_selection__spearman_thr': 0.2, 'feature_selection__rfe_k': 7};0.850054564793431;0.8250174857758008;0.7988819699774312;0.8123400462263403;0.8452031284178521;0.826299439038171;0.019338464951232297;33;0.8219059659879027;0.8284465802340497;0.8287776699821814;0.8325087048114931;0.8256635892769426;0.8274605020585138;0.003529118843192695;-2097.324740475035;-2119.4789057415583;-2181.730817485036;-2148.39159278968;-2066.7886634297597;-2122.7429439842135;39.81216631469643;36;-2113.7864400416315;-2107.373995512352;-2121.620803829825;-2099.1036277334597;-2105.9929754017035;-2109.575568503794;7.6179075032034875;-0.13652313292252893;-0.13941535246127262;-0.133373989523584;-0.1387071220002768;-0.13498021626507337;-0.13659996263454716;0.002254015265597861;37;-0.13581622258546153;-0.13552933970218375;-0.13656253176624494;-0.13537442000025726;-0.1352333448103836;-0.13570317177290622;0.0004712351378908986;-1328.8759769390053;-1344.0580420795159;-1337.8075858205593;-1316.8898372035346;-1312.8238815380464;-1328.0910647161322;11.903996099423074;36;-1319.4180453711087;-1321.6572794105296;-1331.569773248565;-1322.4459965811984;-1310.9538529492784;-1321.208989512136;6.594729665332832;-3695.565257240514;-4068.7747664475783;-4505.708855295304;-4264.415884211841;-3741.97444432998;-4055.2878415050427;308.01335929922203;33;-4129.169865427466;-4033.953307198348;-3996.1631625430928;-3973.836166597491;-4088.6591878544755;-4044.356337924174;57.549937836695136;0.6241717849320064;-0.14031642808984449;GradientBoosting;True;5274.752969026566;0.2;0.8;;700.0;6.0;4.0;0.0005;40;0.5;6.0;huber;0.05;squared_error;;;;;;;;;;;;;;;;;;;;;;;;;;;2109.575568503794;2122.7429439842135
73;98.14667024612427;7.513520617893153;7.773827743530274;0.5241672545701286;MinMaxScaler(feature_range=(-1, 1));;;;;;0.25;13;{'scaler__scaler': MinMaxScaler(feature_range=(-1, 1)), 'regressor__regressor__validation_fraction': 0.15, 'regressor__regressor__subsample': 0.75, 'regressor__regressor__n_iter_no_change': None, 'regressor__regressor__n_estimators': 900, 'regressor__regressor__min_samples_split': 4, 'regressor__regressor__min_samples_leaf': 3, 'regressor__regressor__min_impurity_decrease': 0.0005, 'regressor__regressor__max_leaf_nodes': 40, 'regressor__regressor__max_features': 0.6, 'regressor__regressor__max_depth': 8, 'regressor__regressor__loss': 'absolute_error', 'regressor__regressor__learning_rate': 0.02, 'regressor__regressor__criterion': 'squared_error', 'feature_selection__spearman_thr': 0.25, 'feature_selection__rfe_k': 13};0.9166533570236786;0.8949191341119747;0.8717662872713512;0.8880672777526823;0.9078860074609924;0.8958584127241359;0.01561478325730156;19;0.8959203142730108;0.900186076494207;0.901645964286541;0.8993561506491863;0.8961079483620257;0.8986432908129942;0.0022692275061763087;-1589.0784346303099;-1601.7684811341235;-1642.9242506725896;-1626.8588080281104;-1581.1049889288674;-1608.3469926788002;23.216179658242066;17;-1579.7175694634277;-1570.8544314330848;-1574.8878553946129;-1575.6924752554264;-1585.1816370243434;-1577.266793714179;4.85607377537512;-0.09722151793314263;-0.09703874289162769;-0.09582415789022587;-0.09829094402397094;-0.09611503839540776;-0.09689808022687497;0.0008753206483721268;17;-0.0949069318602126;-0.09448004271970391;-0.09519514564617831;-0.09457537058727072;-0.09524367508955625;-0.09488023318058436;0.0003114695193623643;-983.5923782756327;-973.359727156032;-967.6851358509139;-967.8931040753323;-971.4938646389292;-972.804841999368;5.8092006088501495;13;-950.4757109556576;-946.0479065034133;-951.6581012407687;-954.1128857247531;-952.8353417450526;-951.0259892339291;2.7671778366833806;-2755.23284539964;-3153.030303022132;-3597.814192207552;-3293.4591636745145;-2886.57290475197;-3137.2218818111623;298.5115758093608;19;-3156.610884383144;-3076.9946470606988;-3028.7198446818743;-3080.402428274756;-3156.298161842652;-3099.8051932486246;49.735816335343785;1.970509940898018;-0.30989805602830983;GradientBoosting;True;5274.752969026566;0.15;0.75;;900.0;4.0;3.0;0.0005;40;0.6;8.0;absolute_error;0.02;squared_error;;;;;;;;;;;;;;;;;;;;;;;;;;;1577.266793714179;1608.3469926788002
74;50.1981228351593;0.7003121818474899;8.235378408432007;0.05179053845460514;StandardScaler();;;;;;0.2;6;{'scaler__scaler': StandardScaler(), 'regressor__regressor__validation_fraction': 0.2, 'regressor__regressor__subsample': 0.75, 'regressor__regressor__n_iter_no_change': 10, 'regressor__regressor__n_estimators': 1100, 'regressor__regressor__min_samples_split': 4, 'regressor__regressor__min_samples_leaf': 4, 'regressor__regressor__min_impurity_decrease': 0.0005, 'regressor__regressor__max_leaf_nodes': None, 'regressor__regressor__max_features': 0.4, 'regressor__regressor__max_depth': 6, 'regressor__regressor__loss': 'absolute_error', 'regressor__regressor__learning_rate': 0.03, 'regressor__regressor__criterion': 'squared_error', 'feature_selection__spearman_thr': 0.2, 'feature_selection__rfe_k': 6};0.8905194597105646;0.8684637175718691;0.8451780710853332;0.8576663623881879;0.8935428018998165;0.8710740825311543;0.01865556440943074;29;0.8653305567287012;0.8727711710985897;0.8756962795181392;0.8733806378428508;0.8793604595422782;0.8733078209461118;0.004610188891569842;-1823.488534710744;-1857.5114936352359;-1886.0831230118886;-1879.0149973759899;-1734.7716880057137;-1836.1739673479144;55.18135583329806;30;-1843.5771504518725;-1830.1266806826457;-1820.9788127035638;-1827.606724568741;-1758.6268987952983;-1816.1832534404243;29.702093522289754;-0.1104554719391854;-0.11173029315460405;-0.10971967461444175;-0.11235654882857221;-0.10622129624426171;-0.11009665695621303;0.0021477971519301893;29;-0.1095458529037729;-0.10931400251554865;-0.10994671001508545;-0.109115072020598;-0.10607369740143646;-0.1087990669712883;0.001390498535284321;-1133.2341807110988;-1168.2234502954998;-1150.2252049559447;-1133.5896369499715;-1087.1909768356018;-1134.4926899496234;26.92629805851488;30;-1139.0438175760141;-1132.7974076163555;-1133.2488625668993;-1138.3275875756626;-1082.7435343556099;-1125.2322419381082;21.396429183604226;-3157.7861604721425;-3527.679366922004;-3953.2461745916335;-3713.8770682816153;-3103.1819698419727;-3491.154148021874;324.3841112041993;29;-3590.646046292542;-3473.9530276275577;-3404.9055902399878;-3455.1260687407353;-3401.1963014904823;-3465.1654068782614;68.77018743886178;1.1006991651102038;-0.25577904621735753;GradientBoosting;True;5274.752969026566;0.2;0.75;10;1100.0;4.0;4.0;0.0005;;0.4;6.0;absolute_error;0.03;squared_error;;;;;;;;;;;;;;;;;;;;;;;;;;;1816.1832534404243;1836.1739673479144
75;79.22705178260803;1.1613123945443635;8.109700202941895;0.19323326996977944;MinMaxScaler(feature_range=(-1, 1));;;;;;0.2;6;{'scaler__scaler': MinMaxScaler(feature_range=(-1, 1)), 'regressor__regressor__validation_fraction': 0.2, 'regressor__regressor__subsample': 0.75, 'regressor__regressor__n_iter_no_change': None, 'regressor__regressor__n_estimators': 900, 'regressor__regressor__min_samples_split': 5, 'regressor__regressor__min_samples_leaf': 3, 'regressor__regressor__min_impurity_decrease': 0.0001, 'regressor__regressor__max_leaf_nodes': 30, 'regressor__regressor__max_features': 0.4, 'regressor__regressor__max_depth': 8, 'regressor__regressor__loss': 'absolute_error', 'regressor__regressor__learning_rate': 0.04, 'regressor__regressor__criterion': 'squared_error', 'feature_selection__spearman_thr': 0.2, 'feature_selection__rfe_k': 6};0.907696734644461;0.8875047605484406;0.8601678594873114;0.8826348271596186;0.9154317530237357;0.8906871869727133;0.019534666353524053;22;0.889779064967834;0.8919243091620332;0.8914474252605593;0.8947128933833259;0.9079726408107333;0.8951672667168971;0.006596525950239191;-1689.720332599309;-1714.248507589813;-1778.8841697404841;-1722.7867544091978;-1569.5623137556177;-1695.0404156188845;69.19774931192097;24;-1680.911641183076;-1670.8333520569502;-1705.3255109634053;-1667.8301302822053;-1559.2768827504217;-1656.835503447212;50.5281056331996;-0.10262420758768523;-0.10304582027457462;-0.10250607146000787;-0.10351287668628868;-0.09617557085559203;-0.1015729093728297;0.0027217722971964713;23;-0.10038982085942086;-0.0998633750646329;-0.10200081523482318;-0.09960997585087143;-0.09420820641316831;-0.09921443868458334;0.0026376257189857934;-1062.3112184842648;-1069.584379426864;-1075.780023834122;-1045.477939983347;-985.403450582935;-1047.7114024623065;32.7618634296904;25;-1041.1663541198504;-1028.709810402584;-1040.179250842515;-1031.178768218233;-956.6287741565284;-1019.5725915479422;31.846636376226066;-2899.4978000494393;-3262.37135751028;-3756.9993959807184;-3372.4333173617774;-2765.8166807352754;-3211.423710327498;352.7140437837925;22;-3248.404541996773;-3201.8072762576467;-3181.8747126316516;-3150.659229635677;-2970.607963130972;-3150.6707447305444;95.46007861660763;2.3058965173177035;-0.5004740354967199;GradientBoosting;True;5274.752969026566;0.2;0.75;;900.0;5.0;3.0;0.0001;30;0.4;8.0;absolute_error;0.04;squared_error;;;;;;;;;;;;;;;;;;;;;;;;;;;1656.835503447212;1695.0404156188845
76;63.00153193473816;3.752523524408761;7.157123613357544;0.17258677319067173;StandardScaler();;;;;;0.3;14;{'scaler__scaler': StandardScaler(), 'regressor__regressor__validation_fraction': 0.15, 'regressor__regressor__subsample': 0.8, 'regressor__regressor__n_iter_no_change': 15, 'regressor__regressor__n_estimators': 1100, 'regressor__regressor__min_samples_split': 6, 'regressor__regressor__min_samples_leaf': 3, 'regressor__regressor__min_impurity_decrease': 0.0001, 'regressor__regressor__max_leaf_nodes': 40, 'regressor__regressor__max_features': 0.6, 'regressor__regressor__max_depth': 8, 'regressor__regressor__loss': 'absolute_error', 'regressor__regressor__learning_rate': 0.05, 'regressor__regressor__criterion': 'squared_error', 'feature_selection__spearman_thr': 0.3, 'feature_selection__rfe_k': 14};0.931727465987322;0.9080070851563553;0.8913074339697052;0.9086803913090642;0.9246444166893646;0.9128733586223623;0.014144863880621828;7;0.9184117763384424;0.9192096008283858;0.9204227279666424;0.9161346902053978;0.917890996005016;0.9184139582687768;0.0014238511141689734;-1480.0388606673014;-1520.1742476771765;-1536.9311250095661;-1514.0764060159024;-1455.5976680389172;-1501.3636614817726;29.427095588909378;6;-1441.169288512026;-1456.9280327185288;-1456.685239612609;-1450.1133466554447;-1440.2388548051376;-1449.0269524607493;7.228142594361464;-0.0913183518603534;-0.0922075871199694;-0.09067408737984231;-0.092846314835256;-0.08897525073682576;-0.09120431838644939;0.0013390736820421175;6;-0.08774247397592556;-0.08852150780741759;-0.08896307199626335;-0.08772002805945307;-0.08696368150484421;-0.08798215266878076;0.000695204342765075;-932.3054734134239;-918.3644710684384;-923.4246006512767;-907.5995323639304;-901.2892114456217;-916.5966577885381;11.061455919664981;6;-880.4920268398073;-894.007222242316;-890.717528807605;-882.096168513699;-875.8268787552879;-884.6279650317431;6.723516204848087;-2493.6601338845485;-2950.146026393192;-3312.3600897754663;-2974.7862865782486;-2610.823093167119;-2868.3551259597148;290.47438311763375;7;-2794.8068722077232;-2768.28662255977;-2724.316334117888;-2811.9333032949216;-2805.96502249991;-2781.0616309360425;32.07927765155664;3.611852004004807;-0.6032791201103499;GradientBoosting;True;5274.752969026566;0.15;0.8;15;1100.0;6.0;3.0;0.0001;40;0.6;8.0;absolute_error;0.05;squared_error;;;;;;;;;;;;;;;;;;;;;;;;;;;1449.0269524607493;1501.3636614817726
77;51.03079991340637;1.9023647669224482;7.0493354320526125;0.11077036325304582;MinMaxScaler(feature_range=(-1, 1));;;;;;0.3;9;{'scaler__scaler': MinMaxScaler(feature_range=(-1, 1)), 'regressor__regressor__validation_fraction': 0.2, 'regressor__regressor__subsample': 0.75, 'regressor__regressor__n_iter_no_change': 15, 'regressor__regressor__n_estimators': 700, 'regressor__regressor__min_samples_split': 4, 'regressor__regressor__min_samples_leaf': 3, 'regressor__regressor__min_impurity_decrease': 0.0, 'regressor__regressor__max_leaf_nodes': 30, 'regressor__regressor__max_features': 0.6, 'regressor__regressor__max_depth': 7, 'regressor__regressor__loss': 'huber', 'regressor__regressor__learning_rate': 0.04, 'regressor__regressor__criterion': 'squared_error', 'feature_selection__spearman_thr': 0.3, 'feature_selection__rfe_k': 9};0.9259722113159179;0.904218565545271;0.883535392618289;0.9066633308502646;0.9208713640184132;0.908252172869631;0.014852322247986376;12;0.9135938690385773;0.9132278430355817;0.9141498845048003;0.91191778072045;0.9151674302508995;0.9136113615100617;0.0010702303714474354;-1565.4493780034334;-1613.463093576897;-1671.2816135485245;-1620.774037226375;-1554.050965740397;-1605.0038176191254;42.127787070618254;16;-1546.4047042891211;-1572.2955661268193;-1605.3006758346392;-1577.9165758213671;-1551.7795294090865;-1570.7394102962066;20.97650781835628;-0.09569399830582379;-0.09769303150113465;-0.09846874887307616;-0.09884338416763164;-0.09489700962018148;-0.09711923449356955;0.0015551659553706082;18;-0.09327908327552835;-0.09506540059953322;-0.0981536196825442;-0.09529845148810802;-0.09349161685995236;-0.09505763438113324;0.001746930627793018;-995.1375399877325;-1009.3928866327624;-1052.7112637302998;-997.677038701413;-998.5978743091291;-1010.7033206722674;21.56341299188444;21;-976.1880419245581;-991.9179119963355;-1031.2453869664141;-1001.295088928553;-977.4061195421891;-995.61050987161;20.121760718709897;-2596.6393806796136;-3010.2806828269845;-3428.740409373612;-3007.4602717045723;-2675.3867211099937;-2943.7014931389554;295.3660939916694;13;-2876.1421258453333;-2868.939392428418;-2829.6547676205314;-2881.7610145083327;-2852.122485145958;-2861.723957109715;18.878829116693804;2.181418960924728;-0.586593913584086;GradientBoosting;True;5274.752969026566;0.2;0.75;15;700.0;4.0;3.0;0.0;30;0.6;7.0;huber;0.04;squared_error;;;;;;;;;;;;;;;;;;;;;;;;;;;1570.7394102962066;1605.0038176191254
78;61.11624131202698;1.9326010567048033;7.116233921051025;0.12382808621909394;RobustScaler();;;;;;0.3;11;{'scaler__scaler': RobustScaler(), 'regressor__regressor__validation_fraction': 0.15, 'regressor__regressor__subsample': 0.75, 'regressor__regressor__n_iter_no_change': 10, 'regressor__regressor__n_estimators': 1100, 'regressor__regressor__min_samples_split': 4, 'regressor__regressor__min_samples_leaf': 4, 'regressor__regressor__min_impurity_decrease': 0.0001, 'regressor__regressor__max_leaf_nodes': 30, 'regressor__regressor__max_features': 0.6, 'regressor__regressor__max_depth': 7, 'regressor__regressor__loss': 'absolute_error', 'regressor__regressor__learning_rate': 0.04, 'regressor__regressor__criterion': 'squared_error', 'feature_selection__spearman_thr': 0.3, 'feature_selection__rfe_k': 11};0.9282606845618797;0.9070747157638337;0.8862933431321084;0.906800443747009;0.9203361723685757;0.9097530719146814;0.01428834644341432;11;0.9122573582014394;0.9175293071887025;0.915777573652175;0.9135951530219621;0.911949294074194;0.9142217372276946;0.002134293168159355;-1515.183624285356;-1545.0271188364416;-1584.7183481008078;-1532.5654877961992;-1505.8927813103778;-1536.6774720658366;27.583449615139838;12;-1490.4777422032873;-1487.589232028426;-1514.9592258091752;-1475.0071266409682;-1502.7520235212055;-1494.1570700406123;13.638161105160204;-0.0935078875870759;-0.09382059888888747;-0.09339613248306036;-0.09344662387798984;-0.09206387694554125;-0.09324702395651097;0.0006097455809947156;11;-0.09060699435613807;-0.09048595513617284;-0.09238781907921356;-0.08874866425261817;-0.09079794054364794;-0.09060547467355812;0.0011554935620836512;-947.2845492757842;-949.5051198362416;-970.0922321891885;-921.7263860896492;-937.4590392748414;-945.213465333141;15.833096615840674;11;-916.1561490890435;-914.2545862024554;-931.3764306393923;-896.2826146080224;-914.6574367019639;-914.5454434481755;11.131078655399376;-2556.188432005258;-2965.0585411410643;-3387.899882443706;-3005.2504588515203;-2684.419049768248;-2919.7632728419594;288.4736292194282;11;-2898.3005330274905;-2796.9261445381085;-2802.7017526796853;-2854.190066225861;-2905.716785052641;-2851.567056304757;45.818202252316766;2.8457785916756744;-0.4887944719586454;GradientBoosting;True;5274.752969026566;0.15;0.75;10;1100.0;4.0;4.0;0.0001;30;0.6;7.0;absolute_error;0.04;squared_error;;;;;;;;;;;;;;;;;;;;;;;;;;;1494.1570700406123;1536.6774720658366
79;64.78751692771911;3.0614550652266397;7.200535774230957;1.5838400940837296;StandardScaler();;;;;;0.2;14;{'scaler__scaler': StandardScaler(), 'regressor__regressor__validation_fraction': 0.15, 'regressor__regressor__subsample': 0.8, 'regressor__regressor__n_iter_no_change': 15, 'regressor__regressor__n_estimators': 700, 'regressor__regressor__min_samples_split': 4, 'regressor__regressor__min_samples_leaf': 4, 'regressor__regressor__min_impurity_decrease': 0.0005, 'regressor__regressor__max_leaf_nodes': 40, 'regressor__regressor__max_features': 0.5, 'regressor__regressor__max_depth': 7, 'regressor__regressor__loss': 'absolute_error', 'regressor__regressor__learning_rate': 0.02, 'regressor__regressor__criterion': 'squared_error', 'feature_selection__spearman_thr': 0.2, 'feature_selection__rfe_k': 14};0.9138187550932911;0.8910052779091394;0.8685350400215777;0.8843024631649193;0.9065518506025567;0.8928426773582968;0.01609415916588157;20;0.8912465428761879;0.8964656431959316;0.8989821046031788;0.8960906450916242;0.8933544220050232;0.8952278715543891;0.002673256959428767;-1603.259379643494;-1628.1191692288714;-1660.4630499826355;-1650.5794990755376;-1595.2623254139044;-1627.5366846688885;25.481279094394157;20;-1601.5435255733182;-1597.708673003104;-1594.593537167036;-1599.7772497834958;-1601.2880254167553;-1598.982202188742;2.5842428746758532;-0.0980759433171354;-0.09867102446478293;-0.09724534411088027;-0.09971962185332502;-0.09735104776840228;-0.09821259630290517;0.0009140896135523797;20;-0.0962103420080835;-0.09627495327264303;-0.09690416585335329;-0.09607801022510824;-0.09664122378957818;-0.09642173902975325;0.00030505522461619314;-993.1481565137656;-992.9174630136458;-985.6726209884855;-983.9154935118459;-984.1573715299589;-987.9622211115404;4.1843398913691745;17;-959.8011684872909;-967.9777352317033;-969.0753392543133;-971.2956221552249;-970.8223966661044;-967.7944523589274;4.171174596505425;-2801.693565326069;-3211.2125870224672;-3642.8612421474145;-3348.3882278023802;-2907.401968090326;-3182.3115180777313;303.63401662887486;20;-3226.707505915949;-3133.8154837125035;-3069.461347277698;-3129.9771128819234;-3197.851462171628;-3151.5625823919404;55.33701245184288;1.785791138954532;-0.2664343092838321;GradientBoosting;True;5274.752969026566;0.15;0.8;15;700.0;4.0;4.0;0.0005;40;0.5;7.0;absolute_error;0.02;squared_error;;;;;;;;;;;;;;;;;;;;;;;;;;;1598.982202188742;1627.5366846688885
80;72.91017136573791;1.7769111881007174;9.336677598953248;0.11652076923092747;MinMaxScaler(feature_range=(-1, 1));;;;;;0.2;12;{'scaler__scaler': MinMaxScaler(feature_range=(-1, 1)), 'regressor__n_estimators': 300, 'regressor__min_samples_split': 35, 'regressor__min_samples_leaf': 2, 'regressor__min_impurity_decrease': 0.001, 'regressor__max_samples': 0.75, 'regressor__max_features': 0.5, 'regressor__max_depth': 19, 'regressor__criterion': 'squared_error', 'regressor__ccp_alpha': 5e-05, 'regressor__bootstrap': True, 'feature_selection__spearman_thr': 0.2, 'feature_selection__rfe_k': 12};0.9433213530764604;0.9269532151900016;0.9091345888194742;0.9321334924154564;0.9398898946176528;0.9302865088238091;0.012033769967080598;12;0.943819841164706;0.9454738152477928;0.9451515391910708;0.9436630325234976;0.9438623045963189;0.9443941065446773;0.0007598076547075958;-1390.4241301780867;-1400.1143877720463;-1440.7354654901937;-1390.5607586521633;-1365.4853915811073;-1397.4640267347193;24.491999451382135;14;-1267.719610633695;-1256.5994376203832;-1285.2418919333677;-1259.3760052876894;-1270.6350348542724;-1267.9143960658816;10.085775443898287;-0.08910340792913687;-0.08879114155329536;-0.08804585182223347;-0.08881282149256758;-0.08686532877560833;-0.08832371031456832;0.0008086695409730121;13;-0.07983941958568518;-0.07918788296124273;-0.0818219684997969;-0.07906870002014224;-0.08019579694239568;-0.08002275360185254;0.0009907529289890377;-881.1813707752372;-879.6388447485961;-887.5274693204447;-862.8635019543599;-864.8190218163215;-875.2060417229919;9.668509176367483;13;-802.5123731616968;-793.5643966325033;-815.7508066544651;-798.34120401576;-803.6090063609299;-802.755557365071;7.397674890710855;-2272.0819312738963;-2628.8564734837228;-3028.5651491352546;-2564.4928958278865;-2331.8116735652325;-2565.1616246571984;268.01052733511744;12;-2319.15376864145;-2274.226587510254;-2261.7533020967994;-2304.679668427403;-2320.13978309567;-2295.9906219543154;23.837282324965003;10.21753764061735;-1.4938252603549802;RandomForest;False;5327.5425760746;;;;;;;;;;;;;;300.0;35.0;2.0;0.001;0.75;0.5;19;squared_error;5,00E-05;True;;;;;;;;;;;;;;;;;1267.9143960658816;1397.4640267347193
81;67.4660786151886;0.23760427146728047;10.030277490615845;0.5590716671666479;RobustScaler();;;;;;0.25;13;{'scaler__scaler': RobustScaler(), 'regressor__n_estimators': 400, 'regressor__min_samples_split': 30, 'regressor__min_samples_leaf': 4, 'regressor__min_impurity_decrease': 0.0005, 'regressor__max_samples': 0.8, 'regressor__max_features': 'sqrt', 'regressor__max_depth': 20, 'regressor__criterion': 'squared_error', 'regressor__ccp_alpha': 5e-05, 'regressor__bootstrap': True, 'feature_selection__spearman_thr': 0.25, 'feature_selection__rfe_k': 13};0.9407313366705528;0.9216477488094632;0.9030367832932212;0.9242695701730104;0.9351607494288874;0.9249692376750269;0.012998961917639896;25;0.9357470674967214;0.9381472033060834;0.938985055259171;0.9360581857434294;0.935833747349414;0.9369542518309638;0.001346332390552238;-1415.2880585114901;-1439.2911532628807;-1458.9562155078547;-1429.8850204479807;-1402.895646651498;-1429.263218876341;19.355485664120817;22;-1323.5258205660705;-1317.5558209399635;-1323.4685395245217;-1318.3995671512644;-1323.4695851279444;-1321.283866661953;2.7127118022307597;-0.09205046547365028;-0.09254782980998234;-0.08967959808204852;-0.09261106946562735;-0.09015837926050634;-0.09140946841836298;0.0012416331520195922;25;-0.08441146778145593;-0.08410552086596541;-0.08499217686776968;-0.08391080339768414;-0.08445911231776335;-0.08437581624612771;0.0003680777703656507;-907.6713737891332;-896.4147887797099;-890.4319629958591;-885.5883950411999;-884.952137094172;-893.0117315400148;8.404809368406774;21;-833.8386687816819;-827.7689343144593;-838.2063980974635;-830.722732083952;-833.3613053694098;-832.7796077293933;3.4712424763416045;-2323.4151530388795;-2722.6515479768195;-3128.535804642887;-2708.99972369664;-2421.8024863329656;-2661.0809431376388;281.3800142686968;25;-2480.1876488730118;-2422.204728927111;-2385.509343140088;-2455.309899626969;-2480.5055296666596;-2444.7434300467676;36.506275615692154;8.172305356848364;-1.279146141075318;RandomForest;False;5327.5425760746;;;;;;;;;;;;;;400.0;30.0;4.0;0.0005;0.8;sqrt;20;squared_error;5,00E-05;True;;;;;;;;;;;;;;;;;1321.283866661953;1429.263218876341
82;74.75763926506042;1.5467033758510107;9.668258714675904;0.33936583483623317;StandardScaler();;;;;;0.25;12;{'scaler__scaler': StandardScaler(), 'regressor__n_estimators': 300, 'regressor__min_samples_split': 25, 'regressor__min_samples_leaf': 3, 'regressor__min_impurity_decrease': 0.0005, 'regressor__max_samples': 0.8, 'regressor__max_features': 0.5, 'regressor__max_depth': 20, 'regressor__criterion': 'squared_error', 'regressor__ccp_alpha': 0.0001, 'regressor__bootstrap': True, 'feature_selection__spearman_thr': 0.25, 'feature_selection__rfe_k': 12};0.9446389830687868;0.9283465193745563;0.9119791453904234;0.9340595406590071;0.9429546051125235;0.9323957587210593;0.011810066799661508;8;0.946433127498418;0.9481800435308705;0.9494804722843201;0.9474268091736704;0.9475921220464654;0.947822514906749;0.001001669671158935;-1369.7012055369682;-1376.4126302594782;-1402.9340408877317;-1367.9445688548487;-1338.1956375964621;-1371.0376166270976;20.66988716918688;6;-1221.868687653114;-1214.0467577609465;-1222.1920099808212;-1209.8075856499986;-1219.5006998372965;-1217.4831481764354;4.8207860330750565;-0.08769841732709809;-0.0873886741516824;-0.08544123264961793;-0.08740584916842875;-0.08529838851129644;-0.08664651236162473;0.0010491937538105723;4;-0.07695966735769717;-0.07672432497911051;-0.07765113566118172;-0.07598942549382166;-0.07703789049536851;-0.07687248879743591;0.0005372154273138966;-858.5525968745533;-853.5370079309614;-854.2518973902679;-851.3075464829099;-845.5522587574142;-852.6402614872213;4.2514267294901735;3;-769.2547063671645;-765.8666186926766;-771.1012879050095;-765.4035417040177;-768.4481183027747;-768.0148545943287;2.130018447863386;-2245.5166551088896;-2603.6641840997263;-2980.783357660739;-2527.8408856341343;-2271.590390767733;-2525.8790946542445;266.92999070822935;8;-2264.5723951729265;-2217.0714988555187;-2170.664240082708;-2226.3631536866114;-2241.73952223491;-2224.0821620065353;31.173925179948082;12.6124512426031;-1.6275996764233254;RandomForest;False;5327.5425760746;;;;;;;;;;;;;;300.0;25.0;3.0;0.0005;0.8;0.5;20;squared_error;0.0001;True;;;;;;;;;;;;;;;;;1217.4831481764354;1371.0376166270976
83;71.58709149360656;0.7011836032383276;9.28986930847168;0.19655071506540484;MinMaxScaler(feature_range=(-1, 1));;;;;;0.2;11;{'scaler__scaler': MinMaxScaler(feature_range=(-1, 1)), 'regressor__n_estimators': 300, 'regressor__min_samples_split': 25, 'regressor__min_samples_leaf': 2, 'regressor__min_impurity_decrease': 0.001, 'regressor__max_samples': 0.75, 'regressor__max_features': 0.5, 'regressor__max_depth': 18, 'regressor__criterion': 'squared_error', 'regressor__ccp_alpha': 5e-05, 'regressor__bootstrap': True, 'feature_selection__spearman_thr': 0.2, 'feature_selection__rfe_k': 11};0.9461853590106435;0.9309952274362662;0.9135052059609059;0.9359662377645529;0.9430414637336909;0.9339386987812119;0.01151645417027483;3;0.9493178832107714;0.9501697167314509;0.9503765945071976;0.9482148939182233;0.9496173728795451;0.9495392922494377;0.0007625824001766511;-1361.5137598822498;-1370.6856778230792;-1414.4114883752895;-1363.677028434782;-1333.9864648670334;-1368.8548838764868;25.981781896659736;4;-1211.3026153623327;-1207.0299758292472;-1234.0281372328848;-1211.383486090065;-1213.3980080506708;-1215.4284445130402;9.528795018861896;-0.08735625686385146;-0.08707406758403972;-0.08677953967204038;-0.08737971771667052;-0.08488848462436634;-0.08669561329219369;0.0009295627039308138;6;-0.07637443116609206;-0.07622300010493535;-0.07883103915995368;-0.07607372967647558;-0.07656985855569938;-0.0768144117326312;0.0010216215500461615;-855.9898326234525;-860.9937592065571;-875.721267969031;-848.9162375302967;-841.5662931626184;-856.6374780983912;11.578824092799405;7;-768.5458746713757;-767.3742114239403;-791.3127357666276;-768.2968987290114;-768.1906561074757;-772.7440753396861;9.292647457930272;-2213.9330049351433;-2555.0881492348553;-2954.830728606355;-2491.02599366539;-2269.8603442588255;-2496.947644140114;262.5788380997331;3;-2202.7511480203048;-2174.0916852297837;-2151.3263336925697;-2209.6132866102535;-2197.9978623176835;-2187.1560631741186;21.538457002687217;12.623239159497931;-1.642964498211366;RandomForest;False;5327.5425760746;;;;;;;;;;;;;;300.0;25.0;2.0;0.001;0.75;0.5;18;squared_error;5,00E-05;True;;;;;;;;;;;;;;;;;1215.4284445130402;1368.8548838764868
84;61.6197283744812;0.12493078354952025;9.014572286605835;0.1059207097310971;RobustScaler();;;;;;0.3;11;{'scaler__scaler': RobustScaler(), 'regressor__n_estimators': 300, 'regressor__min_samples_split': 35, 'regressor__min_samples_leaf': 4, 'regressor__min_impurity_decrease': 0.001, 'regressor__max_samples': 0.8, 'regressor__max_features': 'sqrt', 'regressor__max_depth': 19, 'regressor__criterion': 'squared_error', 'regressor__ccp_alpha': 0.0001, 'regressor__bootstrap': True, 'feature_selection__spearman_thr': 0.3, 'feature_selection__rfe_k': 11};0.938645449204283;0.9203940194417436;0.9027447521810023;0.9220885117323877;0.9346352602054872;0.9237015985529806;0.012614239318694456;26;0.9345020267104851;0.9374940340338902;0.9369566327817431;0.9349378449691268;0.9351671739467642;0.9358115424884019;0.001186203972830704;-1429.1860950047035;-1442.1792928892041;-1485.0987691595665;-1443.6646215313428;-1405.5285543696846;-1441.1314665909003;25.887826366971236;24;-1328.7889356444598;-1322.4348167601506;-1351.83393362101;-1324.2920849428654;-1331.4638572969368;-1331.7627256530845;10.531918111507267;-0.09164251121670991;-0.09147299398786918;-0.09056203034211106;-0.09203727675238071;-0.0891619575347118;-0.09097535396675653;0.0010275862424000035;24;-0.08359634114700766;-0.08339285021285534;-0.08581645652874502;-0.08317065676307105;-0.08383761891579519;-0.08396278471349486;0.0009527159689905832;-903.1296651557568;-890.6777673474626;-907.8226592132887;-888.2668318424567;-874.6402596017651;-892.907436632146;11.723090166217903;20;-828.3577835375336;-827.0821850683933;-851.7711952518193;-829.5332969016599;-828.7627162671179;-833.1014354053048;9.36856057811239;-2363.946488629493;-2744.3479346752224;-3133.2434811435332;-2747.732812804198;-2431.5964227632153;-2684.1734280031324;274.10403702011223;26;-2504.1018811925746;-2434.96045623315;-2424.8378997822183;-2476.726549654153;-2493.356265291123;-2466.796610430644;31.527055997273884;8.212329330976157;-1.294057979154643;RandomForest;False;5327.5425760746;;;;;;;;;;;;;;300.0;35.0;4.0;0.001;0.8;sqrt;19;squared_error;0.0001;True;;;;;;;;;;;;;;;;;1331.7627256530845;1441.1314665909003
85;59.68080787658691;0.8096314496832305;9.158956956863403;0.18370199586181582;StandardScaler();;;;;;0.25;11;{'scaler__scaler': StandardScaler(), 'regressor__n_estimators': 300, 'regressor__min_samples_split': 30, 'regressor__min_samples_leaf': 4, 'regressor__min_impurity_decrease': 0.001, 'regressor__max_samples': 0.8, 'regressor__max_features': 'sqrt', 'regressor__max_depth': 18, 'regressor__criterion': 'squared_error', 'regressor__ccp_alpha': 5e-05, 'regressor__bootstrap': True, 'feature_selection__spearman_thr': 0.25, 'feature_selection__rfe_k': 11};0.9412279994336379;0.92309775051523;0.8859881190128429;0.9260706123653731;0.9369902880097364;0.9226749538673641;0.019528325051962135;28;0.9372615064728879;0.9398134645386742;0.9248905818695196;0.9371945219228555;0.9380730805200793;0.9354466310648034;0.005361838138948659;-1409.3271843182183;-1425.905165000615;-1594.7520473750474;-1422.354635670607;-1387.2914340783357;-1447.9260932885645;74.6500089645241;26;-1307.205445360923;-1300.9179071577005;-1451.4218045163157;-1312.219811035226;-1308.3246302450548;-1336.017919663044;57.816078119434515;-0.09082516969146584;-0.09101651757313689;-0.09551843404780193;-0.09189031458854764;-0.08857015963567741;-0.09156411910732594;0.0022606511069937886;26;-0.08266920579353342;-0.08256380498424602;-0.0903508945546079;-0.08320942772216214;-0.08290284765492532;-0.08433923614189497;0.003013996449299157;-893.7013760094451;-886.7676343136227;-959.2472183554783;-882.0097853419438;-871.2417152402504;-898.593545852148;31.19550367636292;25;-820.2757702685535;-815.842087617566;-894.075401865487;-829.0099202241345;-820.2639779687925;-835.8934315889067;29.403305782212332;-2313.6597325656226;-2697.340945987558;-3392.4439248741205;-2676.592793339435;-2387.3905733962206;-2693.4855940325915;381.2623310541542;27;-2450.784396945712;-2389.355931201849;-2646.733470539192;-2433.3949391178385;-2436.837669088373;-2471.421281378593;90.04109651906906;8.376247951355678;-1.3653026023410373;RandomForest;False;5327.5425760746;;;;;;;;;;;;;;300.0;30.0;4.0;0.001;0.8;sqrt;18;squared_error;5,00E-05;True;;;;;;;;;;;;;;;;;1336.017919663044;1447.9260932885645
86;69.94206218719482;2.0081893598242693;9.184742832183838;0.09415938976569013;MinMaxScaler(feature_range=(-1, 1));;;;;;0.2;8;{'scaler__scaler': MinMaxScaler(feature_range=(-1, 1)), 'regressor__n_estimators': 300, 'regressor__min_samples_split': 24, 'regressor__min_samples_leaf': 3, 'regressor__min_impurity_decrease': 0.0005, 'regressor__max_samples': 0.75, 'regressor__max_features': 0.5, 'regressor__max_depth': 18, 'regressor__criterion': 'squared_error', 'regressor__ccp_alpha': 0.0001, 'regressor__bootstrap': True, 'feature_selection__spearman_thr': 0.2, 'feature_selection__rfe_k': 8};0.9384388007498123;0.9224888217170636;0.9035649692614933;0.9269035255829786;0.935573793499088;0.9253939821620871;0.01233710122847964;23;0.94160886940529;0.9435647992845289;0.9433285831379794;0.9418291245491212;0.9420629501652569;0.9424788653084353;0.0008066367611767254;-1439.3746876846128;-1447.586509017203;-1476.5741526605973;-1443.7618968451884;-1417.2740245236598;-1444.9142541462522;19.002563708909488;25;-1287.0029491250748;-1278.6431531463375;-1298.8901670375171;-1281.1746917313963;-1286.2635432052775;-1286.3949008491206;6.983678548383347;-0.0915834688678841;-0.09128400081693422;-0.08991033505674963;-0.09185485381727021;-0.08987037435716641;-0.09090060658320091;0.0008444993733202837;22;-0.08074410852691308;-0.08039165539512214;-0.08257462751628436;-0.08016078904193048;-0.08074269673802112;-0.08092277544365423;0.0008550645893237985;-908.4341339145249;-913.450583495418;-909.1976974294848;-886.2093230787741;-898.4561910130051;-903.1495857862413;9.794050359980705;26;-810.8689960231573;-807.206059921783;-821.6755431696479;-807.4453074078083;-809.5449025506441;-811.3481618146081;5.339015454040457;-2367.924149933321;-2707.998956676232;-3120.003160729188;-2661.472389831147;-2414.076384420244;-2654.2950083180267;268.1540482245982;23;-2364.3485802297573;-2313.6955648692565;-2299.032158147671;-2341.890783789632;-2357.029670960338;-2335.199351599331;25.065890623762613;12.322759767820637;-1.8127603467009268;RandomForest;False;5327.5425760746;;;;;;;;;;;;;;300.0;24.0;3.0;0.0005;0.75;0.5;18;squared_error;0.0001;True;;;;;;;;;;;;;;;;;1286.3949008491206;1444.9142541462522
87;87.53004622459412;0.9347481976076162;9.755294561386108;0.2797777662062687;MinMaxScaler();;;;;;0.3;12;{'scaler__scaler': MinMaxScaler(), 'regressor__n_estimators': 400, 'regressor__min_samples_split': 26, 'regressor__min_samples_leaf': 3, 'regressor__min_impurity_decrease': 0.001, 'regressor__max_samples': 0.75, 'regressor__max_features': 0.5, 'regressor__max_depth': 20, 'regressor__criterion': 'squared_error', 'regressor__ccp_alpha': 0.0001, 'regressor__bootstrap': True, 'feature_selection__spearman_thr': 0.3, 'feature_selection__rfe_k': 12};0.9436335744239196;0.9269676050358878;0.9102694123296621;0.931142287662059;0.9413934691300435;0.9306812697163144;0.011942873845068695;11;0.9451447565818785;0.9470799018561565;0.9471903696005365;0.9454254396907316;0.9451633668522057;0.9460007669163017;0.0009321674464626736;-1379.1565987808938;-1388.0156445131206;-1426.3193033398145;-1384.0912513188573;-1348.4256141764442;-1385.201682425826;24.85490865666551;10;-1229.9236038815845;-1225.494758745945;-1248.660308372702;-1228.5863343444923;-1233.5942530346845;-1233.2518516758819;8.130861609223325;-0.088091956508341;-0.08767396072274324;-0.08686654294916178;-0.08806394760677622;-0.0854739070742537;-0.08723406297225518;0.0009850299091297022;10;-0.07719112773999703;-0.07701956482483338;-0.07924333661289237;-0.0768683552638912;-0.07742128091480029;-0.07754873307128285;0.0008670339995909167;-868.9330454571427;-860.5750646928464;-867.5365534537414;-854.1540100125494;-844.8069319726401;-859.2011211177839;8.930212944566806;10;-769.4678331469995;-768.360111506433;-786.4414450133481;-769.4548514270791;-770.6154145826258;-772.8679311352971;6.824138437176509;-2265.815266799023;-2628.5975250384586;-3009.5937644428404;-2583.152492586209;-2302.4633970628493;-2557.924489185876;268.41178504509844;11;-2291.6439191582244;-2240.48219818669;-2219.3182001182613;-2268.3442258116443;-2293.0960811717714;-2262.5769248893184;28.875820448368156;12.321070553711923;-1.619395854183571;RandomForest;False;5327.5425760746;;;;;;;;;;;;;;400.0;26.0;3.0;0.001;0.75;0.5;20;squared_error;0.0001;True;;;;;;;;;;;;;;;;;1233.2518516758819;1385.201682425826
88;88.21101546287537;1.645735125004888;9.559282875061035;0.18349938236974406;MinMaxScaler(feature_range=(-1, 1));;;;;;0.3;14;{'scaler__scaler': MinMaxScaler(feature_range=(-1, 1)), 'regressor__n_estimators': 400, 'regressor__min_samples_split': 30, 'regressor__min_samples_leaf': 2, 'regressor__min_impurity_decrease': 0.001, 'regressor__max_samples': 0.8, 'regressor__max_features': 0.5, 'regressor__max_depth': 19, 'regressor__criterion': 'squared_error', 'regressor__ccp_alpha': 5e-05, 'regressor__bootstrap': True, 'feature_selection__spearman_thr': 0.3, 'feature_selection__rfe_k': 14};0.9437525943862829;0.9286348911673484;0.9113689441870466;0.9324505954835083;0.941535852957367;0.9315485756363107;0.011534335736009215;10;0.9471513075022978;0.9476835287880703;0.9479795551157043;0.9457600556898322;0.9470848644341385;0.9471318623060085;0.0007625430236838308;-1380.6367571572262;-1392.684677905093;-1426.7822310111928;-1385.7426177603145;-1349.4272981529307;-1387.0547163973515;24.773801853383034;11;-1232.5770053280196;-1234.0687456557562;-1250.1941890710766;-1236.446667712074;-1235.89219940519;-1237.8357614344231;6.329023179681193;-0.08819419055582459;-0.08824659362657938;-0.08701969398574337;-0.08814212475790055;-0.08559894364825886;-0.08744030931486135;0.001027474671816163;11;-0.07744955674835642;-0.07763499937201486;-0.0794622389602985;-0.07745671337920658;-0.07769738084176259;-0.07794017786032778;0.0007672289454934534;-866.9301153331489;-870.502390194164;-874.3208023421957;-855.9152109132765;-848.5404908505225;-863.2418019266615;9.579890721891354;11;-774.5797326319243;-777.7278744271553;-791.0158666439811;-781.9300923822047;-774.9899096610934;-780.0486951492718;6.0779203120510426;-2263.421822881926;-2598.4196359334787;-2991.0975960004157;-2558.4946447046577;-2299.6647933493264;-2542.219698573961;261.3334311440802;10;-2249.3404183653247;-2227.6676519398084;-2202.673068012425;-2261.3795218594723;-2252.562332807558;-2238.7245985969175;21.163142452550055;12.054826626596338;-1.6453133180164392;RandomForest;False;5327.5425760746;;;;;;;;;;;;;;400.0;30.0;2.0;0.001;0.8;0.5;19;squared_error;5,00E-05;True;;;;;;;;;;;;;;;;;1237.8357614344231;1387.0547163973515
89;84.82080993652343;2.2321531097509326;9.250026416778564;0.7818273140305924;MinMaxScaler(feature_range=(-1, 1));;;;;;0.2;10;{'scaler__scaler': MinMaxScaler(feature_range=(-1, 1)), 'regressor__n_estimators': 400, 'regressor__min_samples_split': 26, 'regressor__min_samples_leaf': 2, 'regressor__min_impurity_decrease': 0.0005, 'regressor__max_samples': 0.75, 'regressor__max_features': 0.5, 'regressor__max_depth': 19, 'regressor__criterion': 'squared_error', 'regressor__ccp_alpha': 5e-05, 'regressor__bootstrap': True, 'feature_selection__spearman_thr': 0.2, 'feature_selection__rfe_k': 10};0.9456305510763094;0.930464553852536;0.911252263086986;0.9354358248031684;0.9433762183213681;0.9332318822280736;0.012265836056148519;6;0.9496440622589433;0.9502464283682112;0.9493770188921282;0.9482882251761495;0.9496143785948272;0.9494340226580519;0.0006407416382030106;-1363.3341695152358;-1374.073032884372;-1422.1482880939593;-1364.4244411399106;-1333.7169792612135;-1371.539382178938;28.692029580107203;7;-1208.2046120388845;-1203.8310417771668;-1244.2423933074067;-1208.42731600809;-1209.49331267859;-1214.8397351620276;14.82859297231108;-0.08731486456743007;-0.08712433144589693;-0.08708580200749826;-0.08721069261812175;-0.0849046470923712;-0.08672806754626364;0.0009151086141673654;7;-0.07609728527478109;-0.07592186258516723;-0.07955701448598444;-0.07583971205578442;-0.07628057396300143;-0.07673928967294372;0.0014170102190851099;-857.6637001527379;-866.3461322487328;-881.952806569434;-847.5536608438911;-834.719526530705;-857.6471652691001;16.087211993603376;8;-763.8227431186829;-760.9039413328264;-795.9117067506745;-763.6349675599167;-763.4468036185172;-769.5440324761236;13.22672916068698;-2225.3161336402645;-2564.8941439992414;-2993.0658099958923;-2501.3217155399584;-2263.180345603338;-2509.5556297557387;275.1018410301944;6;-2195.6514936782714;-2172.417579072437;-2172.8856358715766;-2208.048250468923;-2198.0631758394543;-2189.413226986132;14.303950522479678;12.898791707369595;-1.7065051434135947;RandomForest;False;5327.5425760746;;;;;;;;;;;;;;400.0;26.0;2.0;0.0005;0.75;0.5;19;squared_error;5,00E-05;True;;;;;;;;;;;;;;;;;1214.8397351620276;1371.539382178938
90;67.23023548126221;2.8810041046618347;7.987325382232666;0.05251979821850152;RobustScaler();;;;;;0.25;11;{'scaler__scaler': RobustScaler(), 'regressor__n_estimators': 300, 'regressor__min_samples_split': 24, 'regressor__min_samples_leaf': 3, 'regressor__min_impurity_decrease': 0.0005, 'regressor__max_samples': 0.8, 'regressor__max_features': 0.5, 'regressor__max_depth': 18, 'regressor__criterion': 'squared_error', 'regressor__ccp_alpha': 0.0001, 'regressor__bootstrap': True, 'feature_selection__spearman_thr': 0.25, 'feature_selection__rfe_k': 11};0.945332367329919;0.9289162649765506;0.9122784070682887;0.933937271468789;0.943099818740051;0.9327128259167197;0.01183740732548223;7;0.9477793611607528;0.9489779903269632;0.9494514113246467;0.9468409076542458;0.9479628976741877;0.9482025136281592;0.0009221230081660748;-1366.2862173503336;-1376.7177465459436;-1413.7951728275614;-1367.2025920547912;-1337.2080730989758;-1372.241960375521;24.637132514509354;8;-1215.4760053806604;-1211.5701605760028;-1232.5661084583974;-1217.7168226700749;-1216.427508546922;-1218.7513211264115;7.205767149635995;-0.08753674333668174;-0.08716491781256058;-0.0863003603756888;-0.08753902212793876;-0.08510725537229456;-0.08672965980503289;0.0009286974613209058;8;-0.07650776878373412;-0.07638955389813944;-0.07847268407896388;-0.07652863561350762;-0.07663617248316401;-0.07690696297150182;0.0007867667778291795;-862.3621436170324;-854.465724399055;-861.5523817306621;-852.1716424483284;-837.2850433473022;-853.567387108476;9.044088816040519;5;-766.0085267715308;-764.8949510009361;-780.5375723641082;-770.5063810071169;-766.8526846700424;-769.7600231627468;5.708027439382389;-2231.410050385791;-2593.2921350614442;-2975.7118678967677;-2530.1834073452515;-2268.6972906833093;-2519.8589502745126;268.173770768918;7;-2235.9348950899403;-2199.935548420689;-2171.288479061272;-2238.734624241003;-2233.795509346897;-2215.9378112319605;26.412537577923125;12.594090081252038;-1.6335843333899747;RandomForest;False;5327.5425760746;;;;;;;;;;;;;;300.0;24.0;3.0;0.0005;0.8;0.5;18;squared_error;0.0001;True;;;;;;;;;;;;;;;;;1218.7513211264115;1372.241960375521
91;52.97936882972717;0.7854948443297918;8.059987831115723;0.056536501060396954;StandardScaler();;;;;;0.2;12;{'scaler__scaler': StandardScaler(), 'regressor__n_estimators': 300, 'regressor__min_samples_split': 24, 'regressor__min_samples_leaf': 4, 'regressor__min_impurity_decrease': 0.001, 'regressor__max_samples': 0.75, 'regressor__max_features': 'sqrt', 'regressor__max_depth': 20, 'regressor__criterion': 'squared_error', 'regressor__ccp_alpha': 0.0001, 'regressor__bootstrap': True, 'feature_selection__spearman_thr': 0.2, 'feature_selection__rfe_k': 12};0.9415502605039308;0.9241270769805704;0.9053583101992786;0.9249183835155131;0.9378597927300877;0.9267627647858762;0.012730383556148774;18;0.9385825869174874;0.9408844437566022;0.9414448859690008;0.9377462647462169;0.9397617630950148;0.9396839888968642;0.001379547780905215;-1402.5506828985747;-1412.2780712297977;-1442.542214140062;-1420.6666328907284;-1376.7630913368325;-1410.960138499199;21.603413896717136;16;-1293.1241518281981;-1282.2328317798076;-1294.1985443968372;-1299.655134773055;-1288.6836226561559;-1291.5788570868106;5.834509922058419;-0.09059688264813703;-0.09039135422258902;-0.08832413857107525;-0.09164764317759314;-0.08828833023206367;-0.08984966977029162;0.0013303746913902546;17;-0.0819428912118339;-0.08160739020814173;-0.08266022553070403;-0.08247100646463465;-0.08202696086496714;-0.08214169485605628;0.0003782825479837936;-885.2937444699637;-876.3032349476834;-885.807200131283;-877.2149833615349;-865.5669776696341;-878.0372281160198;7.378610433580671;16;-810.5416571057849;-803.1578611130208;-817.7971564357849;-819.0059196323491;-809.8573561932599;-812.0719900960399;5.789043553862033;-2307.307835864023;-2679.228356773989;-3090.8566628165563;-2697.370211118906;-2370.860910097435;-2629.1247953341817;279.510468824887;19;-2424.8441095410044;-2368.002013300264;-2336.9285065221447;-2422.6827373765364;-2403.3830121199344;-2391.168075771977;33.926541643079005;9.243050144197626;-1.375060580329441;RandomForest;False;5327.5425760746;;;;;;;;;;;;;;300.0;24.0;4.0;0.001;0.75;sqrt;20;squared_error;0.0001;True;;;;;;;;;;;;;;;;;1291.5788570868106;1410.960138499199
92;52.44780397415161;0.3783030786856129;7.932063722610474;0.08693331800596953;RobustScaler();;;;;;0.3;5;{'scaler__scaler': RobustScaler(), 'regressor__n_estimators': 300, 'regressor__min_samples_split': 26, 'regressor__min_samples_leaf': 3, 'regressor__min_impurity_decrease': 0.0005, 'regressor__max_samples': 0.75, 'regressor__max_features': 'sqrt', 'regressor__max_depth': 19, 'regressor__criterion': 'squared_error', 'regressor__ccp_alpha': 0.0001, 'regressor__bootstrap': True, 'feature_selection__spearman_thr': 0.3, 'feature_selection__rfe_k': 5};0.932830839490614;0.8927956625832644;0.8711840829617014;0.893183220210094;0.9289034767510016;0.903779456399335;0.023539675340404045;37;0.9333908446190007;0.9146465604185675;0.916954879212721;0.9141899821751992;0.9334461778847134;0.9225256888620403;0.008943235222938859;-1495.7874005709023;-1707.6443829464408;-1736.6498110097875;-1711.7291000400858;-1472.9603791032218;-1624.9542147340876;115.437985790718;36;-1364.0064289025788;-1553.1728462941267;-1544.0618713129938;-1546.4477369386047;-1365.0770517062303;-1474.5531870309069;89.8742947210514;-0.09483814923470259;-0.10470068149308893;-0.10236042703430748;-0.10540076681466147;-0.09305677235567919;-0.10007135938648795;0.005131548637672053;35;-0.08526895761270485;-0.0946107196104636;-0.09510291651279339;-0.09398641498176381;-0.08539907119667446;-0.09087361598288002;0.004537075713840819;-940.7830673978697;-1055.005566325215;-1056.2808784830395;-1035.8189899920135;-933.0543058039148;-1004.1885616004105;55.45592933208693;35;-852.5130184318623;-952.4062734953541;-951.7029316464896;-954.0132990266848;-854.4227390338856;-913.0116523268553;48.626806945364294;-2473.427649344306;-3184.7291406932545;-3605.9723072931847;-3217.314308425924;-2535.968817923708;-3003.482444736075;433.84226225244976;37;-2525.2537631106325;-2845.3892776472208;-2783.043991552939;-2844.3486768403272;-2526.2327547884192;-2704.8536927879077;147.9759428017934;10.199769599767464;-2.032055333421589;RandomForest;False;5327.5425760746;;;;;;;;;;;;;;300.0;26.0;3.0;0.0005;0.75;sqrt;19;squared_error;0.0001;True;;;;;;;;;;;;;;;;;1474.5531870309069;1624.9542147340876
93;58.716056156158444;1.46773312109292;8.269773864746094;0.030417820657304893;MinMaxScaler(feature_range=(-1, 1));;;;;;0.25;7;{'scaler__scaler': MinMaxScaler(feature_range=(-1, 1)), 'regressor__n_estimators': 400, 'regressor__min_samples_split': 25, 'regressor__min_samples_leaf': 3, 'regressor__min_impurity_decrease': 0.001, 'regressor__max_samples': 0.8, 'regressor__max_features': 'sqrt', 'regressor__max_depth': 18, 'regressor__criterion': 'squared_error', 'regressor__ccp_alpha': 5e-05, 'regressor__bootstrap': True, 'feature_selection__spearman_thr': 0.25, 'feature_selection__rfe_k': 7};0.9348198053685596;0.9171016623554461;0.8986424192064185;0.9205251851283103;0.9294729973000441;0.9201124138717557;0.012442857891103724;29;0.9341827609564008;0.936223148375644;0.9385430858892357;0.9348423052525381;0.9346031422416944;0.9356788885431027;0.0015871575010470353;-1480.3696159191886;-1495.344147976865;-1514.603206009171;-1492.8754804360578;-1464.7704705996298;-1489.5925841881824;16.556506662674835;29;-1356.4988559561045;-1348.6364210652368;-1340.0709613872016;-1349.7687167331294;-1355.8713529233198;-1350.1692616129985;5.950853949737022;-0.0946561130204396;-0.09470065712055986;-0.09186826850272702;-0.09545243605839322;-0.09336157707739717;-0.09400781035590336;0.0012635294374233005;29;-0.08552492258164954;-0.08515113357830012;-0.08477328517804554;-0.08488432857376028;-0.08547308700366898;-0.0851613513830849;0.00030225966766376356;-942.3162174150075;-936.991388036251;-924.1842984594714;-925.6079078687653;-931.6965451854112;-932.1592713929813;6.83004504536146;29;-860.0351539998073;-851.2013746108514;-841.1371848538311;-855.1361667747678;-853.6100107199054;-852.2239781918327;6.2510655190604885;-2436.5317643043704;-2800.523582759141;-3198.6427733281107;-2775.1631003281436;-2525.7911727745573;-2747.3304786988647;265.6924738747922;29;-2510.1975056533834;-2459.589980587829;-2394.1336209408923;-2478.5443417999177;-2504.178611064029;-2469.32881200921;41.758463096529;10.326358815828755;-1.6636556474609285;RandomForest;False;5327.5425760746;;;;;;;;;;;;;;400.0;25.0;3.0;0.001;0.8;sqrt;18;squared_error;5,00E-05;True;;;;;;;;;;;;;;;;;1350.1692616129985;1489.5925841881824
94;61.42775483131409;1.931065859166403;8.049037647247314;0.11309603267616689;MinMaxScaler();;;;;;0.3;8;{'scaler__scaler': MinMaxScaler(), 'regressor__n_estimators': 300, 'regressor__min_samples_split': 26, 'regressor__min_samples_leaf': 2, 'regressor__min_impurity_decrease': 0.001, 'regressor__max_samples': 0.75, 'regressor__max_features': 0.5, 'regressor__max_depth': 19, 'regressor__criterion': 'squared_error', 'regressor__ccp_alpha': 0.0001, 'regressor__bootstrap': True, 'feature_selection__spearman_thr': 0.3, 'feature_selection__rfe_k': 8};0.941011324253751;0.9263900885814675;0.9045414359392899;0.9309682081745696;0.9391896756340967;0.928420146516635;0.013079197884342034;15;0.9463548303880841;0.9470673176447608;0.9437407930273664;0.944913818912497;0.9462272843372641;0.9456608088619944;0.0011853507572553788;-1420.71120624433;-1425.8055790905626;-1480.5600327804661;-1424.6598290339234;-1391.5465918158552;-1428.6566477930276;28.838692141379095;21;-1261.3931539566877;-1256.4127021946756;-1294.8492840771194;-1261.4059444423135;-1263.9160453441993;-1267.5954260029991;13.842989520016317;-0.09089881446783075;-0.09035287760631966;-0.08990152874960602;-0.0911428663221699;-0.08860843035481121;-0.09018090350014751;0.000896779322432319;19;-0.07961577770709384;-0.07935881398334499;-0.08209275835282702;-0.07934674042976647;-0.07979898189366626;-0.08004261447333971;0.0010388898093766094;-901.9072959421756;-891.5038311778499;-906.5400416357115;-887.1610626161605;-880.8739096889876;-893.5972282121769;9.426165900924923;22;-796.1978028742915;-795.9896103065075;-817.9171310057636;-803.1428551514;-801.2215288501284;-802.8937856376182;8.013279061733261;-2317.9207023761546;-2638.970107321562;-3104.166951963772;-2586.415671101889;-2345.353916169201;-2598.5654697865157;282.9454320120273;15;-2266.226820022785;-2240.7485717068507;-2290.655683481287;-2278.95195946239;-2270.7422784339606;-2269.4650626214548;16.5879351934096;12.70604314957881;-1.823133853469813;RandomForest;False;5327.5425760746;;;;;;;;;;;;;;300.0;26.0;2.0;0.001;0.75;0.5;19;squared_error;0.0001;True;;;;;;;;;;;;;;;;;1267.5954260029991;1428.6566477930276
95;49.874660921096805;0.6139917038782835;7.925510835647583;0.07603023789874978;StandardScaler();;;;;;0.3;8;{'scaler__scaler': StandardScaler(), 'regressor__n_estimators': 300, 'regressor__min_samples_split': 26, 'regressor__min_samples_leaf': 2, 'regressor__min_impurity_decrease': 0.001, 'regressor__max_samples': 0.75, 'regressor__max_features': 'sqrt', 'regressor__max_depth': 19, 'regressor__criterion': 'squared_error', 'regressor__ccp_alpha': 5e-05, 'regressor__bootstrap': True, 'feature_selection__spearman_thr': 0.3, 'feature_selection__rfe_k': 8};0.9391300712587232;0.8997314862276812;0.872626319998307;0.9006223600306335;0.9344262144944655;0.9093072904019621;0.024629154417024422;32;0.9385148809030949;0.9208731906113411;0.9186610794463697;0.920739705239974;0.939696721371904;0.9276971155145368;0.009355597740094538;-1427.9572088915302;-1606.9817286557127;-1716.2607802353582;-1610.0932775627568;-1403.9484516618165;-1553.048289401435;118.89474651594134;31;-1304.0985580124707;-1464.4716962929276;-1517.29552426436;-1457.0001482449031;-1304.947588150508;-1409.562702993034;88.24814747778846;-0.09161323698675203;-0.09880014928989862;-0.10091305546797327;-0.09926331546427215;-0.08906519699975199;-0.09593099084172962;0.004689126762276382;31;-0.08218868315331723;-0.0892947912714878;-0.09316499282111691;-0.08867131182131788;-0.08236731795445955;-0.08713741940433987;0.004256350054659443;-900.4545002348314;-966.8729346537293;-1023.79930034883;-951.4547228807478;-880.4897851771348;-944.6142486590546;50.74355880037256;30;-813.5864030830526;-877.2709799892764;-925.0034716484197;-882.5863467711424;-815.4581995418466;-862.7810802067476;42.73968429421114;-2354.59191101354;-3079.985075714031;-3585.7290570527693;-3103.2594693461456;-2435.481614057397;-2911.809425436776;459.670181937004;32;-2426.180304767858;-2739.6368816636123;-2754.3061575429883;-2733.6422563741003;-2404.6801782294924;-2611.68915571561;160.52977236981215;10.179439772613662;-1.9823091831405542;RandomForest;False;5327.5425760746;;;;;;;;;;;;;;300.0;26.0;2.0;0.001;0.75;sqrt;19;squared_error;5,00E-05;True;;;;;;;;;;;;;;;;;1409.562702993034;1553.048289401435
96;59.91685357093811;0.30751965552291316;8.216914224624634;0.14976951013752016;MinMaxScaler();;;;;;0.2;5;{'scaler__scaler': MinMaxScaler(), 'regressor__n_estimators': 400, 'regressor__min_samples_split': 25, 'regressor__min_samples_leaf': 3, 'regressor__min_impurity_decrease': 0.001, 'regressor__max_samples': 0.8, 'regressor__max_features': 'sqrt', 'regressor__max_depth': 18, 'regressor__criterion': 'squared_error', 'regressor__ccp_alpha': 5e-05, 'regressor__bootstrap': True, 'feature_selection__spearman_thr': 0.2, 'feature_selection__rfe_k': 5};0.9098009559476873;0.8940136980638018;0.8716710068664261;0.8934222924198493;0.9028808461128358;0.89435775988212;0.012859374354288468;40;0.9130781763605209;0.9159426777049933;0.9181155207415694;0.9152363588825075;0.9133127589028275;0.9151370985184837;0.0018491719698490656;-1701.8878475844942;-1701.2863824050798;-1732.7804946803976;-1709.137714202659;-1686.369275483074;-1706.2923428711408;15.173042920599464;40;-1551.423959376194;-1543.4270762743915;-1536.1924676743643;-1536.7692052004684;-1551.6349866990347;-1543.8895390448909;6.736725950266099;-0.1048671095865276;-0.10431445145254326;-0.10204692299019916;-0.10519334048866995;-0.10329555380741189;-0.10394347566507038;0.0011462634527212299;40;-0.09421523182272298;-0.09400240600658889;-0.09452123613017906;-0.09330760201893015;-0.09437377643639998;-0.09408405048296423;0.0004246925946962774;-1050.816260264266;-1050.0431579884971;-1051.0053623939057;-1030.0533717522094;-1044.2519864546057;-1045.2340277706967;7.987666476452528;40;-950.7973828039194;-948.0270415152054;-948.2602171448543;-947.1890939613331;-949.9234110778398;-948.8394293006304;1.321186268608904;-2866.257594463115;-3166.5853105845013;-3599.1505706538587;-3213.711872061823;-2963.9588683601373;-3161.932843224687;253.17172113491173;40;-2884.7121136815167;-2823.702593113303;-2763.527600821208;-2826.9533351658465;-2883.13150429514;-2836.4054294154025;44.89709089657835;10.519068865944812;-2.2706257532345058;RandomForest;False;5327.5425760746;;;;;;;;;;;;;;400.0;25.0;3.0;0.001;0.8;sqrt;18;squared_error;5,00E-05;True;;;;;;;;;;;;;;;;;1543.8895390448909;1706.2923428711408
97;59.7141197681427;0.5497847065125018;8.092975854873657;0.47326232108146427;RobustScaler();;;;;;0.25;8;{'scaler__scaler': RobustScaler(), 'regressor__n_estimators': 300, 'regressor__min_samples_split': 25, 'regressor__min_samples_leaf': 4, 'regressor__min_impurity_decrease': 0.0005, 'regressor__max_samples': 0.75, 'regressor__max_features': 0.5, 'regressor__max_depth': 20, 'regressor__criterion': 'squared_error', 'regressor__ccp_alpha': 5e-05, 'regressor__bootstrap': True, 'feature_selection__spearman_thr': 0.25, 'feature_selection__rfe_k': 8};0.9244686724952553;0.9054911437801249;0.8894246715923674;0.9104109289334422;0.9384500377573997;0.913649090911718;0.016709342272179923;31;0.925005084190739;0.9278489761866017;0.9296924849931173;0.9258332469500892;0.9417007919993026;0.93001611686397;0.006065306562577577;-1598.8388624115773;-1608.0043104858237;-1623.708583500066;-1599.6819372825241;-1393.4720794230084;-1564.7411546206;86.09932219563463;32;-1458.1036847962255;-1454.1881119807365;-1449.7626011061416;-1456.9702408744367;-1285.6114236912338;-1420.9272124897548;67.71900731414475;-0.10028482873382723;-0.09990068220349761;-0.09734330184220108;-0.10026339509713406;-0.08888250974494179;-0.09733494352432034;0.004365876154671966;32;-0.08997125307289375;-0.09001756512317555;-0.09055492824991235;-0.08972678591561144;-0.08125825605719293;-0.08830575768375722;0.003534106060906903;-1019.1501393544404;-1000.1581893961084;-999.5512263506243;-1001.1019312391254;-885.129230376906;-981.0181433434409;48.50135629974654;33;-914.2548737480265;-911.332199638865;-915.9009449160912;-915.4482009433632;-809.3395219071317;-893.2551482306956;41.98800851890064;-2622.876306098995;-2990.216109460423;-3340.9251152304637;-2946.4648640381456;-2359.5741131920377;-2852.011301604013;335.2777929484926;31;-2679.5013152063575;-2616.088466346738;-2560.730562479715;-2644.347162409388;-2364.384962010723;-2573.010493690584;111.31966248458845;10.121133641944526;-1.7598647652948125;RandomForest;False;5327.5425760746;;;;;;;;;;;;;;300.0;25.0;4.0;0.0005;0.75;0.5;20;squared_error;5,00E-05;True;;;;;;;;;;;;;;;;;1420.9272124897548;1564.7411546206
98;50.24758253097534;0.6550330537720166;7.953329944610596;0.10104589250254986;MinMaxScaler();;;;;;0.3;8;{'scaler__scaler': MinMaxScaler(), 'regressor__n_estimators': 300, 'regressor__min_samples_split': 24, 'regressor__min_samples_leaf': 2, 'regressor__min_impurity_decrease': 0.0005, 'regressor__max_samples': 0.75, 'regressor__max_features': 'sqrt', 'regressor__max_depth': 19, 'regressor__criterion': 'squared_error', 'regressor__ccp_alpha': 5e-05, 'regressor__bootstrap': True, 'feature_selection__spearman_thr': 0.3, 'feature_selection__rfe_k': 8};0.9402736398499957;0.9231116773322745;0.899949276739898;0.9273018131811376;0.9354411670585134;0.9252155148323638;0.013989086123609636;24;0.9409992685035674;0.9426951595934883;0.9395843588297504;0.9400157138835405;0.9414157949556078;0.9409420591531908;0.0010956756272644552;-1429.8580767872231;-1449.2874271414607;-1514.4373468251108;-1444.5281590454613;-1413.7982762755425;-1450.3818572149598;34.345751603476;27;-1299.674545297332;-1293.074924139703;-1335.180345384434;-1297.4571748169294;-1301.4302459838177;-1305.3634471244434;15.168375232732224;-0.09246460389934638;-0.09256170310989488;-0.09218799230278986;-0.0931566834648702;-0.0904659133855009;-0.09216737923248045;0.0009075205357701163;27;-0.08260783486213359;-0.08236768490619678;-0.08481445614989663;-0.08220297590595067;-0.0827704632436202;-0.08295268301355957;0.0009510633034769411;-913.833563117324;-903.5910170377028;-931.2670691685153;-896.8135983231041;-891.7441656407209;-907.4498826574734;14.019277334003633;27;-819.8039424027629;-814.5995774363873;-845.4945816578193;-822.3300748452166;-822.7907716066511;-825.0037895897674;10.65086663145963;-2332.369080102207;-2697.096693868684;-3177.9549656774034;-2654.211578863809;-2416.5598905189504;-2655.6384418062107;295.363168866041;24;-2376.6583841336565;-2331.4538905081495;-2373.76490742336;-2378.113535980339;-2370.157091943565;-2366.029561997814;17.500533811701278;11.1094278309979;-1.671361607002703;RandomForest;False;5327.5425760746;;;;;;;;;;;;;;300.0;24.0;2.0;0.0005;0.75;sqrt;19;squared_error;5,00E-05;True;;;;;;;;;;;;;;;;;1305.3634471244434;1450.3818572149598
99;50.51465520858765;0.25527546900302134;7.89395170211792;0.1072346428194462;RobustScaler();;;;;;0.2;5;{'scaler__scaler': RobustScaler(), 'regressor__n_estimators': 300, 'regressor__min_samples_split': 30, 'regressor__min_samples_leaf': 2, 'regressor__min_impurity_decrease': 0.001, 'regressor__max_samples': 0.75, 'regressor__max_features': 'sqrt', 'regressor__max_depth': 20, 'regressor__criterion': 'squared_error', 'regressor__ccp_alpha': 0.0001, 'regressor__bootstrap': True, 'feature_selection__spearman_thr': 0.2, 'feature_selection__rfe_k': 5};0.9165433624706305;0.8989917685460228;0.8811669891567364;0.9022357338626487;0.9286499480923031;0.9055175604256682;0.016143000565345268;35;0.917571381304533;0.92071627186101;0.9243300949452975;0.920265956266398;0.9351271757071102;0.9236021760168697;0.006151175070000894;-1650.594162536728;-1660.442077752179;-1679.3489334492247;-1655.8897215185923;-1473.0596975944054;-1623.866918570226;76.02449555424019;35;-1518.3733466892668;-1512.2447426367874;-1503.5389249672992;-1507.0969143042603;-1365.606029937668;-1481.3719917070562;58.098415637048916;-0.10323519818642926;-0.10305232910449164;-0.10077500568933723;-0.10351483008983682;-0.09391086676574201;-0.10089764596716737;0.0036273016631985567;38;-0.09362250346136357;-0.09357137712402284;-0.0941120852704239;-0.09305110788833737;-0.08622677745226515;-0.09211677023928257;0.0029640984353516094;-1043.5427682437448;-1042.0092245500655;-1033.1776113488813;-1021.0989238260399;-931.2039332241384;-1014.206492238574;42.26214095444349;38;-950.3854989753554;-946.4649101321666;-948.7382029576402;-951.9998959597251;-859.5409766339799;-931.4258969317734;35.989124940315364;-2757.0503192138285;-3091.3252899198224;-3463.428072787941;-3077.96602806621;-2540.486398988454;-2986.0512217952514;315.717925877192;35;-2809.163873685402;-2742.3520642492304;-2656.5904386952943;-2741.7997505743933;-2494.1252776133797;-2688.80628096354;108.719788827383;9.619118469964194;-1.9580525101395094;RandomForest;False;5327.5425760746;;;;;;;;;;;;;;300.0;30.0;2.0;0.001;0.75;sqrt;20;squared_error;0.0001;True;;;;;;;;;;;;;;;;;1481.3719917070562;1623.866918570226
100;54.8513041973114;3.1695518572007986;8.186550998687744;0.06341306214747386;RobustScaler();;;;;;0.3;10;{'scaler__scaler': RobustScaler(), 'regressor__n_estimators': 400, 'regressor__min_samples_split': 35, 'regressor__min_samples_leaf': 2, 'regressor__min_impurity_decrease': 0.0005, 'regressor__max_samples': 0.75, 'regressor__max_features': 'sqrt', 'regressor__max_depth': 20, 'regressor__criterion': 'squared_error', 'regressor__ccp_alpha': 0.0001, 'regressor__bootstrap': True, 'feature_selection__spearman_thr': 0.3, 'feature_selection__rfe_k': 10};0.9216109112441527;0.9004749021192621;0.8777757880857734;0.9016607842542372;0.9364106953768562;0.9075866162160564;0.02000942690908799;34;0.9169346560100763;0.9206613704598046;0.917218192607268;0.9180102239018415;0.9391949358277342;0.922403875761345;0.008498045351769427;-1583.8511156230823;-1602.3786500127953;-1685.070533230076;-1610.7391795491887;-1392.5134846822782;-1574.910592619484;97.49054545862937;33;-1491.4550581605813;-1484.4955718244473;-1537.2697452669331;-1485.3793704368204;-1310.2258480276228;-1461.765118743281;78.25713779385704;-0.0993799521945046;-0.09971611017120101;-0.10054587422375275;-0.10044146310955304;-0.08835444693859099;-0.09768756932752047;0.004687006487988286;33;-0.09180798288375766;-0.09161995274095795;-0.09547724459379586;-0.09143474588734726;-0.08262279080789564;-0.09059254338275088;0.00425721576277932;-974.6832334646078;-962.8761993995558;-1013.6079962873955;-955.4370921954887;-876.546892725737;-956.630282814557;44.77980215616044;32;-903.0601018759407;-898.8543510564805;-942.4885132184818;-906.8808292117574;-822.7819617736313;-894.8131514272584;39.220924869507016;-2672.0344863537407;-3068.545942469375;-3512.4992905387844;-3087.0034872479496;-2398.345603062016;-2947.685761934373;382.30594287800574;34;-2819.992787437179;-2743.3013947057;-2778.6283524181054;-2780.3129835971417;-2414.664163004909;-2707.379936232607;148.35774030253077;7.740332042775612;-1.606374380534613;RandomForest;False;5327.5425760746;;;;;;;;;;;;;;400.0;35.0;2.0;0.0005;0.75;sqrt;20;squared_error;0.0001;True;;;;;;;;;;;;;;;;;1461.765118743281;1574.910592619484
101;61.40195393562317;2.508686514541241;8.245529747009277;0.07528074444800742;MinMaxScaler();;;;;;0.3;9;{'scaler__scaler': MinMaxScaler(), 'regressor__n_estimators': 400, 'regressor__min_samples_split': 30, 'regressor__min_samples_leaf': 4, 'regressor__min_impurity_decrease': 0.001, 'regressor__max_samples': 0.8, 'regressor__max_features': 'sqrt', 'regressor__max_depth': 19, 'regressor__criterion': 'squared_error', 'regressor__ccp_alpha': 0.0001, 'regressor__bootstrap': True, 'feature_selection__spearman_thr': 0.3, 'feature_selection__rfe_k': 9};0.938462605097953;0.9204851409686192;0.9004290631071277;0.9222475667827863;0.9337735617382995;0.9230795875389572;0.013202030010407609;27;0.9357144869996314;0.9384432830437682;0.9365435414100877;0.935494711618662;0.9361395196286614;0.9364671085401621;0.0010517050064975193;-1445.703991889535;-1461.6806543430557;-1497.826754829871;-1460.4175825229463;-1428.1418335232388;-1458.7541634217293;23.001827885627723;28;-1333.2969274888546;-1326.5267622123158;-1362.2058862371641;-1331.618281323524;-1335.1973896703446;-1337.7690493864407;12.553830267296311;-0.09271739174227009;-0.09284073095868427;-0.09212490988875596;-0.09326308099991193;-0.09097485475476719;-0.09238419366887787;0.0007931398927313154;28;-0.08413370837410147;-0.08389897976846265;-0.08737951650927235;-0.08377129082221284;-0.08428314265078186;-0.08469332762496623;0.0013548561933960628;-919.0182865877214;-917.0524174631137;-916.3320432629225;-899.9569460640296;-906.474624569677;-911.7668635894928;7.33270791047874;28;-838.1933587914637;-836.4324463450157;-865.3642485715504;-840.3990006944987;-839.4145515638993;-843.9607211932856;10.7833379498911;-2367.4662938362007;-2742.776816687841;-3170.325976298984;-2744.926653714909;-2447.5717215838163;-2694.6134924243497;282.562705749161;28;-2480.816378974948;-2416.400415462648;-2432.769297936615;-2466.1046276824372;-2474.5882792115362;-2454.135799853637;25.115320794427703;9.043796766772093;-1.4295772781677718;RandomForest;False;5327.5425760746;;;;;;;;;;;;;;400.0;30.0;4.0;0.001;0.8;sqrt;19;squared_error;0.0001;True;;;;;;;;;;;;;;;;;1337.7690493864407;1458.7541634217293
102;67.47912821769714;1.4367549868733536;8.040967798233032;0.07416397409207368;MinMaxScaler();;;;;;0.2;14;{'scaler__scaler': MinMaxScaler(), 'regressor__n_estimators': 300, 'regressor__min_samples_split': 24, 'regressor__min_samples_leaf': 3, 'regressor__min_impurity_decrease': 0.0005, 'regressor__max_samples': 0.8, 'regressor__max_features': 0.5, 'regressor__max_depth': 19, 'regressor__criterion': 'squared_error', 'regressor__ccp_alpha': 0.0001, 'regressor__bootstrap': True, 'feature_selection__spearman_thr': 0.2, 'feature_selection__rfe_k': 14};0.9457605292339565;0.929044924784967;0.9128437693618827;0.9353911889836655;0.9432568421738723;0.9332594509076688;0.011792636533804317;5;0.9481819286427753;0.9495154865044628;0.9509522088623314;0.9488218227721433;0.9483294181281577;0.9491601729819742;0.0010098749204290576;-1358.197388979845;-1373.9038121374235;-1390.882294114585;-1357.2017425468866;-1330.988294624105;-1362.2347064805692;19.873707336793654;2;-1203.193998555334;-1200.596623076132;-1204.2146487321106;-1195.8044645363552;-1205.174646182119;-1201.7968762164103;3.363227915347034;-0.087023656242857;-0.0871090065927112;-0.08468393487970975;-0.08670300915520711;-0.08470779451399989;-0.086045480276897;0.0011102675118620988;2;-0.07576969164992602;-0.07574743174882252;-0.07658442100849634;-0.0750517522083919;-0.07599370406146642;-0.07582940013542064;0.0004923560737815084;-854.9690909038345;-861.2145270422552;-847.2055076808283;-843.9079514869318;-837.7102026293223;-849.0014559486344;8.2635753992961;2;-758.9758964222383;-757.099229250688;-761.7637050021092;-757.1870147621721;-759.6851102534274;-758.9421911381271;1.7315402375897702;-2222.6545693511616;-2590.944174718425;-2966.107193154593;-2502.186198468416;-2265.564745738957;-2509.4913762863102;267.19336934609726;5;-2227.299840449297;-2188.317154282543;-2138.812618136007;-2196.6266311335776;-2225.9148003903692;-2195.3942088783588;32.25695524839794;13.34982919653292;-1.6752411791942465;RandomForest;False;5327.5425760746;;;;;;;;;;;;;;300.0;24.0;3.0;0.0005;0.8;0.5;19;squared_error;0.0001;True;;;;;;;;;;;;;;;;;1201.7968762164103;1362.2347064805692
103;73.55566835403442;1.8302353316932567;8.346816062927246;0.06860613675049633;StandardScaler();;;;;;0.25;12;{'scaler__scaler': StandardScaler(), 'regressor__n_estimators': 400, 'regressor__min_samples_split': 25, 'regressor__min_samples_leaf': 3, 'regressor__min_impurity_decrease': 0.001, 'regressor__max_samples': 0.75, 'regressor__max_features': 0.5, 'regressor__max_depth': 19, 'regressor__criterion': 'squared_error', 'regressor__ccp_alpha': 0.0001, 'regressor__bootstrap': True, 'feature_selection__spearman_thr': 0.25, 'feature_selection__rfe_k': 12};0.944188587477037;0.928011065154219;0.9114447243568967;0.9328592910104634;0.942440089716276;0.9317887515429785;0.011802570460919183;9;0.9457686688109999;0.9472369666233136;0.9483106642353489;0.9463470197307411;0.9460318717410534;0.9467390382282913;0.0009287971513455257;-1376.1105423332237;-1383.8470016256724;-1407.9596670176647;-1372.9246926244573;-1342.4541823279824;-1376.6592171858001;21.05048470819042;9;-1232.8964943385247;-1227.3144457028775;-1234.1553220799508;-1221.8861100467993;-1232.1743390363495;-1229.6853422409004;4.537322907064498;-0.08804760589604003;-0.08775210999102136;-0.0857889030257418;-0.08764721006300924;-0.08545643919771825;-0.08693845363470613;0.0010874212131153252;9;-0.07762091426753938;-0.0774148401545473;-0.0784345767561996;-0.07675424637453249;-0.07772684768461773;-0.0775902850474873;0.0005407693714544332;-866.9393641534389;-861.694811799236;-859.90640035871;-855.7984509719072;-847.4509909329818;-858.3580036432547;6.522051907236898;9;-777.3425207388727;-774.3874214857051;-777.748457317286;-771.9898875540957;-777.7623414768132;-775.8461257145545;2.3034034479667493;-2254.6324748185657;-2609.7517479838234;-2989.818617922503;-2550.743046081378;-2281.8115896281165;-2537.3514952868773;266.6001932512712;9;-2278.574307381207;-2237.154896062663;-2195.651892152897;-2249.110344071422;-2274.864529224935;-2247.0711937786245;30.03781395466088;11.952153115614433;-1.5791349127517242;RandomForest;False;5327.5425760746;;;;;;;;;;;;;;400.0;25.0;3.0;0.001;0.75;0.5;19;squared_error;0.0001;True;;;;;;;;;;;;;;;;;1229.6853422409004;1376.6592171858001
104;81.66445183753967;2.0932117657251075;8.409782886505127;0.07985908561331102;MinMaxScaler(feature_range=(-1, 1));;;;;;0.2;14;{'scaler__scaler': MinMaxScaler(feature_range=(-1, 1)), 'regressor__n_estimators': 400, 'regressor__min_samples_split': 25, 'regressor__min_samples_leaf': 2, 'regressor__min_impurity_decrease': 0.001, 'regressor__max_samples': 0.8, 'regressor__max_features': 0.5, 'regressor__max_depth': 19, 'regressor__criterion': 'squared_error', 'regressor__ccp_alpha': 5e-05, 'regressor__bootstrap': True, 'feature_selection__spearman_thr': 0.2, 'feature_selection__rfe_k': 14};0.9467706866294766;0.9315901642328597;0.9144227812149085;0.9370886822586533;0.9439565364180833;0.9347657701507963;0.011470883110663336;1;0.9510615793525105;0.9520124868305141;0.9526042346237025;0.9506394797848375;0.9510359097213708;0.9514707380625872;0.0007246768993550852;-1351.8935292914543;-1362.5381538460535;-1384.78123944061;-1352.726029634629;-1326.7371869670576;-1355.735227835961;18.733130481542904;1;-1192.053804161946;-1182.1627688534793;-1194.0266250815348;-1185.5407472769784;-1193.7761072557882;-1189.5120105259452;4.791811042766958;-0.08674572228260902;-0.08647139883325008;-0.08449250870769892;-0.08651826301966124;-0.0846073353707421;-0.08576704564279228;0.0009987613572377376;1;-0.07525305852887416;-0.07461279045408646;-0.07604045570459551;-0.07453731077497043;-0.07541393836389008;-0.07517151076528333;0.0005540513513612194;-853.2112901915752;-853.9185959316064;-846.0327204876958;-841.7154867652466;-839.1048383497064;-846.796586345166;5.957104954613605;1;-755.2167162052046;-749.8445397202759;-757.0136063735035;-754.1568165502285;-756.1441208252536;-754.4751599348932;2.502919597584659;-2201.859904285985;-2544.0497341387377;-2939.115860463955;-2469.0969378231903;-2251.5531910370587;-2481.1351255497852;262.50791734982596;1;-2164.5271538784746;-2133.51302841934;-2102.4843955322913;-2157.2660143610465;-2166.834321914044;-2144.924982821039;24.281686357454507;13.974068007646249;-1.755699596795381;RandomForest;False;5327.5425760746;;;;;;;;;;;;;;400.0;25.0;2.0;0.001;0.8;0.5;19;squared_error;5,00E-05;True;;;;;;;;;;;;;;;;;1189.5120105259452;1355.735227835961
105;49.75496850013733;0.7958877791426245;7.989397859573364;0.08626222905775013;MinMaxScaler(feature_range=(-1, 1));;;;;;0.3;9;{'scaler__scaler': MinMaxScaler(feature_range=(-1, 1)), 'regressor__n_estimators': 300, 'regressor__min_samples_split': 35, 'regressor__min_samples_leaf': 4, 'regressor__min_impurity_decrease': 0.0005, 'regressor__max_samples': 0.8, 'regressor__max_features': 'sqrt', 'regressor__max_depth': 18, 'regressor__criterion': 'squared_error', 'regressor__ccp_alpha': 0.0001, 'regressor__bootstrap': True, 'feature_selection__spearman_thr': 0.3, 'feature_selection__rfe_k': 9};0.9320353647001094;0.9117037165592446;0.8927635105545342;0.912279787137489;0.924327903733771;0.9146220565370298;0.013335859459545185;30;0.925311686435317;0.9285372911421464;0.9297773142005665;0.9265626147618975;0.925944819283718;0.9272267451647291;0.0016718125647910585;-1501.9927014777704;-1519.6773701118311;-1572.0570624604713;-1521.3731580508447;-1490.4150778576154;-1521.1030739917067;27.947715334797962;30;-1414.79247386898;-1408.3455742810072;-1429.7020205200654;-1407.6730221082057;-1419.5087426817067;-1416.004366691993;8.117184973299965;-0.09613457416152826;-0.09619728578146253;-0.09586430433818392;-0.09674289792636302;-0.09447827383782442;-0.09588346720907244;0.0007582998855322697;30;-0.08883881157191507;-0.0886297828432192;-0.09086086430626607;-0.08825314386159817;-0.08923640271784984;-0.08916380106016966;0.000906132972446118;-957.2225362936388;-948.1919227729959;-965.8639860547737;-929.9611865773122;-937.0767176122235;-947.6632698621888;13.025850910374526;31;-880.6134245704334;-880.1529749804631;-904.9367434708602;-880.8617578501435;-886.6532858043429;-886.6436373352486;9.450503895081518;-2488.030766428989;-2890.264143649688;-3290.0986233767994;-2915.570774803236;-2616.3004140522116;-2840.052944462185;277.3986405969158;30;-2674.018393413346;-2603.579925613494;-2559.1852774094023;-2631.3125689090916;-2664.799781568872;-2626.5791893828414;41.96332239671662;7.422202203037028;-1.3593965762344404;RandomForest;False;5327.5425760746;;;;;;;;;;;;;;300.0;35.0;4.0;0.0005;0.8;sqrt;18;squared_error;0.0001;True;;;;;;;;;;;;;;;;;1416.004366691993;1521.1030739917067
106;59.8739296913147;0.9724768281324875;8.41883955001831;0.19037427352475128;MinMaxScaler();;;;;;0.2;12;{'scaler__scaler': MinMaxScaler(), 'regressor__n_estimators': 400, 'regressor__min_samples_split': 26, 'regressor__min_samples_leaf': 2, 'regressor__min_impurity_decrease': 0.0005, 'regressor__max_samples': 0.75, 'regressor__max_features': 'sqrt', 'regressor__max_depth': 19, 'regressor__criterion': 'squared_error', 'regressor__ccp_alpha': 5e-05, 'regressor__bootstrap': True, 'feature_selection__spearman_thr': 0.2, 'feature_selection__rfe_k': 12};0.9442098833217278;0.9274178842658043;0.9071375790878011;0.9314942316467962;0.9390753025637212;0.9298669761771702;0.012773282771461836;14;0.9440507291114877;0.9453035843925146;0.944977358857282;0.9425973795909278;0.9442272111653323;0.9442312526235088;0.0009390118309442418;-1382.370020698609;-1396.6076273114513;-1436.2219625380123;-1389.2638368429346;-1363.3424195078153;-1393.5611733797646;24.025427773005493;12;-1259.0953867491928;-1254.9134720421582;-1280.3394219460217;-1265.1677486770811;-1260.6735764888915;-1264.0379211806692;8.786563278860896;-0.08963961732166048;-0.08939334525334966;-0.08816944223256516;-0.09010928266699991;-0.08725832129469055;-0.08891400175385315;0.0010469604832733996;14;-0.0800565056106027;-0.07988307019717508;-0.08196953556169624;-0.08041046658251913;-0.08012774175390364;-0.08048946394117937;0.000759323621927509;-885.6626010587897;-873.8325908770603;-886.0724776618517;-866.8108439997113;-865.2682862914644;-875.5293599777755;8.922119532297739;14;-796.5918526020323;-796.9541120723734;-817.6873004941281;-806.9715239886955;-799.2948524350322;-803.4999283184522;8.019792882180106;-2254.2022860641405;-2620.481723252881;-3061.6646728395776;-2576.54256028111;-2347.5584704098674;-2572.089942569515;280.53946278905386;13;-2314.3832592962845;-2277.7738909195177;-2265.3417407630727;-2326.374863756828;-2312.586796142799;-2299.2921101757006;23.467544999384053;10.246785324139228;-1.5212667878158104;RandomForest;False;5327.5425760746;;;;;;;;;;;;;;400.0;26.0;2.0;0.0005;0.75;sqrt;19;squared_error;5,00E-05;True;;;;;;;;;;;;;;;;;1264.0379211806692;1393.5611733797646
107;50.48325910568237;0.43963554505130376;7.960433769226074;0.05101928601237749;RobustScaler();;;;;;0.25;13;{'scaler__scaler': RobustScaler(), 'regressor__n_estimators': 300, 'regressor__min_samples_split': 26, 'regressor__min_samples_leaf': 4, 'regressor__min_impurity_decrease': 0.0005, 'regressor__max_samples': 0.75, 'regressor__max_features': 'sqrt', 'regressor__max_depth': 20, 'regressor__criterion': 'squared_error', 'regressor__ccp_alpha': 0.0001, 'regressor__bootstrap': True, 'feature_selection__spearman_thr': 0.25, 'feature_selection__rfe_k': 13};0.9407382526528811;0.9226108080016929;0.9041678725876585;0.9251031469175581;0.9359034751936838;0.925704711070695;0.012679051144425623;22;0.9364042764203578;0.9387363080362601;0.939932115399877;0.9372209260565528;0.9371782734001337;0.9378943798626362;0.001268697436943215;-1412.6817083831327;-1432.0734849703083;-1453.9837958033695;-1424.3451522029113;-1398.2510292902864;-1424.2670341300018;18.735447590000817;18;-1311.9982269796437;-1307.4082775084917;-1314.3661133773414;-1308.2976876010082;-1313.5929636449123;-1311.1326538222795;2.798771673815761;-0.09161947542764384;-0.09178401328109663;-0.08930186471829225;-0.09209513792205067;-0.08989068695386196;-0.09093823566058908;0.0011218661595664822;23;-0.08356772800103617;-0.0833719870588106;-0.08426965968953438;-0.08318929222411622;-0.08381878739636069;-0.08364349087397162;0.0003764484040178314;-901.7259919795179;-890.1518590297737;-892.1403961878359;-881.2798098334233;-880.6643709372174;-889.1924855935537;7.772239495352452;19;-825.9915219581185;-822.2595470853321;-830.2551389649643;-825.7144495151024;-824.8083809661148;-825.8058076979265;2.584964574055862;-2323.2795909557863;-2705.8672073459215;-3110.234876573437;-2694.049276496727;-2407.8918081823776;-2648.26455191085;276.4869503473718;22;-2467.4707895102283;-2410.642226904043;-2366.923271257131;-2432.8833719605454;-2454.3799542716756;-2426.459922780725;35.48941370385131;8.628751635306104;-1.2996845970786788;RandomForest;False;5327.5425760746;;;;;;;;;;;;;;300.0;26.0;4.0;0.0005;0.75;sqrt;20;squared_error;0.0001;True;;;;;;;;;;;;;;;;;1311.1326538222795;1424.2670341300018
108;59.67511405944824;0.8476592555256712;8.271042203903198;0.0733853523343986;RobustScaler();;;;;;0.25;12;{'scaler__scaler': RobustScaler(), 'regressor__n_estimators': 400, 'regressor__min_samples_split': 24, 'regressor__min_samples_leaf': 4, 'regressor__min_impurity_decrease': 0.0005, 'regressor__max_samples': 0.8, 'regressor__max_features': 'sqrt', 'regressor__max_depth': 18, 'regressor__criterion': 'squared_error', 'regressor__ccp_alpha': 0.0001, 'regressor__bootstrap': True, 'feature_selection__spearman_thr': 0.25, 'feature_selection__rfe_k': 12};0.9419798416503931;0.9256421233944304;0.9054201743105558;0.9263622239599524;0.9382811176526881;0.9275370961936039;0.012791844071116023;17;0.9391848412603885;0.9422641032631379;0.9421368103351135;0.9389804804917241;0.9400842015422394;0.9405300873785206;0.0014140829217765688;-1399.4836331412891;-1410.7874065527049;-1440.0721055759484;-1416.8415376794812;-1374.0218571090356;-1408.2413080116917;21.639380448205703;15;-1288.9431908074837;-1278.2759809841377;-1290.0515312243408;-1295.0729367740778;-1284.6623736883305;-1287.4012026956739;5.639651195468186;-0.09038793883295358;-0.09037961077729402;-0.08815323763503637;-0.09151648772364535;-0.08808641737085557;-0.08970473846795697;0.0013587324052958785;16;-0.08169976424888176;-0.0814589584253052;-0.08238455804329434;-0.08221437655291952;-0.08175205428541678;-0.08190194231116352;0.000343543363371266;-885.9416248180896;-879.9977296801953;-879.1767465396842;-876.8328724411485;-863.6572733458306;-877.1212493649897;7.37102492557562;15;-808.8757417023062;-804.4303539741059;-817.7443715142754;-818.9751659950998;-805.8014157452508;-811.1654097862076;6.060544831278678;-2298.8133253709875;-2652.343774362442;-3089.8463028020947;-2671.3087193915044;-2362.809748090212;-2615.0243740034484;280.5773241189594;17;-2412.925904595478;-2340.2062498680934;-2323.080160018307;-2398.546979916903;-2396.9420626120586;-2374.3402714021686;35.7166270443221;9.386359517374395;-1.3814540714089474;RandomForest;False;5327.5425760746;;;;;;;;;;;;;;400.0;24.0;4.0;0.0005;0.8;sqrt;18;squared_error;0.0001;True;;;;;;;;;;;;;;;;;1287.4012026956739;1408.2413080116917
109;56.957243251800534;0.7502067411122624;8.198929023742675;0.10746836535443037;RobustScaler();;;;;;0.2;5;{'scaler__scaler': RobustScaler(), 'regressor__n_estimators': 400, 'regressor__min_samples_split': 30, 'regressor__min_samples_leaf': 4, 'regressor__min_impurity_decrease': 0.001, 'regressor__max_samples': 0.8, 'regressor__max_features': 'sqrt', 'regressor__max_depth': 20, 'regressor__criterion': 'squared_error', 'regressor__ccp_alpha': 5e-05, 'regressor__bootstrap': True, 'feature_selection__spearman_thr': 0.2, 'feature_selection__rfe_k': 5};0.9148517093972652;0.8969869693693361;0.8774382382775191;0.8982168050539813;0.9266199950859726;0.902822743436815;0.01679672133284615;38;0.912731461378958;0.9156618873465884;0.919405100024144;0.915470525289772;0.9298443198731732;0.918622658782527;0.005999103463514217;-1664.8998603471825;-1678.8980432282854;-1695.9961795324275;-1675.3925315496558;-1490.0274920209497;-1641.0428213357004;76.1676834252629;39;-1550.7635561673271;-1545.1280143919714;-1535.4504980978659;-1538.7462747015352;-1397.053475912334;-1513.4283638542067;58.42579906013528;-0.10420683904517772;-0.10418257300474631;-0.10175532516063512;-0.1045176569544061;-0.09506058573201484;-0.10194459597939601;0.003582522802849311;39;-0.09567243234411313;-0.09552923612819805;-0.09600917157215784;-0.09488651675165122;-0.0881397114693232;-0.09404741365308869;0.002976239803141988;-1054.8660612655076;-1058.2612473096924;-1050.1079322754158;-1035.7771018048707;-950.4983407930813;-1029.9021366897136;40.435600350512075;39;-972.1135714120958;-967.1035088526987;-970.8908523982191;-970.793240695908;-879.0255188046867;-951.9853384327216;36.518476873265165;-2784.852629639812;-3121.85268363572;-3517.34622702641;-3140.5939476944013;-2576.372149017477;-3028.203527402764;323.73866175270655;38;-2890.4596778362557;-2828.4148978134504;-2741.6801709174338;-2823.045791073472;-2593.6912724825793;-2775.4583620246385;102.44462090290403;8.432143901182174;-1.719957067753154;RandomForest;False;5327.5425760746;;;;;;;;;;;;;;400.0;30.0;4.0;0.001;0.8;sqrt;20;squared_error;5,00E-05;True;;;;;;;;;;;;;;;;;1513.4283638542067;1641.0428213357004
110;63.40646796226501;1.508731296751933;7.9573736667633055;0.0558843729553724;RobustScaler();;;;;;0.2;12;{'scaler__scaler': RobustScaler(), 'regressor__n_estimators': 300, 'regressor__min_samples_split': 25, 'regressor__min_samples_leaf': 2, 'regressor__min_impurity_decrease': 0.001, 'regressor__max_samples': 0.75, 'regressor__max_features': 0.5, 'regressor__max_depth': 18, 'regressor__criterion': 'squared_error', 'regressor__ccp_alpha': 0.0001, 'regressor__bootstrap': True, 'feature_selection__spearman_thr': 0.2, 'feature_selection__rfe_k': 12};0.9455400305267864;0.9309830774706112;0.9128520188675587;0.9349204209462914;0.9431072220088883;0.9334805539640272;0.01159267681427977;4;0.9487544264851302;0.9499624584166754;0.9504798954034245;0.9483010162464544;0.9486510481733743;0.9492297689450118;0.000839416438328294;-1367.3598356616828;-1375.4599953233715;-1402.211284363885;-1367.6636885785617;-1338.6206126716809;-1370.2630833198364;20.318105684479328;5;-1220.44631157031;-1213.9099448427676;-1222.3672446145163;-1210.39031715817;-1221.072135754574;-1217.6371907880675;4.657745279375301;-0.08765220790774289;-0.0873969182078413;-0.08561652726187534;-0.08748227977127918;-0.08531078606352403;-0.08669174384245255;0.001010726891243385;5;-0.07685566067502882;-0.07669281643223291;-0.07777631391999816;-0.07604652869200766;-0.07714536469515301;-0.07690333688288412;0.0005659290637758259;-862.027435501197;-857.9047242469514;-855.0421528906227;-850.9412719954407;-842.5585533222365;-853.6948275912897;6.641830213259465;6;-771.0777281076253;-770.8979834979114;-775.6924617697405;-767.8789654685206;-773.6313796792801;-771.8357037046155;2.6536261469756273;-2227.1678451174826;-2555.3130819873527;-2965.966815943569;-2511.2856640523064;-2268.54969605408;-2505.656620630958;263.87823629936327;4;-2214.96180975295;-2178.608326309243;-2149.085962313289;-2207.775149736665;-2218.97624252936;-2193.8814981283017;26.48421830498261;12.534595172227597;-1.6591572974463806;RandomForest;False;5327.5425760746;;;;;;;;;;;;;;300.0;25.0;2.0;0.001;0.75;0.5;18;squared_error;0.0001;True;;;;;;;;;;;;;;;;;1217.6371907880675;1370.2630833198364
111;62.16068859100342;1.4579608674598308;8.001204204559325;0.12336663213543789;MinMaxScaler();;;;;;0.3;8;{'scaler__scaler': MinMaxScaler(), 'regressor__n_estimators': 300, 'regressor__min_samples_split': 24, 'regressor__min_samples_leaf': 4, 'regressor__min_impurity_decrease': 0.0005, 'regressor__max_samples': 0.8, 'regressor__max_features': 0.5, 'regressor__max_depth': 20, 'regressor__criterion': 'squared_error', 'regressor__ccp_alpha': 5e-05, 'regressor__bootstrap': True, 'feature_selection__spearman_thr': 0.3, 'feature_selection__rfe_k': 8};0.940401021779405;0.9238346609552786;0.9020613429284303;0.9273771963257462;0.9389174899505371;0.9265183423878796;0.01380255227156354;20;0.9424264903595209;0.9446963190276342;0.9414734743279893;0.942555124692967;0.9426924834333456;0.9427687783682914;0.0010546900436875823;-1423.3348519422696;-1430.4813937828112;-1489.5206639033327;-1430.9736879584239;-1393.228164076989;-1433.507752332765;31.23766868173168;23;-1270.49361599435;-1263.886079972953;-1305.1555837761935;-1268.1093608574067;-1272.6300026223137;-1276.0549286446433;14.837246181109418;-0.09095926360557606;-0.0904965258248796;-0.09026839098024557;-0.09129645708624462;-0.08866758203140253;-0.09033764390566967;0.000908281879415005;21;-0.08006152641599489;-0.07979469213583407;-0.08261033262904702;-0.07960797002520545;-0.08020796976363577;-0.08045649819394343;0.001096791609338538;-898.4192290100182;-893.2724042870668;-913.1722741686372;-882.0687381878597;-881.1239698207755;-893.6113230948715;11.790054200766779;23;-798.6931597279518;-797.5162905258485;-821.8203228173188;-800.894619619683;-799.7269266334433;-803.7302638648491;9.113766542117387;-2329.8805620216854;-2684.3862963189054;-3144.2328061618728;-2652.835102234516;-2350.5969322623837;-2632.3863397998725;295.3045777768678;20;-2347.7368455834185;-2290.3834474374517;-2336.3579576580155;-2327.2309453110693;-2344.1891708286794;-2329.1796733637266;20.640378424327128;12.339031820155236;-1.7236926331541769;RandomForest;False;5327.5425760746;;;;;;;;;;;;;;300.0;24.0;4.0;0.0005;0.8;0.5;20;squared_error;5,00E-05;True;;;;;;;;;;;;;;;;;1276.0549286446433;1433.507752332765
112;64.80503830909728;1.5227369064813716;8.095535135269165;0.1536158054338211;MinMaxScaler();;;;;;0.25;12;{'scaler__scaler': MinMaxScaler(), 'regressor__n_estimators': 300, 'regressor__min_samples_split': 26, 'regressor__min_samples_leaf': 2, 'regressor__min_impurity_decrease': 0.0005, 'regressor__max_samples': 0.8, 'regressor__max_features': 0.5, 'regressor__max_depth': 18, 'regressor__criterion': 'squared_error', 'regressor__ccp_alpha': 0.0001, 'regressor__bootstrap': True, 'feature_selection__spearman_thr': 0.25, 'feature_selection__rfe_k': 12};0.9458999783018583;0.9310474008687487;0.9132361997793735;0.9364355372327784;0.9434153329152025;0.9340068898195923;0.011627921766033073;2;0.9496839285375654;0.9504221985255228;0.9505031986013084;0.9490959581236393;0.9500853793748536;0.9499581326325778;0.0005190719730957674;-1360.767807120296;-1370.1889104008674;-1406.0615846327198;-1357.044063886011;-1332.9569776982644;-1365.4038687476318;23.74921736867172;3;-1210.406142513148;-1204.1275011940977;-1225.976093081741;-1200.2297063878223;-1211.2603450215468;-1210.3999576396711;8.78787824672835;-0.0872899070160991;-0.08696638630939425;-0.08601475214781384;-0.08683566972074122;-0.08488740801055975;-0.08639882464092163;0.000864740375041021;3;-0.07626715008309631;-0.07604487565680346;-0.0781329062554453;-0.07534353119416357;-0.0764288379044808;-0.07644346021879789;0.0009224142777585425;-859.322968390521;-858.2150418415986;-864.5626460232415;-846.8541681273864;-838.1534221330312;-853.4216493031557;9.57261256740372;4;-767.0170022353195;-763.2163163525458;-784.7981927652177;-762.370036888291;-766.601297506535;-768.8005691495819;8.20338335700358;-2219.7955206019847;-2554.1220354314933;-2959.422049233198;-2481.8809194986957;-2262.3985303465497;-2495.5238110223845;264.2706727718636;2;-2194.7821842221383;-2168.5768093338443;-2148.58024378765;-2190.7356284001207;-2187.7653937813175;-2178.0880519050143;17.282827696594612;12.806007644797393;-1.6791521926108939;RandomForest;False;5327.5425760746;;;;;;;;;;;;;;300.0;26.0;2.0;0.0005;0.8;0.5;18;squared_error;0.0001;True;;;;;;;;;;;;;;;;;1210.3999576396711;1365.4038687476318
113;60.87203359603882;1.902910714922608;8.041694021224975;0.16695381520932295;MinMaxScaler(feature_range=(-1, 1));;;;;;0.3;9;{'scaler__scaler': MinMaxScaler(feature_range=(-1, 1)), 'regressor__n_estimators': 300, 'regressor__min_samples_split': 25, 'regressor__min_samples_leaf': 3, 'regressor__min_impurity_decrease': 0.0005, 'regressor__max_samples': 0.75, 'regressor__max_features': 0.5, 'regressor__max_depth': 19, 'regressor__criterion': 'squared_error', 'regressor__ccp_alpha': 0.0001, 'regressor__bootstrap': True, 'feature_selection__spearman_thr': 0.3, 'feature_selection__rfe_k': 9};0.9397784284338068;0.9230211985997441;0.9019555913624218;0.9275833931229936;0.9374134648912056;0.9259504152820343;0.013487875711185924;21;0.9421112994943809;0.9440492999174186;0.9415584520167685;0.942657811163243;0.9424128440233789;0.942557941323038;0.0008311011328156312;-1413.5327053427598;-1422.5020963330946;-1489.148021035171;-1416.7849991291102;-1381.4682660084204;-1424.6872175697113;35.25539933568399;19;-1260.2229391578396;-1255.507422425188;-1307.960487025386;-1256.7990287573987;-1264.1541877820007;-1268.9288130295627;19.74500571428471;-0.08956982155103065;-0.08921094862516249;-0.0901933577742125;-0.08947790257675846;-0.08699817285983077;-0.08909004067739898;0.0010943915984517128;15;-0.07855450143620533;-0.07839889172193458;-0.0827579088392869;-0.07818662032661423;-0.07884411816277014;-0.07934840809736224;0.0017181748226190426;-880.2662577417541;-883.0636044456605;-912.4566249522536;-863.0220787896242;-865.5196730027046;-880.8656477863994;17.64693750654547;17;-783.7989387227894;-780.1003050801446;-822.6189592073306;-785.2111427948639;-784.7111517650419;-791.2880995140341;15.767451838726236;-2342.018349789028;-2698.683138554029;-3145.9298777947984;-2649.066348463765;-2379.360140666202;-2643.0115710535642;288.5036578643051;21;-2354.154512298527;-2303.742527802931;-2334.6612020716034;-2325.1499761951113;-2349.901597208472;-2333.521963115329;18.17799382076823;12.27479453069365;-1.7619634096650172;RandomForest;False;5327.5425760746;;;;;;;;;;;;;;300.0;25.0;3.0;0.0005;0.75;0.5;19;squared_error;0.0001;True;;;;;;;;;;;;;;;;;1268.9288130295627;1424.6872175697113
114;51.14713797569275;0.5292913986753928;8.147150659561158;0.19821380396536642;MinMaxScaler();;;;;;0.25;14;{'scaler__scaler': MinMaxScaler(), 'regressor__n_estimators': 300, 'regressor__min_samples_split': 24, 'regressor__min_samples_leaf': 3, 'regressor__min_impurity_decrease': 0.001, 'regressor__max_samples': 0.8, 'regressor__max_features': 'sqrt', 'regressor__max_depth': 20, 'regressor__criterion': 'squared_error', 'regressor__ccp_alpha': 0.0001, 'regressor__bootstrap': True, 'feature_selection__spearman_thr': 0.25, 'feature_selection__rfe_k': 14};0.9429125917973765;0.9221236100384584;0.9061761927943979;0.925201585023119;0.9373564387307324;0.9267540836768168;0.012812559843571375;19;0.9405660377505367;0.9411904032289425;0.9436182929857989;0.9389412188778192;0.9411065860406962;0.9410845077767588;0.0015029482529009752;-1396.4835774628973;-1425.2944210653366;-1435.118657286943;-1425.48658745945;-1380.610332602678;-1412.598715175461;20.5785338441433;17;-1278.8556286214778;-1281.0023170174288;-1281.5915995422652;-1293.1400786799827;-1280.0415396284598;-1282.9262326979228;5.190310561098471;-0.09080250503828335;-0.09128987815356503;-0.08819187237387936;-0.09196086703625066;-0.08877907081010261;-0.09020483868241622;0.0014630788557957524;20;-0.0817124299268858;-0.08148302086665318;-0.0822838317153106;-0.08223906733486823;-0.08165129237175482;-0.08187392844309453;0.0003255163366645739;-897.1165420059988;-892.6813364595037;-876.0919779971737;-882.5875893707853;-874.1700263954581;-884.5294944457839;9.024051772085008;18;-805.1157657907424;-809.3068278349692;-816.5172173395977;-822.7678747072132;-807.2409743397839;-812.1897320024613;6.534012078847388;-2280.2602372335887;-2714.371138317348;-3077.472269630311;-2692.278278840381;-2380.44387919943;-2628.9651606442117;281.3607327652031;18;-2385.3680922116187;-2361.8661281256764;-2293.148189583829;-2399.318500924218;-2376.4037348241404;-2363.2209291338963;37.092700632978435;10.10755561563692;-1.5227563498836627;RandomForest;False;5327.5425760746;;;;;;;;;;;;;;300.0;24.0;3.0;0.001;0.8;sqrt;20;squared_error;0.0001;True;;;;;;;;;;;;;;;;;1282.9262326979228;1412.598715175461
115;74.93935523033142;1.838507655662416;8.559051370620727;0.5299175500276423;MinMaxScaler(feature_range=(-1, 1));;;;;;0.3;11;{'scaler__scaler': MinMaxScaler(feature_range=(-1, 1)), 'regressor__n_estimators': 400, 'regressor__min_samples_split': 30, 'regressor__min_samples_leaf': 3, 'regressor__min_impurity_decrease': 0.001, 'regressor__max_samples': 0.8, 'regressor__max_features': 0.5, 'regressor__max_depth': 19, 'regressor__criterion': 'squared_error', 'regressor__ccp_alpha': 0.0001, 'regressor__bootstrap': True, 'feature_selection__spearman_thr': 0.3, 'feature_selection__rfe_k': 11};0.9431183011034455;0.9262999864263823;0.9085478468641613;0.9307492595375519;0.9406599404755319;0.9298750668814147;0.012329578077330839;13;0.9441996376733961;0.9455232483380505;0.9446678257065283;0.9441320509562808;0.9439751434679405;0.9444995812284391;0.0005614766526773655;-1388.4135879817268;-1398.3533287846349;-1446.7771029859384;-1391.1386550161803;-1355.9561796869068;-1396.1277708910775;29.21802383680374;13;-1248.5080558182735;-1244.5431792631982;-1285.9282782513649;-1245.1549003140578;-1250.5028105191932;-1254.9274448332176;15.65358243064758;-0.08862640165593293;-0.08827688284518422;-0.08842153231665907;-0.08846036541551994;-0.08590850635864666;-0.08793873771838856;0.0010212002027406644;12;-0.07830718558292951;-0.07815282035056254;-0.08185740565915472;-0.07789859847005276;-0.0784555376410144;-0.07893430954074279;0.0014731205438949198;-874.2505510830943;-865.2945060287147;-892.036911070074;-856.4847281697271;-848.924601791784;-867.3982596286787;14.95877017014685;12;-781.7702152492584;-778.7020787152887;-819.1460080866855;-782.6444982561297;-781.5150428069446;-788.7555686228613;15.252652405389895;-2276.14817388733;-2640.584728037286;-3038.3275373834213;-2590.514100632744;-2316.8275895989027;-2572.4804259079365;273.915358080965;14;-2311.3013505282847;-2273.1954541152463;-2271.7047120584284;-2295.066119167925;-2317.8068262155803;-2293.814892417093;18.95772129990203;11.251672488254947;-1.5483875946248051;RandomForest;False;5327.5425760746;;;;;;;;;;;;;;400.0;30.0;3.0;0.001;0.8;0.5;19;squared_error;0.0001;True;;;;;;;;;;;;;;;;;1254.9274448332176;1396.1277708910775
116;63.48481812477112;3.2773682437495815;8.201239633560181;0.07553866725661512;RobustScaler();;;;;;0.3;8;{'scaler__scaler': RobustScaler(), 'regressor__n_estimators': 400, 'regressor__min_samples_split': 35, 'regressor__min_samples_leaf': 4, 'regressor__min_impurity_decrease': 0.0005, 'regressor__max_samples': 0.75, 'regressor__max_features': 0.5, 'regressor__max_depth': 19, 'regressor__criterion': 'squared_error', 'regressor__ccp_alpha': 0.0001, 'regressor__bootstrap': True, 'feature_selection__spearman_thr': 0.3, 'feature_selection__rfe_k': 8};0.9153497711442419;0.8957126290962992;0.8789321009591153;0.896636326457606;0.9348698540435485;0.9043001363401622;0.01914480896452962;36;0.9116919393003358;0.9152667798107958;0.917845949227714;0.9133839661297926;0.9358425571712391;0.9188062383279755;0.00876014118523347;-1671.064583211594;-1677.3336838621337;-1702.6711156257174;-1684.5731941320075;-1433.5066342683522;-1633.829842219961;100.71981583160353;37;-1565.6987364019262;-1558.632873205833;-1552.202550899127;-1557.5658899566863;-1345.0700464907125;-1515.8340193908568;85.49009935203276;-0.10389225470186575;-0.10362989193649517;-0.10120612032967724;-0.10408263611368973;-0.0910627039799733;-0.10077472141234026;0.004966340701908917;36;-0.09566979985376928;-0.09552340618344868;-0.09620237179377267;-0.09513394117553373;-0.08469290407990189;-0.09344448461728525;0.00438917554496826;-1045.190370584398;-1043.5164917164839;-1036.3093425823263;-1019.6401631642411;-911.2382501265038;-1011.1789236347906;50.781424921298694;36;-965.3520809729698;-962.9207869006968;-963.0340856176608;-966.1911950041758;-847.256825249955;-940.9509947490917;46.86451276914986;-2776.6959020526606;-3141.103037341074;-3495.844652509191;-3164.8834237612164;-2427.2290047609663;-3001.1512040850216;366.3013067934699;36;-2907.623949121361;-2835.032441248294;-2768.0727613092145;-2857.6759798396665;-2480.3352410727207;-2769.7480745182515;151.5029482937185;7.784217883995052;-1.5787988133614796;RandomForest;False;5327.5425760746;;;;;;;;;;;;;;400.0;35.0;4.0;0.0005;0.75;0.5;19;squared_error;0.0001;True;;;;;;;;;;;;;;;;;1515.8340193908568;1633.829842219961
117;62.73501601219177;2.861314066763383;7.998681974411011;0.058734967481264125;MinMaxScaler(feature_range=(-1, 1));;;;;;0.2;8;{'scaler__scaler': MinMaxScaler(feature_range=(-1, 1)), 'regressor__n_estimators': 300, 'regressor__min_samples_split': 24, 'regressor__min_samples_leaf': 2, 'regressor__min_impurity_decrease': 0.001, 'regressor__max_samples': 0.8, 'regressor__max_features': 0.5, 'regressor__max_depth': 20, 'regressor__criterion': 'squared_error', 'regressor__ccp_alpha': 0.0001, 'regressor__bootstrap': True, 'feature_selection__spearman_thr': 0.2, 'feature_selection__rfe_k': 8};0.9398481110638383;0.9259200479514893;0.9062318197220324;0.9313491394499828;0.9379691253288909;0.9282636487032467;0.012073195522347802;16;0.9473004416715622;0.9476451647351231;0.947186801163314;0.9465407443836966;0.9472971007887383;0.9471940505484868;0.0003611935578074107;-1423.96511228597;-1428.0840627278228;-1460.2070720990596;-1424.5260531794925;-1397.5884492588355;-1426.8741499102362;19.920722434048894;20;-1246.376767753909;-1240.6093061094793;-1262.813752016729;-1242.1025456524228;-1245.441351552958;-1247.4687446170997;7.957637540995159;-0.09081874528061051;-0.09033864372610548;-0.08894857470598107;-0.09095616375531164;-0.08894465294707775;-0.09000135608301729;0.0008852701159457465;18;-0.07848896503373094;-0.07817844553477096;-0.08032327582588135;-0.07795026304967957;-0.07842377952364032;-0.07867294579354063;0.0008469147324116775;-900.0448691690654;-905.5232242874335;-900.331204451224;-877.2710830163314;-886.4543874754972;-893.9249536799103;10.451545944198179;24;-788.3398112668929;-784.3181712799756;-799.885075400553;-788.1300983669921;-786.6552142951277;-789.4656741219083;5.403900863570665;-2340.662978029769;-2647.382352666156;-3076.559837519531;-2579.2696188662326;-2368.774286039283;-2602.529814624194;264.75389958738674;16;-2246.1644599064452;-2228.4842847895243;-2219.393180418587;-2245.046244250431;-2248.040413389951;-2237.425716550987;11.42130840267334;14.381555134529926;-1.9985769372472466;RandomForest;False;5327.5425760746;;;;;;;;;;;;;;300.0;24.0;2.0;0.001;0.8;0.5;20;squared_error;0.0001;True;;;;;;;;;;;;;;;;;1247.4687446170997;1426.8741499102362
118;55.122966861724855;0.7179046975167387;8.223609590530396;0.07435380391853574;RobustScaler();;;;;;0.3;8;{'scaler__scaler': RobustScaler(), 'regressor__n_estimators': 400, 'regressor__min_samples_split': 24, 'regressor__min_samples_leaf': 4, 'regressor__min_impurity_decrease': 0.001, 'regressor__max_samples': 0.75, 'regressor__max_features': 'sqrt', 'regressor__max_depth': 18, 'regressor__criterion': 'squared_error', 'regressor__ccp_alpha': 0.0001, 'regressor__bootstrap': True, 'feature_selection__spearman_thr': 0.3, 'feature_selection__rfe_k': 8};0.9376572324251068;0.8958706158539663;0.8779282520297834;0.8960486556256234;0.93151470406081;0.9078038919990579;0.022919716702199163;33;0.9339796611391883;0.9153579867547782;0.9190243800054727;0.9139671740632296;0.9342026982067804;0.9233063800338897;0.008959709006466593;-1452.3227183802896;-1677.126031690728;-1699.1362962482074;-1683.3990418810474;-1444.0269312846588;-1591.202203896986;117.0307667022352;34;-1348.1431666015326;-1544.096623953547;-1536.5805721142242;-1540.6117295572617;-1351.2659912246706;-1464.1396166902473;93.47131200375257;-0.09387355500989134;-0.10400981369707384;-0.101329112460128;-0.10449817089272759;-0.0921342834069343;-0.09916898709335101;0.005177424083098868;34;-0.08548077972835919;-0.09498027668763803;-0.09560578036050876;-0.09450696777990539;-0.08569176428625196;-0.09125311376853268;0.004640548763868226;-922.3223405776116;-1048.1709785051462;-1023.35088586442;-1016.2275607208585;-910.4344835902411;-984.1012498516554;56.42869835364891;34;-845.2564854649527;-953.2258318302283;-952.5162767238271;-953.4397724085065;-849.7031385260234;-910.8283009907076;51.7438381183322;-2382.9080807085525;-3138.7228796670224;-3510.3078400990685;-3173.8675933707864;-2488.962743591258;-2938.9538274873375;432.02231595939224;33;-2514.0675248503826;-2833.506214200202;-2748.14821492461;-2848.038998345114;-2511.8338182074726;-2691.1189541055564;149.4260601543565;8.678310849478233;-1.67901883600791;RandomForest;False;5327.5425760746;;;;;;;;;;;;;;400.0;24.0;4.0;0.001;0.75;sqrt;18;squared_error;0.0001;True;;;;;;;;;;;;;;;;;1464.1396166902473;1591.202203896986
119;52.029037380218504;0.37009977803528654;7.885522508621216;0.05523161488274828;RobustScaler();;;;;;0.3;6;{'scaler__scaler': RobustScaler(), 'regressor__n_estimators': 300, 'regressor__min_samples_split': 30, 'regressor__min_samples_leaf': 4, 'regressor__min_impurity_decrease': 0.001, 'regressor__max_samples': 0.8, 'regressor__max_features': 'sqrt', 'regressor__max_depth': 20, 'regressor__criterion': 'squared_error', 'regressor__ccp_alpha': 5e-05, 'regressor__bootstrap': True, 'feature_selection__spearman_thr': 0.3, 'feature_selection__rfe_k': 6};0.9310025159473874;0.8921748639409421;0.87021993596454;0.8897259381245712;0.9257781706362803;0.9017802849227442;0.023080140034711438;39;0.9290073927252536;0.9110248737457799;0.9141549919630296;0.9102892987960309;0.9290219722290394;0.9186997058918267;0.008521619691983007;-1512.9164490433543;-1714.7880104458675;-1746.4708441906005;-1725.7176795900612;-1491.3071921355445;-1638.2400350810854;111.82227006746187;38;-1393.6512716623774;-1578.8589641491137;-1569.3428337659677;-1573.1805761235444;-1394.3849182403924;-1501.8837127882791;88.12424999727841;-0.09593310241726452;-0.10524110587801747;-0.10291709910823449;-0.10599121510140208;-0.09402455197650395;-0.10082141489628449;0.004914170108856474;37;-0.08706423355384536;-0.09611537466691486;-0.09661248135393324;-0.09547085799860229;-0.08710786250540303;-0.09247416201573976;0.004414267770018114;-945.6262935280047;-1070.3718290227462;-1062.0236127649678;-1042.6219913795949;-941.8026366851682;-1012.4892726760963;56.88458561332649;37;-868.1889747099822;-967.0932618788538;-967.5633483295678;-969.7594682856034;-869.0759573177202;-928.3362021043455;48.757012295388094;-2506.864604669666;-3193.936891146695;-3619.4419397880297;-3268.9662422870706;-2591.108235218239;-3036.0635826219395;423.68260702613924;39;-2607.021583942355;-2905.129414029057;-2829.5705944170104;-2908.278302467196;-2608.84829106724;-2771.7696371845714;136.70821665285843;9.07901997549849;-1.8416704458023083;RandomForest;False;5327.5425760746;;;;;;;;;;;;;;300.0;30.0;4.0;0.001;0.8;sqrt;20;squared_error;5,00E-05;True;;;;;;;;;;;;;;;;;1501.8837127882791;1638.2400350810854
120;204.2604748249054;7.490476412041951;7.241920518875122;0.09828846040096735;MinMaxScaler(feature_range=(-1, 1));;;;;;0.3;8;{'scaler__scaler': MinMaxScaler(feature_range=(-1, 1)), 'regressor__regressor__solver': 'sgd', 'regressor__regressor__max_iter': 300, 'regressor__regressor__learning_rate_init': 0.001, 'regressor__regressor__learning_rate': 'adaptive', 'regressor__regressor__hidden_layer_sizes': (150, 70), 'regressor__regressor__batch_size': 100, 'regressor__regressor__alpha': 1e-05, 'regressor__regressor__activation': 'logistic', 'feature_selection__spearman_thr': 0.3, 'feature_selection__rfe_k': 8};0.8557551752672244;0.8428399344569282;0.8228002718731726;0.8339208620220195;0.8534374259792256;0.841750733919714;0.012282641509640256;23;0.8405596694657728;0.8441287009554483;0.847974736952106;0.8444068707876653;0.8418251955437388;0.8437790347409463;0.0025417380664180186;-2332.9716637596184;-2299.473203856726;-2329.2829803328077;-2357.954000614933;-2285.575911364547;-2321.0515519857263;25.674042835618472;23;-2318.646643848741;-2310.9956174235153;-2304.342990919389;-2317.4142490690283;-2323.084024202948;-2314.8967050927245;6.542654360646662;-0.14942619195472792;-0.14643645101330854;-0.1442235290276827;-0.1486974230960686;-0.14630621125627635;-0.1470179612696128;0.0018586963643189385;23;-0.1463344364014115;-0.14622225516525653;-0.14730598430679714;-0.14688359670226042;-0.14683631657432897;-0.14671651783001088;0.0003949733195540678;-1624.1493329934929;-1587.3856006885617;-1579.1268800809048;-1596.5385250916224;-1568.0677155080457;-1591.0536108725255;19.023478643462713;23;-1587.5985504926675;-1584.509563177251;-1584.2866716535063;-1595.9407652934387;-1597.7979375857394;-1590.0266976405205;5.738483006483159;-3624.6357633385533;-3856.003539662692;-4229.3063845049755;-4011.7262559098767;-3641.088787948113;-3872.552146272842;228.89067034056743;23;-3906.943732588864;-3845.1585718112397;-3765.4847449936306;-3830.0905818666192;-3894.5341300083037;-3848.4423522537313;50.54977501502776;0.2658799798479689;-0.24038293649415077;MLP_sgd;False;9251.21723484993;;;;;;;;;;;;adaptive;;;;;;;;;;;;sgd;300.0;0.001;(150, 70);100.0;1,00E-05;logistic;;;;;;;;;;2314.8967050927245;2321.0515519857263
121;304.79999899864197;29.033148910812095;7.432671976089478;0.6093926145132949;RobustScaler();;;;;;0.3;9;{'scaler__scaler': RobustScaler(), 'regressor__regressor__solver': 'sgd', 'regressor__regressor__max_iter': 300, 'regressor__regressor__learning_rate_init': 0.01, 'regressor__regressor__learning_rate': 'adaptive', 'regressor__regressor__hidden_layer_sizes': (200, 100, 50), 'regressor__regressor__batch_size': 300, 'regressor__regressor__alpha': 1e-05, 'regressor__regressor__activation': 'relu', 'feature_selection__spearman_thr': 0.3, 'feature_selection__rfe_k': 9};0.9108586781045345;0.8887372765164542;0.8725341710952044;0.8935924803340933;0.9311364596990044;0.8993718131498583;0.020038432698868777;5;0.9039618889224745;0.9051158929381006;0.9015684325310298;0.9021805173305227;0.9322498988642067;0.909015326117267;0.011685538178187837;-1704.7588644131104;-1738.1607817547902;-1829.4534450378617;-1764.4206264227432;-1512.4874384981833;-1709.8562312253375;106.82915130866142;1;-1682.9861882084224;-1693.8234644798756;-1755.9648350542543;-1709.3534902870588;-1493.1053796439871;-1667.0466715347197;90.46871787912768;-0.10448205518502662;-0.10638292796063553;-0.10802260405445108;-0.10794220541720873;-0.09521446828210066;-0.10440885217988452;0.004774574679247974;1;-0.10189748029668873;-0.10263877494349388;-0.10769782987482625;-0.10335632424459441;-0.09300900816572866;-0.10171988350506637;0.004799354797620285;-1071.2792520779767;-1076.3519556679912;-1144.2359418847009;-1071.078201921734;-965.8759024183946;-1065.7642507941596;57.10733972807635;1;-1037.4029897876553;-1049.979626044109;-1104.4365594418186;-1061.846042289697;-961.7522578613498;-1043.083495084926;46.49908944172653;-2849.4024019317535;-3244.4506035505033;-3587.0258762229337;-3211.144949532828;-2495.826551367335;-3077.5700765210704;373.02079985903856;5;-3032.2141381282713;-3000.046004701662;-3029.913368190771;-3036.8722169632347;-2548.8356622601027;-2929.5762780488085;190.81083793803052;2.5679880726558406;-1.0608746288799837;MLP_sgd;False;9251.21723484993;;;;;;;;;;;;adaptive;;;;;;;;;;;;sgd;300.0;0.01;(200, 100, 50);300.0;1,00E-05;relu;;;;;;;;;;1667.0466715347197;1709.8562312253375
122;34.70079417228699;0.4134230893440164;7.035883569717408;0.0321530451436881;StandardScaler();;;;;;0.2;9;{'scaler__scaler': StandardScaler(), 'regressor__regressor__solver': 'sgd', 'regressor__regressor__max_iter': 300, 'regressor__regressor__learning_rate_init': 1e-05, 'regressor__regressor__learning_rate': 'invscaling', 'regressor__regressor__hidden_layer_sizes': (32, 16), 'regressor__regressor__batch_size': 300, 'regressor__regressor__alpha': 1e-06, 'regressor__regressor__activation': 'logistic', 'feature_selection__spearman_thr': 0.2, 'feature_selection__rfe_k': 9};-0.047239577604986094;-0.05543933384972766;-0.0885073947647681;-0.4720860168338661;-0.0627014249211284;-0.14519474959489526;0.16402911679676205;40;-0.041489747842315294;-0.05267717314815701;-0.10756171779182067;-0.487865334703399;-0.06631989937204019;-0.15118277457154644;0.1698208256389357;-7462.669382391653;-6743.150166272817;-8129.103556139073;-10063.841874909316;-6745.977212017485;-7828.9484383460685;1230.5110059690298;40;-7544.048927316482;-6704.973722753008;-8067.833989433543;-10039.827560301619;-6809.430613790196;-7833.222962718969;1210.6911189802938;-0.6455519108249821;-0.4581169413962644;-0.7186498768256522;-0.9569056993996097;-0.4663131381714934;-0.6491075133236004;0.18410849417375694;40;-0.6492981151057956;-0.45064047848520816;-0.7317171027126215;-0.9541855388424372;-0.46442237687472915;-0.6500527224041582;0.18622044929823686;-6708.0873298659135;-4781.526284792522;-7592.589173690372;-10071.907782066552;-4877.511280125513;-6806.324370108176;1955.0971894139598;40;-6835.479019565184;-4750.38469356298;-7658.778693329823;-10030.732468747574;-4837.887478533043;-6822.65247074772;1960.8485239145748;-9766.462221196363;-9992.70256947988;-10482.2210581115;-11943.74007619657;-9804.49792441993;-10397.924769880849;813.8496456289745;40;-9985.402218018302;-9992.606367713855;-10163.58629228963;-11843.925045322316;-10111.849986052473;-10419.473981879315;715.5146568506668;-0.05456916512199939;-3.9607852108954282;MLP_sgd;False;9251.21723484993;;;;;;;;;;;;invscaling;;;;;;;;;;;;sgd;300.0;1,00E-05;(32, 16);300.0;1,00E-06;logistic;;;;;;;;;;7833.222962718969;7828.9484383460685
123;56.29791965484619;1.2917457012550166;8.507655382156372;0.13500078305601806;MinMaxScaler(feature_range=(-1, 1));;;;;;0.2;13;{'scaler__scaler': MinMaxScaler(feature_range=(-1, 1)), 'regressor__regressor__solver': 'sgd', 'regressor__regressor__max_iter': 300, 'regressor__regressor__learning_rate_init': 0.0001, 'regressor__regressor__learning_rate': 'invscaling', 'regressor__regressor__hidden_layer_sizes': (200, 100, 50), 'regressor__regressor__batch_size': 300, 'regressor__regressor__alpha': 0.001, 'regressor__regressor__activation': 'logistic', 'feature_selection__spearman_thr': 0.2, 'feature_selection__rfe_k': 13};-0.0003443354210137528;-1.528468616163181e-05;0.0007235652130421766;0.0008451194809495632;-0.0002419466758669664;0.00019342358218987776;0.0004955903230750699;38;0.00014053281212267343;-8.59365145018387e-05;0.0009411658317307614;0.0008405263452647693;-0.0004097786306849205;0.000285301968786289;0.0005254226251140662;-6991.0211624716985;-7068.188381138752;-7103.607562254894;-7048.083550831378;-6970.412819855896;-7036.262695310524;49.147361140958864;38;-7090.9295868164545;-7037.54482763429;-7001.996078713331;-7032.907418922555;-7017.2006653384915;-7036.115715485024;30.129137903978037;-0.5677069699147504;-0.5721554886973157;-0.5538362684300299;-0.5654875986152451;-0.559732389154928;-0.5637837429624538;0.006383520622680419;38;-0.572233904516961;-0.5636684572536597;-0.5628327612207746;-0.5638693432213738;-0.5562920539476597;-0.5637793040320858;0.005068639275843777;-6095.126465346195;-5978.263441507974;-5885.16674924285;-5953.458802616982;-5888.233482202917;-5960.049788183383;76.66281797215746;38;-6100.658053195739;-5975.257817876505;-5889.872277337901;-5954.178349552174;-5796.6443695083835;-5943.322173494141;100.26324407617439;-9545.287411249414;-9726.792298961822;-10043.392728081431;-9839.888038080871;-9512.009145366934;-9733.473924348093;195.89746535790184;38;-9783.79952340148;-9739.795472746042;-9652.916354866213;-9705.79787589602;-9794.354638829036;-9735.332773147758;51.99480426809846;0.0020889341711060458;-32.20390906774097;MLP_sgd;False;9251.21723484993;;;;;;;;;;;;invscaling;;;;;;;;;;;;sgd;300.0;0.0001;(200, 100, 50);300.0;0.001;logistic;;;;;;;;;;7036.115715485024;7036.262695310524
124;50.26796917915344;0.26688924349706494;8.180876207351684;0.1680410093609683;RobustScaler();;;;;;0.3;8;{'scaler__scaler': RobustScaler(), 'regressor__regressor__solver': 'sgd', 'regressor__regressor__max_iter': 300, 'regressor__regressor__learning_rate_init': 0.001, 'regressor__regressor__learning_rate': 'invscaling', 'regressor__regressor__hidden_layer_sizes': (100, 50), 'regressor__regressor__batch_size': 300, 'regressor__regressor__alpha': 0.0001, 'regressor__regressor__activation': 'tanh', 'feature_selection__spearman_thr': 0.3, 'feature_selection__rfe_k': 8};0.816156102916882;0.787928811745978;0.7628891574222937;0.769344052070855;0.8041608688923005;0.7880957986096618;0.020161834260884807;26;0.7942934072875554;0.7903942738491982;0.78784737165843;0.7854811433298943;0.7865520227813604;0.7889136437812876;0.0031505672542406563;-2664.0808591841405;-2692.678736942779;-2810.694217031282;-2819.281686636656;-2687.6641601275173;-2734.8799319844748;66.17286557178564;26;-2656.4904870300597;-2693.2132341134366;-2763.173297094362;-2785.1833775835166;-2745.5808331330722;-2728.7282457908896;47.195896030026;-0.178530327451353;-0.17761979793099175;-0.1819336771155807;-0.1889538413978417;-0.182018171637837;-0.18181116310672082;0.003985150938637539;26;-0.17609106462855106;-0.17590422881049492;-0.18495776598318786;-0.18784852992699352;-0.18354003061468882;-0.18166832399278324;0.004834237788159893;-1952.4971634001213;-1949.3265042821586;-2007.6041089341852;-2039.9925695350685;-1943.4562548771537;-1978.5753202057374;38.428274317447844;26;-1927.054549223858;-1920.3980860946504;-2008.6099635476576;-2027.2578783977096;-1981.4384321540674;-1972.9517818835884;42.80450485147539;-4092.030478583413;-4479.269140424151;-4892.30280238603;-4727.767152849324;-4208.908304325277;-4480.055575713639;301.7925574333688;26;-4437.743217681463;-4458.951499465915;-4448.2298386294515;-4497.245277197768;-4524.107154988159;-4473.255397592551;32.414227057774575;0.22544151119021377;-0.10366726169239457;MLP_sgd;False;9251.21723484993;;;;;;;;;;;;invscaling;;;;;;;;;;;;sgd;300.0;0.001;(100, 50);300.0;0.0001;tanh;;;;;;;;;;2728.7282457908896;2734.8799319844748
125;347.62841296195984;30.936139869878232;7.2662139415740965;0.13252656459243675;StandardScaler();;;;;;0.25;8;{'scaler__scaler': StandardScaler(), 'regressor__regressor__solver': 'sgd', 'regressor__regressor__max_iter': 300, 'regressor__regressor__learning_rate_init': 1e-05, 'regressor__regressor__learning_rate': 'constant', 'regressor__regressor__hidden_layer_sizes': (200, 100, 50), 'regressor__regressor__batch_size': 200, 'regressor__regressor__alpha': 0.001, 'regressor__regressor__activation': 'tanh', 'feature_selection__spearman_thr': 0.25, 'feature_selection__rfe_k': 8};0.8385744089309279;0.8235048507635956;0.8100427158938369;0.8140039489885567;0.8430199180950142;0.8258291685343864;0.013056901474705694;25;0.8153898821714793;0.827695886720186;0.837314677745011;0.8281727680776901;0.8266817529119761;0.8270509935252687;0.006973311061151338;-2449.0113606116047;-2418.448010194363;-2388.619976047874;-2414.4569535699916;-2330.7217895986587;-2400.2516180044986;39.6991306683648;25;-2450.3769046725124;-2409.372988628415;-2327.9272092854712;-2391.012974346764;-2380.773194130009;-2391.892654212634;39.854645945151056;-0.16082863739826875;-0.16004028064280806;-0.1489924361107851;-0.15350946631996856;-0.1543102648257244;-0.15553621705951098;0.004398364431220986;25;-0.1593030591625736;-0.1572278493152009;-0.15169998372559765;-0.1521582506346648;-0.15493429182546703;-0.15506468693270078;0.002913028429742572;-1730.7861323353409;-1712.1804447222912;-1615.65273361445;-1653.1704395490888;-1640.2007644803007;-1670.3981029402944;43.81370853423801;25;-1709.9971831587472;-1710.636792220289;-1608.8930680975227;-1653.850471681384;-1668.5738537431698;-1670.3902737802225;38.07166993727833;-3834.4267316763235;-4086.323170041974;-4378.905755064404;-4245.468389773685;-3768.269915875033;-4062.6787924862847;233.55777667179598;25;-4204.030066204009;-4042.769677642202;-3895.266686630411;-4024.9439275442965;-4076.702362542998;-4048.742544112784;99.04832565801618;0.34947069121778956;-0.14773272754009129;MLP_sgd;False;9251.21723484993;;;;;;;;;;;;constant;;;;;;;;;;;;sgd;300.0;1,00E-05;(200, 100, 50);200.0;0.001;tanh;;;;;;;;;;2391.892654212634;2400.2516180044986
126;211.79233813285828;76.02682221144521;7.014492702484131;0.03780237640732862;StandardScaler();;;;;;0.3;11;{'scaler__scaler': StandardScaler(), 'regressor__regressor__solver': 'sgd', 'regressor__regressor__max_iter': 300, 'regressor__regressor__learning_rate_init': 0.001, 'regressor__regressor__learning_rate': 'constant', 'regressor__regressor__hidden_layer_sizes': (200, 100, 50), 'regressor__regressor__batch_size': 200, 'regressor__regressor__alpha': 1e-06, 'regressor__regressor__activation': 'relu', 'feature_selection__spearman_thr': 0.3, 'feature_selection__rfe_k': 11};0.9272219703713337;0.9029393265392294;0.8551264970711949;0.9042123204242796;0.9133029161800543;0.9005606061172184;0.024316440539933086;4;0.9191436948061341;0.9160307784579417;0.8824805450771428;0.9093688046292401;0.906567876928861;0.9067183399798638;0.012927716400821786;-1607.7533918038826;-1690.7877407655974;-1991.2225357197199;-1698.4189245036096;-1699.5333054354944;-1737.5431796456608;131.42308295647567;4;-1584.915630858749;-1642.561294252352;-1946.0712512313994;-1667.590200526866;-1704.0975940680019;-1709.0471941874737;124.70172764392377;-0.100053178450822;-0.10560985047031994;-0.12041288795811908;-0.10603507601517925;-0.10574241083860383;-0.10757068074660883;0.006796773277822982;2;-0.09741294389779771;-0.10310773467538585;-0.12206564452628314;-0.1019173732609438;-0.10559148274595102;-0.1060190358212723;0.008450332311573092;-1039.249675945628;-1076.5059287912882;-1286.1684653372758;-1069.4825575916548;-1105.2728879043752;-1115.3359031140444;87.95958021397067;2;-1011.6468356153455;-1059.9443872921174;-1278.1664620728334;-1071.3032445129575;-1101.4629674688276;-1104.5047793924164;91.51852362900345;-2574.6274647381542;-3030.316380629162;-3824.1252044579523;-3046.692168521874;-2800.4122727492813;-3055.234698219285;421.37970747199233;4;-2782.242687025876;-2822.222439236218;-3310.6852578090657;-2923.1607026519523;-2993.1947154150716;-2966.3011604276367;187.52118198076744;1.6673609456253093;-0.6791231180767942;MLP_sgd;False;9251.21723484993;;;;;;;;;;;;constant;;;;;;;;;;;;sgd;300.0;0.001;(200, 100, 50);200.0;1,00E-06;relu;;;;;;;;;;1709.0471941874737;1737.5431796456608
127;47.66269268989563;1.0155364885151883;7.181385898590088;0.08330331310447409;MinMaxScaler(feature_range=(-1, 1));;;;;;0.3;6;{'scaler__scaler': MinMaxScaler(feature_range=(-1, 1)), 'regressor__regressor__solver': 'sgd', 'regressor__regressor__max_iter': 300, 'regressor__regressor__learning_rate_init': 0.001, 'regressor__regressor__learning_rate': 'invscaling', 'regressor__regressor__hidden_layer_sizes': (200, 100), 'regressor__regressor__batch_size': 200, 'regressor__regressor__alpha': 0.001, 'regressor__regressor__activation': 'relu', 'feature_selection__spearman_thr': 0.3, 'feature_selection__rfe_k': 6};0.8027326220148993;0.7582097483136317;0.7395490979187986;0.7321118145702206;0.7646830088705499;0.7594572583376201;0.024680883279942306;29;0.7781041109642409;0.7598700024319526;0.7648193642621159;0.748695833843918;0.7452826307812896;0.7593543884567036;0.011775424093799513;-2762.2427687712907;-2868.1759990768796;-2974.0699210515104;-2995.6209358666815;-2932.613610008086;-2906.5446469548897;84.22472785363055;27;-2779.360425805502;-2874.2989900690286;-2918.3538780054137;-2953.8855748097976;-2996.5968474475153;-2904.4991432274514;74.41062863813812;-0.18635124587872598;-0.18516252723478072;-0.19447785921703908;-0.19941199178680535;-0.19471224452751335;-0.1920231737289729;0.005423844591308176;27;-0.18516557730755576;-0.18373948600296816;-0.19915654540240452;-0.19592506966340031;-0.19595333044815916;-0.19198800176489755;0.006280061159534879;-1949.206032235168;-2048.0968436328167;-2089.4351783276543;-2072.8205401986943;-2090.3929429775835;-2049.9903074743834;52.66981233931841;27;-1948.831794373269;-2024.7155521552759;-2077.6171187589607;-2057.8235720564844;-2121.025237021511;-2046.0026548731003;57.72852520974138;-4238.789863366757;-4782.838504847914;-5127.439625440028;-5095.074399977175;-4613.66833317442;-4771.562145361259;328.69830434174185;29;-4609.0635024217745;-4772.592839576948;-4683.4273818308175;-4867.586543277945;-4942.152489052879;-4774.964551232072;120.36484234014969;0.0704253513796978;0.013547018688551732;MLP_sgd;False;9251.21723484993;;;;;;;;;;;;invscaling;;;;;;;;;;;;sgd;300.0;0.001;(200, 100);200.0;0.001;relu;;;;;;;;;;2904.4991432274514;2906.5446469548897
128;184.7758535385132;8.309418617185624;6.922866439819336;0.276397804003695;MinMaxScaler();;;;;;0.25;9;{'scaler__scaler': MinMaxScaler(), 'regressor__regressor__solver': 'sgd', 'regressor__regressor__max_iter': 300, 'regressor__regressor__learning_rate_init': 0.0001, 'regressor__regressor__learning_rate': 'constant', 'regressor__regressor__hidden_layer_sizes': (200, 100, 50), 'regressor__regressor__batch_size': 300, 'regressor__regressor__alpha': 0.0001, 'regressor__regressor__activation': 'relu', 'feature_selection__spearman_thr': 0.25, 'feature_selection__rfe_k': 9};0.878974942430243;0.8560550383098764;0.8386971195584134;0.8559859866897195;0.8703049820702236;0.8600036138116952;0.013796584875255716;16;0.8588040757679944;0.8594449403384148;0.8632818622648655;0.8649188311305742;0.8593507049610413;0.8611600828925781;0.002465622358457451;-2134.6786865155696;-2194.7956122280693;-2224.4180973389307;-2146.110027576567;-2164.3457039633868;-2172.8696255245045;32.818516062817736;17;-2141.6774049148316;-2191.525787585445;-2210.638717643832;-2117.288638207382;-2177.500227005455;-2167.7261550713893;33.840577739264376;-0.13768265533215673;-0.14379507956831852;-0.1415976372403201;-0.13660074084945617;-0.14128307147077898;-0.1401918368922061;0.002658660873324552;18;-0.1363641100003734;-0.14223652562498532;-0.14506755256160672;-0.13452544296640553;-0.1406318095797436;-0.13976508814662295;0.0038469695109292624;-1480.3259110266845;-1532.6914441670815;-1538.1739425657452;-1438.2295462945576;-1499.7681225533943;-1497.8377933214927;36.62053309059192;18;-1455.966486152407;-1514.5115884172865;-1552.0805241517564;-1435.027646889128;-1499.2903384676447;-1491.3753168156445;41.741830396336006;-3320.105621399047;-3690.32450845549;-4035.1407108409107;-3735.735560498807;-3425.1640275018663;-3641.294085739224;251.52040486186172;16;-3676.6233737902257;-3651.3580274094174;-3570.8867578292707;-3568.709874672892;-3672.447879898546;-3628.0051827200705;48.29634605005287;0.2372749178249341;-0.13429199795215177;MLP_sgd;False;9251.21723484993;;;;;;;;;;;;constant;;;;;;;;;;;;sgd;300.0;0.0001;(200, 100, 50);300.0;0.0001;relu;;;;;;;;;;2167.7261550713893;2172.8696255245045
129;184.9691930770874;10.968593496526275;7.008585691452026;0.14866942251808438;MinMaxScaler(feature_range=(-1, 1));;;;;;0.3;7;{'scaler__scaler': MinMaxScaler(feature_range=(-1, 1)), 'regressor__regressor__solver': 'sgd', 'regressor__regressor__max_iter': 300, 'regressor__regressor__learning_rate_init': 0.0001, 'regressor__regressor__learning_rate': 'adaptive', 'regressor__regressor__hidden_layer_sizes': (100, 50, 25), 'regressor__regressor__batch_size': 100, 'regressor__regressor__alpha': 1e-05, 'regressor__regressor__activation': 'tanh', 'feature_selection__spearman_thr': 0.3, 'feature_selection__rfe_k': 7};0.8691478417198214;0.8497658479888984;0.8329073198388343;0.8429574534971863;0.8651486201645197;0.851985416641852;0.013551554469565585;18;0.8486439889399089;0.8538114876286381;0.8597101469557689;0.8545305412278918;0.8511295199238427;0.8535651369352101;0.0037122437981083074;-2198.3344568687426;-2206.0047020503166;-2207.21784451877;-2228.6392953557747;-2163.1422515841914;-2200.667710075559;21.295076581997165;18;-2203.670819150535;-2200.212953587432;-2175.176878641467;-2192.826348467498;-2204.5984818137645;-2195.297096332139;10.878680188351886;-0.14087953847539056;-0.14081152310230755;-0.1358582630027619;-0.14171983507261957;-0.13836966902671613;-0.13952776573595913;0.0021488103121658753;16;-0.13900496422294517;-0.13917832945404132;-0.13865682653856343;-0.13939028743446608;-0.13933227235383427;-0.13911253600077006;0.00026419746539305675;-1503.1611275643336;-1512.1740912446112;-1484.3602374124785;-1490.807403349223;-1489.3137825627782;-1495.963328426685;10.198322295844104;17;-1491.2148559828947;-1494.917298038814;-1488.3555254558532;-1495.8400439009256;-1496.6919673010307;-1493.4039381359037;3.1405272342570596;-3452.2695381752424;-3770.0808016778383;-4106.920867688939;-3901.058062417373;-3492.588541065225;-3744.5835622049235;247.13222400428245;18;-3806.6057593528135;-3723.8124572461643;-3617.2301399712974;-3703.392554347997;-3778.2540407105853;-3725.8589903257716;65.68780432570075;0.24464177319749697;-0.1850731976976205;MLP_sgd;False;9251.21723484993;;;;;;;;;;;;adaptive;;;;;;;;;;;;sgd;300.0;0.0001;(100, 50, 25);100.0;1,00E-05;tanh;;;;;;;;;;2195.297096332139;2200.667710075559
130;79.64668393135071;9.555356837465089;6.893357133865356;0.2584339345418816;RobustScaler();;;;;;0.25;10;{'scaler__scaler': RobustScaler(), 'regressor__regressor__solver': 'sgd', 'regressor__regressor__max_iter': 300, 'regressor__regressor__learning_rate_init': 0.01, 'regressor__regressor__learning_rate': 'constant', 'regressor__regressor__hidden_layer_sizes': (150, 70), 'regressor__regressor__batch_size': 300, 'regressor__regressor__alpha': 0.0001, 'regressor__regressor__activation': 'logistic', 'feature_selection__spearman_thr': 0.25, 'feature_selection__rfe_k': 10};0.8790229718487497;0.8601703003016752;0.8359068907654343;0.8561314666716314;0.8786047118670898;0.8619672682909162;0.016025794856216625;15;0.8610579529625838;0.8629835938766712;0.8627251124085362;0.8649260224538255;0.8669957233592567;0.8637376810121747;0.002039699993729209;-2114.133312176655;-2145.4665374178135;-2286.1485297313075;-2137.3768749188434;-2049.0746670687577;-2146.439984262676;77.62124874059256;16;-2122.493882596578;-2142.4861046921874;-2259.0601755372413;-2108.530868266923;-2075.6714959264355;-2141.6485054038726;62.61444737452374;-0.13612277382812749;-0.1452138233957094;-0.15210495078507003;-0.13643135264132644;-0.12999105578449788;-0.13997279128694623;0.007767331297269845;17;-0.13487980513003817;-0.14300483345559933;-0.15637551742098948;-0.1340704664963205;-0.1299920701556977;-0.13966453853172905;0.009361178833498102;-1438.3949277326828;-1489.7408717014441;-1596.7520450860175;-1420.5935976551364;-1385.5145774685934;-1466.1992039287748;73.43189021282329;15;-1421.0535189727434;-1477.9568694929994;-1622.836156084506;-1417.7021229315906;-1389.589454888026;-1465.8276244739732;83.58449677683538;-3319.4467555012643;-3637.190396667798;-4069.8911529429824;-3733.8482022814305;-3313.7568813074326;-3614.8266777401814;282.71620279210134;15;-3647.160789394509;-3605.1012218727824;-3578.150135002454;-3568.614879611448;-3571.245151951183;-3594.054435566475;29.538779620248498;0.22372853653217123;-0.2049711110419411;MLP_sgd;False;9251.21723484993;;;;;;;;;;;;constant;;;;;;;;;;;;sgd;300.0;0.01;(150, 70);300.0;0.0001;logistic;;;;;;;;;;2141.6485054038726;2146.439984262676
131;203.6686945438385;50.05201462137115;7.05048623085022;0.33497839760959525;RobustScaler();;;;;;0.2;11;{'scaler__scaler': RobustScaler(), 'regressor__regressor__solver': 'sgd', 'regressor__regressor__max_iter': 300, 'regressor__regressor__learning_rate_init': 0.001, 'regressor__regressor__learning_rate': 'constant', 'regressor__regressor__hidden_layer_sizes': (150, 70), 'regressor__regressor__batch_size': 200, 'regressor__regressor__alpha': 1e-05, 'regressor__regressor__activation': 'tanh', 'feature_selection__spearman_thr': 0.2, 'feature_selection__rfe_k': 11};0.9057560678385121;0.8824999747981332;0.8599559504676622;0.8770904784416174;0.9003559976649826;0.8851316938421816;0.016507873117601844;6;0.8888072867848386;0.8864759842875992;0.8865792260319223;0.8857814881421311;0.8895654517479992;0.8874418873988981;0.0014702326465060888;-1871.1918323274538;-1938.1466018204794;-1997.508800631666;-1948.7713501023188;-1868.7089619193105;-1924.8655093602458;49.110784624099644;6;-1884.4508859914663;-1928.0145354584674;-1961.7747896658725;-1927.5009791084678;-1893.301433918933;-1919.0085248286414;27.70295413968811;-0.11788448846402941;-0.12150748558471253;-0.12332788770269248;-0.12236827864976824;-0.11889243549344655;-0.12079611517892985;0.0020731224960038016;6;-0.11766959773511662;-0.12047870366055981;-0.12494404129870873;-0.1204284682567335;-0.11923304579260403;-0.12055077134874455;0.0024231605264375565;-1271.487138485254;-1321.2462922734921;-1355.4715237691998;-1298.8503458152554;-1275.0554075895589;-1304.422141586552;31.200179071975246;6;-1252.8107933900483;-1301.3532734688133;-1347.8583448645659;-1300.071494458667;-1273.4351910253827;-1295.1058194414954;31.953099734933804;-2929.820072219591;-3334.1512955091175;-3759.84509602972;-3451.171282030527;-3002.2393235956333;-3295.445413876918;303.666744280245;6;-3262.693121716997;-3281.5199557421715;-3252.4401528530366;-3281.5731250695067;-3254.163282563948;-3266.477927589132;12.7840678585162;0.30520888551693337;-0.26032054487394884;MLP_sgd;False;9251.21723484993;;;;;;;;;;;;constant;;;;;;;;;;;;sgd;300.0;0.001;(150, 70);200.0;1,00E-05;tanh;;;;;;;;;;1919.0085248286414;1924.8655093602458
132;177.44640436172486;7.30872046928039;7.078005409240722;0.08251518372963323;RobustScaler();;;;;;0.3;13;{'scaler__scaler': RobustScaler(), 'regressor__regressor__solver': 'sgd', 'regressor__regressor__max_iter': 300, 'regressor__regressor__learning_rate_init': 0.001, 'regressor__regressor__learning_rate': 'constant', 'regressor__regressor__hidden_layer_sizes': (200, 100, 50), 'regressor__regressor__batch_size': 300, 'regressor__regressor__alpha': 1e-05, 'regressor__regressor__activation': 'logistic', 'feature_selection__spearman_thr': 0.3, 'feature_selection__rfe_k': 13};0.8681288842788454;0.8496357503286334;0.8271743669300813;0.8442895819951908;0.8625870663055483;0.8503631299676598;0.014423470062119444;19;0.848931552931074;0.8528719974279115;0.8521034061046651;0.8548634652000631;0.8503461467973842;0.8518233136922195;0.0020476822440288985;-2229.777944553614;-2214.5427512779866;-2275.763728375743;-2237.664275729236;-2197.8873574698764;-2231.1272114812914;26.14155536928794;19;-2229.342730031739;-2219.3599375873396;-2258.301532406298;-2209.6428778025634;-2224.7399673955815;-2228.277409044704;16.382084346418235;-0.14382610885346606;-0.14138939104934167;-0.139686296382102;-0.14267726511537862;-0.14049521440952462;-0.1416148551619626;0.001486077134288952;19;-0.1417612378647538;-0.14106179835975882;-0.14259686798411841;-0.1409009699530577;-0.14075597942188986;-0.14141537071671573;0.0006841020850604339;-1554.1709970239044;-1514.614607044361;-1524.788448523932;-1505.1969725469962;-1514.8520714426377;-1522.7246193163662;16.900306342023423;20;-1519.7427421119755;-1513.961438003871;-1541.384942478543;-1526.5159831052588;-1515.9224945844726;-1523.5055200568243;9.914503611480786;-3465.6850374813353;-3771.7128292369307;-4176.780960947166;-3884.4772754818596;-3525.6040249198454;-3764.8520256134275;257.2093355310169;19;-3802.987920970931;-3735.7589584901884;-3714.0016881989745;-3699.152302080467;-3788.181795403465;-3748.016533028805;40.816841285059525;0.12789262346867977;-0.1714186147630243;MLP_sgd;False;9251.21723484993;;;;;;;;;;;;constant;;;;;;;;;;;;sgd;300.0;0.001;(200, 100, 50);300.0;1,00E-05;logistic;;;;;;;;;;2228.277409044704;2231.1272114812914
133;82.43677921295166;37.983704088737;7.076083040237426;0.07248790594321503;MinMaxScaler(feature_range=(-1, 1));;;;;;0.2;6;{'scaler__scaler': MinMaxScaler(feature_range=(-1, 1)), 'regressor__regressor__solver': 'sgd', 'regressor__regressor__max_iter': 300, 'regressor__regressor__learning_rate_init': 0.01, 'regressor__regressor__learning_rate': 'constant', 'regressor__regressor__hidden_layer_sizes': (100, 50, 25), 'regressor__regressor__batch_size': 200, 'regressor__regressor__alpha': 0.001, 'regressor__regressor__activation': 'logistic', 'feature_selection__spearman_thr': 0.2, 'feature_selection__rfe_k': 6};0.8774841138713847;0.8516142905134729;0.8171123185390998;0.8348791729365158;0.8515668932393197;0.8465313578199586;0.02005252709097871;20;0.8599257843007557;0.854578136608498;0.8428544742835336;0.8444741617775798;0.8402254499118718;0.8484116013764478;0.007536587199854538;-2129.987936545106;-2247.2739150588664;-2373.6403579964403;-2354.544603670691;-2294.119809227959;-2279.913324499813;87.29188032012323;21;-2135.7319505078503;-2240.087503250961;-2342.116702778346;-2328.161905109357;-2328.498440099427;-2274.9193003491882;78.49504763511695;-0.13442236407425703;-0.15042502882520994;-0.1440865059809576;-0.15164079084184978;-0.1422482335687517;-0.1445645846582052;0.0062108965496575925;21;-0.13252386007916575;-0.14834196681276515;-0.14648267010018862;-0.15025065013899783;-0.14301350215736913;-0.1441225298576973;0.006271951074994485;-1425.8154121231528;-1563.006688676447;-1615.4296812577923;-1593.6943767699604;-1555.3233345202152;-1550.6538986695136;66.04154380440256;21;-1414.3917032578775;-1548.446834464683;-1613.7568381786368;-1613.166650466017;-1589.9869801642344;-1555.9498013062898;74.65780671684074;-3340.4921367654574;-3746.8159647995394;-4296.648728287157;-4000.1352667448245;-3664.2501661273454;-3809.6684525448645;322.071645694632;20;-3661.990078445855;-3714.0353218298455;-3828.371026836946;-3829.2622726092955;-3914.1788207678264;-3789.5675040979536;90.10047542662943;0.21952533216708503;-0.2216192651584111;MLP_sgd;False;9251.21723484993;;;;;;;;;;;;constant;;;;;;;;;;;;sgd;300.0;0.01;(100, 50, 25);200.0;0.001;logistic;;;;;;;;;;2274.9193003491882;2279.913324499813
134;37.24885153770447;0.8262782165351185;6.959077787399292;0.07262336112881568;StandardScaler();;;;;;0.2;7;{'scaler__scaler': StandardScaler(), 'regressor__regressor__solver': 'sgd', 'regressor__regressor__max_iter': 300, 'regressor__regressor__learning_rate_init': 0.001, 'regressor__regressor__learning_rate': 'invscaling', 'regressor__regressor__hidden_layer_sizes': (32, 16), 'regressor__regressor__batch_size': 100, 'regressor__regressor__alpha': 0.001, 'regressor__regressor__activation': 'relu', 'feature_selection__spearman_thr': 0.2, 'feature_selection__rfe_k': 7};0.860110666466441;0.8480494166089171;0.8217376110421097;0.8351215670711668;0.8499017277003071;0.8429841977777883;0.013266974043277424;22;0.8400223210098711;0.8515705038375434;0.8480509328226928;0.8477872772292807;0.8383298094814629;0.8451521688761702;0.0050872699745266765;-2368.2748965323844;-2234.941292011729;-2395.198533724596;-2322.7848922559187;-2418.270977298043;-2347.894118364534;64.7993832092435;24;-2394.347778524534;-2229.3781303428236;-2364.077096917339;-2289.5672333390676;-2445.843382575908;-2344.6427243399344;76.69302030129084;-0.1566110003052561;-0.143393699408603;-0.15171472626170393;-0.14857807383874871;-0.16676224383030458;-0.15341194872892328;0.007938218191548971;24;-0.15663510082253546;-0.14148589479560345;-0.1548419199389925;-0.14677972422876592;-0.1665117475649375;-0.15325087747016694;0.00860378638871488;-1701.4381598511172;-1529.8765846572696;-1676.4225940852084;-1572.9868899593894;-1759.8308212680113;-1648.1110099641992;84.55727015747274;24;-1717.403409116645;-1527.6422222626843;-1689.1718175720152;-1583.2733479103426;-1759.499154034449;-1655.397990179227;86.42441318138575;-3569.4931394657724;-3791.5563005594963;-4241.968932987497;-3997.198128386778;-3684.746153250301;-3856.992530929969;238.52507401131987;22;-3913.521818257273;-3752.2458307980532;-3764.5409862316333;-3788.2559576715335;-3937.330183091875;-3831.1789552100736;78.18167436469052;0.13867332497384155;-0.25651843280064934;MLP_sgd;False;9251.21723484993;;;;;;;;;;;;invscaling;;;;;;;;;;;;sgd;300.0;0.001;(32, 16);100.0;0.001;relu;;;;;;;;;;2344.6427243399344;2347.894118364534
135;73.33086934089661;0.9822120747260454;7.1701172351837155;0.1608241607283566;MinMaxScaler();;;;;;0.25;13;{'scaler__scaler': MinMaxScaler(), 'regressor__regressor__solver': 'sgd', 'regressor__regressor__max_iter': 300, 'regressor__regressor__learning_rate_init': 0.01, 'regressor__regressor__learning_rate': 'invscaling', 'regressor__regressor__hidden_layer_sizes': (200, 100, 50), 'regressor__regressor__batch_size': 100, 'regressor__regressor__alpha': 1e-06, 'regressor__regressor__activation': 'tanh', 'feature_selection__spearman_thr': 0.25, 'feature_selection__rfe_k': 13};0.8833766738717658;0.8635423428399656;0.8456991508652638;0.8623584948865914;0.8743721849688992;0.8658697694864971;0.012675824153596495;13;0.8636467204766574;0.8666594051084823;0.872379072885776;0.8709548536485587;0.8632477954395875;0.8673775695118124;0.0037229565217911107;-2084.663217181204;-2095.531277536121;-2090.842766019166;-2087.3879104262205;-2081.695509425345;-2088.0241361176113;4.817757192657048;13;-2090.7356194038875;-2094.8457336217525;-2065.0834502164644;-2057.1376612703148;-2105.8726113106736;-2082.7350151646183;18.508537471493803;-0.13508984127075988;-0.13609185789964154;-0.13049628881836178;-0.133127606877936;-0.1351635545011196;-0.13399382987356376;0.0019977163961023064;13;-0.13371898121837053;-0.13409864612585895;-0.13446258742845907;-0.131024909692383;-0.1349492501342373;-0.13365087491986177;0.0013744443452291817;-1435.3107171213142;-1417.1683869562985;-1388.090342231506;-1375.5300695171918;-1417.5065150977553;-1406.7212061848131;21.73854966768881;11;-1403.5175299495422;-1410.9289578195967;-1405.189143119368;-1393.3790502034062;-1425.930887194354;-1407.7891136572534;10.692415735922376;-3259.1696148946985;-3593.0666938251547;-3946.5879031551026;-3652.1487378031925;-3371.0301024229116;-3564.4006104202117;238.80817361122877;13;-3613.0240924160425;-3556.414491994041;-3450.038633773178;-3488.06584670934;-3621.2126528863064;-3545.7511435557813;67.5607490187298;0.2539507385472639;-0.17383433447143462;MLP_sgd;False;9251.21723484993;;;;;;;;;;;;invscaling;;;;;;;;;;;;sgd;300.0;0.01;(200, 100, 50);100.0;1,00E-06;tanh;;;;;;;;;;2082.7350151646183;2088.0241361176113
136;40.81621241569519;0.33965473932923956;6.936529111862183;0.07623466100385351;RobustScaler();;;;;;0.2;11;{'scaler__scaler': RobustScaler(), 'regressor__regressor__solver': 'sgd', 'regressor__regressor__max_iter': 300, 'regressor__regressor__learning_rate_init': 0.0001, 'regressor__regressor__learning_rate': 'constant', 'regressor__regressor__hidden_layer_sizes': (100, 50, 25), 'regressor__regressor__batch_size': 200, 'regressor__regressor__alpha': 1e-06, 'regressor__regressor__activation': 'logistic', 'feature_selection__spearman_thr': 0.2, 'feature_selection__rfe_k': 11};0.0002374159856308733;0.0010894141124063728;0.0012928712055100267;4.3681464726552655e-05;-0.0004856732307485512;0.00043554190750505484;0.0006639289425896235;37;0.00029883393787655255;0.0011012382101740492;0.001587202149553213;4.7798411227928383e-05;-0.00016912441105465525;0.0005731896595554175;0.000664739619241205;-6946.144832814999;-7045.613416885092;-7098.921909674235;-7039.703778549105;-7001.807056228456;-7026.438198830377;50.697673994714016;37;-7047.602200738105;-7014.759678438912;-6997.202873440331;-7024.471827131969;-7047.830013628569;-7026.373318675576;19.495960488214294;-0.5580731309255513;-0.5675185999243781;-0.5531485113587925;-0.5630137546730468;-0.5670136987529073;-0.5617535391269353;0.0054787819071560485;37;-0.5626303650534887;-0.559077370016799;-0.5621216936142371;-0.5613994097218001;-0.5634982757878081;-0.5617454228388267;0.0014990281397462796;-5899.008308462522;-5899.054602978424;-5874.716956366665;-5901.956708212694;-5962.5636548163475;-5907.46004616733;29.2605115810173;36;-5908.484206289699;-5886.485171733351;-5880.221086377573;-5899.9516529315115;-5947.068055712898;-5904.442034609006;23.50567426056978;-9542.511471129283;-9721.418308648017;-10040.531368563521;-9843.833612362265;-9513.167959001215;-9732.292543940861;195.75661994682937;37;-9783.024990661299;-9734.012833421088;-9649.794845505556;-9709.647377301973;-9793.17652432517;-9733.931314243016;52.13222725394383;0.0009233804106024639;-24.0143466923542;MLP_sgd;False;9251.21723484993;;;;;;;;;;;;constant;;;;;;;;;;;;sgd;300.0;0.0001;(100, 50, 25);200.0;1,00E-06;logistic;;;;;;;;;;7026.373318675576;7026.438198830377
137;212.58708610534669;4.330609986496681;6.977550506591797;0.22457614375079293;MinMaxScaler();;;;;;0.2;13;{'scaler__scaler': MinMaxScaler(), 'regressor__regressor__solver': 'sgd', 'regressor__regressor__max_iter': 300, 'regressor__regressor__learning_rate_init': 0.001, 'regressor__regressor__learning_rate': 'adaptive', 'regressor__regressor__hidden_layer_sizes': (150, 70), 'regressor__regressor__batch_size': 200, 'regressor__regressor__alpha': 1e-06, 'regressor__regressor__activation': 'tanh', 'feature_selection__spearman_thr': 0.2, 'feature_selection__rfe_k': 13};0.8878212925959217;0.8690664870874101;0.850236308981331;0.8667415459493787;0.8814895098630118;0.8710710288954108;0.01300741514711572;8;0.8686954442223503;0.8723274810901738;0.8772299335139065;0.8743522453573913;0.8704507672000761;0.8726111742767795;0.0029814442077169805;-2036.4669080633607;-2043.1673022537536;-2060.7095012424684;-2057.7057479655437;-2025.9404381552024;-2044.7979795360657;13.018907297125134;9;-2049.287621698786;-2042.304026792468;-2029.2998989009816;-2026.439638741774;-2046.451253834487;-2038.7564879936992;9.206857039738374;-0.13103933889835387;-0.13354977699526488;-0.12777290404654354;-0.13158980193017272;-0.1314517624786161;-0.13108071686979023;0.0018674280792522061;11;-0.13019637012192373;-0.1309440244090575;-0.13142323038036588;-0.12991235261107756;-0.13108623527505747;-0.13071244255949643;0.0005665765896914751;-1405.189857193247;-1388.2283472515119;-1365.0937291937153;-1372.867186624927;-1383.6116414698236;-1382.998152346645;13.736141427195962;9;-1384.5502695708037;-1374.7330303819026;-1383.1756952641572;-1376.4773952477153;-1381.2502421875943;-1380.0373265304347;3.8077774607983934;-3196.461418047729;-3519.587229943241;-3888.1310087449265;-3593.528844310757;-3274.1466267800783;-3494.371025565346;246.07477497979852;8;-3545.5038472397587;-3480.005181018779;-3383.8356085039795;-3441.844169285595;-3524.5549327053036;-3475.148747750683;58.07181833867517;0.29633217983339166;-0.17649847111403086;MLP_sgd;False;9251.21723484993;;;;;;;;;;;;adaptive;;;;;;;;;;;;sgd;300.0;0.001;(150, 70);200.0;1,00E-06;tanh;;;;;;;;;;2038.7564879936992;2044.7979795360657
138;84.0583071231842;5.591091280912372;6.827633380889893;0.13778591273458515;MinMaxScaler();;;;;;0.25;11;{'scaler__scaler': MinMaxScaler(), 'regressor__regressor__solver': 'sgd', 'regressor__regressor__max_iter': 300, 'regressor__regressor__learning_rate_init': 0.01, 'regressor__regressor__learning_rate': 'adaptive', 'regressor__regressor__hidden_layer_sizes': (32, 16), 'regressor__regressor__batch_size': 200, 'regressor__regressor__alpha': 0.0001, 'regressor__regressor__activation': 'relu', 'feature_selection__spearman_thr': 0.25, 'feature_selection__rfe_k': 11};0.9166315481401769;0.9001103927924057;0.8768382502008029;0.9046687392085211;0.9132174234160355;0.9022932707515885;0.014023474517563304;3;0.9097648270274974;0.9084068121543301;0.9003686610637568;0.908018156258054;0.9086734629660388;0.9070463838939355;0.003388935176521408;-1756.8524656845045;-1794.706575216697;-1886.3174815191428;-1764.9866664850542;-1756.9411535974875;-1791.9608685005774;49.18800113903763;5;-1750.4171912560894;-1760.6422044025005;-1853.2623702226294;-1744.0428320941012;-1762.3096669759636;-1774.1348529902566;40.12756601962248;-0.11171551166884208;-0.1133906846055355;-0.11621732854908944;-0.1124649565745039;-0.11154589686215109;-0.1130668756520244;0.0017048210090897765;5;-0.1107445785287665;-0.11145236488203948;-0.11794558287997611;-0.10916909232486789;-0.11139568716920556;-0.1121414611569711;0.003016790315664959;-1169.8750037022219;-1197.813181636473;-1246.3102159763548;-1159.0976393379642;-1184.635245176576;-1191.546257165918;30.360117388640152;5;-1168.9549578127271;-1176.8492058666925;-1252.2999203095042;-1166.5825669194492;-1179.4381289934536;-1188.8249559803653;32.094058349083575;-2755.593295561452;-3074.160060795398;-3525.945113428547;-3039.4249083741247;-2801.792688224727;-3039.38321327685;273.8385979121625;3;-2939.1786966416576;-2947.560747480445;-3048.323078749405;-2944.8616261825664;-2959.2752105396407;-2967.839871918743;40.77157254667936;1.0047722967775243;-0.5240209571137934;MLP_sgd;False;9251.21723484993;;;;;;;;;;;;adaptive;;;;;;;;;;;;sgd;300.0;0.01;(32, 16);200.0;0.0001;relu;;;;;;;;;;1774.1348529902566;1791.9608685005774
139;343.6575979232788;131.28965188909214;7.383157587051391;0.23246630861579137;RobustScaler();;;;;;0.25;13;{'scaler__scaler': RobustScaler(), 'regressor__regressor__solver': 'sgd', 'regressor__regressor__max_iter': 300, 'regressor__regressor__learning_rate_init': 1e-05, 'regressor__regressor__learning_rate': 'adaptive', 'regressor__regressor__hidden_layer_sizes': (200, 100), 'regressor__regressor__batch_size': 200, 'regressor__regressor__alpha': 1e-05, 'regressor__regressor__activation': 'logistic', 'feature_selection__spearman_thr': 0.25, 'feature_selection__rfe_k': 13};0.08825908563840623;0.10819166466965158;0.004112232391061621;0.10396846921502745;0.09974025129089714;0.0808543406410088;0.03894213983073332;30;0.08537979161122333;0.10820499681508866;0.0046192143549027564;0.10733284760232975;0.09639018251492026;0.08038540657969295;0.0387858396772783;-6587.061820502458;-6585.532025812917;-7081.288722731093;-6585.016679601233;-6583.8433423298975;-6684.54851819552;198.37279613186178;30;-6684.787508596954;-6557.408077934379;-6979.695501455278;-6564.151128656313;-6629.605862056794;-6683.129615739943;155.42242492258708;-0.5273540833179394;-0.5268976840355517;-0.5511762608699641;-0.5224643825768188;-0.5296639215128195;-0.5315112664626188;0.010104831626082306;30;-0.5316950598010252;-0.5192321789153532;-0.5601405330648757;-0.5203090066499315;-0.5264662489373414;-0.5315686054737054;0.014975787559244407;-5593.767077200897;-5565.780614578674;-5852.480869590734;-5534.7119705223195;-5637.252683467666;-5636.798643072058;112.99202957149058;30;-5633.6859473739205;-5523.637898135676;-5865.445709424128;-5538.642799752601;-5586.785320289993;-5629.639534995264;124.07591378801511;-9112.760851771389;-9185.48488497748;-10026.349087180606;-9318.272273606575;-9024.094694489668;-9333.392358405143;359.6213487095314;30;-9357.470356768834;-9197.370770505406;-9635.131300155947;-9173.997442257129;-9308.449166955239;-9334.48380732851;165.01573084929822;0.021231107836594845;0.5833572053292421;MLP_sgd;False;9251.21723484993;;;;;;;;;;;;adaptive;;;;;;;;;;;;sgd;300.0;1,00E-05;(200, 100);200.0;1,00E-05;logistic;;;;;;;;;;6683.129615739943;6684.54851819552
140;50.20257964134216;0.9765225213368879;7.352596378326416;0.1851668326664737;RobustScaler();;;;;;0.2;8;{'scaler__scaler': RobustScaler(), 'regressor__regressor__solver': 'sgd', 'regressor__regressor__max_iter': 300, 'regressor__regressor__learning_rate_init': 0.0001, 'regressor__regressor__learning_rate': 'constant', 'regressor__regressor__hidden_layer_sizes': (200, 100, 50), 'regressor__regressor__batch_size': 200, 'regressor__regressor__alpha': 0.001, 'regressor__regressor__activation': 'logistic', 'feature_selection__spearman_thr': 0.2, 'feature_selection__rfe_k': 8};0.0007949128072518574;0.0012189411017150542;0.0007111940925130789;0.0013126850462606976;0.00014228581634512238;0.0008360037728171621;0.00041770242067664445;35;0.000755257413559085;0.0012438288723174429;0.0010227310447836757;0.0013637942369721934;0.00039038357745480035;0.0009551990290174395;0.0003503743562181538;-6936.188794726713;-7042.827172165469;-7098.950907023676;-7035.549497611017;-6997.25507547586;-7022.154289400547;53.878673502140785;35;-7037.823742443128;-7011.996661852567;-6997.1022799709845;-7020.215040367207;-7043.371071098468;-7022.1017591464715;16.912782431099885;-0.5562347216504797;-0.5670572358464562;-0.5527301628834499;-0.5627648106138095;-0.5661915254455661;-0.5609956912879522;0.005618800404211687;35;-0.560795725209962;-0.5586152464125115;-0.5616920895876011;-0.5611434392105736;-0.5626814818107119;-0.560985596446272;0.0013457105509904537;-5856.697673592258;-5893.21813188733;-5862.583933451988;-5900.028779323564;-5959.2307023267895;-5894.351844116385;36.52346052961502;33;-5871.010557299063;-5872.064693581497;-5867.979046175424;-5899.941158376998;-5936.606483627707;-5889.520387812137;26.21845672241014;-9539.850508545247;-9720.788008556658;-10043.45489688332;-9837.585426505444;-9510.182000419672;-9730.372168182068;197.17481921232385;35;-9780.791467186986;-9733.31805386753;-9652.522304874934;-9703.256040661874;-9790.43692414866;-9732.064958147996;50.872618889207;0.0007480702484415256;-12.47857803235907;MLP_sgd;False;9251.21723484993;;;;;;;;;;;;constant;;;;;;;;;;;;sgd;300.0;0.0001;(200, 100, 50);200.0;0.001;logistic;;;;;;;;;;7022.1017591464715;7022.154289400547
141;39.356278610229495;0.17255755040498164;7.0895562171936035;0.04450115830201375;StandardScaler();;;;;;0.25;12;{'scaler__scaler': StandardScaler(), 'regressor__regressor__solver': 'sgd', 'regressor__regressor__max_iter': 300, 'regressor__regressor__learning_rate_init': 0.001, 'regressor__regressor__learning_rate': 'invscaling', 'regressor__regressor__hidden_layer_sizes': (100, 50, 25), 'regressor__regressor__batch_size': 300, 'regressor__regressor__alpha': 1e-06, 'regressor__regressor__activation': 'logistic', 'feature_selection__spearman_thr': 0.25, 'feature_selection__rfe_k': 12};-0.0003934806372398736;0.0010221177655420632;0.0030874072376259054;0.0012374622553102954;-0.0011378270136004343;0.0007631359215275913;0.0014591583986690354;36;-1.682545984316164e-05;0.001234639155126449;0.003383796837633568;0.001336149721581803;-0.00023444393872074087;0.0011406632631555836;0.0012891388301631075;-6980.922479950519;-7007.779060145282;-7093.1097619299235;-7001.26755378101;-7041.87784536099;-7024.991340233544;39.310096682537036;36;-7081.272507745176;-6976.353161626448;-6991.539180938633;-6986.11724277814;-7087.267213557454;-7024.50986132917;49.072619530103275;-0.5654925878222568;-0.558995861998444;-0.552867762352272;-0.554936069910279;-0.5757013346205002;-0.5615987233407503;0.008263671619712889;36;-0.5700322493127473;-0.5505957428879069;-0.5618688924076298;-0.5533463241145133;-0.5721101767345699;-0.5615906770914735;0.008612262794639986;-6049.0881607287665;-5810.4987203192795;-5877.137170544516;-5802.903882135059;-6126.04424031807;-5933.134434809139;130.99211315151325;37;-6055.3695481809555;-5793.201595433222;-5885.807375294131;-5775.101601332859;-6118.695005085607;-5925.635025065354;138.4834784402153;-9545.521880239596;-9721.745767846836;-10031.50660240454;-9837.955911184048;-9516.267972304408;-9730.599626795885;190.9662802555876;36;-9784.569382200312;-9733.362832681958;-9641.108770773239;-9703.390343801018;-9793.496307852487;-9731.185527461803;55.89920265608018;0.006854270459844424;-33.09717721456052;MLP_sgd;False;9251.21723484993;;;;;;;;;;;;invscaling;;;;;;;;;;;;sgd;300.0;0.001;(100, 50, 25);300.0;1,00E-06;logistic;;;;;;;;;;7024.50986132917;7024.991340233544
142;201.82575306892394;44.18867910770029;6.718719863891602;0.2251975328768816;StandardScaler();;;;;;0.3;11;{'scaler__scaler': StandardScaler(), 'regressor__regressor__solver': 'sgd', 'regressor__regressor__max_iter': 300, 'regressor__regressor__learning_rate_init': 0.01, 'regressor__regressor__learning_rate': 'constant', 'regressor__regressor__hidden_layer_sizes': (100, 50, 25), 'regressor__regressor__batch_size': 300, 'regressor__regressor__alpha': 0.001, 'regressor__regressor__activation': 'tanh', 'feature_selection__spearman_thr': 0.3, 'feature_selection__rfe_k': 11};0.9259343462823917;0.9032848883334047;0.8653945954963221;0.9108157658508588;0.9226193384221681;0.9056097868770291;0.0216895437798486;2;0.9240026751044782;0.9161818683433816;0.8912313408734639;0.9137669593234319;0.9229855180909097;0.9136336723471331;0.011860427991491028;-1633.9108525191045;-1739.6012303229552;-1949.8041699130672;-1694.5454862255124;-1651.3609519501006;-1733.844538186148;114.02315646775281;3;-1621.3736665921483;-1702.1732039344997;-1894.5476354182563;-1669.3140608216456;-1648.3557555034145;-1707.1528644539928;97.35352389177613;-0.10344270117124484;-0.11281002797157987;-0.11536420563868663;-0.10711645854572209;-0.10651001720284123;-0.10904868210601493;0.004373531521109569;4;-0.10301661910188822;-0.11067790028686227;-0.11605487429631128;-0.10382726406531005;-0.1054566970168902;-0.10780667095345242;0.0049107936160008095;-1069.4334593018648;-1181.4072578474897;-1214.97052259249;-1103.1996327971538;-1115.496128003243;-1136.9014001084483;53.331936190240214;4;-1080.6674488491244;-1167.8386416309568;-1198.614414931726;-1098.9425002253665;-1107.4958139874234;-1130.7117639249195;44.814897034063854;-2597.303383139512;-3024.9172048648056;-3686.1149220192115;-2939.8000535495457;-2645.671668800126;-2978.7614464746403;389.9888043549105;2;-2697.3494623640345;-2819.6822153025605;-3185.0400526914414;-2851.351036593423;-2717.5219467094707;-2854.188942732186;175.4637941653211;1.5635198398411747;-0.8782388076274144;MLP_sgd;False;9251.21723484993;;;;;;;;;;;;constant;;;;;;;;;;;;sgd;300.0;0.01;(100, 50, 25);300.0;0.001;tanh;;;;;;;;;;1707.1528644539928;1733.844538186148
143;44.36111831665039;0.5096641632716432;7.0005265235900875;0.07070624803641255;RobustScaler();;;;;;0.3;10;{'scaler__scaler': RobustScaler(), 'regressor__regressor__solver': 'sgd', 'regressor__regressor__max_iter': 300, 'regressor__regressor__learning_rate_init': 0.0001, 'regressor__regressor__learning_rate': 'invscaling', 'regressor__regressor__hidden_layer_sizes': (200, 100), 'regressor__regressor__batch_size': 300, 'regressor__regressor__alpha': 1e-05, 'regressor__regressor__activation': 'logistic', 'feature_selection__spearman_thr': 0.3, 'feature_selection__rfe_k': 10};0.007222632498367743;-0.0046134434478319886;0.0003547238018110077;0.0012203757050557318;0.002194998122258207;0.0012758573359321402;0.003787991117686024;33;0.0067799370987285945;-0.00459054197340647;0.0004962537831542102;0.001381547704612518;0.0024068883210001113;0.0012948169868177927;0.003649819743295415;-6891.312643632729;-7068.550583691387;-7107.925962468502;-7036.622018202939;-6991.694952706494;-7019.22123214041;74.46207697360381;33;-6993.140887697255;-7037.736455314693;-7006.254159438741;-7020.754306533817;-7037.562375192221;-7019.089636835345;17.49173569911592;-0.5496970706794335;-0.5695379304575336;-0.5542585562138826;-0.5620189034944707;-0.5664359405505589;-0.5603896802791759;0.007413834301316742;33;-0.5542466231120219;-0.5610570908868593;-0.563243900238681;-0.5603735453804757;-0.5629226450190118;-0.56036876092741;0.003247865220948192;-5750.069151330332;-5922.081720650614;-5904.097951356056;-5930.668134474876;-5980.345622062792;-5897.452515974934;77.90655948962399;34;-5795.67371475821;-5904.824384408612;-5909.353931719628;-5933.620207095595;-5947.382685892819;-5898.170984774973;53.57883029703095;-9509.11686901377;-9749.128977718621;-10045.246107811186;-9838.040063323717;-9500.414761960434;-9728.389355965544;206.35137497510914;33;-9751.261552358254;-9761.705911019357;-9655.065487934724;-9703.169789429061;-9780.556852564232;-9730.351918661125;45.49227584430859;0.0018748201244599971;-1.4642726407419688;MLP_sgd;False;9251.21723484993;;;;;;;;;;;;invscaling;;;;;;;;;;;;sgd;300.0;0.0001;(200, 100);300.0;1,00E-05;logistic;;;;;;;;;;7019.089636835345;7019.22123214041
144;46.25106687545777;0.49516724639412085;7.1806206703186035;0.2106265347679214;RobustScaler();;;;;;0.2;13;{'scaler__scaler': RobustScaler(), 'regressor__regressor__solver': 'sgd', 'regressor__regressor__max_iter': 300, 'regressor__regressor__learning_rate_init': 0.0001, 'regressor__regressor__learning_rate': 'invscaling', 'regressor__regressor__hidden_layer_sizes': (200, 100), 'regressor__regressor__batch_size': 200, 'regressor__regressor__alpha': 0.001, 'regressor__regressor__activation': 'logistic', 'feature_selection__spearman_thr': 0.2, 'feature_selection__rfe_k': 13};-0.004251150956703809;-0.0004675626154353463;0.0009039368441038365;0.002465785775528251;0.00608931741777663;0.0009480652930539124;0.0033992277999549585;34;-0.004116851510017838;-0.000424302185105363;0.0007762616401597588;0.002662896137376247;0.005918427567238815;0.000963286329930324;0.0033229588855042246;-6951.487351340955;-7058.849640928608;-7123.735355407975;-7006.616234471594;-6959.349583434001;-7020.007633116626;64.53200679694466;34;-7053.397541043993;-7028.225017715251;-7022.537116426379;-6991.206212922108;-7005.839915563989;-7020.241160734344;21.06553107322687;-0.5570598665644746;-0.5702130603318747;-0.5586911773343362;-0.5568811654193003;-0.5602911064608477;-0.5606272752221667;0.004949919268492289;34;-0.5616344612377606;-0.561697376966493;-0.5677995295557708;-0.5552736099147699;-0.5568183809930624;-0.5606446717335714;0.004399287849600308;-5851.449250124118;-5958.129355616835;-5962.662519971094;-5838.37836863439;-5920.19390683649;-5906.1626802365845;52.30280086965622;35;-5881.42942116345;-5933.978524461472;-5975.3860916508675;-5825.628043458517;-5881.822464091485;-5899.648908965158;51.07536342354552;-9563.908668135658;-9728.991623437194;-10042.486259751466;-9831.904467578379;-9481.857118696606;-9729.82962751986;198.59218252353097;34;-9804.607022033777;-9741.442998022088;-9653.712974961585;-9696.942620162696;-9763.327841218139;-9732.006691279657;52.3455087704834;-0.003326489964823112;-1.5801155278008097;MLP_sgd;False;9251.21723484993;;;;;;;;;;;;invscaling;;;;;;;;;;;;sgd;300.0;0.0001;(200, 100);200.0;0.001;logistic;;;;;;;;;;7020.241160734344;7020.007633116626
145;83.5954195022583;3.6386399575758515;7.073709011077881;0.1492911444123574;MinMaxScaler(feature_range=(-1, 1));;;;;;0.2;10;{'scaler__scaler': MinMaxScaler(feature_range=(-1, 1)), 'regressor__regressor__solver': 'sgd', 'regressor__regressor__max_iter': 300, 'regressor__regressor__learning_rate_init': 0.0001, 'regressor__regressor__learning_rate': 'constant', 'regressor__regressor__hidden_layer_sizes': (100, 50), 'regressor__regressor__batch_size': 200, 'regressor__regressor__alpha': 1e-05, 'regressor__regressor__activation': 'relu', 'feature_selection__spearman_thr': 0.2, 'feature_selection__rfe_k': 10};0.8875903655101371;0.8701741496348258;0.8454071557190216;0.8643861483278227;0.8778244073211592;0.8690764453025933;0.01416143489080886;10;0.8665227875811975;0.873943944790772;0.8710675578806762;0.8732823266338958;0.8660345579084362;0.8701702349589955;0.003320809719135754;-2064.1020976749483;-2052.685131437837;-2119.949887697359;-2082.0159974096373;-2106.3376905368723;-2085.01816095133;25.166117545784207;11;-2076.9662061196427;-2048.3751443222077;-2102.168352970565;-2060.287684484226;-2132.948613812688;-2084.1492003418657;30.353988356297325;-0.13643574717267887;-0.13182666810506105;-0.13419019061122017;-0.13576579669132444;-0.13967984605263017;-0.13557964972658293;0.002592089162300226;15;-0.13583629333356503;-0.13080869602096895;-0.13754265823987336;-0.13450689825289952;-0.1404382940999393;-0.1358265679894492;0.003197925745032867;-1422.0394892282347;-1396.8422614912852;-1441.91974452684;-1411.0270870904078;-1481.6713960644738;-1430.6999956802483;29.435829494375366;14;-1414.1394986786781;-1396.7852804240329;-1452.9747920804712;-1426.8182076273188;-1492.9283166954265;-1436.7292191011854;33.544892505651625;-3199.749787318513;-3504.668226282358;-3950.3203513158996;-3625.1482799883115;-3324.389903994791;-3520.855309779975;259.7255010329462;10;-3574.7166871919126;-3457.904805668954;-3467.7207334361137;-3456.46714212257;-3584.1258594023034;-3508.1870455643707;58.36723591261164;0.04169378129559675;-0.1256983533174642;MLP_sgd;False;9251.21723484993;;;;;;;;;;;;constant;;;;;;;;;;;;sgd;300.0;0.0001;(100, 50);200.0;1,00E-05;relu;;;;;;;;;;2084.1492003418657;2085.01816095133
146;64.50639810562134;24.313125450200396;6.98183126449585;0.2910417532742277;RobustScaler();;;;;;0.3;9;{'scaler__scaler': RobustScaler(), 'regressor__regressor__solver': 'sgd', 'regressor__regressor__max_iter': 300, 'regressor__regressor__learning_rate_init': 1e-05, 'regressor__regressor__learning_rate': 'invscaling', 'regressor__regressor__hidden_layer_sizes': (32, 16), 'regressor__regressor__batch_size': 100, 'regressor__regressor__alpha': 1e-05, 'regressor__regressor__activation': 'tanh', 'feature_selection__spearman_thr': 0.3, 'feature_selection__rfe_k': 9};0.4593243502816353;-0.630750324228992;0.20229745670021448;0.1713438967856138;-0.06804543522591433;0.026833988862511447;0.36881911249104116;31;0.45517514996206054;-0.6261966537220411;0.20486162802861718;0.1722229636703615;-0.05697947258556413;0.02981672307068679;0.36598829969067687;-5487.644985502241;-9300.614256545407;-6636.5203222513;-5936.449430332904;-7131.374883510861;-6898.520775628543;1327.3334270479534;31;-5453.675013071313;-9295.02844788425;-6563.085628761832;-5951.248392487157;-7218.880201235506;-6896.383536688011;1337.406245611234;-0.4801516610052501;-0.8170636935813249;-0.5382841623372185;-0.4435635006051956;-0.48906773978039025;-0.5536261514618759;0.1351405132508635;32;-0.4762896264323018;-0.8018015803762719;-0.5466352558643771;-0.44320185281106406;-0.4895152698862153;-0.551488717074046;0.1295389840795968;-4915.7642225068485;-7515.643493960772;-6037.053475642402;-4426.258228973983;-5314.472939318641;-5641.838472080529;1075.1118541276956;31;-4874.626098350982;-7515.703425611551;-6090.588236219037;-4455.166168020616;-5371.002310349217;-5661.41724771028;1075.266272393803;-7017.503799322322;-12421.100051915184;-8973.422383907138;-8961.091596732367;-9829.118966446527;-9440.447359664708;1752.364451920936;31;-7222.150221979779;-12419.888833507835;-8611.610266685877;-8834.267077961922;-10067.465211452813;-9431.076322317645;1746.1415436611485;0.030990720413990633;-10.003561427941447;MLP_sgd;False;9251.21723484993;;;;;;;;;;;;invscaling;;;;;;;;;;;;sgd;300.0;1,00E-05;(32, 16);100.0;1,00E-05;tanh;;;;;;;;;;6896.383536688011;6898.520775628543
147;140.99567728042604;20.352662461927036;6.959829711914063;0.23157092785809746;RobustScaler();;;;;;0.2;9;{'scaler__scaler': RobustScaler(), 'regressor__regressor__solver': 'sgd', 'regressor__regressor__max_iter': 300, 'regressor__regressor__learning_rate_init': 0.0001, 'regressor__regressor__learning_rate': 'constant', 'regressor__regressor__hidden_layer_sizes': (100, 50), 'regressor__regressor__batch_size': 100, 'regressor__regressor__alpha': 0.001, 'regressor__regressor__activation': 'tanh', 'feature_selection__spearman_thr': 0.2, 'feature_selection__rfe_k': 9};0.8849647532391548;0.8641386894629043;0.8410969532490753;0.8564775315686455;0.8796697170091118;0.8652695289057784;0.015862904575481465;14;0.8634523104527603;0.867597234844308;0.8688879973269148;0.8677240547356602;0.8660332565595207;0.8667389707838329;0.0018775245069380208;-2075.679083323946;-2067.8936178004815;-2143.1690135300873;-2113.1318411563852;-2036.8356598907844;-2087.341843140337;37.0052021565509;12;-2094.723250549215;-2069.6876974272423;-2098.5269388146157;-2077.886762192082;-2067.397672921992;-2081.644464381029;12.775979486826966;-0.13436598597487429;-0.1310251442462665;-0.1321387781572282;-0.13281101892332617;-0.1308867282781684;-0.1322455311159727;0.001277747293237735;12;-0.1343381252995376;-0.13000953923154931;-0.1334270912816821;-0.13057716070241515;-0.1304259669176703;-0.1317555766865709;0.001770236794534213;-1434.319695151713;-1412.157867548205;-1445.8322071922667;-1424.6035952410157;-1412.4060762729632;-1425.8638882812327;12.967578624361149;12;-1443.3208109441384;-1405.9863798574042;-1433.1468232117477;-1423.6562185879266;-1403.2232693242331;-1421.86670038509;15.430388900125632;-3236.903224487175;-3585.206895475657;-4005.011196139109;-3729.3547534908967;-3299.1890068367284;-3571.133015285913;282.54046264330304;14;-3615.598866967703;-3543.8856871852367;-3496.90823866086;-3531.459861661463;-3584.1432675745164;-3554.399184409956;41.405474574380804;0.27369605409548003;-0.16953684183897352;MLP_sgd;False;9251.21723484993;;;;;;;;;;;;constant;;;;;;;;;;;;sgd;300.0;0.0001;(100, 50);100.0;0.001;tanh;;;;;;;;;;2081.644464381029;2087.341843140337
148;112.08704466819763;6.623356412825887;7.116556406021118;0.03450091024046936;RobustScaler();;;;;;0.2;5;{'scaler__scaler': RobustScaler(), 'regressor__regressor__solver': 'sgd', 'regressor__regressor__max_iter': 300, 'regressor__regressor__learning_rate_init': 0.0001, 'regressor__regressor__learning_rate': 'constant', 'regressor__regressor__hidden_layer_sizes': (200, 100), 'regressor__regressor__batch_size': 100, 'regressor__regressor__alpha': 0.001, 'regressor__regressor__activation': 'relu', 'feature_selection__spearman_thr': 0.2, 'feature_selection__rfe_k': 5};0.8885525540094771;0.8634503697265246;0.8457187603659626;0.856424316589617;0.8833966671488753;0.8675085335680913;0.016182746126720285;11;0.8716519136296357;0.8665464012437007;0.8721402224585247;0.8672979615525083;0.8707913536156955;0.869685570500013;0.0023095297333331284;-2030.8614973780475;-2093.938912738782;-2113.6294537481253;-2123.499445501196;-2011.1871115489564;-2074.6232841830215;45.21658080542774;10;-2030.3084766055015;-2090.9918331092695;-2074.666149577525;-2091.9087888607037;-2045.8287221066223;-2066.7407940519242;24.694050400147844;-0.1285542938829405;-0.13178339018516866;-0.12919043460605606;-0.13224378234587902;-0.12729147843195318;-0.12981267589039952;0.001903740504721995;9;-0.12696640848363194;-0.13039918049408272;-0.1313649599666047;-0.13066828372087383;-0.12797919203604816;-0.12947560494024826;0.001695904203117965;-1371.9089584784888;-1415.6795068978063;-1407.822604709203;-1403.6682909345918;-1373.6641810536494;-1394.5487084147478;18.191182001050024;10;-1356.9168865747852;-1400.5165741714;-1397.314990909872;-1413.5027225979538;-1374.1023684275951;-1388.4707085363211;20.258424496705494;-3186.0259677353824;-3594.277361927002;-3946.3371168578988;-3730.046070831838;-3247.6947962591616;-3540.876262722257;288.0657918124323;12;-3505.3610972616475;-3557.921172950169;-3453.265604532638;-3537.1431366581464;-3519.918835985215;-3514.721969477563;35.38473699433738;0.3813971328084802;-0.25032460072553253;MLP_sgd;False;9251.21723484993;;;;;;;;;;;;constant;;;;;;;;;;;;sgd;300.0;0.0001;(200, 100);100.0;0.001;relu;;;;;;;;;;2066.7407940519242;2074.6232841830215
149;55.45398807525635;30.681782013267718;6.9227861881256105;0.19681322667983617;RobustScaler();;;;;;0.3;8;{'scaler__scaler': RobustScaler(), 'regressor__regressor__solver': 'sgd', 'regressor__regressor__max_iter': 300, 'regressor__regressor__learning_rate_init': 1e-05, 'regressor__regressor__learning_rate': 'constant', 'regressor__regressor__hidden_layer_sizes': (32, 16), 'regressor__regressor__batch_size': 200, 'regressor__regressor__alpha': 0.001, 'regressor__regressor__activation': 'logistic', 'feature_selection__spearman_thr': 0.3, 'feature_selection__rfe_k': 8};-0.008268146062702764;0.0076291171531388535;0.005508790895254689;0.013324410057642622;0.09415872368483502;0.022470579145633683;0.03653952095640699;32;-0.007759953666844899;0.007601864827079474;0.006147713987240455;0.013604897405450678;0.090842239530871;0.022087352416759343;0.035082615779089325;-6985.5570816509635;-7029.794178218844;-7073.372365029777;-6982.440169887498;-6601.934969795464;-6934.619752916509;169.62961254336614;32;-7086.773221874496;-6998.830930875893;-6971.824145936547;-6967.026286519855;-6648.387936963784;-6934.568504434115;149.423387127059;-0.562394987340912;-0.5668281738600476;-0.5504594834809718;-0.5584323411340475;-0.5284144990616433;-0.5533058969755245;0.013560440445733929;31;-0.5669337921849215;-0.5584605262427815;-0.5594047537622762;-0.5567870137601615;-0.5251432248600891;-0.553345862162046;0.014523994447090703;-5967.877963081995;-5964.348091207492;-5854.365074059984;-5878.641529920516;-5684.127315839545;-5869.871994821907;103.2950702700557;32;-5991.452775821643;-5956.7794655104535;-5873.236774757215;-5875.817638182998;-5610.693601641167;-5861.596051182695;133.57578408164383;-9583.01735067912;-9689.543791620426;-10019.316519878377;-9778.24561413196;-9052.025747279733;-9624.429804717922;320.37354717500233;32;-9822.377286917424;-9702.287662463932;-9627.730638524963;-9643.602286250125;-9336.981238106384;-9626.595822452566;160.1416570144936;0.0007390291459542279;1.7350505467715394;MLP_sgd;False;9251.21723484993;;;;;;;;;;;;constant;;;;;;;;;;;;sgd;300.0;1,00E-05;(32, 16);200.0;0.001;logistic;;;;;;;;;;6934.568504434115;6934.619752916509
150;277.8859865665436;44.5348016642022;6.578450012207031;0.10835025996668836;MinMaxScaler();;;;;;0.2;7;{'scaler__scaler': MinMaxScaler(), 'regressor__regressor__solver': 'sgd', 'regressor__regressor__max_iter': 300, 'regressor__regressor__learning_rate_init': 1e-05, 'regressor__regressor__learning_rate': 'constant', 'regressor__regressor__hidden_layer_sizes': (100, 50), 'regressor__regressor__batch_size': 100, 'regressor__regressor__alpha': 1e-06, 'regressor__regressor__activation': 'tanh', 'feature_selection__spearman_thr': 0.2, 'feature_selection__rfe_k': 7};0.7898388405484839;0.7749959291296975;0.7659358991218417;0.7660006301780126;0.7804019942209718;0.7754346586398014;0.009072757995397921;27;0.7703083130528438;0.7767499514685878;0.7868106500276756;0.7786250641540913;0.7658369471084379;0.7756661851623272;0.0072034620244862835;-2925.718057236676;-2892.640335501106;-2907.321683946188;-2909.00100241255;-2924.686992503541;-2911.873614320012;12.286107956319753;28;-2915.553730707032;-2892.923487855402;-2877.814127442015;-2892.676823755033;-2968.38040166517;-2909.4697142849304;31.828726971754442;-0.21351514132040553;-0.20923557524394654;-0.20436172489513865;-0.20671069923364327;-0.2120232931991456;-0.2091692867784559;0.003352417112687858;28;-0.20989031880947545;-0.20713644569084164;-0.20849610997181653;-0.20746507178253437;-0.21249725368320063;-0.20909703998757373;0.0019523888735435001;-2136.2235568113065;-2108.0480687314885;-2102.148036758892;-2087.4050832663124;-2152.3686654438015;-2117.2386822023605;23.650707252890985;28;-2107.824898997087;-2091.600177060259;-2104.138252845645;-2105.6910419039177;-2151.349185447718;-2112.1207112509255;20.41313206885625;-4375.125134271278;-4613.829176682417;-4860.769501303612;-4761.909021623693;-4456.910606417868;-4613.708688059773;181.38916691555852;27;-4689.328985845973;-4601.791717266345;-4459.085127177118;-4568.5466273013035;-4738.556320381433;-4611.461755594435;97.33466875780093;0.08262330497131665;-0.02984873221943144;MLP_sgd;False;9251.21723484993;;;;;;;;;;;;constant;;;;;;;;;;;;sgd;300.0;1,00E-05;(100, 50);100.0;1,00E-06;tanh;;;;;;;;;;2909.4697142849304;2911.873614320012
151;302.76060218811034;17.554546575871775;6.7356274127960205;0.2044960983197368;MinMaxScaler();;;;;;0.2;9;{'scaler__scaler': MinMaxScaler(), 'regressor__regressor__solver': 'sgd', 'regressor__regressor__max_iter': 300, 'regressor__regressor__learning_rate_init': 1e-05, 'regressor__regressor__learning_rate': 'adaptive', 'regressor__regressor__hidden_layer_sizes': (100, 50), 'regressor__regressor__batch_size': 200, 'regressor__regressor__alpha': 0.0001, 'regressor__regressor__activation': 'tanh', 'feature_selection__spearman_thr': 0.2, 'feature_selection__rfe_k': 9};0.7878502597586027;0.7657532980963673;0.740228708287528;0.7451208724157006;0.7716118474055544;0.7621129971927505;0.0175130867396005;28;0.7671075352107417;0.7669161755021987;0.7633796275831594;0.7577846533353725;0.7567888071669255;0.7623953597596795;0.004388694596670011;-2925.9596770466237;-2933.1293961234346;-3024.5268701343493;-3048.62944865589;-2975.1917225790326;-2981.4874229078664;48.62491294934012;29;-2921.5233799513167;-2936.91613315382;-2983.4410435739032;-3032.0186039951063;-3017.8447512796774;-2978.3487823907644;43.3868717901396;-0.21149440398355315;-0.21226808926764093;-0.2097793557275057;-0.21822449844860875;-0.2171483262653445;-0.21378293473853058;0.003304969683192441;29;-0.20837291264632235;-0.21014438587879625;-0.21433763666687497;-0.21874070002937582;-0.21737216399710507;-0.2137935598436949;0.0040069067859779895;-2128.1732740780826;-2123.0764941332254;-2139.3997984285124;-2186.075266520268;-2182.9654578307673;-2151.9380581981713;27.140417545011687;29;-2101.549699787536;-2102.046981548083;-2164.094002055802;-2200.4786484555334;-2183.273513225364;-2150.288569014464;41.2319505605834;-4395.775490666636;-4707.638064096916;-5120.745585869101;-4969.822590107414;-4545.236789688918;-4747.843704085797;266.4389316242755;28;-4721.889092740257;-4702.050020389413;-4697.7410898880535;-4778.753903482591;-4829.238340198442;-4745.934489339751;50.681904020976326;0.10538189938193011;-0.03703623891651772;MLP_sgd;False;9251.21723484993;;;;;;;;;;;;adaptive;;;;;;;;;;;;sgd;300.0;1,00E-05;(100, 50);200.0;0.0001;tanh;;;;;;;;;;2978.3487823907644;2981.4874229078664
152;44.42527074813843;1.1800942498305087;6.850625038146973;0.19046919581740485;MinMaxScaler(feature_range=(-1, 1));;;;;;0.3;7;{'scaler__scaler': MinMaxScaler(feature_range=(-1, 1)), 'regressor__regressor__solver': 'sgd', 'regressor__regressor__max_iter': 300, 'regressor__regressor__learning_rate_init': 1e-05, 'regressor__regressor__learning_rate': 'invscaling', 'regressor__regressor__hidden_layer_sizes': (200, 100, 50), 'regressor__regressor__batch_size': 300, 'regressor__regressor__alpha': 1e-05, 'regressor__regressor__activation': 'relu', 'feature_selection__spearman_thr': 0.3, 'feature_selection__rfe_k': 7};-0.05093107570688282;-0.04445524579017435;-0.034091286573150414;-0.17296471714839567;-0.19227494958503732;-0.09894345496072812;0.06880388417736706;39;-0.049629567446251466;-0.04534028618559249;-0.035413247553877536;-0.17786365687263372;-0.1931321945603337;-0.10027579052373778;0.06990320136388539;-7101.374542769716;-7200.836588385719;-7247.3895912031585;-8444.98214168952;-6920.43498693832;-7383.0035701972865;542.7078496166507;39;-7210.510812551667;-7170.722308967634;-7143.597005317093;-8424.386106467608;-7003.902897677293;-7390.62382619626;521.5433162957119;-0.5640083537434368;-0.5691116628280865;-0.5646671337873768;-0.7601194055914342;-0.4180558612924315;-0.5751924834485531;0.1087775056507954;39;-0.5692270835039579;-0.5611658062539143;-0.5738971625154066;-0.7575022422653082;-0.41793978443329866;-0.5759464157943772;0.10788552170095543;-5918.870908664552;-6045.188055575221;-6004.911455266716;-8173.829267634994;-4523.702773218684;-6133.300492072034;1168.3141780288286;39;-5987.9026527659225;-6025.712828693158;-6039.7287161529;-8124.110312442794;-4522.678688522639;-6140.026639715483;1148.7968875199504;-9783.660368584242;-9940.568926857439;-10216.851045297073;-10661.448765220039;-10385.034343605357;-10197.51268991283;312.4320296660153;39;-10024.34699862778;-9957.722540857585;-9826.975410618175;-10538.076536557004;-10696.240106817735;-10208.672318695655;343.1832254088518;-0.10310707429003675;-1.3286712137106111;MLP_sgd;False;9251.21723484993;;;;;;;;;;;;invscaling;;;;;;;;;;;;sgd;300.0;1,00E-05;(200, 100, 50);300.0;1,00E-05;relu;;;;;;;;;;7390.62382619626;7383.0035701972865
153;103.90959844589233;2.012234851964091;7.016034412384033;0.21089721967560474;RobustScaler();;;;;;0.2;7;{'scaler__scaler': RobustScaler(), 'regressor__regressor__solver': 'sgd', 'regressor__regressor__max_iter': 300, 'regressor__regressor__learning_rate_init': 0.0001, 'regressor__regressor__learning_rate': 'adaptive', 'regressor__regressor__hidden_layer_sizes': (32, 16), 'regressor__regressor__batch_size': 100, 'regressor__regressor__alpha': 0.0001, 'regressor__regressor__activation': 'tanh', 'feature_selection__spearman_thr': 0.2, 'feature_selection__rfe_k': 7};0.8792400032462763;0.8538551998697312;0.8361645995138836;0.8507101700041513;0.8793229485783924;0.8598585842424871;0.016944851140826445;17;0.8565459736861842;0.859013389199993;0.8630217217550119;0.8629715474734857;0.8660213559336314;0.8615147976096612;0.0033361134179585154;-2129.90480992612;-2176.3343393470427;-2195.2926991730733;-2163.9291625621227;-2056.245850708219;-2144.3413723433155;48.93363758327327;15;-2155.4130641784654;-2169.272967625853;-2153.872549669105;-2131.6636915332424;-2090.487082644889;-2140.1418711303113;27.596518628603942;-0.13548578627675503;-0.1401004067269847;-0.1349539597426972;-0.1352954609276553;-0.12900623046042647;-0.13496836882690375;0.00352873418070503;14;-0.13526207459415182;-0.13816076120150772;-0.13618203033242782;-0.13397364643252324;-0.12970961274157022;-0.13465762506043616;0.0028253065733140352;-1487.0664264348125;-1521.7043288982568;-1489.728748184847;-1445.890945640087;-1424.5069716089247;-1473.7794841533855;34.44782627396697;16;-1475.937752535392;-1497.6730751298528;-1490.592817806175;-1460.469502016822;-1427.9862625759488;-1470.5318820128382;24.81809891703604;-3316.467894234394;-3718.416273882051;-4066.6940086870736;-3803.5476519312742;-3303.939396830132;-3641.813045112985;294.1285570332594;17;-3705.9063016080563;-3656.9591777777127;-3574.28239667968;-3594.340481574472;-3584.3024585791286;-3623.15816324381;50.435757365752174;0.1962253656943879;-0.19224433193363977;MLP_sgd;False;9251.21723484993;;;;;;;;;;;;adaptive;;;;;;;;;;;;sgd;300.0;0.0001;(32, 16);100.0;0.0001;tanh;;;;;;;;;;2140.1418711303113;2144.3413723433155
154;179.05596432685851;13.216686433276884;6.927039766311646;0.3472075922214712;RobustScaler();;;;;;0.2;6;{'scaler__scaler': RobustScaler(), 'regressor__regressor__solver': 'sgd', 'regressor__regressor__max_iter': 300, 'regressor__regressor__learning_rate_init': 1e-05, 'regressor__regressor__learning_rate': 'constant', 'regressor__regressor__hidden_layer_sizes': (200, 100), 'regressor__regressor__batch_size': 200, 'regressor__regressor__alpha': 1e-06, 'regressor__regressor__activation': 'relu', 'feature_selection__spearman_thr': 0.2, 'feature_selection__rfe_k': 6};0.8600697775999975;0.840091110904897;0.819635511693874;0.8316171491981604;0.853979344168407;0.8410785787130672;0.014679197858356988;24;0.8392747062479919;0.8422550065333029;0.8471559794716762;0.8454717788273908;0.8408021063012915;0.8429919154763306;0.0029204484127582455;-2265.846006296614;-2324.9021244610203;-2319.5866894086703;-2297.5672026400975;-2262.5804403141583;-2294.0964926241118;26.084993555473947;22;-2268.2114349590834;-2330.2118851613004;-2270.000235932484;-2257.705212008473;-2305.8173525025472;-2286.389224112778;27.27519494556526;-0.1447956076745388;-0.15116651807148496;-0.14407547034783932;-0.14547275751685254;-0.1450552614194813;-0.14611312300603937;0.002567248168281952;22;-0.142693685322301;-0.15062276060306504;-0.14530174908305407;-0.1432288121913179;-0.1459046121309725;-0.1455503238661421;0.002809509717867973;-1549.8779785026818;-1640.28718955763;-1584.8757590209134;-1534.9247899638813;-1547.9140710306083;-1571.575957615143;38.13689388765754;22;-1544.0796085071033;-1633.0750733496116;-1575.4802871401716;-1538.1168538430684;-1580.774768246978;-1574.3053182173867;33.82400607621216;-3570.014772748477;-3889.57926539092;-4266.906628042263;-4039.4541114973836;-3634.351052898356;-3880.06116611548;257.5454687785208;24;-3922.6555812057686;-3868.2004338901434;-3775.610953141131;-3816.9611554813896;-3907.10893224087;-3858.1074111918606;55.07842476751888;0.3370934585437752;-0.2269697642571344;MLP_sgd;False;9251.21723484993;;;;;;;;;;;;constant;;;;;;;;;;;;sgd;300.0;1,00E-05;(200, 100);200.0;1,00E-06;relu;;;;;;;;;;2286.389224112778;2294.0964926241118
155;351.39901275634764;59.76187132429545;6.602303075790405;0.14440477356919024;MinMaxScaler(feature_range=(-1, 1));;;;;;0.3;13;{'scaler__scaler': MinMaxScaler(feature_range=(-1, 1)), 'regressor__regressor__solver': 'sgd', 'regressor__regressor__max_iter': 300, 'regressor__regressor__learning_rate_init': 0.01, 'regressor__regressor__learning_rate': 'adaptive', 'regressor__regressor__hidden_layer_sizes': (100, 50, 25), 'regressor__regressor__batch_size': 200, 'regressor__regressor__alpha': 1e-06, 'regressor__regressor__activation': 'tanh', 'feature_selection__spearman_thr': 0.3, 'feature_selection__rfe_k': 13};0.9208946009566538;0.9089133900412606;0.8947033392229613;0.9053540479928887;0.9223543423631537;0.9104439441153837;0.01026732774898537;1;0.919488506284756;0.9209457834489313;0.9195720712345514;0.9088438006471458;0.9240008231045787;0.9185701969439928;0.005130008592609185;-1693.1611408542815;-1706.9308993078996;-1755.9732452169999;-1778.708931825851;-1651.0658062289435;-1717.168004686795;45.48353742688513;2;-1674.3964612618415;-1660.2721551893546;-1701.5894007030624;-1748.7038006399066;-1638.7174232933248;-1684.735848217498;37.94472769752076;-0.10626930232813635;-0.10659287512952813;-0.10866313864537543;-0.11266224721416263;-0.10456114763809231;-0.10774974219105897;0.00278079763714552;3;-0.10473958413800567;-0.1035997496803302;-0.10821730516251032;-0.10851812110220074;-0.10351744512344077;-0.10571844104129753;0.0022078916318644557;-1126.4346813183274;-1117.1936399054975;-1165.4633965100948;-1167.462267316384;-1102.0435480309734;-1135.7195066162553;26.289875418943712;3;-1121.2296108230084;-1101.053139793008;-1157.3033617672063;-1162.131170445973;-1089.0147737847456;-1126.1464113227883;29.319836833202363;-2684.2150920711815;-2935.577786364827;-3260.205094845596;-3028.4804316679306;-2650.197950564539;-2911.735271102815;226.18413649486828;1;-2776.303915864844;-2738.3798889227987;-2738.8386821679787;-2931.615048448578;-2699.5495629163324;-2776.9374196641065;81.05880275593782;1.9250588454926796;-0.8846632359339002;MLP_sgd;False;9251.21723484993;;;;;;;;;;;;adaptive;;;;;;;;;;;;sgd;300.0;0.01;(100, 50, 25);200.0;1,00E-06;tanh;;;;;;;;;;1684.735848217498;1717.168004686795
156;204.85859212875366;85.43662642927389;7.018546867370605;0.3357050356418678;MinMaxScaler(feature_range=(-1, 1));;;;;;0.2;5;{'scaler__scaler': MinMaxScaler(feature_range=(-1, 1)), 'regressor__regressor__solver': 'sgd', 'regressor__regressor__max_iter': 300, 'regressor__regressor__learning_rate_init': 0.01, 'regressor__regressor__learning_rate': 'constant', 'regressor__regressor__hidden_layer_sizes': (200, 100), 'regressor__regressor__batch_size': 200, 'regressor__regressor__alpha': 1e-06, 'regressor__regressor__activation': 'tanh', 'feature_selection__spearman_thr': 0.2, 'feature_selection__rfe_k': 5};0.8943393343506375;0.8589864721580774;0.8373917738848701;0.8541914573386955;0.891622540432447;0.8673063156329455;0.022172785125071183;12;0.8825927591439511;0.8608442397249331;0.8644461373111306;0.8659307059340762;0.8821242280251935;0.8711876140278569;0.009270974531783712;-2023.8235342883438;-2151.4092491980473;-2193.4346370734597;-2145.238011902672;-1966.93333345392;-2096.1677531832884;85.85520499625649;14;-2018.2476149399008;-2150.84241642397;-2159.744596798896;-2098.677760209477;-2003.730123138483;-2086.2485023021454;65.05680545773912;-0.1265844426522165;-0.1369901272973004;-0.13548203307280504;-0.13242492321555385;-0.12300420201676349;-0.13089714565092786;0.005317474751580577;10;-0.12564548102613807;-0.13597631988529435;-0.13755620587109751;-0.12895780124249287;-0.12396352663517307;-0.13041986693203916;0.005448269996298113;-1380.0375001842294;-1491.1858456818481;-1506.4880613918212;-1424.1081931793506;-1328.5080551237534;-1426.0655311122005;66.85553181353426;13;-1353.6961172567735;-1478.525767493612;-1518.513505167144;-1422.1805933090072;-1340.1246097484036;-1422.6081185949881;69.104562179146;-3102.208062474099;-3652.554562028367;-4051.435026313151;-3758.9386229104643;-3131.0442889660153;-3539.2361125384195;369.0723703299899;11;-3352.629056132379;-3633.13697117521;-3555.6496302508554;-3555.318387081457;-3362.0110462704374;-3491.7490181820676;113.4030081903237;0.4754587418611537;-0.4455180873114849;MLP_sgd;False;9251.21723484993;;;;;;;;;;;;constant;;;;;;;;;;;;sgd;300.0;0.01;(200, 100);200.0;1,00E-06;tanh;;;;;;;;;;2086.2485023021454;2096.1677531832884
157;126.81698904037475;11.058644011267784;7.080703544616699;0.14994074857176998;MinMaxScaler(feature_range=(-1, 1));;;;;;0.25;6;{'scaler__scaler': MinMaxScaler(feature_range=(-1, 1)), 'regressor__regressor__solver': 'sgd', 'regressor__regressor__max_iter': 300, 'regressor__regressor__learning_rate_init': 0.001, 'regressor__regressor__learning_rate': 'adaptive', 'regressor__regressor__hidden_layer_sizes': (150, 70), 'regressor__regressor__batch_size': 100, 'regressor__regressor__alpha': 1e-06, 'regressor__regressor__activation': 'relu', 'feature_selection__spearman_thr': 0.25, 'feature_selection__rfe_k': 6};0.8863627829368083;0.868831125142189;0.8393650016971467;0.8637394135765294;0.8897089690837112;0.8696014584872769;0.018080123245751194;9;0.8697442019591124;0.8718642476390309;0.8672760501852791;0.8732680054066239;0.8784751275270409;0.8721255265434176;0.00376507861787617;-2019.8818088702164;-2056.686042180008;-2139.9553148902623;-2059.1280902538256;-1943.71140153811;-2043.8725315464847;63.6185918115137;8;-2036.190106889466;-2044.6274403817329;-2097.082064377058;-2030.4177467207778;-1976.9004684292765;-2037.0435653596621;38.27259723871828;-0.12614598235450397;-0.1285350624898963;-0.12876249488802152;-0.12790359284528713;-0.12191515246762896;-0.12665245700906755;0.002540093503073847;7;-0.1255530379618337;-0.12705026093684244;-0.13044830853627362;-0.12569524487503123;-0.12261396074315248;-0.1262721626106267;0.0025407891307582084;-1349.8349378922503;-1396.6558042023062;-1418.152581348586;-1364.5923487452928;-1308.6660311895703;-1367.580340675601;37.94115808436486;7;-1357.0848287363915;-1371.0399170763912;-1413.0857441543849;-1368.5979570993168;-1309.5160470949595;-1363.8648988322889;33.15521490581979;-3217.1739668661394;-3522.7491590268437;-4026.7782008755316;-3633.782061787489;-3158.5650502589806;-3511.809687762997;313.6180745772771;9;-3531.316109298147;-3486.312705998466;-3518.3388148561303;-3456.6624560502073;-3413.653592132711;-3481.2567356671325;42.61841838198839;0.33523908388364776;-0.2894156837886153;MLP_sgd;False;9251.21723484993;;;;;;;;;;;;adaptive;;;;;;;;;;;;sgd;300.0;0.001;(150, 70);100.0;1,00E-06;relu;;;;;;;;;;2037.0435653596621;2043.8725315464847
158;285.6689682006836;15.203475647362874;6.59382700920105;1.4515640272131574;StandardScaler();;;;;;0.2;13;{'scaler__scaler': StandardScaler(), 'regressor__regressor__solver': 'sgd', 'regressor__regressor__max_iter': 300, 'regressor__regressor__learning_rate_init': 0.0001, 'regressor__regressor__learning_rate': 'adaptive', 'regressor__regressor__hidden_layer_sizes': (100, 50, 25), 'regressor__regressor__batch_size': 100, 'regressor__regressor__alpha': 1e-05, 'regressor__regressor__activation': 'logistic', 'feature_selection__spearman_thr': 0.2, 'feature_selection__rfe_k': 13};0.8664712347409256;0.8437924150143911;0.8245713062846682;0.8372331660490359;0.8593632694163137;0.846286278301067;0.015087467437053291;21;0.8440556991830057;0.8486504705702809;0.8494966712284093;0.8488398221134954;0.8459527516321829;0.847399082945475;0.002064541895600155;-2212.403073982304;-2233.4057340150475;-2274.47731879431;-2252.0756249591936;-2209.0665255583694;-2236.285655461845;24.60682410713129;20;-2216.7313019603816;-2230.7049823763587;-2250.713319727471;-2227.7439131464494;-2235.619814651033;-2232.3026663723385;11.09736765581119;-0.1422234712840322;-0.14410328638510575;-0.1418966861037406;-0.14411537302271535;-0.14333813559978867;-0.14313539047907653;0.0009278231515201802;20;-0.14016065507013073;-0.14311074611401411;-0.14505850102557785;-0.14239446339266681;-0.14393727651091293;-0.1429323284226605;0.0016452255428165605;-1518.9602391635126;-1518.55118977874;-1524.2709576269663;-1492.424186638994;-1527.585008197735;-1516.3583162811897;12.434385895951346;19;-1487.288694109916;-1514.5623335729615;-1532.5414788470052;-1520.5642604612804;-1526.910095647454;-1516.3733725277234;15.74288485944073;-3487.399232102363;-3844.3009799553147;-4208.118268754142;-3971.5195781472294;-3566.7207496168144;-3815.611761715173;264.1446107850621;21;-3863.872768892057;-3788.974780344624;-3746.5890847260152;-3775.1354171776507;-3843.384494008986;-3803.5913090298673;43.566010240547456;0.17842513694522014;-0.13132001990608674;MLP_sgd;False;9251.21723484993;;;;;;;;;;;;adaptive;;;;;;;;;;;;sgd;300.0;0.0001;(100, 50, 25);100.0;1,00E-05;logistic;;;;;;;;;;2232.3026663723385;2236.285655461845
159;70.35993013381957;8.395005816566341;6.418419647216797;1.4028852502580744;RobustScaler();;;;;;0.25;9;{'scaler__scaler': RobustScaler(), 'regressor__regressor__solver': 'sgd', 'regressor__regressor__max_iter': 300, 'regressor__regressor__learning_rate_init': 0.01, 'regressor__regressor__learning_rate': 'constant', 'regressor__regressor__hidden_layer_sizes': (32, 16), 'regressor__regressor__batch_size': 100, 'regressor__regressor__alpha': 1e-06, 'regressor__regressor__activation': 'logistic', 'feature_selection__spearman_thr': 0.25, 'feature_selection__rfe_k': 9};0.893767568844356;0.8734071995476187;0.8490921480843158;0.8660658968052326;0.9068957570106677;0.8778457140584381;0.02040902994833474;7;0.8768308786078615;0.8777892994933126;0.8760179337477438;0.8756850577217561;0.9013408195092201;0.8815327978159788;0.009930652921455596;-1972.3895485738492;-2009.028659512297;-2112.1960606756384;-2098.9301492662735;-1832.600031645554;-2005.0288899347222;101.10913402924115;7;-2001.2024426649457;-2004.7772154596892;-2078.831319317425;-2053.9400405359465;-1845.5418623602782;-1996.8585760676567;81.18638567613895;-0.12579849622601888;-0.12688624654341757;-0.13455806079658508;-0.1381883459800257;-0.11537502607471527;-0.1281612351241525;0.007901361953956182;8;-0.12637284354673126;-0.12561292667533733;-0.1371326507788919;-0.13428426771551397;-0.11466272856082775;-0.12761308345546044;0.007853373485708465;-1352.3710763698837;-1355.3575635596098;-1447.019565787059;-1461.336686081344;-1233.8729210404827;-1369.9915625676758;81.64577748018054;8;-1360.228538298411;-1358.403473321132;-1453.9079568920488;-1451.271982336566;-1222.990044272994;-1369.3603990242304;84.24431479135853;-3110.5902851902665;-3460.754776081281;-3902.9549726451887;-3602.627309794266;-2902.047149395752;-3395.794898621351;354.77860252918146;7;-3433.910607687824;-3404.754431577915;-3400.4973887082133;-3423.5407682548116;-3075.7824380137004;-3347.697126848493;136.50349731766374;0.40915836329055405;-0.4182582618225353;MLP_sgd;False;9251.21723484993;;;;;;;;;;;;constant;;;;;;;;;;;;sgd;300.0;0.01;(32, 16);100.0;1,00E-06;logistic;;;;;;;;;;1996.8585760676567;2005.0288899347222
160;150.3674792766571;21.215063163901224;7.143914079666137;0.2654770906832138;StandardScaler();;;;;;0.3;6;{'scaler__scaler': StandardScaler(), 'regressor__solver': 'adam', 'regressor__max_iter': 700, 'regressor__learning_rate_init': 0.1, 'regressor__hidden_layer_sizes': (100, 50, 25), 'regressor__activation': 'logistic', 'feature_selection__spearman_thr': 0.3, 'feature_selection__rfe_k': 6};0.8137000365284321;0.80678901367161;0.8010324767214938;0.806947147559838;0.85405536670012;0.8165048082362988;0.01919921753307529;25;0.7910674613931653;0.8123468084874854;0.831803149419653;0.8251450661600197;0.8380008788282527;0.8196726728577153;0.01664298708691379;-2624.7384271349956;-2575.2659201167876;-2397.0228418248494;-2460.547623786959;-2365.352462523537;-2484.5854550774256;100.32680340013812;24;-2638.0838204007064;-2573.0477483483282;-2347.0322419390955;-2395.1503588339747;-2390.030650630673;-2468.668964030556;114.87452805575214;-0.19660145412041727;-0.18912935351407137;-0.1626848025516826;-0.17407936219053394;-0.17595665727533782;-0.1796903259304086;0.011913794689220518;24;-0.19598873115760337;-0.18576353882892485;-0.16635969184277855;-0.17008128192157587;-0.17568624840352856;-0.17877589843088224;0.010811227574927263;-1855.6675731905088;-1801.7981337594647;-1564.7347325444389;-1636.9998278795028;-1696.5758479352025;-1711.1552230618236;106.0664861834658;24;-1847.846031856694;-1799.0896409233928;-1577.4529019053043;-1639.2531842252247;-1687.6906875930727;-1710.266489300738;100.00968764217144;-4119.27357516668;-4275.45393958357;-4481.554882824107;-4325.256438610339;-3633.4048561516706;-4166.988738467273;290.7761063819005;25;-4472.404792288714;-4218.9963982976105;-3960.69992822492;-4060.2500762296377;-3941.3335510109187;-4130.73694921036;197.11990278239244;0.6447397880711901;-0.38647922839394144;MLP_adam;False;114275.22255015373;;;;;;;;;;;;;;;;;;;;;;;;;;;;;;;adam;700.0;0.1;(100, 50, 25);logistic;;;;;2468.668964030556;2484.5854550774256
161;1207.280560207367;397.00201055868786;9.610077476501464;1.102634313267172;StandardScaler();;;;;;0.3;13;{'scaler__scaler': StandardScaler(), 'regressor__solver': 'adam', 'regressor__max_iter': 700, 'regressor__learning_rate_init': 0.01, 'regressor__hidden_layer_sizes': (400, 200), 'regressor__activation': 'relu', 'feature_selection__spearman_thr': 0.3, 'feature_selection__rfe_k': 13};0.9242434038666102;0.9125455011213989;0.8955876972143326;0.9293180825704653;0.9197791357735788;0.9162947641092772;0.011728325847897904;2;0.9252034619515301;0.9236345574133901;0.9216636142203004;0.9281208191482432;0.9228956806265682;0.9243036266720065;0.0022262207175285788;-1620.6511296631907;-1630.4482942107365;-1678.9363508966171;-1568.9583683321675;-1609.665626469102;-1621.7319539143625;35.44046669146724;2;-1578.5613446107193;-1582.273741190092;-1605.7152825364155;-1513.688241722818;-1575.8081347313123;-1571.2093489582717;30.649498122518523;-0.10400400739690606;-0.10333754826384439;-0.10169555212620246;-0.10161189448764628;-0.09775186341507294;-0.10168017313793443;0.0021718017283927507;2;-0.10120604497814516;-0.10047688768807822;-0.10067005662348784;-0.09428317090262238;-0.09432388056628317;-0.09819200815172335;0.003183935815065904;-1034.1159817287162;-1045.4353174902153;-1043.1353937745334;-999.6674136213737;-990.5765505802106;-1022.5861314390098;22.922372593604937;2;-1013.5436596874802;-1017.408780803331;-1023.98945502885;-981.983699213386;-976.9517760354356;-1002.7754741536967;19.387015022613443;-2626.78469667637;-2876.4537870040995;-3246.485439622119;-2617.145760007733;-2693.787886569689;-2812.1315139760018;236.29591135398658;2;-2675.9550384397776;-2691.408462729587;-2702.992097546994;-2603.2471233682236;-2719.106480685559;-2678.5418405540286;40.21154322703826;3.215523443110103;-0.8664752935748504;MLP_adam;False;114275.22255015373;;;;;;;;;;;;;;;;;;;;;;;;;;;;;;;adam;700.0;0.01;(400, 200);relu;;;;;1571.2093489582717;1621.7319539143625
162;121.75270209312438;50.63875186733871;6.392492008209229;0.12556347380764935;StandardScaler();;;;;;0.2;12;{'scaler__scaler': StandardScaler(), 'regressor__solver': 'adam', 'regressor__max_iter': 700, 'regressor__learning_rate_init': 0.1, 'regressor__hidden_layer_sizes': (200, 100), 'regressor__activation': 'tanh', 'feature_selection__spearman_thr': 0.2, 'feature_selection__rfe_k': 12};-0.0003096472371280079;-6.183050825558922e-06;0.8459130108690116;0.8548962560228248;-0.00027510792219231917;0.3400436657363381;0.41671768119106684;27;-6.148928473770354e-05;-4.880050423139437e-05;0.8718614036012549;0.8669486191637821;-3.716313435875307e-06;0.3477392033325264;0.4259411822925955;-6964.853481249117;-7062.987900817209;-2118.490252175036;-2079.2488696083537;-6999.081386007339;-5044.932377971411;2405.68849476068;27;-7065.76328600361;-7032.309785371963;-2056.5344453208213;-2049.835626096643;-7045.164060338505;-5049.921440626309;2446.8492231716978;-0.5621493673865209;-0.5709612852973531;-0.12977205971939126;-0.13407790189774876;-0.5664205886983704;-0.3926762405998768;0.212925106770307;27;-0.5666992330367829;-0.5624835128483577;-0.12985739862044482;-0.1301460316440542;-0.5629093349995208;-0.39041910222983206;0.21263499193676152;-5979.857671775386;-5951.155934989871;-1396.038778214741;-1364.204046102659;-5961.4594557101445;-4130.543177358561;2245.751358850637;27;-5985.857671775386;-5951.155934989871;-1367.1152788574782;-1357.0517208234423;-5937.5405442898555;-4119.7442301472065;2251.6779385126424;-9545.121912458802;-9726.748034679422;-3943.851981862373;-3749.842776398579;-9512.16682094984;-7295.546305269803;2817.4672003162395;27;-9784.787884230935;-9739.614638035107;-3457.028755287334;-3541.7958981297643;-9792.36669244867;-7263.118773626362;3073.2232940699932;-0.09879485678254271;-2.213019850059707;MLP_adam;False;114275.22255015373;;;;;;;;;;;;;;;;;;;;;;;;;;;;;;;adam;700.0;0.1;(200, 100);tanh;;;;;5049.921440626309;5044.932377971411
163;381.1517322063446;191.7148654579795;7.172674655914307;0.43717486402933314;MinMaxScaler(feature_range=(-1, 1));;;;;;0.2;6;{'scaler__scaler': MinMaxScaler(feature_range=(-1, 1)), 'regressor__solver': 'adam', 'regressor__max_iter': 700, 'regressor__learning_rate_init': 0.1, 'regressor__hidden_layer_sizes': (400, 200), 'regressor__activation': 'relu', 'feature_selection__spearman_thr': 0.2, 'feature_selection__rfe_k': 6};0.8808027366541479;0.8686147222316543;0.8518561240545456;0.8713628376087933;0.9106841748026459;0.8766641190703574;0.019405284531998305;19;0.8739150248424113;0.8736308147702019;0.8793865944795498;0.8864963426215247;0.9052484056634096;0.8837354364754194;0.01172933704165183;-2055.897108063099;-2042.0920690888247;-1998.1551483031615;-1938.1777625251812;-1791.585122350647;-1965.1814420661826;96.01741804153474;21;-2045.4406491885713;-2024.8890601549977;-1949.5767935023916;-1889.0328657592386;-1799.8711448821578;-1941.7621026974714;90.1485638142555;-0.1329956739348416;-0.12058342555568137;-0.11654220110596711;-0.11800024596117753;-0.11207258850051598;-0.1200388270116367;0.007043005483528942;19;-0.13128326808408233;-0.11956231567769311;-0.11822262678181523;-0.11465083829264047;-0.11110129739668738;-0.11896406924658372;0.006827846485449139;-1343.0827337525006;-1355.088018411203;-1233.991221973727;-1244.9312094735724;-1180.5440895288348;-1271.5274546279675;67.07730992416144;19;-1337.6033707566803;-1339.6927402950387;-1233.4873796931224;-1241.5288837948774;-1174.9370175145232;-1265.4498784108484;64.03830462120378;-3294.939110006894;-3525.6538839700966;-3867.047208244113;-3530.66876553044;-2842.3917568850998;-3412.140144927329;338.2969545745825;19;-3474.319326644852;-3462.196952594812;-3353.9825650986295;-3271.287886695334;-3014.2559316643396;-3315.2085325395938;167.88493508172868;1.2060869524736002;-0.8001622559421656;MLP_adam;False;114275.22255015373;;;;;;;;;;;;;;;;;;;;;;;;;;;;;;;adam;700.0;0.1;(400, 200);relu;;;;;1941.7621026974714;1965.1814420661826
164;1624.9648347377777;52.56871980550515;8.119259977340699;0.6256014032733694;StandardScaler();;;;;;0.3;12;{'scaler__scaler': StandardScaler(), 'regressor__solver': 'adam', 'regressor__max_iter': 700, 'regressor__learning_rate_init': 0.001, 'regressor__hidden_layer_sizes': (100, 50, 25), 'regressor__activation': 'logistic', 'feature_selection__spearman_thr': 0.3, 'feature_selection__rfe_k': 12};-1.41355828197718;-1.3851936773714404;-1.3251726927011602;-1.3446868871642819;-1.419175426429578;-1.377557393128728;0.03717812403010526;38;-1.3665340504626493;-1.3710310579773473;-1.3923520232323163;-1.3782122682560263;-1.371776352699448;-1.3759811505255575;0.008993495428375055;-11420.893417317544;-11526.357540384159;-11637.669608146083;-11485.90161176939;-11404.081987974254;-11494.980833118287;83.87915327020725;38;-11511.80011094557;-11477.086951790885;-11469.439679031624;-11474.858998082556;-11541.746408448791;-11494.986429659886;27.739274584101803;-0.5982674650648072;-0.6006636691418734;-0.5991414662391739;-0.5980829085454917;-0.5975559198732726;-0.5987422857729238;0.0010880033249838247;38;-0.5987414236379929;-0.5975736016239487;-0.5993294839166254;-0.5973779182377276;-0.6006741833861866;-0.5987393221604963;0.0012086611011812925;-9236.82008391224;-9240.818150952884;-9317.748788946516;-9219.46249925704;-9059.41517563351;-9214.852939740438;84.76608985875127;38;-9235.82008391224;-9228.818150952884;-9242.748788946516;-9218.46249925704;-9269.41517563351;-9239.052939740439;17.17377749601247;-14826.653776860812;-15022.013501976626;-15320.228023112857;-15073.571910887327;-14792.902970674939;-15007.074036702514;190.33196777378208;38;-15052.0080668971;-14996.841396811993;-14937.418643523622;-14974.045386482947;-15080.777358688847;-15008.2181704809;51.94646086923806;-4.868680475407616e-05;0.114554084012591;MLP_adam;False;114275.22255015373;;;;;;;;;;;;;;;;;;;;;;;;;;;;;;;adam;700.0;0.001;(100, 50, 25);logistic;;;;;11494.986429659886;11494.980833118287
165;281.65631184577944;19.06636500264737;6.532752847671508;0.21397138490060758;RobustScaler();;;;;;0.25;12;{'scaler__scaler': RobustScaler(), 'regressor__solver': 'adam', 'regressor__max_iter': 700, 'regressor__learning_rate_init': 0.001, 'regressor__hidden_layer_sizes': (32, 16), 'regressor__activation': 'relu', 'feature_selection__spearman_thr': 0.25, 'feature_selection__rfe_k': 12};0.9094814483535121;0.896268157749071;0.8759206632214569;0.8968525906656211;0.9060562312088256;0.8969158182396975;0.011684709713814929;12;0.8995951572983403;0.9012543303633114;0.9028967599485461;0.9008863132649593;0.8990345056863057;0.9007334133122926;0.0013532712598065487;-1810.0030149358508;-1765.0054404938037;-1810.3199630274653;-1795.7045664645657;-1799.786485939917;-1796.1638941723206;16.589749471485238;12;-1811.1641926648142;-1743.038569025015;-1759.851260992162;-1785.266353229493;-1801.2463635125207;-1780.113347884801;25.38662706191285;-0.11404132731427122;-0.10869722660696411;-0.10926236039626057;-0.11478729923761759;-0.11180767539834455;-0.1117191777906916;0.0024487433559243978;14;-0.11387131863051937;-0.10685613344757058;-0.10978454370358369;-0.11080611084098535;-0.11159872756312739;-0.11058336683715728;0.0022987642954308807;-1195.2593121422142;-1135.68009789383;-1141.9692113099663;-1168.798092647954;-1203.9027867309846;-1169.12190014499;27.38102217848307;14;-1194.0235348217275;-1115.9009174816547;-1135.433586474427;-1177.3236986300017;-1168.6846481828488;-1158.273277118132;28.518290492116567;-2871.3296078131175;-3132.7256913672404;-3539.0553428824687;-3161.5708025477334;-2915.1017420006297;-3123.956637322238;237.16637216546368;13;-3100.3833336605912;-3060.4846579084324;-3009.3996863275156;-3056.8959252146474;-3111.5253886033506;-3067.737798342908;36.212079779008846;0.901658667218664;-0.42383184815545016;MLP_adam;False;114275.22255015373;;;;;;;;;;;;;;;;;;;;;;;;;;;;;;;adam;700.0;0.001;(32, 16);relu;;;;;1780.113347884801;1796.1638941723206
166;599.7306629180908;163.77857711528378;6.353075933456421;0.19714908351054927;RobustScaler();;;;;;0.3;11;{'scaler__scaler': RobustScaler(), 'regressor__solver': 'adam', 'regressor__max_iter': 700, 'regressor__learning_rate_init': 0.001, 'regressor__hidden_layer_sizes': (100, 50, 25), 'regressor__activation': 'relu', 'feature_selection__spearman_thr': 0.3, 'feature_selection__rfe_k': 11};0.9195254188339674;0.9077844472041474;0.8922755901370762;0.9090134546178523;0.9183359751837706;0.909386977195363;0.009781408409866865;6;0.9187317980890909;0.9198303509663361;0.9152792523072769;0.9124116807697269;0.9165462888581901;0.9165598741981242;0.002617669092446289;-1676.7632523808795;-1683.6401600425845;-1723.1328854616793;-1677.2242578225414;-1716.6256408136007;-1695.4772393042572;20.17716895787053;7;-1650.0825956629185;-1637.6554822946619;-1677.8948802266107;-1647.6054356550592;-1703.9370424070908;-1663.4350872492682;24.26086938807849;-0.10482604062082125;-0.10337767756236674;-0.10490156533273588;-0.10670169309630115;-0.11103881138244615;-0.10616915759893422;0.0026533087340904677;8;-0.10311996128180949;-0.10042039073960812;-0.1054064762212832;-0.10149166958334557;-0.11020712859645011;-0.10412912528449929;0.0034728387857811695;-1094.6123562471475;-1089.523358975097;-1093.343927481501;-1056.9693909957905;-1186.844713404585;-1104.2587494208242;43.5569577408585;8;-1083.5540953441514;-1067.9508901859253;-1101.143388996703;-1052.030818246385;-1161.9791723724957;-1093.3316730291322;37.99749423675334;-2707.345072545154;-2953.713787843094;-3297.5750170443475;-2969.3564712303205;-2717.910288454991;-2929.1801274235813;215.30284263087785;6;-2789.3203098093004;-2757.631099710762;-2810.980938889041;-2873.670262828949;-2828.848492866121;-2812.0902208208345;38.880423047142635;1.9262640484502047;-0.7825890271529331;MLP_adam;False;114275.22255015373;;;;;;;;;;;;;;;;;;;;;;;;;;;;;;;adam;700.0;0.001;(100, 50, 25);relu;;;;;1663.4350872492682;1695.4772393042572
167;115.68914108276367;4.90617812525073;6.922558784484863;0.2458867730852476;MinMaxScaler(feature_range=(-1, 1));;;;;;0.2;5;{'scaler__scaler': MinMaxScaler(feature_range=(-1, 1)), 'regressor__solver': 'adam', 'regressor__max_iter': 700, 'regressor__learning_rate_init': 0.1, 'regressor__hidden_layer_sizes': (400, 200), 'regressor__activation': 'logistic', 'feature_selection__spearman_thr': 0.2, 'feature_selection__rfe_k': 5};-7.85723692076079e-05;-4.671108431608673e-06;-0.000304168613161071;-1.1663056049826537e-06;-0.00025365899757612276;-0.0001284474787962786;0.00012693656286798632;34;-4.572833214311345e-07;-5.493997498939862e-06;-2.7688906856226936e-07;-3.156459131847811e-07;-1.6564616478476069e-06;-1.6400554899931309e-06;1.9932070435718943e-06;-6947.912016407857;-7054.148046777623;-7100.78651735985;-7039.381520760374;-6997.822720487063;-7028.010164358553;51.837996243230265;34;-7049.322083207862;-7023.356266708197;-6998.787809158993;-7024.167082969174;-7043.927005865959;-7027.912049582037;17.8766309878523;-0.5583918012042225;-0.5689158517524505;-0.5525972169108858;-0.5629051364250464;-0.5661363009696722;-0.5617892614524554;0.005778696008879607;34;-0.5629488015709503;-0.5604539923023315;-0.5615585281794028;-0.5612946395645534;-0.5626276252752747;-0.5617767173785025;0.0009085629065081286;-5898.515978072141;-5907.9476172024515;-5852.778333198072;-5894.127644065244;-5965.0;-5903.673914507582;36.020130707732804;33;-5903.515978072141;-5905.9476172024515;-5860.0;-5894.127644065244;-5931.266212296723;-5898.971490327312;23.041300688393573;-9544.019371268965;-9726.740681580752;-10048.556105036268;-9844.054356524264;-9512.06483558541;-9735.087069999132;198.21813751537732;34;-9784.489305440544;-9739.403751699809;-9657.463398363325;-9709.880970921993;-9792.356607068936;-9736.718806698922;49.772449184918024;0.0013960729136023857;7731.898346123434;MLP_adam;False;114275.22255015373;;;;;;;;;;;;;;;;;;;;;;;;;;;;;;;adam;700.0;0.1;(400, 200);logistic;;;;;7027.912049582037;7028.010164358553
168;335.55024614334104;9.105595830552842;6.426966619491577;0.21465515727821538;MinMaxScaler();;;;;;0.3;8;{'scaler__scaler': MinMaxScaler(), 'regressor__solver': 'adam', 'regressor__max_iter': 700, 'regressor__learning_rate_init': 0.01, 'regressor__hidden_layer_sizes': (32, 16), 'regressor__activation': 'logistic', 'feature_selection__spearman_thr': 0.3, 'feature_selection__rfe_k': 8};-8.800516250850876e-05;-2.1601928723136155e-05;-0.00028652471940593394;-2.8029890724035056e-06;-0.00020812639957723533;-0.00012141223985744354;0.0001094785474840379;29;-2.9567525539064832e-08;-1.9419279739807394e-08;-6.234901483992417e-11;-1.651955239267977e-09;-2.887678496321655e-08;-1.5915578899239336e-08;1.2817334254443308e-08;-6948.900902162474;-7049.499980725702;-7101.749554656002;-7038.243088115923;-6994.962234305311;-7026.671151993083;51.66333108307084;31;-7050.280851852751;-7018.631984505112;-6999.7927929800335;-7023.0294286773515;-7041.118790399618;-7026.570769682973;17.69993415688905;-0.5586134265909859;-0.5678263812929571;-0.5528236257762728;-0.5626426788894737;-0.5654899555494118;-0.5614792136198203;0.0053076958455132;31;-0.5631699751587322;-0.5593721236788791;-0.5617901718864332;-0.56103278611761;-0.5619873269084611;-0.5614704767500232;0.0012531793653430563;-5903.4500519379435;-5901.762008631755;-5857.93637046103;-5888.277752482511;-5957.999076833519;-5901.885052069351;32.458876618470796;32;-5908.4500519379435;-5881.762008631755;-5862.93637046103;-5888.277752482511;-5916.999076833519;-5891.6850520693515;19.27915063539041;-9544.064381007296;-9726.823021696864;-10048.467483773013;-9844.062412312082;-9511.848333526454;-9735.05312646314;198.23037046548987;29;-9784.48721295096;-9739.377092245964;-9657.462061641647;-9709.879446500376;-9792.348638133202;-9736.710890294431;49.77056930136473;0.0014286102481618392;762751.5470665429;MLP_adam;False;114275.22255015373;;;;;;;;;;;;;;;;;;;;;;;;;;;;;;;adam;700.0;0.01;(32, 16);logistic;;;;;7026.570769682973;7026.671151993083
169;570.3336971759796;3.402658879406731;6.329205846786499;0.2148595408582011;MinMaxScaler();;;;;;0.3;6;{'scaler__scaler': MinMaxScaler(), 'regressor__solver': 'adam', 'regressor__max_iter': 700, 'regressor__learning_rate_init': 0.001, 'regressor__hidden_layer_sizes': (32, 16), 'regressor__activation': 'tanh', 'feature_selection__spearman_thr': 0.3, 'feature_selection__rfe_k': 6};-1.9110400005590202;-1.8699774472655912;-1.7790081297897107;-1.81945267786231;-1.9132008369561109;-1.8585358184865488;0.05239849119776147;39;-1.8433447794445694;-1.8528419837023846;-1.87684513230093;-1.8655533693459945;-1.8430939208630548;-1.8563358371313867;0.013129486102219421;-13212.823603591158;-13321.928046364688;-13417.851200396284;-13296.269422994506;-13173.855369674322;-13284.545528604192;85.67572617401648;39;-13303.022230848897;-13275.484109980294;-13249.822356432422;-13281.352396545268;-13313.054988308166;-13284.54721642301;22.145798200570688;-0.7247850127001486;-0.7261217576549125;-0.7247060928375776;-0.7258368474400811;-0.7230266509302803;-0.7248952723126001;0.001089084197109538;39;-0.7249623710785805;-0.7246092121796975;-0.7248411278077856;-0.7246407519681258;-0.7254231897813842;-0.7248953305631147;0.0002941909971657985;-11083.249324537748;-11094.036833378774;-11152.669520911448;-11082.591831326285;-10884.487495765059;-11059.407001183863;91.21397806409823;39;-11082.249324537748;-11082.036833378774;-11077.669520911448;-11081.591831326285;-11094.487495765059;-11083.607001183864;5.692248355143934;-16283.146775172603;-16478.04047433346;-16748.755047018996;-16529.364424541804;-16233.229944330255;-16454.507333079422;184.96877229194214;39;-16498.81777733831;-16450.15656299392;-16380.27740554837;-16436.83093965483;-16511.34547332061;-16455.485631771204;46.96950189420436;-1.2705128677179068e-05;0.11851203382259408;MLP_adam;False;114275.22255015373;;;;;;;;;;;;;;;;;;;;;;;;;;;;;;;adam;700.0;0.001;(32, 16);tanh;;;;;13284.54721642301;13284.545528604192
170;3141.2643461704256;27.1349871216759;8.142703199386597;0.45767435439269955;RobustScaler();;;;;;0.25;10;{'scaler__scaler': RobustScaler(), 'regressor__solver': 'adam', 'regressor__max_iter': 700, 'regressor__learning_rate_init': 0.001, 'regressor__hidden_layer_sizes': (100, 50, 25), 'regressor__activation': 'tanh', 'feature_selection__spearman_thr': 0.25, 'feature_selection__rfe_k': 10};-1.3983868981345342;-1.3720302565356537;-1.3091407117084506;-1.3346344805910557;-1.3987130397867555;-1.3625810773512899;0.035535186644162754;36;-1.3519840135310983;-1.3579522452280957;-1.3752565803861474;-1.367894725462182;-1.352236024195303;-1.3610647177605653;0.009144949148303428;-11362.784931136108;-11474.59216018746;-11570.876158243816;-11445.2825838825;-11326.104698489198;-11435.928106387815;86.26064805404414;36;-11453.75159901409;-11425.24142429273;-11402.686411642515;-11434.251769886983;-11463.715276789051;-11435.929296325074;21.502694105769972;-0.5943163139179962;-0.5971867925865224;-0.5946020139000007;-0.5953358472628981;-0.5922270992040556;-0.5947336133742945;0.0016034241140359283;36;-0.5948065120722179;-0.5940512590015192;-0.5947998087365709;-0.5946275388035421;-0.5953824572210592;-0.5947335151669819;0.0004260407586165207;-9175.7648913966;-9186.294452293314;-9247.574486612193;-9176.714365673939;-8977.436295933108;-9152.756898381831;91.60325778572648;36;-9174.7648913966;-9174.294452293314;-9172.574486612193;-9175.714365673939;-9187.436295933108;-9176.956898381832;5.337803055267562;-14779.980891127017;-14980.504364477982;-15267.320459439974;-15041.224642522286;-14730.207867058754;-14959.847644925201;193.22263023087203;36;-15005.664989817647;-14955.422261683967;-14883.9525112027;-14941.528675349244;-15018.525956344483;-14961.018878879608;48.27163631998562;-1.0405251970574706e-05;0.1114098081404647;MLP_adam;False;114275.22255015373;;;;;;;;;;;;;;;;;;;;;;;;;;;;;;;adam;700.0;0.001;(100, 50, 25);tanh;;;;;11435.929296325074;11435.928106387815
171;130.4452437877655;10.466788009564489;6.905585527420044;0.16964374153921755;MinMaxScaler();;;;;;0.25;10;{'scaler__scaler': MinMaxScaler(), 'regressor__solver': 'adam', 'regressor__max_iter': 700, 'regressor__learning_rate_init': 0.1, 'regressor__hidden_layer_sizes': (400, 200), 'regressor__activation': 'logistic', 'feature_selection__spearman_thr': 0.25, 'feature_selection__rfe_k': 10};-0.00025721266190203984;-1.7621642566689744e-05;-0.0002609274875975398;-3.143411699824128e-07;-4.45810727141005e-05;-0.00011613144119007046;0.00011756448630750921;28;-3.995425836356148e-05;-9.61220385509165e-08;-6.608073843672457e-07;-4.9511195521212414e-06;-5.9241358517425624e-05;-2.0980733171205302e-05;2.4206961763223134e-05;-6961.803462732227;-7050.339309196243;-7103.20694590949;-7042.537361371729;-6980.342100779495;-7027.645835997837;51.027627943505145;33;-7062.79587529576;-7019.485253666307;-7001.310858285195;-7027.319733316732;-7026.851260954269;-7027.552596303652;19.981719855989525;-0.5614770587591156;-0.5680234307263845;-0.5531652229408835;-0.5636304884024276;-0.5621601671296371;-0.5616912735916897;0.004833550597752899;33;-0.5660278030423275;-0.5595678062390149;-0.5621395078619484;-0.562018261991005;-0.5586936667667771;-0.5616894091802146;0.0025537449342116097;-5966.979652075821;-5906.138773821363;-5865.710670555447;-5910.277964131703;-5922.292959747876;-5914.280004066442;32.50457343301078;34;-5971.979652075821;-5886.138773821363;-5870.710670555447;-5910.277964131703;-5844.292959747876;-5896.680004066442;43.3240527623934;-9544.871739438235;-9726.803664326248;-10048.33891331311;-9844.050163136159;-9511.070654411873;-9735.027026925125;198.20872645887007;28;-9784.682532309182;-9739.377465764495;-9657.465252201175;-9709.903475837447;-9792.638548465742;-9736.813454915608;49.86932532133199;0.0013267733383358516;453.5146948508613;MLP_adam;False;114275.22255015373;;;;;;;;;;;;;;;;;;;;;;;;;;;;;;;adam;700.0;0.1;(400, 200);logistic;;;;;7027.552596303652;7027.645835997837
172;360.1440013408661;221.34070364457014;6.877867984771728;0.19751896196025748;StandardScaler();;;;;;0.3;7;{'scaler__scaler': StandardScaler(), 'regressor__solver': 'adam', 'regressor__max_iter': 700, 'regressor__learning_rate_init': 0.1, 'regressor__hidden_layer_sizes': (400, 200), 'regressor__activation': 'relu', 'feature_selection__spearman_thr': 0.3, 'feature_selection__rfe_k': 7};0.9119851075608677;0.8693135780193753;0.8451858455403354;0.871324104423195;0.9082520110859365;0.881212129325942;0.02535891589999502;17;0.9108000105565445;0.8731919585984407;0.8736954199997823;0.880322363249081;0.9039649753476607;0.8883949455503017;0.01585424999489679;-1734.3325244517976;-2051.789381183772;-2105.1920494223978;-1939.6263264107174;-1741.2083423481208;-1914.429724763361;153.8398240649923;18;-1705.9543200127064;-2058.1825077656317;-2040.517836271402;-1903.1962454502668;-1751.5693672583886;-1891.884055351679;144.31439285707597;-0.10472485131808769;-0.12835985498666297;-0.12810939069311203;-0.11654724497801894;-0.10843014887629979;-0.11723429817043626;0.009762346022163271;18;-0.10289316177962868;-0.12754319711851927;-0.12934721536630664;-0.1131204334954339;-0.10791374567453361;-0.11616355068688441;0.010552046569466903;-1103.4481130577242;-1352.1473472838425;-1329.2017976845636;-1162.0368254945943;-1112.1972084508707;-1211.806258394319;107.34782794125617;16;-1082.4043058321759;-1356.076598034323;-1320.6575015537715;-1169.8438372115706;-1116.7777053244754;-1209.1519895912631;109.69360449886547;-2831.342006654987;-3516.264670460838;-3953.146916300006;-3531.2002750619217;-2880.8324755718077;-3342.557268809912;427.34318568782356;17;-2922.270844168896;-3468.2035183206053;-3432.1997887232565;-3359.0799441382424;-3034.601632649832;-3243.2711456001666;221.93892919571692;1.1917046051477496;-0.8085161065285565;MLP_adam;False;114275.22255015373;;;;;;;;;;;;;;;;;;;;;;;;;;;;;;;adam;700.0;0.1;(400, 200);relu;;;;;1891.884055351679;1914.429724763361
173;3112.9490684986113;696.0523614598769;6.877151441574097;0.2887571539276328;MinMaxScaler();;;;;;0.3;12;{'scaler__scaler': MinMaxScaler(), 'regressor__solver': 'adam', 'regressor__max_iter': 700, 'regressor__learning_rate_init': 0.001, 'regressor__hidden_layer_sizes': (400, 200), 'regressor__activation': 'tanh', 'feature_selection__spearman_thr': 0.3, 'feature_selection__rfe_k': 12};0.8728055668290015;-2.138785273086974e-05;0.8247118118255325;0.8390705972542245;0.8686768260126397;0.6810486828137334;0.34101069893070385;26;0.851141939334856;-1.352472711602104e-08;0.8596456441367629;0.858816661785851;0.8519134781885899;0.6843035419842665;0.3421693087923929;-1723.0128283398467;-7049.543001628477;-1818.712286427254;-1744.4999898021913;-1706.9816975598412;-2808.5499607515217;2120.841646105216;26;-1680.1150378493064;-7018.675753174329;-1701.391206839179;-1671.1899681595019;-1700.4967729158834;-2754.37374778764;2132.182889865686;-0.09908080250239819;-0.5678364889298859;-0.10022880590038377;-0.09908117984483912;-0.1000229336544925;-0.1932500421663999;0.18729381761642652;26;-0.09351368529137068;-0.5593821631103524;-0.09610167633325768;-0.0921012051625008;-0.09596069101719405;-0.18741188418293514;0.18599126887289397;-985.6084483348313;-5901.986571537171;-995.7423871754745;-963.6033824436922;-982.1412716701325;-1965.8164122322603;1968.1125236539785;26;-945.7656714337027;-5881.986571537171;-969.6070136344197;-937.3906661873516;-961.0820787674347;-1939.166400312016;1971.4423591159289;-3403.676711653793;-9726.821980579653;-4206.432733856562;-3949.0392439198977;-3446.596263499443;-4946.513386701869;2409.3202640282425;26;-3775.063331990169;-9739.37706354133;-3618.0616139618687;-3648.4261575854152;-3768.292686124962;-4909.844170640748;2415.579966988369;1.966915819154795;-0.47564552436700186;MLP_adam;False;114275.22255015373;;;;;;;;;;;;;;;;;;;;;;;;;;;;;;;adam;700.0;0.001;(400, 200);tanh;;;;;2754.37374778764;2808.5499607515217
174;3287.5579911231994;62.114521650299416;8.554718446731567;1.69352663381346;MinMaxScaler();;;;;;0.25;14;{'scaler__scaler': MinMaxScaler(), 'regressor__solver': 'adam', 'regressor__max_iter': 700, 'regressor__learning_rate_init': 0.001, 'regressor__hidden_layer_sizes': (100, 50, 25), 'regressor__activation': 'tanh', 'feature_selection__spearman_thr': 0.25, 'feature_selection__rfe_k': 14};-1.398521858283452;-1.3722125314842808;-1.309039701233568;-1.3344131907059356;-1.3987874042830413;-1.3625949371980557;0.03565251908852045;37;-1.3521134491358762;-1.3581333469546784;-1.3751488744598581;-1.3676675995852192;-1.352307040876965;-1.3610740622025195;0.009026362843561063;-11363.301847822766;-11475.308793434335;-11570.455428520201;-11444.3893780986;-11326.388043346955;-11435.968698244573;86.0158388170333;37;-11454.267672528485;-11425.959002530406;-11402.26607670469;-11433.35784806655;-11463.99875033018;-11435.969870032062;21.74126729748129;-0.5943513044533576;-0.597234712760958;-0.594573579585329;-0.5952757464295838;-0.5922463408482879;-0.5947363368155033;0.0016067149622264437;37;-0.5948413016154449;-0.5940997798389815;-0.5947714617941803;-0.5945671873739072;-0.5954015513252455;-0.5947362563895519;0.0004215632818295587;-9176.309476368784;-9187.051227759726;-9247.130991076272;-9175.771516661815;-8977.73530564062;-9152.799703501443;91.43250597906926;37;-9175.309476368784;-9175.051227759726;-9172.130991076272;-9174.771516661815;-9187.73530564062;-9176.999703501442;5.487727326280437;-14780.396729031076;-14981.079930114494;-15266.986530860548;-15040.511779378729;-14730.436196996578;-14959.882233276285;192.93731906983675;37;-15006.077883908476;-14955.996573737018;-14883.615051224959;-14940.81207060564;-15018.752667825776;-14961.050849460375;48.55592733094268;-1.0246507317073789e-05;0.11174079631457391;MLP_adam;False;114275.22255015373;;;;;;;;;;;;;;;;;;;;;;;;;;;;;;;adam;700.0;0.001;(100, 50, 25);tanh;;;;;11435.969870032062;11435.968698244573
175;8922.91177687645;2676.7068472272;11.500331544876099;0.8419568941320495;StandardScaler();;;;;;0.3;11;{'scaler__scaler': StandardScaler(), 'regressor__solver': 'adam', 'regressor__max_iter': 700, 'regressor__learning_rate_init': 0.001, 'regressor__hidden_layer_sizes': (400, 200), 'regressor__activation': 'relu', 'feature_selection__spearman_thr': 0.3, 'feature_selection__rfe_k': 11};0.9268523865092574;0.9123866598662213;0.8699882084857096;0.9176392001691819;0.9202318369295851;0.9094196583919911;0.020258363314078428;5;0.9214798766649394;0.926634740239517;0.8961431916069411;0.9216643443397434;0.9156032690318281;0.9163050843765937;0.01066954917191616;-1605.3729709006866;-1585.405453105673;-1849.177558778778;-1587.6435712652055;-1627.588948598356;-1651.0377005297396;100.22067895731442;4;-1565.5981629205414;-1523.525567745417;-1789.556831308388;-1541.4395460394467;-1625.3558315819007;-1609.0951879191387;96.56319197875825;-0.09978421910685549;-0.09948619535774617;-0.10883486955155375;-0.09918110873728221;-0.101586423482577;-0.10177456324720291;0.0036278761106694293;3;-0.09643630344102105;-0.09567831840261821;-0.10907448879747082;-0.09380446864990931;-0.1014208227473634;-0.09928288040767656;0.005505547300132138;-1029.467132865324;-1016.078826771598;-1131.951907934661;-993.5488405907063;-1053.3118870309308;-1044.871719038644;47.65409847297246;4;-1001.6457402529559;-981.6798605092654;-1114.4691387803223;-974.7333296008856;-1052.6405586550864;-1025.033725559703;52.37846060478156;-2581.156466606339;-2879.064814798281;-3622.6718276052784;-2825.1013171074846;-2686.1763617337656;-2918.8341575702298;367.12689487540405;5;-2741.75440653702;-2638.0098139101883;-3112.29314974661;-2717.6503427291645;-2844.786468392071;-2810.8988362630107;164.53191275259869;2.6065898975709736;-0.7514337857556589;MLP_adam;False;114275.22255015373;;;;;;;;;;;;;;;;;;;;;;;;;;;;;;;adam;700.0;0.001;(400, 200);relu;;;;;1609.0951879191387;1651.0377005297396
176;161.99817581176757;60.238675493996574;5.890250253677368;0.06451517020748344;MinMaxScaler(feature_range=(-1, 1));;;;;;0.2;6;{'scaler__scaler': MinMaxScaler(feature_range=(-1, 1)), 'regressor__solver': 'adam', 'regressor__max_iter': 700, 'regressor__learning_rate_init': 0.01, 'regressor__hidden_layer_sizes': (100, 50, 25), 'regressor__activation': 'relu', 'feature_selection__spearman_thr': 0.2, 'feature_selection__rfe_k': 6};0.8850346060124089;0.8783770326667654;0.8461298921708744;0.8780771463118292;0.9067730060704255;0.8788783366464606;0.019438961196428756;18;0.8794658812062078;0.8819533565530054;0.87328452783042;0.8857021192564004;0.9090826001019638;0.8858976969895995;0.012276775594338764;-1964.3797643135406;-2006.3971589413047;-2132.002101008209;-1934.1183499539488;-1766.1167613857995;-1960.6028271205607;118.33457184310585;20;-1962.3539175368373;-1993.297311006495;-2088.7093930784768;-1917.2874679347951;-1749.9663349461878;-1942.3228849005584;111.40597701634049;-0.11882737007406197;-0.1271114746251334;-0.13039794542969013;-0.11714226032939583;-0.10725642940713923;-0.12014709597308411;0.008130467179684306;20;-0.1179868208620943;-0.1257904600980253;-0.13217219237818081;-0.11511796397628467;-0.10488081576608319;-0.11918965061613365;0.009326148858943601;-1282.7502061014638;-1344.9323046320114;-1421.7627929595328;-1227.0386935183105;-1140.097056793159;-1283.3162108008955;96.5848896234979;20;-1269.005505382609;-1337.9647388300755;-1422.7362383294017;-1250.121498676719;-1118.4596560370264;-1279.6575274511663;100.83833073164791;-3235.920303997903;-3392.142754674357;-3941.0754692253713;-3437.2910669166044;-2903.9595846770562;-3382.0778358982584;336.3293754095209;18;-3396.9805650886897;-3346.2470281747514;-3437.7780461240495;-3282.7130872666858;-2952.6390865298667;-3283.271562636809;173.25475236729412;0.9411381785237125;-0.7923443493522581;MLP_adam;False;114275.22255015373;;;;;;;;;;;;;;;;;;;;;;;;;;;;;;;adam;700.0;0.01;(100, 50, 25);relu;;;;;1942.3228849005584;1960.6028271205607
177;3422.851096868515;86.95612217606146;7.358945083618164;0.2747515450509114;MinMaxScaler(feature_range=(-1, 1));;;;;;0.25;7;{'scaler__scaler': MinMaxScaler(feature_range=(-1, 1)), 'regressor__solver': 'adam', 'regressor__max_iter': 700, 'regressor__learning_rate_init': 0.001, 'regressor__hidden_layer_sizes': (400, 200), 'regressor__activation': 'tanh', 'feature_selection__spearman_thr': 0.25, 'feature_selection__rfe_k': 7};0.8691570156370857;0.8502378200018358;0.82015933270702;0.8373863889940807;0.8638403680574572;0.8481561850794959;0.017839136381743975;22;0.8488465477921397;0.8526170106208366;0.8555219696141515;0.856605224055091;0.8480833578437466;0.8523348219851931;0.0034268609095023817;-1797.6175210400763;-1786.2740294274706;-1893.5555573859378;-1797.8410401069887;-1789.8119562368001;-1813.020020839455;40.51561037967283;14;-1733.7380296655526;-1760.9174054630978;-1768.3845216353186;-1727.0303488603683;-1780.5425512723593;-1754.1225713793392;20.479777317031367;-0.10367274715667131;-0.10430471659386106;-0.10537815999006189;-0.10382981876711021;-0.10524300362592652;-0.10448568922672621;0.0007062324157886398;7;-0.09738015243473765;-0.10028970248864519;-0.10189429053082805;-0.09627643327902699;-0.10045072662976733;-0.09925826107260104;0.0020906021070757294;-1055.9274424954128;-1063.453369489922;-1050.1084710430641;-1011.798341212173;-1070.1605915301234;-1050.289643154139;20.403608555048862;6;-991.8054930107301;-1018.540124414516;-1029.5834311855938;-989.7312151922742;-1024.9470458125752;-1010.9214619231377;16.837321297195956;-3452.148518428011;-3764.154145490884;-4260.7060711983995;-3969.6498139255823;-3509.489212890858;-3791.229552386747;299.1082197437761;22;-3804.057727604026;-3738.994769709623;-3670.82699609207;-3676.888856885231;-3816.7132914804774;-3741.4963283542857;61.230805818112685;3.3576587190142697;-0.49025767784127794;MLP_adam;False;114275.22255015373;;;;;;;;;;;;;;;;;;;;;;;;;;;;;;;adam;700.0;0.001;(400, 200);tanh;;;;;1754.1225713793392;1813.020020839455
178;931.3934044837952;27.290678989696612;6.946407270431519;0.34349139556155023;MinMaxScaler(feature_range=(-1, 1));;;;;;0.3;10;{'scaler__scaler': MinMaxScaler(feature_range=(-1, 1)), 'regressor__solver': 'adam', 'regressor__max_iter': 700, 'regressor__learning_rate_init': 0.001, 'regressor__hidden_layer_sizes': (200, 100), 'regressor__activation': 'logistic', 'feature_selection__spearman_thr': 0.3, 'feature_selection__rfe_k': 10};-8.524873208681782e-05;-2.283890472454253e-05;-0.0002930535905123488;-3.1021297557387584e-06;-0.00020851988035675006;-0.0001225526474872396;0.00011141254461321932;32;-1.0010248563396829e-07;-7.311706773371895e-08;-3.6713033946256246e-08;-1.662058268792066e-08;-2.4552580413228497e-08;-5.022115008301853e-08;3.156806449924904e-08;-6948.617449169835;-7049.255533665856;-7101.389830023313;-7038.076441028551;-6994.988224068587;-7026.465495591229;51.61200002638894;28;-7050.0061008267685;-7018.38321972352;-6999.4173330971535;-7022.862803918357;-7041.144294688904;-7026.36275045094;17.773464039312064;-0.5585499348173539;-0.5677689372693567;-0.5527390549644627;-0.5626042318940132;-0.565495828557402;-0.5614315975005177;0.005327648569696082;28;-0.5631066172690048;-0.5593150632970465;-0.5617036417252773;-0.560994422202664;-0.5619931443474545;-0.5614225777682894;0.0012542301737736852;-5902.036803457711;-5900.4856768830105;-5856.009681778018;-5887.4205974908;-5958.12871848264;-5900.816295618436;33.085918862471864;29;-5907.036803457711;-5880.4856768830105;-5861.009681778018;-5887.4205974908;-5917.12871848264;-5890.616295618436;19.80876144240842;-9544.051228381028;-9726.829037488375;-10048.500276897954;-9844.06388468762;-9511.85020450162;-9735.058926391319;198.2429652919772;32;-9784.487558025152;-9739.377353737458;-9657.462238617945;-9709.87951917216;-9792.348616961142;-9736.711057302771;49.7705694242831;0.001462280612856134;243925.96771410617;MLP_adam;False;114275.22255015373;;;;;;;;;;;;;;;;;;;;;;;;;;;;;;;adam;700.0;0.001;(200, 100);logistic;;;;;7026.36275045094;7026.465495591229
179;1779.9696464061738;489.4102111644994;9.277826595306397;0.7036413010342286;RobustScaler();;;;;;0.3;9;{'scaler__scaler': RobustScaler(), 'regressor__solver': 'adam', 'regressor__max_iter': 700, 'regressor__learning_rate_init': 0.01, 'regressor__hidden_layer_sizes': (400, 200), 'regressor__activation': 'relu', 'feature_selection__spearman_thr': 0.3, 'feature_selection__rfe_k': 9};0.9065474423131601;0.8779742727057738;0.8680485490220889;0.8988500241048154;0.92957855017253;0.8961997676636736;0.021692861171803555;13;0.8950104426113152;0.9014634995480424;0.8984400611730552;0.9029397648768536;0.9316951795525008;0.9059097895523536;0.013176262631238243;-1772.4128385930426;-1798.3206308108502;-1943.4556723131238;-1744.4624822606816;-1520.004781690863;-1755.731281133712;136.40127746945163;10;-1763.084097049349;-1756.9626878690372;-1879.24043503057;-1696.8637478299663;-1492.4318420303205;-1717.7165619618486;127.18213561786484;-0.11473825764716454;-0.11532598040407545;-0.1222536506402126;-0.10604527343403247;-0.09367296329812386;-0.11040722508472178;0.009821933975910632;12;-0.11189162631533346;-0.11238414104333277;-0.12263055763624219;-0.10134594865586109;-0.09177893019092896;-0.10800624076833969;0.010543414770544511;-1154.7877256517204;-1145.6153514701164;-1310.3064291814335;-1052.0647580954055;-954.0386505868582;-1123.3625829971068;118.47759353088621;10;-1143.2923434043505;-1133.4662651718909;-1296.3474501711426;-1045.559726406158;-949.6405181756618;-1113.6612606658407;115.05225424932834;-2917.4931634718855;-3397.754729567622;-3649.595290112425;-3130.809490617969;-2523.9003768367443;-3123.910610121329;388.3305348314142;12;-3170.378513542009;-3057.2414855809748;-3077.6854120961316;-3025.063580852311;-2559.2489752706265;-2977.9235934684107;214.84564648102153;2.213096154143485;-1.0718530697717803;MLP_adam;False;114275.22255015373;;;;;;;;;;;;;;;;;;;;;;;;;;;;;;;adam;700.0;0.01;(400, 200);relu;;;;;1717.7165619618486;1755.731281133712
180;78.79310612678528;19.42397780269851;6.0111795425415036;0.18001796905357553;RobustScaler();;;;;;0.25;11;{'scaler__scaler': RobustScaler(), 'regressor__solver': 'adam', 'regressor__max_iter': 700, 'regressor__learning_rate_init': 0.1, 'regressor__hidden_layer_sizes': (32, 16), 'regressor__activation': 'relu', 'feature_selection__spearman_thr': 0.25, 'feature_selection__rfe_k': 11};0.9187435684994175;0.9193946033819071;0.893302235242222;0.9166242660180344;0.9181557753670039;0.9132440897017169;0.010013000478020794;4;0.9210316491182311;0.9274099734269624;0.919449602506779;0.9148251845963145;0.9183167052917918;0.9202066229880158;0.004139412367305298;-1669.2869338709613;-1651.4968925103062;-1741.1018735345199;-1725.2126086815458;-1701.7357390484392;-1697.7668095291544;33.46329512594006;8;-1643.3127326244128;-1598.6678956550566;-1683.0247238166025;-1724.0073382660391;-1697.1757195082491;-1669.2376819740718;43.869190679252085;-0.10531894632144559;-0.10463317167219145;-0.10612730617117559;-0.11554029187324881;-0.10990919748826841;-0.10830578270526599;0.00405127350993573;10;-0.10406114659079467;-0.10187586541288282;-0.10644612251188178;-0.11032971019011589;-0.10944121490202703;-0.10643081192154044;0.00318204398788799;-1080.513112242188;-1086.8253826716755;-1130.7955838841553;-1178.4091334650839;-1158.7735028786965;-1127.06334302836;38.57945436375043;11;-1087.2703546685452;-1056.4196127718778;-1113.4187012573811;-1176.602434506598;-1150.060531194751;-1116.7543268798306;42.92273983452069;-2720.464881023818;-2761.5212081195596;-3281.823972424239;-2842.4549149230857;-2720.907306143311;-2865.434456526803;212.88989008201008;4;-2749.5688429425472;-2624.0351892358985;-2740.9231228795416;-2833.8015798647307;-2798.681547811588;-2749.402056546861;71.19061644457787;1.7091111627280973;-0.7566271652871593;MLP_adam;False;114275.22255015373;;;;;;;;;;;;;;;;;;;;;;;;;;;;;;;adam;700.0;0.1;(32, 16);relu;;;;;1669.2376819740718;1697.7668095291544
181;937.0860376834869;15.128104554110811;7.05952000617981;0.16062620312385043;RobustScaler();;;;;;0.2;7;{'scaler__scaler': RobustScaler(), 'regressor__solver': 'adam', 'regressor__max_iter': 700, 'regressor__learning_rate_init': 0.001, 'regressor__hidden_layer_sizes': (200, 100), 'regressor__activation': 'logistic', 'feature_selection__spearman_thr': 0.2, 'feature_selection__rfe_k': 7};-8.728865183327272e-05;-2.147132942775798e-05;-0.0002908608759777387;-2.9971685524543545e-06;-0.0002085509968694499;-0.00012223380453213473;0.00011088495151586224;30;-4.3796964721565246e-08;-1.5700201583257467e-08;-1.558849804794704e-08;-9.692879832101653e-09;-2.4225744299499752e-08;-2.180085769687423e-08;1.1934180698106637e-08;-6948.827620341949;-7049.5262005813765;-7101.510192052039;-7038.133958801609;-6994.990278295865;-7026.597650014568;51.60987748151476;29;-7050.2098269575345;-7018.658660100368;-6999.542960060398;-7022.920313984837;-7041.146310544385;-7026.495614329504;17.76318088880627;-0.5585970173014632;-0.5678325415723653;-0.5527673519270712;-0.5626175017662594;-0.5654962927591374;-0.5614621410652593;0.005329156278417715;29;-0.5631536009517291;-0.5593782423892574;-0.5617325942761909;-0.5610076633999045;-0.5619936041570243;-0.5614531410348211;0.0012462273582422598;-5903.084844570647;-5901.898872495367;-5856.654341991802;-5887.716442123103;-5958.138965340571;-5901.498693304298;32.89912682071639;30;-5908.084844570647;-5881.898872495367;-5861.654341991802;-5887.716442123103;-5917.138965340571;-5891.298693304298;19.644191267391236;-9544.060962095558;-9726.822386552447;-10048.489263373167;-9844.063368066816;-9511.850352458569;-9735.057266509311;198.23757205055742;30;-9784.487282564842;-9739.377074135213;-9657.462136613243;-9709.879485538579;-9792.348615360896;-9736.710918842555;49.7705492965677;0.0014521561054695814;560583.4659062997;MLP_adam;False;114275.22255015373;;;;;;;;;;;;;;;;;;;;;;;;;;;;;;;adam;700.0;0.001;(200, 100);logistic;;;;;7026.495614329504;7026.597650014568
182;1192.2822204589843;223.35712796286055;7.571415758132934;0.2771627338169008;MinMaxScaler(feature_range=(-1, 1));;;;;;0.2;9;{'scaler__scaler': MinMaxScaler(feature_range=(-1, 1)), 'regressor__solver': 'adam', 'regressor__max_iter': 700, 'regressor__learning_rate_init': 0.01, 'regressor__hidden_layer_sizes': (400, 200), 'regressor__activation': 'tanh', 'feature_selection__spearman_thr': 0.2, 'feature_selection__rfe_k': 9};0.9195329532350841;0.8874432436087392;0.8808091175878254;0.8852681600469654;0.9159964822474722;0.8978099913452173;0.016470775476988126;11;0.9047306499071749;0.8996345731969076;0.9073164211756648;0.8992458432487398;0.9104533570824103;0.9042761689221794;0.004346399143087724;-1728.499180850326;-1764.4545767847603;-1794.9247664197023;-1759.0767268191926;-1645.9611403706197;-1738.5832782489204;50.88068053204988;9;-1693.4187693104163;-1732.1352985621875;-1699.5380965126656;-1695.6388504964902;-1618.4720828136985;-1687.8406195390914;37.42398056237431;-0.11069583444332053;-0.109038415519702;-0.10788557868782185;-0.1079600406204453;-0.10387474517091864;-0.10789092288844167;0.0022502780916844804;9;-0.10636664018124725;-0.10655505728168674;-0.10532293019648298;-0.10251347097732745;-0.0996453319403526;-0.1040806861154194;0.00264649953575717;-1161.0392688120246;-1148.7055911867865;-1158.4343690590922;-1125.4399435582645;-1070.6562105848989;-1132.8550766402134;33.53675845280575;12;-1127.0121190237974;-1128.3600103843328;-1115.877309436587;-1097.4853256141569;-1042.234729480555;-1102.1938987878857;31.95345935605233;-2707.218332518001;-3263.2632337979417;-3468.6392958989604;-3334.3848884965173;-2756.5664368216108;-3106.014437506606;312.8991125846501;11;-3020.053697193073;-3085.4836183927687;-2940.115612273304;-3082.0900531674633;-2930.2961567629104;-3011.607827557904;66.6624841511637;3.006365537267701;-0.7150666797588222;MLP_adam;False;114275.22255015373;;;;;;;;;;;;;;;;;;;;;;;;;;;;;;;adam;700.0;0.01;(400, 200);tanh;;;;;1687.8406195390914;1738.5832782489204
183;71.91778845787049;10.672356069036352;6.687661504745483;0.09831973180354762;MinMaxScaler();;;;;;0.25;5;{'scaler__scaler': MinMaxScaler(), 'regressor__solver': 'adam', 'regressor__max_iter': 700, 'regressor__learning_rate_init': 0.1, 'regressor__hidden_layer_sizes': (100, 50, 25), 'regressor__activation': 'relu', 'feature_selection__spearman_thr': 0.25, 'feature_selection__rfe_k': 5};0.871993328707297;0.8601159181370865;0.8316347011604956;0.8538419588610854;0.8726266797388623;0.8580425173209653;0.015010925144393492;21;0.8578278306006799;0.863014833769116;0.8565789092013221;0.8668226545080058;0.8639998005981476;0.8616488057354543;0.0038591611109608454;-2213.920573021268;-2109.430865036072;-2201.286423461401;-2090.838651827413;-2056.763126760024;-2134.4479280212354;62.202631027236826;22;-2216.099099584319;-2110.0748371122486;-2167.791360262199;-2041.5842029686025;-2084.1790299518216;-2123.945705975838;61.5985325409616;-0.14434326174965198;-0.12684028565033345;-0.1267962869000214;-0.12598132770780468;-0.1251803705934477;-0.12982830652025185;0.00728296493704473;22;-0.14295921978845133;-0.12576845971693426;-0.12880575348130796;-0.12298115277477181;-0.12558878044056251;-0.1292206732404056;0.007112803368877312;-1546.697763001841;-1381.4199700493846;-1405.244682202725;-1343.8846080397116;-1340.5190509300528;-1403.553214844743;75.52052927856317;22;-1539.7656222896294;-1368.1996317938683;-1398.6351986867085;-1337.9215972351558;-1365.8543385652647;-1402.0752777141254;71.47821440323439;-3414.527015427239;-3637.8976107259423;-4122.530858084448;-3763.4409551947742;-3394.3682957504902;-3666.5529470365786;266.73050983597716;21;-3689.311781725923;-3604.6902149069624;-3657.37524757607;-3543.47207598574;-3611.242339663681;-3621.218331971675;49.721664979206324;0.49446753821667494;-0.4185334431480984;MLP_adam;False;114275.22255015373;;;;;;;;;;;;;;;;;;;;;;;;;;;;;;;adam;700.0;0.1;(100, 50, 25);relu;;;;;2123.945705975838;2134.4479280212354
184;158.32004957199098;8.994588085181451;6.978479290008545;0.07237522103861561;MinMaxScaler(feature_range=(-1, 1));;;;;;0.2;11;{'scaler__scaler': MinMaxScaler(feature_range=(-1, 1)), 'regressor__solver': 'adam', 'regressor__max_iter': 700, 'regressor__learning_rate_init': 0.1, 'regressor__hidden_layer_sizes': (100, 50, 25), 'regressor__activation': 'logistic', 'feature_selection__spearman_thr': 0.2, 'feature_selection__rfe_k': 11};0.8636574182990641;0.8496287412048936;0.8048999047808295;0.843277332433145;0.8707603910218861;0.8464447575479637;0.02295068995302339;23;0.8415535948629681;0.8600885091578614;0.8307299031369608;0.8539269772532582;0.8601964715165502;0.8492990911855198;0.01150121059525814;-2212.8116178144764;-2266.7081942209984;-2568.7695369972425;-2374.4201713380903;-2169.1617066862536;-2318.374245411412;142.76986990602634;23;-2222.742251994793;-2241.5979568277853;-2500.8599854155204;-2341.8440465476856;-2188.313943887065;-2299.0716369345696;113.08817982997928;-0.1546762142818048;-0.16322908644169487;-0.18336258728343513;-0.17435494648899483;-0.1495072621426972;-0.16502601932772537;0.012445383587724065;23;-0.15390815596155097;-0.16032057464997804;-0.18603613260897459;-0.17118564214772028;-0.15025788345920502;-0.16434167776548575;0.012968192850060683;-1534.7843608891417;-1592.9222362918972;-1787.5813910017387;-1693.4954251124718;-1535.3861211197836;-1628.8339068830066;98.23373097272874;23;-1543.4493274998404;-1579.587034021336;-1787.5683885870467;-1699.5457431478426;-1557.2404630876117;-1633.4781912687354;94.79488874416776;-3523.9521902978495;-3771.800736082864;-4437.7860744757;-3897.0830173719723;-3419.145206958295;-3809.9534450373367;357.1410922384251;23;-3894.7470651811127;-3642.9890783733745;-3973.3162376927603;-3711.0674319692084;-3661.389463061969;-3776.701855255685;132.72213001803064;0.8395827327320433;-0.33608108935709013;MLP_adam;False;114275.22255015373;;;;;;;;;;;;;;;;;;;;;;;;;;;;;;;adam;700.0;0.1;(100, 50, 25);logistic;;;;;2299.0716369345696;2318.374245411412
185;2142.174979543686;258.87507042605637;7.360467195510864;0.6282555185206854;MinMaxScaler();;;;;;0.3;11;{'scaler__scaler': MinMaxScaler(), 'regressor__solver': 'adam', 'regressor__max_iter': 700, 'regressor__learning_rate_init': 0.01, 'regressor__hidden_layer_sizes': (400, 200), 'regressor__activation': 'logistic', 'feature_selection__spearman_thr': 0.3, 'feature_selection__rfe_k': 11};0.9401486899319699;0.9218543289042913;0.9039720872014647;0.9311738052721111;0.9396019759905508;0.9273501774600776;0.013455616476828058;1;0.943341728142158;0.9484732454732445;0.9399551502864649;0.9471632134052207;0.9497633003130146;0.9457393275240206;0.003602757401593921;-1407.524771078629;-1441.8583639034105;-1499.4980532959041;-1418.6559145030556;-1365.4739911922584;-1426.6022187946517;44.06882259438231;1;-1228.184253438677;-1190.8897591542502;-1310.5403799426738;-1178.0615646226993;-1152.03386380928;-1211.941964193516;55.07361773464389;-0.08763721929980084;-0.09002374123364208;-0.08963774478554423;-0.08962218949617222;-0.08672427921980048;-0.08872903480699197;0.001304672366631004;1;-0.07436847638199197;-0.07399462067210662;-0.08022917838433409;-0.0717992260037487;-0.07129135594882724;-0.07433657147820173;0.0031796925670241945;-879.4693429129875;-889.4758039061508;-907.676455361805;-869.3273772740304;-852.8224098089104;-879.7542778527768;18.483955342855147;1;-755.7338817399504;-735.3826395408396;-826.0116634846127;-728.2997576119378;-716.0129327781451;-752.2881750310971;39.04909767325645;-2334.8075098292857;-2719.0599674811783;-3113.410366121058;-2582.56124355508;-2337.389520980486;-2617.4457215934176;288.38833008558134;1;-2329.001271023339;-2210.7904072206925;-2366.469392803617;-2231.937536028125;-2194.812431201864;-2266.6022076555278;68.31905489490244;17.712090260360018;-1.9444205743337735;MLP_adam;False;114275.22255015373;;;;;;;;;;;;;;;;;;;;;;;;;;;;;;;adam;700.0;0.01;(400, 200);logistic;;;;;1211.941964193516;1426.6022187946517
186;10467.575250577927;1736.2740984237507;11.696106195449829;1.2598937855307293;RobustScaler();;;;;;0.25;9;{'scaler__scaler': RobustScaler(), 'regressor__solver': 'adam', 'regressor__max_iter': 700, 'regressor__learning_rate_init': 0.001, 'regressor__hidden_layer_sizes': (400, 200), 'regressor__activation': 'relu', 'feature_selection__spearman_thr': 0.25, 'feature_selection__rfe_k': 9};0.926203194900272;0.8964644625564439;0.8801366506364734;0.8964129665182815;0.9259168599455446;0.9050268269114031;0.018176168961493818;7;0.9265874730088883;0.9088484924066902;0.9062978064286116;0.9037559345329992;0.9255072660312308;0.9141993944816841;0.00981290528899209;-1572.6943240254604;-1711.8338989941044;-1779.4044634082654;-1741.637102124795;-1560.012277277603;-1673.1164131660457;89.85368071587405;6;-1523.2868967732772;-1664.772302848002;-1723.6260831998816;-1709.1694071398585;-1531.6664860015067;-1630.5042351925053;86.36972460012046;-0.09713413893088087;-0.1039178123287222;-0.10544287656271419;-0.10916838279673523;-0.09672859864260362;-0.10247836185233121;0.004842256519035642;4;-0.09352021543785755;-0.10025474824076008;-0.10545171621035135;-0.10493557415614845;-0.09409471538772482;-0.09965139388656845;0.005106826054749915;-991.326563175091;-1067.1362546176024;-1110.1746561021318;-1096.286372546293;-978.8161209281961;-1048.7479934738628;53.961000675806034;5;-962.2945390265413;-1032.1730906110424;-1098.124752868759;-1085.1790621940827;-961.0907559952539;-1027.7724401391358;58.306322849442765;-2592.5851621430647;-3129.760062291775;-3478.4104481799886;-3168.3010978121065;-2588.6862587990195;-2991.5486058451907;348.955069803963;7;-2651.0819350015076;-2940.4453021058607;-2956.2277518271585;-3012.318004064645;-2672.6606399257857;-2846.5467265849916;152.82005241635343;2.6134355896664925;-1.0033443060287135;MLP_adam;False;114275.22255015373;;;;;;;;;;;;;;;;;;;;;;;;;;;;;;;adam;700.0;0.001;(400, 200);relu;;;;;1630.5042351925053;1673.1164131660457
187;744.3044146060944;144.34709546369936;6.404707717895508;0.5781565524494999;RobustScaler();;;;;;0.3;7;{'scaler__scaler': RobustScaler(), 'regressor__solver': 'adam', 'regressor__max_iter': 700, 'regressor__learning_rate_init': 0.01, 'regressor__hidden_layer_sizes': (200, 100), 'regressor__activation': 'logistic', 'feature_selection__spearman_thr': 0.3, 'feature_selection__rfe_k': 7};0.9062503005498642;0.884034507798834;0.8788218989897221;0.8939085268767305;0.9361068584437874;0.8998244185317876;0.02041142958159461;10;0.8990549858927086;0.9016739347138115;0.9157316778419928;0.9147427671634711;0.9440347113933515;0.9150476154010672;0.015971425369410534;-1730.5774810786331;-1750.3539116103145;-1720.6813030329452;-1715.3459104183953;-1414.1607564657322;-1666.223872521204;126.59672288981774;5;-1640.6344235634824;-1648.6072272389024;-1556.036597832914;-1556.4314776462577;-1212.24397362067;-1522.7907399804453;160.24556319476423;-0.10653410108291328;-0.10729151199296544;-0.10397534321695746;-0.10542306277103798;-0.09047017172865371;-0.10273883815850557;0.006235143016891195;5;-0.09855189608009936;-0.09959800274085767;-0.09766425195428477;-0.09374507056472148;-0.07558874507270515;-0.09302959328253367;0.008942203151611412;-1070.9723876875505;-1090.1842190682219;-1050.9164647712096;-1054.4936984297365;-891.445198545036;-1031.6023937003508;71.44635920371684;3;-1006.9933443336886;-1015.4369601214985;-974.7091547484033;-975.0989275404954;-782.1151128783822;-950.8706999244936;85.96776171611116;-2922.127713192984;-3312.3079814055122;-3497.435335672021;-3206.372608423098;-2404.0685590698113;-3068.4624395526857;380.87548861176015;10;-3108.7120751919833;-3053.9752087734223;-2803.465294849561;-2835.172279520357;-2316.5743048686063;-2823.5798326407858;279.9914319161679;9.419096713354094;-1.6636507885556509;MLP_adam;False;114275.22255015373;;;;;;;;;;;;;;;;;;;;;;;;;;;;;;;adam;700.0;0.01;(200, 100);logistic;;;;;1522.7907399804453;1666.223872521204
188;934.9595993995666;21.20758952578626;7.1133798122406;0.5840983742549981;StandardScaler();;;;;;0.25;8;{'scaler__scaler': StandardScaler(), 'regressor__solver': 'adam', 'regressor__max_iter': 700, 'regressor__learning_rate_init': 0.01, 'regressor__hidden_layer_sizes': (100, 50, 25), 'regressor__activation': 'tanh', 'feature_selection__spearman_thr': 0.25, 'feature_selection__rfe_k': 8};0.8864183395807537;0.8606184522977902;0.8341207116594127;0.8499333193710719;0.8976602628233299;0.8657502171464717;0.023333911729982833;20;0.8643968792971768;0.8731422484253104;0.865323279760499;0.8701249838334608;0.8873505900195755;0.8720675962672043;0.008280389149557634;-1831.1486590297666;-1849.4839304341594;-1963.409512902431;-1854.4318653842195;-1665.6126235948761;-1832.8173182690905;95.66554264933585;15;-1811.7716954022112;-1804.4069659668714;-1861.4998176783804;-1787.6718161556078;-1618.8608227057455;-1776.842223581763;82.73112396275653;-0.11133057266073779;-0.11505011806710423;-0.11259502802210018;-0.11224842315957964;-0.10421234904165759;-0.11108729819023588;0.0036510138340018748;13;-0.10817744446446559;-0.11034380587478529;-0.11101505727720054;-0.10697646390304626;-0.09970344467292562;-0.10724324323848466;0.004040607265199752;-1113.3600953727;-1147.5902293900544;-1172.2521110092184;-1087.2243015433546;-1046.3337506147936;-1113.3520975860242;44.30706912322409;9;-1094.0607760146459;-1111.7120919131585;-1151.8564935823306;-1092.0856821372663;-1008.892640158705;-1091.7215367612212;46.652044074594;-3216.3874409187006;-3631.3571499412374;-4091.981900559372;-3813.430958972062;-3042.579088943659;-3559.147307867006;384.21717579343124;20;-3603.0717099601966;-3468.883239033029;-3544.12700427181;-3499.2634848847506;-3286.6338338837913;-3480.395854406715;106.90488612652831;3.150256896444796;-0.7244139270594956;MLP_adam;False;114275.22255015373;;;;;;;;;;;;;;;;;;;;;;;;;;;;;;;adam;700.0;0.01;(100, 50, 25);tanh;;;;;1776.842223581763;1832.8173182690905
189;709.0874028682708;669.8437213423929;7.948430728912354;0.8488413772481047;MinMaxScaler(feature_range=(-1, 1));;;;;;0.25;12;{'scaler__scaler': MinMaxScaler(feature_range=(-1, 1)), 'regressor__solver': 'adam', 'regressor__max_iter': 700, 'regressor__learning_rate_init': 0.1, 'regressor__hidden_layer_sizes': (400, 200), 'regressor__activation': 'relu', 'feature_selection__spearman_thr': 0.25, 'feature_selection__rfe_k': 12};0.9073876621348362;0.9243909930573979;0.8961456818702221;0.9261767794548766;0.9163104837140467;0.9140823200462759;0.011171847068204708;3;0.9173819386180343;0.9378927610155002;0.9266324850459356;0.9318228746393172;0.911403776005603;0.9250267670648782;0.009574220554366275;-1722.6940111095807;-1592.331853866896;-1642.4521306758254;-1552.3874152771753;-1699.3482491407738;-1641.8427320140502;63.714623039803385;3;-1669.4864588932155;-1491.8006139687577;-1564.2642041232218;-1500.9846844977321;-1677.91550366103;-1580.8902930287913;79.82665735973343;-0.10965446637348367;-0.09985665615503929;-0.09736033615162112;-0.10048103571646244;-0.11367140232691886;-0.1042047793447051;0.006307691874271539;6;-0.10643526959061916;-0.09320131128519304;-0.09473910036618283;-0.09482341441484324;-0.11057039242371043;-0.09995389761610975;0.007125047860394689;-1126.766159918012;-1035.7841179045354;-1030.1233444226855;-996.1021337327911;-1168.8835225309522;-1071.5318557017952;65.13122740584551;7;-1115.0221483912333;-991.322167015991;-1021.774165999017;-991.7567913061066;-1146.9522003268794;-1053.3654946078454;65.11994058284827;-2904.3481492211668;-2674.5645889472216;-3237.7991274091814;-2674.6702279767237;-2751.409651104846;-2848.558348931828;211.92907401219705;3;-2812.390120469693;-2427.1816970405043;-2615.8625199918606;-2535.322323253027;-2914.704069220332;-2661.0921459950832;178.76685945287585;3.855576775570014;-1.1831492242466866;MLP_adam;False;114275.22255015373;;;;;;;;;;;;;;;;;;;;;;;;;;;;;;;adam;700.0;0.1;(400, 200);relu;;;;;1580.8902930287913;1641.8427320140502
190;413.6883178710938;13.096539633027854;7.403460168838501;0.24986291219323822;StandardScaler();;;;;;0.2;13;{'scaler__scaler': StandardScaler(), 'regressor__solver': 'adam', 'regressor__max_iter': 700, 'regressor__learning_rate_init': 0.01, 'regressor__hidden_layer_sizes': (32, 16), 'regressor__activation': 'logistic', 'feature_selection__spearman_thr': 0.2, 'feature_selection__rfe_k': 13};-9.063856164726047e-05;-2.198435080225103e-05;-0.00028975910667461413;-2.8996448815377107e-06;-0.00020688076059749427;-0.00012243248492063152;0.00011001680841142822;31;-1.300288321459675e-09;-3.24935167661522e-08;-8.320704569797499e-09;-4.852673596289492e-09;-4.4912321195411664e-08;-1.8375900889822107e-08;1.7199127156446702e-08;-6949.168423455166;-7049.423656033059;-7101.570841399185;-7038.188310524513;-6994.879796315943;-7026.646205545573;51.531825057616736;30;-7050.539822661309;-7018.554333177278;-6999.606262360844;-7022.974658425374;-7041.037892304984;-7026.542593785957;17.821835448599096;-0.5586732116989184;-0.5678084490267294;-0.5527816105128274;-0.5626300412020021;-0.5654713267160091;-0.5614729278312972;0.005307397497153127;30;-0.5632296128030205;-0.5593543124180256;-0.5617471832070161;-0.5610201757390494;-0.5619688743366235;-0.561464031700747;0.0012728111452865007;-5904.779691283464;-5901.363604748312;-5856.979180493694;-5887.996002068201;-5957.587861203028;-5901.74126795934;32.62144519000887;31;-5909.779691283464;-5881.363604748312;-5861.979180493694;-5887.996002068201;-5916.587861203028;-5891.54126795934;19.748633737386477;-9544.076946558649;-9726.824881532451;-10048.483729422745;-9844.062888053646;-9511.8424105928;-9735.058171232058;198.234457071062;31;-9784.487074660752;-9739.377155913426;-9657.462101519024;-9709.879462039671;-9792.34871664598;-9736.710902155772;49.770546612709666;0.0014745766959061524;666166.5719341326;MLP_adam;False;114275.22255015373;;;;;;;;;;;;;;;;;;;;;;;;;;;;;;;adam;700.0;0.01;(32, 16);logistic;;;;;7026.542593785957;7026.646205545573
191;325.13513627052305;18.38344990474121;6.95844612121582;0.774349722094572;MinMaxScaler(feature_range=(-1, 1));;;;;;0.2;14;{'scaler__scaler': MinMaxScaler(feature_range=(-1, 1)), 'regressor__solver': 'adam', 'regressor__max_iter': 700, 'regressor__learning_rate_init': 0.001, 'regressor__hidden_layer_sizes': (32, 16), 'regressor__activation': 'relu', 'feature_selection__spearman_thr': 0.2, 'feature_selection__rfe_k': 14};0.9052420549488801;0.8951156386326793;0.8751428829961787;0.896306022721269;0.9074639141197839;0.8958541026837581;0.01142475865070681;14;0.8947096668513239;0.9013107785901417;0.9017519232317531;0.9003021973917669;0.8989235303301149;0.8993996192790201;0.002538614799825407;-1885.2025632828306;-1827.2477639182039;-1871.4879598390587;-1831.0229778767502;-1799.6914417714604;-1842.9305413376605;31.17630285090435;16;-1882.185174933396;-1798.0015257630837;-1827.345347720679;-1812.5538896750427;-1816.0138305695293;-1827.219953732346;29.03645443094171;-0.12064904503803714;-0.1157870440670852;-0.11589066058436348;-0.11675882547814127;-0.11430694896706423;-0.11667850482693827;0.0021359456457682485;17;-0.11975123864660742;-0.11311428668494657;-0.11668795464408534;-0.11333028151760823;-0.1146659598606818;-0.11550994427078587;0.0024730022682017375;-1279.0810705063086;-1210.0968581003635;-1234.0714418896932;-1193.6377077272327;-1205.8625213403475;-1224.5499199127892;30.258818513529963;18;-1266.9119893250236;-1189.9011443097388;-1228.2735469411173;-1197.8184966299523;-1204.7062280308637;-1217.5222810473392;27.822115419351807;-2937.7989278237205;-3150.0807905914153;-3550.1301405971135;-3169.93616124959;-2893.1789077435164;-3140.2249856010712;232.81331593997567;14;-3174.9165412006496;-3059.6097657263113;-3027.0879521120232;-3065.890436628292;-3113.2349221853233;-3088.1479235705197;51.373714675074154;0.8598082334435677;-0.3942092612963526;MLP_adam;False;114275.22255015373;;;;;;;;;;;;;;;;;;;;;;;;;;;;;;;adam;700.0;0.001;(32, 16);relu;;;;;1827.219953732346;1842.9305413376605
192;83.80914163589478;3.481520161371721;6.693218755722046;0.08963306628091833;MinMaxScaler(feature_range=(-1, 1));;;;;;0.25;6;{'scaler__scaler': MinMaxScaler(feature_range=(-1, 1)), 'regressor__solver': 'adam', 'regressor__max_iter': 700, 'regressor__learning_rate_init': 0.1, 'regressor__hidden_layer_sizes': (200, 100), 'regressor__activation': 'tanh', 'feature_selection__spearman_thr': 0.25, 'feature_selection__rfe_k': 6};-7.54819687569519e-05;-1.04543023038417e-06;-0.00037355711062225794;-2.012404465734363e-06;-0.00016419840735704128;-0.00012325906428647392;0.00013874056186615285;33;-7.190414033075854e-07;-3.0509352605623263e-05;-6.197729826906695e-06;-4.774592343714801e-08;-3.01428686766414e-06;-8.097631325387766e-06;1.1410341901499021e-05;-6947.575725891995;-7060.194587678004;-7097.246437423623;-7038.732548414085;-6991.896581434089;-7027.129176168359;52.372659268548254;32;-7048.995800760806;-7029.483932497996;-6995.0977540196345;-7023.518665659746;-7038.116245418371;-7027.0424796713105;18.129644501385695;-0.5583163531831115;-0.5703164430809192;-0.5517649485398226;-0.5627555613297616;-0.5647956892413275;-0.5615897990749884;0.00624554537322283;32;-0.5628734926996267;-0.5618438764164182;-0.5607072672572293;-0.5611454153120954;-0.561299970408364;-0.5615740044187467;0.0007445155815177482;-5896.835631347458;-5937.914934419638;-5833.817630120531;-5890.794093573619;-5942.661924043146;-5900.404842700878;39.323353244629665;28;-5901.835631347458;-5936.914934419638;-5848.817630120531;-5890.794093573619;-5902.6619240431355;-5896.204842700876;28.30383497070992;-9544.004624995338;-9726.723048631306;-10048.90462008819;-9844.058521040115;-9511.639456505565;-9735.066054252104;198.42758038922275;33;-9784.49058602445;-9739.525567590428;-9657.491988464544;-9709.87967028381;-9792.363255210048;-9736.750213514655;49.76655201206574;0.0012337551295450054;1422.1619672907434;MLP_adam;False;114275.22255015373;;;;;;;;;;;;;;;;;;;;;;;;;;;;;;;adam;700.0;0.1;(200, 100);tanh;;;;;7027.0424796713105;7027.129176168359
193;86.3895037651062;22.378745926643266;6.709474420547485;0.2747679257384397;StandardScaler();;;;;;0.3;11;{'scaler__scaler': StandardScaler(), 'regressor__solver': 'adam', 'regressor__max_iter': 700, 'regressor__learning_rate_init': 0.1, 'regressor__hidden_layer_sizes': (32, 16), 'regressor__activation': 'relu', 'feature_selection__spearman_thr': 0.3, 'feature_selection__rfe_k': 11};0.913414036931202;0.9062130589749581;0.8609542331497222;0.9156733916732;0.9136470997819396;0.9019803641022044;0.02076246481830838;9;0.9074085610731448;0.9170898375559251;0.8858948884656543;0.916641185465287;0.9112028657613721;0.9076474676642766;0.01145354043809486;-1740.2578680643867;-1737.2335724994682;-1969.0749997986309;-1710.6107340440478;-1731.8072931681108;-1777.7968935149286;96.19864734139006;11;-1740.576732395997;-1696.7192754666037;-1920.825369769078;-1681.7270518601904;-1739.3252564000074;-1755.8347371783752;85.68998231392706;-0.10933887008412765;-0.10930098106450614;-0.11492603477199428;-0.10861002894711781;-0.10975190121796101;-0.11038556321714137;0.0022996441626553753;11;-0.1086878487660131;-0.10651186638620672;-0.1157827319218497;-0.1053801574261387;-0.10936337586683158;-0.10914519607340796;0.0036172805359306983;-1137.7572747175363;-1151.9769043331544;-1253.2276195351333;-1114.6291203032815;-1137.6675756718369;-1159.0516989121884;48.58653200696584;13;-1129.1104952225169;-1120.989451020726;-1231.444513254948;-1117.641166727506;-1135.5510294068117;-1146.9473311265017;42.70940179156463;-2808.264415850852;-2978.7736866083064;-3746.4203876243423;-2858.6176205481306;-2794.8479881140975;-3037.3848197491457;360.4010785589899;8;-2977.306052334361;-2804.3683698945397;-3262.237386793108;-2803.4292640083772;-2918.007044601895;-2953.069623526456;168.46708568376764;1.2508099920523557;-0.624372761889134;MLP_adam;False;114275.22255015373;;;;;;;;;;;;;;;;;;;;;;;;;;;;;;;adam;700.0;0.1;(32, 16);relu;;;;;1755.8347371783752;1777.7968935149286
194;129.4127466201782;16.878145885131676;8.344684886932374;0.7449298400845914;RobustScaler();;;;;;0.25;10;{'scaler__scaler': RobustScaler(), 'regressor__solver': 'adam', 'regressor__max_iter': 700, 'regressor__learning_rate_init': 0.1, 'regressor__hidden_layer_sizes': (400, 200), 'regressor__activation': 'logistic', 'feature_selection__spearman_thr': 0.25, 'feature_selection__rfe_k': 10};-0.0001869420629683205;-3.742533076778187e-07;-0.00030155464253556197;-3.725536945653474e-05;-0.0001355770163178338;-0.00013234066891718577;0.00010777894420237058;35;-1.611204454321502e-05;-1.5143196576028473e-05;-2.0076793516565772e-07;-6.154026393834222e-05;-8.252800932639914e-06;-2.0249814785078256e-05;2.14195821824391e-05;-6957.1989198659785;-7057.083599777744;-7100.927396225431;-7053.321558214908;-6989.688441488229;-7031.643983114458;51.41909685269996;35;-7058.324901249745;-7026.334234854042;-6998.934800757241;-7038.129631214605;-7035.958480669125;-7031.536409748951;19.34205826633725;-0.5604584035651815;-0.5695970836285513;-0.5526303373562107;-0.5660883917677162;-0.5642928497001893;-0.5626134132035698;0.005796093606695587;35;-0.5650109666535781;-0.5611301864505801;-0.561592413016281;-0.5644724819892512;-0.5608024161551268;-0.5626016928529636;0.0017734613474867092;-5944.407261551583;-5923.019285972005;-5853.5328817925365;-5963.8440798941265;-5931.531953479116;-5923.267092537873;37.48233752471948;35;-5949.407261551583;-5921.019285972005;-5860.0328817925365;-5963.8440798941265;-5891.531953479116;-5917.167092537873;37.82720564090547;-9544.536457859751;-9726.719784458148;-10048.542975705974;-9844.231986067602;-9511.503359702463;-9735.106912758787;198.26065586568413;35;-9784.565892027664;-9739.45074005115;-9657.46303079489;-9710.17820815544;-9792.388903815467;-9736.809354968922;49.76305283543778;0.0015298699919679643;553.5401450422419;MLP_adam;False;114275.22255015373;;;;;;;;;;;;;;;;;;;;;;;;;;;;;;;adam;700.0;0.1;(400, 200);logistic;;;;;7031.536409748951;7031.643983114458
195;11141.529517698287;4275.522854691625;13.967296838760376;0.8347851650495354;StandardScaler();;;;;;0.25;6;{'scaler__scaler': StandardScaler(), 'regressor__solver': 'adam', 'regressor__max_iter': 700, 'regressor__learning_rate_init': 0.001, 'regressor__hidden_layer_sizes': (400, 200), 'regressor__activation': 'relu', 'feature_selection__spearman_thr': 0.25, 'feature_selection__rfe_k': 6};0.8948220437324116;0.8814376320465201;0.8633592835528189;0.8754143530347097;0.9133361967046383;0.8856739018142197;0.017146647310863836;16;0.8839323875892315;0.8856747674209233;0.892076205325224;0.8847049590549186;0.910281772196539;0.8913340183173674;0.009902766315226684;-1894.6642898925995;-1919.8738995552305;-1931.3538530695657;-1938.2447033097058;-1706.5683490616977;-1878.1410189777598;87.05847626452106;17;-1895.135887704724;-1896.819416956206;-1863.128357505549;-1907.1719954509454;-1691.2410840663604;-1850.6993483367569;81.08297595129666;-0.11605686926532824;-0.11933941236435304;-0.11331536536388866;-0.12253018466589254;-0.10758710368888748;-0.11576578706967;0.005128509136395517;16;-0.11470981752943411;-0.11748364824343784;-0.11286478883732798;-0.11909160158769581;-0.10495906978853185;-0.11382178519728552;0.004928130956658636;-1229.9495839366537;-1260.4981983089947;-1219.6378972416896;-1256.1362726592379;-1133.6509541390578;-1219.9745812571268;45.828406250774606;17;-1227.393209129934;-1240.3307322150963;-1202.8582993298432;-1258.7886702585056;-1102.4650074592091;-1206.3671836785177;55.048348064617905;-3095.1137519662593;-3349.1897664555827;-3713.8784654705096;-3474.623525193749;-2799.8747221695917;-3286.536046251138;314.77155867733654;16;-3333.447264982761;-3293.079564454828;-3172.645981635771;-3297.001551534836;-2933.1022580760387;-3205.855324136847;146.76000934293208;1.482773021218441;-0.6350163223695506;MLP_adam;False;114275.22255015373;;;;;;;;;;;;;;;;;;;;;;;;;;;;;;;adam;700.0;0.001;(400, 200);relu;;;;;1850.6993483367569;1878.1410189777598
196;114.4566695690155;6.382335971363795;7.1081338882446286;0.15807716453117335;RobustScaler();;;;;;0.25;10;{'scaler__scaler': RobustScaler(), 'regressor__solver': 'adam', 'regressor__max_iter': 700, 'regressor__learning_rate_init': 0.1, 'regressor__hidden_layer_sizes': (32, 16), 'regressor__activation': 'tanh', 'feature_selection__spearman_thr': 0.25, 'feature_selection__rfe_k': 10};0.8408948685274475;0.8235611537272073;0.7883725556726897;0.8015809248357227;0.829862399300159;0.8168543804126452;0.01916573618855564;24;0.8187269820137381;0.8336268739898615;0.8160301170462207;0.8145496470072083;0.8142489280496643;0.8194365096213385;0.007270018012156055;-2619.419958359587;-2460.5517738571602;-2596.109185673035;-2689.537875559668;-2467.226895762706;-2566.5691378424312;89.32602827704103;25;-2626.8235307057203;-2445.1502187472006;-2538.956538536829;-2645.4280822575797;-2468.526931137072;-2544.9770602768804;80.7904941882812;-0.1996766723582044;-0.17672038671891255;-0.1758713028136884;-0.19624090854578466;-0.17046527655366228;-0.18379490939805046;0.011812237838068559;25;-0.19847080055421892;-0.1726153401251673;-0.17959330122133024;-0.19226201871966614;-0.16826516208393286;-0.1822413245408631;0.011478805895978064;-1950.8739921501292;-1778.195588468494;-1823.0733127833782;-1990.2522623528903;-1765.6371591945444;-1861.6064629898872;91.83759402373788;25;-1935.6511119547577;-1760.575450847893;-1814.4300080674475;-1986.2306641669475;-1716.6371591945444;-1842.704878846318;102.641545682107;-3806.767425735992;-4085.6713378039467;-4621.932684986553;-4384.958226248565;-3923.0141941661127;-4164.468773788234;300.11612187008683;24;-4165.859765087876;-3972.581039478407;-4142.250668909702;-4181.4573336957;-4220.389417618776;-4136.507644958092;85.81734972209388;0.8484193395127018;-0.3151103445325465;MLP_adam;False;114275.22255015373;;;;;;;;;;;;;;;;;;;;;;;;;;;;;;;adam;700.0;0.1;(32, 16);tanh;;;;;2544.9770602768804;2566.5691378424312
197;143.08151078224182;24.902051467854267;7.308773946762085;0.13190901640410885;MinMaxScaler();;;;;;0.3;9;{'scaler__scaler': MinMaxScaler(), 'regressor__solver': 'adam', 'regressor__max_iter': 700, 'regressor__learning_rate_init': 0.1, 'regressor__hidden_layer_sizes': (100, 50, 25), 'regressor__activation': 'relu', 'feature_selection__spearman_thr': 0.3, 'feature_selection__rfe_k': 9};0.9052525329535425;0.8874454318240612;0.8763528722811669;0.893281739486121;0.9021457838903805;0.8928956720870543;0.010409370501874;15;0.9094082031288181;0.9001148597906967;0.9006277991356403;0.8945219770801196;0.898688065394751;0.9006721809060052;0.004866053479084001;-1853.0160619178398;-1933.7182167925216;-1912.5776520566085;-1984.071532937021;-1910.9926587822827;-1918.8752244972547;42.213970699303644;19;-1813.3675478022737;-1899.4105549055596;-1878.2888191254117;-1954.1960848296667;-1921.8474899374864;-1893.4220993200797;47.27597515639056;-0.11905872735042843;-0.11980464059261514;-0.11507190423219264;-0.12642077551875935;-0.12448888646472427;-0.12096898683174398;0.0040470253261027204;21;-0.11650312513879937;-0.11797094865001664;-0.116918517212255;-0.11972616208922877;-0.12441309746216316;-0.11910637011049259;0.002877438578380298;-1247.137986192436;-1283.5546456951597;-1253.8122415983526;-1339.1968074909669;-1338.3959578572703;-1292.4195277668373;39.80319763296459;21;-1228.40179168978;-1273.7232283755875;-1251.1083155982456;-1338.4184273316096;-1332.3962172131996;-1284.8095960416845;43.769664266820385;-2937.636497529129;-3263.2315131018986;-3532.886120102262;-3215.8302691338617;-2975.154328690887;-3184.9477457116077;216.01820393946429;15;-2944.9810225385913;-3078.0921609850775;-3044.3561999899143;-3153.5144689887115;-3116.859065524446;-3067.5605836053483;71.40520578280018;1.3442921779731598;-0.8634116811655392;MLP_adam;False;114275.22255015373;;;;;;;;;;;;;;;;;;;;;;;;;;;;;;;adam;700.0;0.1;(100, 50, 25);relu;;;;;1893.4220993200797;1918.8752244972547
198;445.1898063659668;8.57867767529614;7.205923223495484;0.34145571754394505;MinMaxScaler();;;;;;0.25;5;{'scaler__scaler': MinMaxScaler(), 'regressor__solver': 'adam', 'regressor__max_iter': 700, 'regressor__learning_rate_init': 0.001, 'regressor__hidden_layer_sizes': (32, 16), 'regressor__activation': 'logistic', 'feature_selection__spearman_thr': 0.25, 'feature_selection__rfe_k': 5};-1.914829705255868;-1.8770130568323489;-1.7835959254627793;-1.8206182391922394;-1.9145389164327558;-1.862119168635198;0.052223146972529354;40;-1.8469751292884715;-1.8598362027990367;-1.8817475185780794;-1.8667499130985497;-1.8443695000818479;-1.859935652769197;0.01365636703210449;-13225.681700087978;-13346.479475713219;-13434.835131444926;-13300.455819626384;-13178.37076414855;-13297.164578204212;90.13073253635365;40;-13315.874296678334;-13300.065270313798;-13266.79548170151;-13285.531240137732;-13317.57810595451;-13297.168878957174;19.14573675670227;-0.7257202482226928;-0.7278915658462323;-0.7259417218497515;-0.7261409650779003;-0.7233557319312903;-0.7258100465855735;0.001448536642578212;40;-0.7258952973664259;-0.7263976993917798;-0.7260731249791135;-0.7249441875186252;-0.7257513580955491;-0.7258123334702987;0.0004847564070530257;-11096.324261047772;-11119.035218322435;-11169.937559204127;-11086.844278874401;-10889.087046827106;-11072.245672855168;95.9926520302389;40;-11095.324261047772;-11107.035218322435;-11094.937559204127;-11085.844278874401;-11099.087046827106;-11096.445672855169;6.856192168027425;-16293.74234364533;-16498.22566694021;-16762.57439824781;-16532.7806899406;-16236.957606681013;-16464.856141090993;187.3932250103018;40;-16509.34716765126;-16470.309373137512;-16394.228150559455;-16440.26227248697;-16515.04903850624;-16465.83920046829;44.98189752737371;-3.234337324907438e-05;0.11739738752521403;MLP_adam;False;114275.22255015373;;;;;;;;;;;;;;;;;;;;;;;;;;;;;;;adam;700.0;0.001;(32, 16);logistic;;;;;13297.168878957174;13297.164578204212
199;21329.906138038634;2093.0725361358527;10.976355028152465;1.5582655061101554;MinMaxScaler();;;;;;0.3;9;{'scaler__scaler': MinMaxScaler(), 'regressor__solver': 'adam', 'regressor__max_iter': 700, 'regressor__learning_rate_init': 0.001, 'regressor__hidden_layer_sizes': (400, 200), 'regressor__activation': 'relu', 'feature_selection__spearman_thr': 0.3, 'feature_selection__rfe_k': 9};0.9071428668641406;0.9011024193109213;0.8846008372883098;0.906201404753755;0.9136197367812354;0.9025334529996725;0.009810533298443303;8;0.9107651322739168;0.9128866247441898;0.905115740499374;0.9066117629341837;0.9121460698001568;0.9095050660503642;0.003086583503118586;-1802.8620014572728;-1773.5615837953856;-1887.3640276194521;-1823.4525585550766;-1757.8251457684596;-1809.0130634391292;45.30390379445104;13;-1768.6915947098819;-1732.7539958144162;-1856.2852374286324;-1792.5709230112757;-1753.1349252374407;-1780.6873352403295;42.56031153537982;-0.11341856065000837;-0.11114231778070306;-0.11776712750876449;-0.12023446919605021;-0.11193720981468551;-0.11489993699004233;0.0035148241955008583;15;-0.11179119663667128;-0.10890368320838831;-0.1194519007501522;-0.11401392912523756;-0.11090946424324369;-0.11301403479273861;0.0036129059567748204;-1206.7331552554424;-1162.9981452910906;-1265.8853724606543;-1232.0309226948739;-1185.3317248737394;-1210.59586411516;35.87514894185735;15;-1193.3097808482344;-1137.6578835088994;-1273.3837579647561;-1212.4088460082985;-1179.6263017525962;-1199.2773140165568;44.458812665880124;-2908.1840393073403;-3058.856878064;-3413.0209275687325;-3014.8930942371135;-2795.2907605627493;-3038.049139947987;208.50399567208223;9;-2922.8421100829405;-2874.574691478059;-2974.815920272078;-2967.289543232153;-2902.4681209351747;-2928.398077200081;38.1244030475721;1.5907187993212006;-0.7665282262766044;MLP_adam;False;114275.22255015373;;;;;;;;;;;;;;;;;;;;;;;;;;;;;;;adam;700.0;0.001;(400, 200);relu;;;;;1780.6873352403295;1809.0130634391292
200;31.687000036239624;0.06445998007323478;7.081025457382202;0.05639296930682253;RobustScaler();;;;;;0.3;12;{'scaler__scaler': RobustScaler(), 'regressor__max_iter': 500, 'regressor__fit_intercept': True, 'regressor__epsilon': 1.1, 'regressor__alpha': 0.01, 'feature_selection__spearman_thr': 0.3, 'feature_selection__rfe_k': 12};0.8085616478235282;0.7908929370486215;0.7711578401037519;0.7799324580569347;0.8046391428057678;0.7910368051677208;0.014217202074509959;25;0.7897198061887838;0.7931234735987533;0.7954004820024132;0.7948680623056109;0.7903480426888019;0.7926919733568727;0.0023058778504647577;-2540.841528018447;-2559.3605440314986;-2615.9943416352125;-2572.587579498807;-2525.456422967266;-2562.848083230246;31.02892273085759;8;-2555.546658788101;-2549.7650449944467;-2582.665031130303;-2545.3042183861367;-2559.907814067226;-2558.637753473243;12.99989311912331;-0.17458995038939765;-0.1739782465394528;-0.17152143520993302;-0.17145383540158837;-0.17121827453203245;-0.17255234841448083;0.0014306832821850874;2;-0.1722903007515368;-0.17167410735777655;-0.17539124556836597;-0.1718912540462438;-0.17290547446088694;-0.172830476436962;0.0013471660005798278;-1661.9664558741424;-1709.2776969163679;-1710.3127225984717;-1674.8345820514241;-1683.2701205448466;-1687.9323155970505;19.099845439704943;3;-1687.6992792941546;-1674.3575627948603;-1729.1397820342645;-1676.3694353792125;-1681.9231664500057;-1689.8978451904993;20.163715179614265;-4175.694569271829;-4447.85554801918;-4806.242079326002;-4617.976793516484;-4203.765712111073;-4450.306940448914;241.248230548466;25;-4486.805544817038;-4429.827193601328;-4368.328739515573;-4397.749407751704;-4483.69767744597;-4433.281712626323;46.690335677522036;0.16455356962071008;-0.2088034501147571;Huber;False;3389.838033914566;;;;;;;;;;;;;;;;;;;;;;;;;;;;;;;;500.0;;;;True;1.1;0.01;;2558.637753473243;2562.848083230246
201;32.108629894256595;0.5548304386924501;6.850833940505981;0.052176502918214185;StandardScaler();;;;;;0.25;5;{'scaler__scaler': StandardScaler(), 'regressor__max_iter': 2000, 'regressor__fit_intercept': True, 'regressor__epsilon': 1.2, 'regressor__alpha': 0.0001, 'feature_selection__spearman_thr': 0.25, 'feature_selection__rfe_k': 5};0.8071986084474465;0.790514400951773;0.7745618222036048;0.7808282753664797;0.8056457116902911;0.7917497637319191;0.013023014520471143;21;0.7903822046460072;0.7936387201744508;0.7965421107792949;0.7951739128920714;0.7930870675861775;0.7937648032156004;0.002079241351231164;-2627.8325664755416;-2643.15276879432;-2650.323142658913;-2652.8029918486536;-2593.2800162201725;-2633.47829719952;21.90234741562616;23;-2631.7544213565925;-2627.495082820916;-2625.574741378556;-2622.8540834156393;-2625.286992395709;-2626.593064273483;2.972407358450184;-0.18497222755034057;-0.1829212127621086;-0.17740485893035915;-0.18050493933061407;-0.17794255025893682;-0.18074915776647185;0.0028869764236822268;24;-0.18087813361964583;-0.1808264322318429;-0.18201482092662072;-0.18070910802061976;-0.18034593369729873;-0.1809548856992056;0.0005616196344906784;-1762.72922777215;-1783.8166881242141;-1750.9450777815746;-1768.3587611376643;-1768.095417651586;-1766.7890344934378;10.59834573662124;22;-1765.8156543399064;-1757.9122785570416;-1768.5612506291554;-1762.5764316904933;-1769.8777149803136;-1764.948666039382;4.318245111183407;-4190.533656798079;-4451.879593347694;-4770.362200282655;-4608.568131910797;-4192.922075607154;-4442.853131589276;228.44508246976406;21;-4479.733082930947;-4424.307291769134;-4356.12444407727;-4394.46967473739;-4454.312463369392;-4421.789391376827;43.54265413649215;0.2621355024380829;-0.25385850764839135;Huber;False;3389.838033914566;;;;;;;;;;;;;;;;;;;;;;;;;;;;;;;;2000.0;;;;True;1.2;0.0001;;2626.593064273483;2633.47829719952
202;31.555575799942016;0.9395985238120537;6.848132467269897;0.03655393461241067;MinMaxScaler(feature_range=(-1, 1));;;;;;0.3;7;{'scaler__scaler': MinMaxScaler(feature_range=(-1, 1)), 'regressor__max_iter': 500, 'regressor__fit_intercept': True, 'regressor__epsilon': 1.2, 'regressor__alpha': 1e-06, 'feature_selection__spearman_thr': 0.3, 'feature_selection__rfe_k': 7};0.8042082207873102;0.7882440611681427;0.7709301290404632;0.7774351475329402;0.8016006695614785;0.7884836456180669;0.013035115927916547;26;0.787671266956358;0.7906594681882037;0.7939116307608507;0.7924713665417062;0.7879168209210526;0.7905261106736343;0.002458539263176637;-2644.4349765609513;-2653.1206361430777;-2664.1927759740024;-2672.634266198187;-2613.4449870749695;-2649.565528390238;20.443961915655972;27;-2644.192815947733;-2641.876059562039;-2639.0153236357996;-2636.3296484711086;-2652.623561567594;-2642.8074818368545;5.5764667715180085;-0.18419518615113867;-0.18233333289600936;-0.17675222823507736;-0.1801142597336777;-0.17904667059280685;-0.18048833552174198;0.0025815338471427444;22;-0.18035293857635903;-0.18019983323020644;-0.18134845153710186;-0.18026179451372185;-0.1814170628114497;-0.18071601613376775;0.0005469969591175562;-1807.8286371121085;-1803.823170796908;-1766.1561597277869;-1810.7298485362917;-1799.6811542532232;-1797.6437940852636;16.178890561502005;23;-1792.1796247992934;-1790.0859761764987;-1803.08391555663;-1791.6504405869928;-1798.2477564873334;-1795.0495427213496;4.882766330544853;-4222.906614369733;-4475.938626301897;-4808.632727915215;-4644.105110123864;-4236.33044176033;-4477.582704094208;228.20565187222897;26;-4508.607693337481;-4456.129861486586;-4384.193886015899;-4423.365748510266;-4509.620265013603;-4456.383490872768;48.70953937776577;0.255714674634046;-0.25836781707651924;Huber;False;3389.838033914566;;;;;;;;;;;;;;;;;;;;;;;;;;;;;;;;500.0;;;;True;1.2;1,00E-06;;2642.8074818368545;2649.565528390238
203;31.209088563919067;0.12878604203078256;6.907175970077515;0.055160623620438116;StandardScaler();;;;;;0.3;10;{'scaler__scaler': StandardScaler(), 'regressor__max_iter': 500, 'regressor__fit_intercept': True, 'regressor__epsilon': 1.5, 'regressor__alpha': 1.0, 'feature_selection__spearman_thr': 0.3, 'feature_selection__rfe_k': 10};0.8064887158856564;0.777926304123246;0.7586449129312773;0.7678638512046668;0.8027594784546415;0.7827366525198975;0.018919966488392437;29;0.7870732411627589;0.7806966165856105;0.7831248090777461;0.7827027608820639;0.787699523764436;0.7842593902945231;0.002689089108438065;-2563.7721756430665;-2631.562263013073;-2687.856256719481;-2646.3844808802114;-2539.3949003568828;-2613.794015322543;54.59025082299707;19;-2572.866838695554;-2623.6707471842838;-2655.0261077106343;-2616.015349701542;-2577.5542016467894;-2609.026648987761;30.585253225867362;-0.1757189779876536;-0.17927586721770064;-0.17661695503442232;-0.17721023785798856;-0.17205908476777051;-0.1761762245731071;0.002367746859511007;12;-0.17293304637111107;-0.17742614699856177;-0.18106629150596068;-0.1773811167317365;-0.17359427356181464;-0.17648017503383692;0.002954642863464081;-1709.9652289185742;-1740.019282277146;-1755.2729339278449;-1733.8494243646364;-1708.2844992169203;-1729.4782737410242;18.030636759182677;14;-1709.452265127943;-1724.0466038405411;-1779.7590516438577;-1721.2928071242932;-1703.7685950171872;-1727.6638645507642;27.09328228790717;-4198.241317404591;-4583.686256684417;-4935.894299102177;-4742.912770695274;-4223.9405646311025;-4536.935041703512;288.6035244289968;29;-4514.952496067063;-4560.934581527971;-4497.466612122166;-4526.2750542612375;-4511.929917266728;-4522.311732249033;21.385288594841406;0.18272585819052223;-0.19416251733417858;Huber;False;3389.838033914566;;;;;;;;;;;;;;;;;;;;;;;;;;;;;;;;500.0;;;;True;1.5;1.0;;2609.026648987761;2613.794015322543
204;31.25995373725891;0.10812738451541659;6.853267049789428;0.045761097240353224;StandardScaler();;;;;;0.25;10;{'scaler__scaler': StandardScaler(), 'regressor__max_iter': 1000, 'regressor__fit_intercept': True, 'regressor__epsilon': 1.35, 'regressor__alpha': 1.0, 'feature_selection__spearman_thr': 0.25, 'feature_selection__rfe_k': 10};0.8022430159548113;0.7831666396906066;0.7655953283588975;0.7742125261187234;0.802706676713071;0.7855848373672221;0.014868825844503554;27;0.7825150615965922;0.7861915826867515;0.7900848954406561;0.7887708561304777;0.7879072789573334;0.7870939349623621;0.002615330134801451;-2575.8398746291205;-2591.744935007723;-2614.432613153282;-2600.9579839156754;-2530.192452905093;-2582.633571922179;29.073029845804854;17;-2587.9762857409996;-2582.887032918183;-2577.573256900658;-2575.269888314018;-2566.73285810445;-2578.0878643956617;7.182685753318001;-0.1772147398315146;-0.1754710894802777;-0.17052901693196576;-0.1733539932164263;-0.17048747913841086;-0.17341126371971904;0.0026671503681201555;5;-0.17399763567024817;-0.17367416625213103;-0.17472007061134248;-0.17364935917218532;-0.1720751768094216;-0.17362328170306573;0.0008652149831710359;-1680.6326387046884;-1690.4186717375433;-1676.484349847824;-1673.7124438193387;-1686.4109863718895;-1681.5318180962568;6.167828209074491;2;-1680.4356134140626;-1671.7271915822657;-1683.517770569445;-1674.437805444686;-1683.4928921389583;-1678.7222546298835;4.816201107794184;-4244.046817418087;-4529.2821252442445;-4864.304503533666;-4677.606369367185;-4224.505906103146;-4507.949144333265;247.47214775050014;27;-4563.022986347218;-4503.431657761121;-4424.710444882914;-4462.628729212011;-4509.721711411073;-4492.703105922867;46.641377402569596;0.1763208922897877;-0.19173030411068107;Huber;False;3389.838033914566;;;;;;;;;;;;;;;;;;;;;;;;;;;;;;;;1000.0;;;;True;1.35;1.0;;2578.0878643956617;2582.633571922179
205;30.99237723350525;0.14182623520158502;6.8602241516113285;0.049105371451468066;MinMaxScaler();;;;;;0.2;8;{'scaler__scaler': MinMaxScaler(), 'regressor__max_iter': 500, 'regressor__fit_intercept': True, 'regressor__epsilon': 2.0, 'regressor__alpha': 0.0001, 'feature_selection__spearman_thr': 0.2, 'feature_selection__rfe_k': 8};0.8117349248866372;0.7956794967398538;0.778725175234794;0.7857323811317789;0.8083774657694874;0.7960498887525103;0.012686397170640703;14;0.7948478989820178;0.7979995324950127;0.8008173613524953;0.8000325501300749;0.7954380292240377;0.7978270744367276;0.002384059733842517;-2632.1169168433944;-2640.4321982538077;-2667.542767594295;-2652.978270288122;-2606.351102758614;-2639.8842511476464;20.598789471164064;24;-2631.8291484171878;-2627.9034592257112;-2647.6104888788445;-2624.260865111745;-2637.969340985102;-2633.914660523718;8.218221408855987;-0.187865092185144;-0.1862757826886743;-0.18218907568885293;-0.18398279435801215;-0.18349440229726077;-0.1847614294435888;0.0020373817702996062;31;-0.1844001318230106;-0.18397709305606397;-0.18718625214569745;-0.18437829035448147;-0.1852712545062788;-0.18504260437710646;0.0011521202294941298;-1821.258171063073;-1826.0320904019445;-1813.6393156681115;-1812.358008223926;-1822.014722024931;-1819.0604614763972;5.22442138744136;29;-1809.838454966668;-1808.6151980827526;-1848.4639130659416;-1807.2688808822386;-1813.9412193481658;-1817.6255332691533;15.57988969719014;-4140.941851064682;-4396.654085491594;-4726.107818145281;-4556.716627092806;-4163.35091051144;-4396.75425846116;225.37916820398127;14;-4431.758109985429;-4377.310605222875;-4310.11394288081;-4342.0367177690405;-4428.935041344104;-4378.030883440452;47.721395080548284;0.22664328170532122;-0.22275324329800056;Huber;False;3389.838033914566;;;;;;;;;;;;;;;;;;;;;;;;;;;;;;;;500.0;;;;True;2.0;0.0001;;2633.914660523718;2639.8842511476464
206;31.388965940475465;0.17319202378318618;6.866823673248291;0.013475980280395324;MinMaxScaler(feature_range=(-1, 1));;;;;;0.25;13;{'scaler__scaler': MinMaxScaler(feature_range=(-1, 1)), 'regressor__max_iter': 500, 'regressor__fit_intercept': True, 'regressor__epsilon': 2.0, 'regressor__alpha': 1e-06, 'feature_selection__spearman_thr': 0.25, 'feature_selection__rfe_k': 13};0.8212566265984325;0.8049742187772049;0.7870943261331104;0.795354377658902;0.8169562118535472;0.8051271522042394;0.0128124933051963;2;0.8036254617455529;0.8071530324302787;0.8102042255646793;0.8090271772275434;0.8044410625809443;0.8068901919097998;0.0025406813246818187;-2539.501976976372;-2540.2178675144833;-2570.1799500858187;-2556.669633663714;-2522.183789196893;-2545.7506434874567;16.37723683429231;4;-2546.9516016442303;-2534.0218281368884;-2539.050721121798;-2530.066764471228;-2551.786574682773;-2540.3754980113836;8.023115999079684;-0.18173336677115978;-0.17939529329320023;-0.1754754732960683;-0.17724353981080418;-0.1780827593962956;-0.17838608651350563;0.00210199300935434;16;-0.1787689467445374;-0.17740077981398833;-0.1796039254536066;-0.17778163237651468;-0.17974816882725445;-0.1786606906431803;0.0009427766252539924;-1720.3405935443006;-1736.4167078605988;-1726.67665380146;-1730.9136167702181;-1746.4551723402765;-1732.1605488633709;8.874575349795473;16;-1737.200461120713;-1725.9725820894819;-1734.136134678707;-1730.4580242671218;-1732.3913716880197;-1732.0317147688088;3.7540235941672884;-4034.8670211942585;-4295.4862817306075;-4635.86990573042;-4453.228494636881;-4069.0893378333876;-4297.708208225112;227.98987153011572;2;-4335.913923686945;-4276.983592234141;-4207.32712537929;-4243.259784265654;-4330.3768808091;-4278.772261275026;49.59223556947885;0.21158862066969403;-0.21849809592896263;Huber;False;3389.838033914566;;;;;;;;;;;;;;;;;;;;;;;;;;;;;;;;500.0;;;;True;2.0;1,00E-06;;2540.3754980113836;2545.7506434874567
207;34.76733183860779;1.6564320192409419;7.743144559860229;0.4200364950282209;MinMaxScaler(feature_range=(-1, 1));;;;;;0.2;7;{'scaler__scaler': MinMaxScaler(feature_range=(-1, 1)), 'regressor__max_iter': 2000, 'regressor__fit_intercept': True, 'regressor__epsilon': 2.0, 'regressor__alpha': 0.01, 'feature_selection__spearman_thr': 0.2, 'feature_selection__rfe_k': 7};0.813413036146365;0.7975925607236223;0.7765473446476157;0.787945560000484;0.8101411200370872;0.7971279243110347;0.01373055054324974;10;0.797223944516992;0.8002003412530208;0.7990230204247905;0.8020601935654839;0.7977840668845757;0.7992583133289725;0.0017381237736233694;-2631.1485773888053;-2639.811718565102;-2674.5079384560854;-2655.427336101606;-2605.120154464882;-2641.2031449952965;23.309008914909935;25;-2630.9748844920086;-2626.3290062011424;-2651.951061084502;-2623.3047053829714;-2637.553568022291;-2634.022645036583;10.17104392286257;-0.18825725592005246;-0.1860111810324699;-0.18156429660846907;-0.18405524942057053;-0.18303160833633708;-0.18458391826357978;0.0023382797243152367;30;-0.18426272250517672;-0.18390279841171758;-0.18634712203948245;-0.1842952378214559;-0.18533774546426493;-0.18482912524841952;0.000897433901996241;-1802.1332712365383;-1830.8052636942339;-1807.8230925218122;-1813.6230725980204;-1804.6740905064435;-1811.8117581114097;10.242684947862637;27;-1808.51109144795;-1800.3624178984774;-1841.5237018027865;-1804.1453191331384;-1812.3839589152158;-1813.385297839514;14.639009212662687;-4122.445283046698;-4376.022622884476;-4749.308515377334;-4533.122287403255;-4144.147310498661;-4385.009203842085;237.3547963335846;10;-4406.019337827972;-4353.399751689914;-4329.484291526281;-4319.966790303805;-4403.464981146958;-4362.467030498987;36.20492359556389;0.272605855239855;-0.266545744024167;Huber;False;3389.838033914566;;;;;;;;;;;;;;;;;;;;;;;;;;;;;;;;2000.0;;;;True;2.0;0.01;;2634.022645036583;2641.2031449952965
208;35.046734714508055;0.30413720545293804;7.816761255264282;0.10015857115296703;RobustScaler();;;;;;0.2;12;{'scaler__scaler': RobustScaler(), 'regressor__max_iter': 2000, 'regressor__fit_intercept': True, 'regressor__epsilon': 2.0, 'regressor__alpha': 0.001, 'feature_selection__spearman_thr': 0.2, 'feature_selection__rfe_k': 12};0.8196361737798403;0.8024673164586684;0.7849318251589295;0.7933324052160843;0.8152203976619534;0.8031176236550952;0.013009506548496206;4;0.8017469352138628;0.8048492218224018;0.8084007479792722;0.8072219597502182;0.8021154156880117;0.8048668560907533;0.0026585539927517364;-2544.273229849463;-2554.7838799918923;-2579.9351088901294;-2561.0928108938638;-2527.6244888905176;-2553.541903703173;17.3941409107932;6;-2554.371957023285;-2545.669719395772;-2545.937217669961;-2536.456939345189;-2555.7987062753473;-2547.6469079419107;6.9817736111179975;-0.180766144106756;-0.17996302308249665;-0.17515160861901338;-0.17656452312450985;-0.17758890782228012;-0.1780068413510112;0.0020903446088750845;15;-0.17814647168380424;-0.17768380063993897;-0.17892239140917704;-0.17710614190638252;-0.17897575005556954;-0.17816691113897448;0.0007188902172214804;-1735.5509406128622;-1752.6420042463724;-1742.1481122436853;-1737.9406830335365;-1741.9302505621245;-1742.0423981397162;5.853861798888201;19;-1747.3963330949882;-1731.9460942264213;-1742.8005158521964;-1736.3712043863761;-1736.2650993094958;-1738.9558493738957;5.460410582062834;-4053.115417036717;-4323.005670153197;-4659.35388596585;-4475.17417066246;-4088.3375103164735;-4319.797330826939;229.84507895095865;4;-4356.603323840841;-4302.454842658579;-4227.269297627777;-4263.267839976997;-4356.049863991682;-4301.129033619176;50.959165689288675;0.23138982654485624;-0.21733190060205673;Huber;False;3389.838033914566;;;;;;;;;;;;;;;;;;;;;;;;;;;;;;;;2000.0;;;;True;2.0;0.001;;2547.6469079419107;2553.541903703173
209;34.64974842071533;0.3538447571899987;7.873368215560913;0.10745679665285568;RobustScaler();;;;;;0.25;10;{'scaler__scaler': RobustScaler(), 'regressor__max_iter': 2000, 'regressor__fit_intercept': True, 'regressor__epsilon': 1.2, 'regressor__alpha': 10.0, 'feature_selection__spearman_thr': 0.25, 'feature_selection__rfe_k': 10};0.6007734080333478;0.5881133164949377;0.5474651360227869;0.5704766951761941;0.6364038189018772;0.5886464749258288;0.029846789569904185;36;0.5794182140573925;0.590777184167511;0.5731944113801275;0.5850382365848373;0.6165355038767509;0.5889927100133238;0.014957840181126449;-3541.5273743387256;-3564.7224185251603;-3752.006347505519;-3609.3056439969478;-3357.34022932449;-3564.980402738169;126.97084999399726;36;-3597.551986283777;-3544.0631133834004;-3682.09979179669;-3573.5166278350775;-3423.560651846856;-3564.15843422916;84.0052703846347;-0.2058488966796739;-0.20505537537834845;-0.2121151321657777;-0.20738483158728094;-0.19822243751021357;-0.2057253346642589;0.004479754923398114;35;-0.20657035809927532;-0.20339384544215758;-0.21443363873386087;-0.2049311063855845;-0.19870369297563045;-0.20560652832730178;0.005135136652529765;-2226.546873931493;-2226.0736898028554;-2287.8140957738724;-2256.244730117066;-2112.0043349515345;-2221.736744915364;59.39724836680264;35;-2237.6601255656933;-2209.3264011908304;-2335.3905973196515;-2229.2093765480204;-2118.0590618235838;-2225.929112489556;69.34232663307922;-6030.09260512917;-6242.451816896235;-6758.707382658243;-6451.5952887641615;-5734.9466743509165;-6243.558753559746;350.1178598682475;36;-6345.462677188139;-6230.330665313641;-6309.254693449458;-6254.864095414886;-6063.8638418872315;-6240.755194650671;97.21534941579122;0.023062064276238695;-0.05878427383034189;Huber;False;3389.838033914566;;;;;;;;;;;;;;;;;;;;;;;;;;;;;;;;2000.0;;;;True;1.2;10.0;;3564.15843422916;3564.980402738169
210;35.37095222473145;0.07500403487501725;7.8707562446594235;0.05416725716538285;RobustScaler();;;;;;0.3;12;{'scaler__scaler': RobustScaler(), 'regressor__max_iter': 500, 'regressor__fit_intercept': True, 'regressor__epsilon': 2.5, 'regressor__alpha': 1.0, 'feature_selection__spearman_thr': 0.3, 'feature_selection__rfe_k': 12};0.8085486055937083;0.791691980719194;0.7702364395990925;0.7806647867713553;0.8060547771462475;0.7914393179659196;0.01464278513227748;23;0.7892254704253909;0.7937971784310988;0.7944965684135074;0.7951864779245378;0.7909509843599687;0.7927313359109007;0.002268943931464227;-2613.7411832011844;-2614.142366788517;-2677.648958313713;-2632.6086004478298;-2579.961524203126;-2623.6205265908743;31.916774068290156;20;-2618.8347741838566;-2608.720429524763;-2647.6630143368893;-2609.248208477114;-2619.0087305543525;-2620.6950314153955;14.198571169205273;-0.18179617937985787;-0.1800964892708337;-0.17735884312751904;-0.1785522349373113;-0.1781422620481809;-0.17918920175274056;0.0015793368959561593;18;-0.17894409424930413;-0.17811273309237585;-0.1819094798105944;-0.17884212570282415;-0.179378119375319;-0.1794373104460835;0.0013013175793029066;-1802.9994640591467;-1801.38559857347;-1827.2432602630834;-1785.1197180580493;-1796.0896299194646;-1802.5675341746428;13.833759604387431;24;-1793.8946753454402;-1787.8246285772857;-1835.775007001841;-1794.4272724735565;-1794.9055453182154;-1801.3654257432677;17.395704111574457;-4175.836806812216;-4439.34930136954;-4815.908185377953;-4610.286665349724;-4188.507243681333;-4445.977640518153;246.23447111397175;23;-4492.076337082851;-4422.608323206403;-4377.967667722608;-4394.3348835548895;-4477.245663594427;-4432.846575032236;44.89790735907408;0.11163050795340956;-0.1629830796957854;Huber;False;3389.838033914566;;;;;;;;;;;;;;;;;;;;;;;;;;;;;;;;500.0;;;;True;2.5;1.0;;2620.6950314153955;2623.6205265908743
211;35.40542249679565;0.12408434537928702;7.835048246383667;0.05820544200455786;MinMaxScaler(feature_range=(-1, 1));;;;;;0.2;9;{'scaler__scaler': MinMaxScaler(feature_range=(-1, 1)), 'regressor__max_iter': 1000, 'regressor__fit_intercept': True, 'regressor__epsilon': 1.1, 'regressor__alpha': 0.001, 'feature_selection__spearman_thr': 0.2, 'feature_selection__rfe_k': 9};0.8128894546494203;0.7957649303143879;0.7775894270531205;0.7853487546269274;0.8089712794851562;0.7961127692258024;0.01346029470206566;13;0.7948706808463571;0.7981752404883067;0.7996750696143814;0.7997447870516592;0.7955547786387346;0.7976041113278878;0.0020429858523648313;-2546.6856054966765;-2557.3202622341173;-2631.790759868175;-2574.004307015022;-2524.5095008503595;-2566.86208709287;36.21773666712195;11;-2554.5398282572683;-2550.8686249364946;-2607.9621263235354;-2544.7597756912105;-2559.958314322049;-2563.6177339061114;22.717338000241654;-0.17773453128247058;-0.17588427888757108;-0.1763331951046679;-0.173598037987764;-0.1732012726396036;-0.1753502631804154;0.00171023482574425;10;-0.1743844677074523;-0.17399448312613572;-0.1809919990692619;-0.1740789289077607;-0.1752467724889309;-0.17573933025990832;0.0026634646415900414;-1682.8969211245276;-1712.2157420974636;-1733.391146669157;-1691.8210990601165;-1696.3593018187112;-1703.3368421539951;17.783052965797538;9;-1699.496495298341;-1689.8306706857338;-1769.711528611333;-1692.9243133593773;-1691.7844514562385;-1708.749491882205;30.653412649630557;-4128.225225954439;-4395.7347916813715;-4738.221257309981;-4560.793994310415;-4156.895059278918;-4395.974065707025;233.72933867210736;13;-4431.5120327708355;-4375.406412130307;-4322.455301900557;-4345.159797703571;-4427.6710005001705;-4380.440909001088;43.52326924775623;0.12655370353578763;-0.18697773505736978;Huber;False;3389.838033914566;;;;;;;;;;;;;;;;;;;;;;;;;;;;;;;;1000.0;;;;True;1.1;0.001;;2563.6177339061114;2566.86208709287
212;33.2208713054657;1.60534378140393;7.203112316131592;0.37387556236407243;MinMaxScaler();;;;;;0.3;5;{'scaler__scaler': MinMaxScaler(), 'regressor__max_iter': 1000, 'regressor__fit_intercept': True, 'regressor__epsilon': 1.1, 'regressor__alpha': 0.01, 'feature_selection__spearman_thr': 0.3, 'feature_selection__rfe_k': 5};0.7917170146879795;0.7737579655457084;0.7566195770516054;0.7635191399939041;0.797547021626637;0.776632143781167;0.01578416954752604;34;0.7733922036725143;0.7768437617771509;0.7799527544448929;0.778837970084984;0.782892276853114;0.7783837933665312;0.0031711828605583046;-2699.8341093646527;-2711.6967311623143;-2728.4217027761824;-2732.9148255695063;-2623.029572271185;-2699.1793882287684;39.87254618635827;33;-2704.440516461154;-2702.8181398819333;-2699.629938559319;-2694.707301969812;-2665.6927432646853;-2693.4577280273807;14.274389294318349;-0.18765720050713222;-0.1854431902096905;-0.18030630113889332;-0.183622288909684;-0.1783960534220818;-0.18308500683749637;0.0033604209642847474;25;-0.183617738334183;-0.18376002277638057;-0.18499442387453224;-0.18350306199894892;-0.18069735874108706;-0.18331452114502636;0.001414041884113185;-1816.2154627611035;-1823.5275849972986;-1795.7714218879337;-1820.4175916924796;-1789.5257059251999;-1809.091553452803;13.767182189337229;26;-1806.048350570355;-1806.3571996322537;-1812.3544565709035;-1802.813061276378;-1790.3256581468959;-1803.579745239357;7.308384952784815;-4355.5313890874695;-4626.504319760305;-4956.560859939466;-4787.091712508596;-4279.389459019546;-4601.0155480630765;255.10480148992374;34;-4657.742630057807;-4600.8247726604395;-4530.237586883003;-4566.349213564573;-4562.727135485003;-4583.576267730165;43.30042218815127;0.21242806753006466;-0.22503674926070738;Huber;False;3389.838033914566;;;;;;;;;;;;;;;;;;;;;;;;;;;;;;;;1000.0;;;;True;1.1;0.01;;2693.4577280273807;2699.1793882287684
213;36.10011105537414;0.06941850747865974;8.045853757858277;0.0623327106215416;MinMaxScaler();;;;;;0.25;5;{'scaler__scaler': MinMaxScaler(), 'regressor__max_iter': 500, 'regressor__fit_intercept': True, 'regressor__epsilon': 1.2, 'regressor__alpha': 1e-05, 'feature_selection__spearman_thr': 0.25, 'feature_selection__rfe_k': 5};0.7963762235907313;0.7797858537168645;0.7627678615355068;0.769351094628966;0.8015992265255942;0.7819760519995326;0.015003832966042775;30;0.7794015283802459;0.7825658224227816;0.7856793748729435;0.7844599131561325;0.7879144116823562;0.7840042101028919;0.0028829553180676443;-2686.6310092861245;-2696.462586183404;-2712.5066653579106;-2719.3969237837046;-2613.440998784873;-2685.6876366792035;37.926619970915034;31;-2690.6618979819873;-2688.3439505094993;-2684.7704554161983;-2680.353257260863;-2652.622679475816;-2679.350448128873;13.81005217347897;-0.18868265162655679;-0.18660248756017403;-0.18128743570013534;-0.18449570429035492;-0.1790464517578345;-0.18402294618701112;0.00348823460022118;28;-0.18476740108939407;-0.18482893620534;-0.18591725297974432;-0.18453002127510673;-0.181416818846333;-0.18429208607918363;0.0015151946864562925;-1833.3435158596349;-1826.0990043036782;-1805.2785489573835;-1832.7047351548517;-1799.7351264652716;-1819.432186148164;14.159320051997863;30;-1814.6333319210307;-1819.8483940467786;-1820.1190137243402;-1811.152995482793;-1798.24091625676;-1812.7989302863402;8.016089621122646;-4306.540093816217;-4564.455005085366;-4893.553990075587;-4727.694976455515;-4236.345847975955;-4545.717982681728;247.94102950732838;30;-4595.569232723474;-4541.455699378239;-4470.900393516;-4507.9372733110895;-4509.6458793052225;-4525.101695646805;41.723873322782005;0.23651958461634787;-0.25869224644764977;Huber;False;3389.838033914566;;;;;;;;;;;;;;;;;;;;;;;;;;;;;;;;500.0;;;;True;1.2;1,00E-05;;2679.350448128873;2685.6876366792035
214;34.217381381988524;1.6237178071236635;7.3791944026947025;0.5653729582932968;MinMaxScaler();;;;;;0.2;6;{'scaler__scaler': MinMaxScaler(), 'regressor__max_iter': 2000, 'regressor__fit_intercept': True, 'regressor__epsilon': 3.0, 'regressor__alpha': 0.01, 'feature_selection__spearman_thr': 0.2, 'feature_selection__rfe_k': 6};0.8103035644289385;0.7947085649190844;0.7781471766156107;0.7845324971754827;0.8079668582530519;0.7951317322784336;0.012616837448684115;17;0.7939851207868841;0.7970066659948554;0.8002377262932024;0.7989019423981985;0.7944027795627767;0.7969068470071835;0.002445075219297023;-2688.8627379032832;-2691.587015799293;-2704.1211263086793;-2715.4941562957233;-2654.108111335795;-2690.8346295285546;20.678079394925863;32;-2686.2777977660658;-2683.376073534273;-2681.0241564275275;-2679.1919430922344;-2695.2901247895265;-2685.0320191219257;5.651412275119384;-0.19384108173398962;-0.1916928277658339;-0.1862935441931571;-0.1899624993800515;-0.18908716019964691;-0.1901754226545358;0.0025313319276234615;34;-0.18998030005761707;-0.18977954654602167;-0.19104781102941154;-0.19002491968454246;-0.19120902010380128;-0.1904083194842788;0.0005959232102078511;-1893.9533401767058;-1897.5325863803519;-1867.339608827123;-1902.147939317164;-1883.2031780319303;-1888.8353305466549;12.43261057123066;34;-1882.1091713717524;-1881.4314478745055;-1888.6758911958966;-1880.2711001275038;-1894.42015056126;-1885.3815522261837;5.38474605916957;-4156.653626349584;-4407.08816308767;-4732.276396616939;-4569.457465187584;-4167.809124118886;-4406.656955072132;224.536038741927;17;-4441.067331195751;-4388.05503013122;-4316.380749708801;-4354.294264726119;-4440.127901613408;-4387.985055475059;48.57747478225723;0.21610954228123147;-0.22275059317364787;Huber;False;3389.838033914566;;;;;;;;;;;;;;;;;;;;;;;;;;;;;;;;2000.0;;;;True;3.0;0.01;;2685.0320191219257;2690.8346295285546
215;31.488257217407227;0.5360268660205183;6.85777645111084;0.06779039681588;RobustScaler();;;;;;0.25;7;{'scaler__scaler': RobustScaler(), 'regressor__max_iter': 1000, 'regressor__fit_intercept': True, 'regressor__epsilon': 1.2, 'regressor__alpha': 10.0, 'feature_selection__spearman_thr': 0.25, 'feature_selection__rfe_k': 7};0.562932575346764;0.5530883072435923;0.5321394695744123;0.5435296182945195;0.6112841618230849;0.5605948264564745;0.027320872187294818;37;0.5423432157291219;0.5560996557898299;0.5565967797957478;0.5581939182681606;0.5926141016236937;0.5611695342413108;0.016725185366622843;-3819.879435845843;-3832.5194417191997;-3869.261108331073;-3832.1253663691787;-3557.7956750872745;-3782.3162054705144;113.47351974139488;37;-3882.193889829845;-3812.0917874174743;-3802.095578073591;-3788.288991949726;-3621.2091100477073;-3781.1758714636685;86.29951246617489;-0.2249629439998723;-0.22341200993422947;-0.21985374894181248;-0.22311957538272423;-0.2125233944846556;-0.2207743345486588;0.004448087790129913;37;-0.22636334698830501;-0.22200341464860904;-0.22227600921246646;-0.22017140703463467;-0.21230541176203563;-0.22062391792921016;0.004625489675579362;-2458.3955761542966;-2430.7615726110707;-2399.096289023497;-2442.6629447957166;-2271.3691244366864;-2400.4571014042535;67.41234108942614;37;-2474.4353433923698;-2431.4982142332183;-2434.0049328972827;-2407.9980716099344;-2281.9016776799544;-2405.967647962552;65.60824960389155;-6309.405943343691;-6502.452404293918;-6872.200579318196;-6650.894387587245;-5929.742651988542;-6452.939193306318;319.92322250734475;37;-6619.238292099892;-6488.942383338817;-6430.761930933536;-6454.010721587998;-6250.1416052721115;-6448.618986646471;118.72500989753883;0.03015818479780252;-0.10241250634057528;Huber;False;3389.838033914566;;;;;;;;;;;;;;;;;;;;;;;;;;;;;;;;1000.0;;;;True;1.2;10.0;;3781.1758714636685;3782.3162054705144
216;31.254395389556883;0.2268635927969062;6.814842700958252;0.0513459793235703;RobustScaler();;;;;;0.25;7;{'scaler__scaler': RobustScaler(), 'regressor__max_iter': 2000, 'regressor__fit_intercept': True, 'regressor__epsilon': 1.1, 'regressor__alpha': 0.01, 'feature_selection__spearman_thr': 0.25, 'feature_selection__rfe_k': 7};0.8065451320096668;0.7898528962271907;0.7737850898880635;0.7801738015881484;0.8053451063913983;0.7911404052208935;0.01313171875824836;24;0.7896491854560166;0.7930026892851263;0.7959275778503042;0.7944365734344667;0.7924884083715513;0.7931008868794931;0.002101107128380757;-2626.925243660621;-2642.942811605606;-2648.0876846959713;-2648.0790267250386;-2588.3527110702526;-2630.8774955514978;22.63463154890606;22;-2631.391469234621;-2627.137670367348;-2623.559512527117;-2620.459120009391;-2620.185083720625;-2624.5465711718207;4.249012569796985;-0.18417450691618026;-0.1821497004767787;-0.1769743597798183;-0.17998867904776808;-0.17776971748324416;-0.1802113927407579;0.0026815321250867425;21;-0.18010544013966254;-0.18005269814036248;-0.18165523418707785;-0.18024156436570465;-0.17990681385066765;-0.18039235013669502;0.0006404746339245013;-1758.6487395347322;-1778.773893499274;-1744.8748281490007;-1754.6429358679015;-1766.4626514046631;-1760.6806096911143;11.41230613876754;21;-1760.305379058571;-1752.6978760663642;-1759.657585054426;-1752.2205029587385;-1761.378300190121;-1757.2519286656438;3.954549876840211;-4197.6292968471225;-4458.903031259304;-4778.573117381242;-4615.443878958331;-4196.1633923140635;-4449.342543352012;229.5792100697153;24;-4487.558908437036;-4431.12017635715;-4362.698196398262;-4402.372244939727;-4460.751619037763;-4428.900229033988;43.69604775218657;0.24121973864805182;-0.24719196397740462;Huber;False;3389.838033914566;;;;;;;;;;;;;;;;;;;;;;;;;;;;;;;;2000.0;;;;True;1.1;0.01;;2624.5465711718207;2630.8774955514978
217;30.970735836029053;0.05132187637730686;6.963848543167114;0.19259059601565412;StandardScaler();;;;;;0.2;8;{'scaler__scaler': StandardScaler(), 'regressor__max_iter': 500, 'regressor__fit_intercept': True, 'regressor__epsilon': 1.5, 'regressor__alpha': 0.01, 'feature_selection__spearman_thr': 0.2, 'feature_selection__rfe_k': 8};0.8145946258482957;0.7950005108345543;0.7776771896663529;0.7851391721545424;0.8108778454268585;0.7966578687861208;0.014280254737841017;12;0.7969792209415039;0.7977665512810449;0.8013155336526844;0.7993986886549477;0.7974821472419273;0.7985884283544216;0.001586348850903526;-2553.740158476389;-2584.3474426443568;-2605.688441954486;-2597.5249803287825;-2532.3799018911695;-2574.7361850590364;27.584907196492214;14;-2563.16124327729;-2574.051080831689;-2567.079752088954;-2569.2628391496432;-2568.4618193321467;-2568.4033469359447;3.517686686751009;-0.17888418102596948;-0.17961173614239884;-0.17473841494427997;-0.17739975079443385;-0.174507934250269;-0.17702840343147022;0.0020905611401931456;13;-0.17583245225593602;-0.1775746741109811;-0.17851218207400193;-0.1777354867716106;-0.17671600555193737;-0.17727416015289338;0.0009193353451277186;-1713.8095863248727;-1735.3173291187813;-1732.3995005341822;-1726.6770136312898;-1721.5484302969871;-1725.9503719812226;7.702401185888903;12;-1726.3073161501325;-1714.7122775828511;-1730.6237740902334;-1715.6514269847976;-1722.735246477656;-1722.006008257134;6.113560929973292;-4109.37155337213;-4403.953377789623;-4737.286320394875;-4563.0199988016875;-4136.099053544785;-4389.9460607806195;242.46913460930054;12;-4408.677274120517;-4379.834206430813;-4304.72059223141;-4348.913017422623;-4406.75106417604;-4369.77923087628;39.1129188003028;0.24656711846473356;-0.24174649916715193;Huber;False;3389.838033914566;;;;;;;;;;;;;;;;;;;;;;;;;;;;;;;;500.0;;;;True;1.5;0.01;;2568.4033469359447;2574.7361850590364
218;30.961854410171508;0.07521433703752807;6.9757750034332275;0.15540778185809714;StandardScaler();;;;;;0.3;13;{'scaler__scaler': StandardScaler(), 'regressor__max_iter': 500, 'regressor__fit_intercept': True, 'regressor__epsilon': 1.2, 'regressor__alpha': 1e-05, 'feature_selection__spearman_thr': 0.3, 'feature_selection__rfe_k': 13};0.8095951140257333;0.7920524028233955;0.77233930047014;0.7811760977967908;0.8056081264021694;0.7921542083036457;0.014130484434125982;20;0.790886694113817;0.7942619024616158;0.7964805438841307;0.7960608200724963;0.7914312892861415;0.7938242499636402;0.0023067370083186206;-2541.5025859810826;-2559.205852299698;-2615.7672773594763;-2572.573765049564;-2526.104279661242;-2563.0307520702127;30.70461318530278;9;-2555.799917248295;-2549.979879835131;-2582.8587455472075;-2545.6032808102295;-2560.1490019297635;-2558.8781650741253;12.97351847596615;-0.17526607223677595;-0.1746322554218546;-0.17215267533839632;-0.17213005587671978;-0.17192831160302713;-0.17322187409535478;0.0014266378975416926;4;-0.17296690060230174;-0.17234549774434668;-0.17602516036794338;-0.17258806205892419;-0.1736139322749099;-0.17350791060968515;0.0013294964304486562;-1670.1467346746376;-1711.5254173815047;-1715.4461988541116;-1683.181125653441;-1691.3103345067593;-1694.321962214091;17.086965854848696;5;-1693.9031066557664;-1679.9720365602689;-1736.8125007332264;-1682.2682256955286;-1689.2258448783832;-1696.4363429046346;20.786782422157604;-4164.408222831827;-4435.507076924487;-4793.819253555949;-4604.909813654257;-4193.327481032942;-4438.394369599892;240.49480917287602;20;-4474.33912395792;-4417.621845156864;-4356.783481610996;-4384.945216693558;-4472.099311287484;-4421.157795741364;46.671614123785105;0.16228154402838096;-0.21037926972765167;Huber;False;3389.838033914566;;;;;;;;;;;;;;;;;;;;;;;;;;;;;;;;500.0;;;;True;1.2;1,00E-05;;2558.8781650741253;2563.0307520702127
219;31.434015798568726;0.12199330457230335;6.855376386642456;0.016540859970064117;MinMaxScaler();;;;;;0.3;14;{'scaler__scaler': MinMaxScaler(), 'regressor__max_iter': 1000, 'regressor__fit_intercept': True, 'regressor__epsilon': 1.35, 'regressor__alpha': 0.001, 'feature_selection__spearman_thr': 0.3, 'feature_selection__rfe_k': 14};0.8125470881687435;0.795495738090713;0.775343292835962;0.7849066951845373;0.8084290061803459;0.7953443640920603;0.013972489197985395;16;0.7940331292198286;0.7975119027348382;0.799138399423209;0.7994754047715766;0.7946131286403775;0.7969543929579659;0.00225616942575088;-2539.9077322114604;-2551.6757454082003;-2609.6190701106048;-2567.428311323117;-2521.964410107429;-2558.119053832162;29.729583492521627;7;-2550.4845341260275;-2543.7452020641826;-2579.63112657676;-2538.802933230529;-2555.0813726379033;-2553.5490337270808;14.181518838901608;-0.17772420866016217;-0.1763748895387869;-0.1737961402101154;-0.17395746941333262;-0.17434535159772008;-0.17523961188402343;0.0015485010650036753;9;-0.17510710674708752;-0.17414747466206085;-0.17801980900257924;-0.174428004638784;-0.1758626289429426;-0.17551300479869086;0.001386575312647267;-1684.6097896605825;-1722.559297044385;-1718.7937050478195;-1691.421168280297;-1697.0226458891066;-1702.8813211844383;15.099236664082868;8;-1699.6008883677205;-1691.6820593736193;-1753.4983759656006;-1699.809722084039;-1695.7381805952327;-1708.0658452772427;22.909970176575328;-4132.000320516389;-4398.630738910698;-4762.086906678487;-4565.487899271427;-4162.790967892625;-4404.199366653926;239.3736942040044;16;-4440.549841617712;-4382.59084126113;-4328.24135495473;-4348.081358796173;-4437.85594526191;-4387.463868378331;45.69358055109104;0.1789673918425233;-0.20202271047528733;Huber;False;3389.838033914566;;;;;;;;;;;;;;;;;;;;;;;;;;;;;;;;1000.0;;;;True;1.35;0.001;;2553.5490337270808;2558.119053832162
220;31.198101234436034;0.05299207111282698;6.824733591079712;0.010942125317005927;StandardScaler();;;;;;0.2;8;{'scaler__scaler': StandardScaler(), 'regressor__max_iter': 500, 'regressor__fit_intercept': True, 'regressor__epsilon': 1.2, 'regressor__alpha': 0.01, 'feature_selection__spearman_thr': 0.2, 'feature_selection__rfe_k': 8};0.812099827871056;0.7924476424696004;0.7747849331612584;0.7821761285934847;0.8082701599840215;0.7939557384158842;0.014440664680336463;19;0.7942255758409199;0.7952845114827525;0.7986409444704043;0.7966552326830925;0.794705441771605;0.7959023412497548;0.0015932744477082446;-2548.3053282360893;-2581.354641540471;-2604.573199392563;-2594.882002279233;-2528.852298299735;-2571.5934939496183;28.616233370220858;13;-2559.544253530793;-2571.2381534629576;-2564.0459783499186;-2565.8129202557957;-2564.8416188588417;-2565.096584891661;3.747777106343715;-0.17649014633364157;-0.17718915891555845;-0.17239005506758082;-0.1748186069211973;-0.17204637792113345;-0.1745868690318223;0.0020846182505659585;8;-0.17347092412625045;-0.17518623364921537;-0.1760335230097753;-0.1751120319805846;-0.17428971934370013;-0.17481848642190517;0.0008710039829692533;-1691.9107165791866;-1705.5006625438455;-1709.020061557003;-1693.085090231296;-1699.3876519045407;-1699.7808365631743;6.708294707520821;7;-1705.0984663792815;-1691.319855810575;-1705.2639523542284;-1688.515287185499;-1697.21115664852;-1697.481743675621;6.88500774221407;-4136.92683409993;-4431.289855676108;-4768.001057301231;-4594.375486872357;-4164.516454833625;-4419.021937756651;243.7361209261534;19;-4438.474827026765;-4406.6294050336055;-4333.597713868035;-4378.550249463561;-4436.858514367982;-4398.82214195199;39.35792184802022;0.2532812641919079;-0.2445781012296027;Huber;False;3389.838033914566;;;;;;;;;;;;;;;;;;;;;;;;;;;;;;;;500.0;;;;True;1.2;0.01;;2565.096584891661;2571.5934939496183
221;30.685725355148314;0.1755763955088615;6.832744503021241;0.01931808838313918;MinMaxScaler(feature_range=(-1, 1));;;;;;0.2;9;{'scaler__scaler': MinMaxScaler(feature_range=(-1, 1)), 'regressor__max_iter': 500, 'regressor__fit_intercept': True, 'regressor__epsilon': 1.2, 'regressor__alpha': 10.0, 'feature_selection__spearman_thr': 0.2, 'feature_selection__rfe_k': 9};0.29894653309003905;0.2872724459350302;0.2076237786661359;0.280731311719595;0.3011974477609928;0.27515430343435854;0.0345908650743466;40;0.2863397087750633;0.28697198555046977;0.2227875742888129;0.2909740020473005;0.2846552663731263;0.2743457074069546;0.02586235583981765;-5170.733210952567;-5280.947592530933;-5694.899583266389;-5276.989700768391;-5204.150176848968;-5325.54405287345;189.45856915313843;40;-5269.48813685759;-5250.008362578953;-5596.314696649497;-5240.925390557678;-5267.9688916215355;-5324.94109565305;136.11616155165757;-0.34649960136390645;-0.3541342073185459;-0.37188669762760856;-0.3523001019472881;-0.35084064253834363;-0.3551322501591385;0.008748361951496456;40;-0.3505277975692533;-0.3488384117563869;-0.37751621472555813;-0.34878068553797503;-0.3500340422701057;-0.3551394303718558;0.011208827719637047;-3633.8398702636787;-3727.888693265344;-4025.1902023698294;-3688.935923101596;-3694.9817392290142;-3754.167285645892;138.83856255642146;40;-3691.812871225894;-3670.02757756999;-4032.065049922573;-3673.716852282554;-3682.9367676940365;-3750.1118237390097;141.1797123685866;-7990.791918523023;-8211.605893610422;-8943.414088254025;-8348.709067490567;-7950.546257428836;-8289.013445061375;358.1317674165586;40;-8265.77977147829;-8224.025983155334;-8513.984954265617;-8176.075957203834;-8282.177867665174;-8292.408906753652;116.72129987982669;0.011323265545452646;0.2947361688457259;Huber;False;3389.838033914566;;;;;;;;;;;;;;;;;;;;;;;;;;;;;;;;500.0;;;;True;1.2;10.0;;5324.94109565305;5325.54405287345
222;31.521961545944215;0.20397604075852296;6.97146692276001;0.09058324001129522;MinMaxScaler(feature_range=(-1, 1));;;;;;0.25;14;{'scaler__scaler': MinMaxScaler(feature_range=(-1, 1)), 'regressor__max_iter': 1000, 'regressor__fit_intercept': True, 'regressor__epsilon': 1.5, 'regressor__alpha': 1e-05, 'feature_selection__spearman_thr': 0.25, 'feature_selection__rfe_k': 14};0.8184019047074356;0.8011460603168521;0.7825337810699199;0.7911845211540929;0.8140209826945528;0.8014574499885706;0.013481039837360867;5;0.800007488786612;0.8034282241210948;0.8067254428321484;0.8051843666652497;0.8007068359813614;0.8032104716772933;0.0025622642668415873;-2515.456705220258;-2528.2926979416657;-2555.1977785936565;-2543.9859178765346;-2502.192651540784;-2529.0251502345795;19.04443864375914;2;-2527.5899285505143;-2521.6500697589877;-2518.400361370215;-2517.006669634642;-2531.187740969734;-2523.1669540568187;5.419708000425472;-0.17704011568937994;-0.1759688600620159;-0.17130534992370364;-0.1737265715233092;-0.17387376162823992;-0.17438293176532974;0.0019868250026701755;7;-0.17451084456393062;-0.17398882289759537;-0.17524913982868065;-0.17421803042146608;-0.17520572679617077;-0.1746345129015687;0.0005118043899997764;-1688.3533329909187;-1712.2414270227437;-1693.8905678806586;-1693.3995413849952;-1697.474230022046;-1697.0718198602724;8.122769503696029;6;-1696.3442768484492;-1688.4760221000142;-1695.7512367270456;-1691.9620672865422;-1692.9312231179465;-1693.0929652159998;2.837558426785935;-4066.9599493328747;-4337.439429255819;-4685.258142556516;-4498.369170316107;-4101.584864063775;-4337.922311105018;234.80272485079755;5;-4375.673718419464;-4318.090674111318;-4245.710268641633;-4285.73920519762;-4371.5259636803485;-4319.347966010077;49.89744259049083;0.2321763198563576;-0.21825184687420565;Huber;False;3389.838033914566;;;;;;;;;;;;;;;;;;;;;;;;;;;;;;;;1000.0;;;;True;1.5;1,00E-05;;2523.1669540568187;2529.0251502345795
223;31.424031591415407;0.25007946186877456;6.899194717407227;0.06748740387510992;RobustScaler();;;;;;0.2;14;{'scaler__scaler': RobustScaler(), 'regressor__max_iter': 2000, 'regressor__fit_intercept': True, 'regressor__epsilon': 1.35, 'regressor__alpha': 0.001, 'feature_selection__spearman_thr': 0.2, 'feature_selection__rfe_k': 14};0.8149981323236093;0.7977339842658135;0.7780142143603473;0.7874642975013515;0.8092452183587107;0.7974911693619665;0.013598531644850599;8;0.7950851988124062;0.8002217501025177;0.8017810392040987;0.8017961498720145;0.7957679299490104;0.7989304135880094;0.002925509879789301;-2489.723391163036;-2532.820209011945;-2537.229423396504;-2546.8428124372135;-2483.7734404203334;-2518.077855285806;26.047306307407393;1;-2510.715923543045;-2524.378571586548;-2499.8216561687673;-2520.18461884673;-2511.5732222438896;-2513.334798477796;8.502371850019788;-0.17061844012265284;-0.17381289254658097;-0.16532774567169353;-0.17147988324011357;-0.16751126206317596;-0.16975004472884336;0.002994062824996143;1;-0.1685393176092273;-0.17174828166020642;-0.16903601434949214;-0.1718686569285548;-0.1689436690343062;-0.17002718791635738;0.0014644704200667772;-1639.2108224826534;-1699.2624336746612;-1647.0086552836365;-1680.6832818629928;-1656.7958132221656;-1664.5922013052218;22.24916643309207;1;-1654.7951050596093;-1678.7402289482952;-1651.569262723533;-1681.1832061953828;-1649.4354982561672;-1663.1446602365977;13.858260534375875;-4104.897407992498;-4374.493576415811;-4733.694273308125;-4538.263385493851;-4153.913456088631;-4381.052419859783;235.35857001131416;8;-4429.194256796541;-4353.166508606647;-4299.6747864776025;-4322.847160509412;-4425.362289184915;-4366.0490003150235;52.8077332791735;0.18871567810554063;-0.18014638090684815;Huber;False;3389.838033914566;;;;;;;;;;;;;;;;;;;;;;;;;;;;;;;;2000.0;;;;True;1.35;0.001;;2513.334798477796;2518.077855285806
224;31.086354112625123;0.048593400171048684;6.852423906326294;0.04730048930675346;RobustScaler();;;;;;0.25;6;{'scaler__scaler': RobustScaler(), 'regressor__max_iter': 2000, 'regressor__fit_intercept': True, 'regressor__epsilon': 2.0, 'regressor__alpha': 1e-06, 'feature_selection__spearman_thr': 0.25, 'feature_selection__rfe_k': 6};0.8136421198625112;0.7953541493096865;0.7800245658599438;0.786243263848366;0.8103983336730382;0.7971324865107092;0.013137498214871196;9;0.7977483626741195;0.7982688514747837;0.8014077502746375;0.8001228293288138;0.798292861091512;0.7991681309687733;0.0013797018932160076;-2632.4824590110015;-2654.278925162256;-2659.3924177301747;-2665.9030736909544;-2606.3727957063884;-2643.685934260155;21.772893836716154;26;-2631.3207310988173;-2639.209016019722;-2637.637365418332;-2635.5284153021476;-2638.0025428861654;-2636.339614145037;2.775975074750984;-0.18845913237658551;-0.18820506595038758;-0.18270988319243478;-0.18624459830690704;-0.1831876851940011;-0.1857612730040632;0.0024256342059506943;32;-0.18445430228729223;-0.18614879634505824;-0.1875265979586778;-0.1863706774126371;-0.1855248784074259;-0.18600505048221827;0.0010104293972295361;-1804.891866564305;-1825.225033244731;-1791.913046778951;-1813.321909797558;-1804.8254423630224;-1808.0354597497135;10.98677915302737;25;-1810.1909270690285;-1798.727929637198;-1811.9418036906973;-1803.5121947042371;-1809.640525130335;-1806.8026760462992;4.939090248131852;-4119.913822346534;-4400.153174182868;-4712.210841176325;-4551.281048255136;-4141.339192007073;-4384.9796155935865;230.037913891181;9;-4400.318239679669;-4374.391587149563;-4303.7214882976505;-4341.0564586080345;-4397.921727175255;-4363.481900182034;36.70489373099324;0.27865606068740273;-0.2547204247992686;Huber;False;3389.838033914566;;;;;;;;;;;;;;;;;;;;;;;;;;;;;;;;2000.0;;;;True;2.0;1,00E-06;;2636.339614145037;2643.685934260155
225;31.040827417373656;0.07747691706974881;6.885807371139526;0.07930162947569579;MinMaxScaler();;;;;;0.2;5;{'scaler__scaler': MinMaxScaler(), 'regressor__max_iter': 2000, 'regressor__fit_intercept': True, 'regressor__epsilon': 1.2, 'regressor__alpha': 0.0001, 'feature_selection__spearman_thr': 0.2, 'feature_selection__rfe_k': 5};0.7963559998438183;0.7797536620345512;0.7627336825030193;0.7693202139251116;0.8015823198436035;0.7819491756300209;0.015010416819291824;31;0.7793681047395712;0.7825368686581735;0.7856493442033733;0.784430514675035;0.7878878107890619;0.7839745286130431;0.002884881799568846;-2686.6217338696174;-2696.4703169169807;-2712.5240037209464;-2719.388319101371;-2613.402525380873;-2685.681379797957;37.942594645225356;30;-2690.6645426121754;-2688.3490353166667;-2684.774845606168;-2680.355692255802;-2652.6113930537394;-2679.35110176891;13.815896447749079;-0.18867258986686927;-0.18658996803381658;-0.18127640135121317;-0.18448513401665542;-0.17903697431265192;-0.18401221351624128;0.0034878432653240826;27;-0.18475582545031988;-0.18481776933288796;-0.18590683021339158;-0.18451881927856265;-0.18140648401987375;-0.18428114565900716;0.0015150118435808923;-1833.7992338521362;-1826.5993458824305;-1803.978471052602;-1832.183635136048;-1798.1590511856248;-1818.9439474217681;14.90336462544457;28;-1814.1558430588993;-1820.269107635846;-1820.101143456157;-1811.322491295503;-1797.6789113170598;-1812.705499352693;8.267022173807213;-4306.753949526085;-4564.7886169771755;-4893.906494837314;-4728.0114524039045;-4236.526343810321;-4545.99737151096;248.00513163735536;31;-4595.917364865781;-4541.758061830277;-4471.213614488937;-4508.244691740755;-4509.92868222572;-4525.412483030294;41.73754857492844;0.23626160919588474;-0.25834423302059606;Huber;False;3389.838033914566;;;;;;;;;;;;;;;;;;;;;;;;;;;;;;;;2000.0;;;;True;1.2;0.0001;;2679.35110176891;2685.681379797957
226;31.14326763153076;0.2838600750890318;6.823904800415039;0.04769427798032127;MinMaxScaler(feature_range=(-1, 1));;;;;;0.25;14;{'scaler__scaler': MinMaxScaler(feature_range=(-1, 1)), 'regressor__max_iter': 500, 'regressor__fit_intercept': True, 'regressor__epsilon': 2.0, 'regressor__alpha': 0.001, 'feature_selection__spearman_thr': 0.25, 'feature_selection__rfe_k': 14};0.8216878168304547;0.8049019563788464;0.7866425338379159;0.7952898637873475;0.8174246840882765;0.8051893709845681;0.013145110270539936;1;0.8036997063567773;0.8070828834070024;0.8103875250739877;0.8089603540605733;0.8045196098776;0.8069300157551881;0.002543421638149842;-2529.9511129460375;-2540.0572407125787;-2565.168525084669;-2556.410865598288;-2515.698182040422;-2541.4571852763993;17.797280599219945;3;-2539.8311522071813;-2533.8684960025025;-2530.801998704877;-2529.938737195939;-2543.72398902636;-2535.632874627372;5.32851315196129;-0.1804699110332992;-0.17936835829035053;-0.17452573274130642;-0.17721295644331564;-0.1774696021046818;-0.1778093121225907;0.0020377609311465574;14;-0.17790808013296983;-0.17737015888351584;-0.17856880194760813;-0.17775245443182616;-0.1787136633310259;-0.1780626317453892;0.0005058982566272928;-1717.3877193647859;-1737.8970837236975;-1729.777992558491;-1730.0697574916749;-1740.4554385576757;-1731.1175983392648;8.05678313926729;15;-1731.9399319180447;-1725.541484445921;-1729.0948696548203;-1730.9080630389308;-1728.5444519654266;-1729.2057602046286;2.202274825504009;-4029.997342036667;-4296.282005739732;-4640.786027321982;-4453.930372275851;-4063.8788998026807;-4296.974929435382;231.71204259349702;1;-4335.094192474289;-4277.761408308476;-4205.294974529268;-4244.0020973687915;-4329.507133909415;-4278.331961318047;49.70737511534147;0.22969849883663196;-0.21571198699194982;Huber;False;3389.838033914566;;;;;;;;;;;;;;;;;;;;;;;;;;;;;;;;500.0;;;;True;2.0;0.001;;2535.632874627372;2541.4571852763993
227;31.269938945770264;0.2599199595954331;6.820177841186523;0.04922215583252846;MinMaxScaler();;;;;;0.25;6;{'scaler__scaler': MinMaxScaler(), 'regressor__max_iter': 1000, 'regressor__fit_intercept': True, 'regressor__epsilon': 2.5, 'regressor__alpha': 0.001, 'feature_selection__spearman_thr': 0.25, 'feature_selection__rfe_k': 6};0.810440450397134;0.7954655233431603;0.7788536754916212;0.785223725059655;0.808278294778106;0.7956523338139353;0.012402330284899952;15;0.7948140525478984;0.7976464463828681;0.8009750599880353;0.7995987327323762;0.7951802532710703;0.7976429089844496;0.0024081358457568557;-2673.2392820651226;-2674.4375192004213;-2684.511736132808;-2697.5479847756633;-2638.0649001839706;-2673.560284471597;19.779479004292472;28;-2668.76969919835;-2665.5889166235943;-2662.853617085882;-2661.1061701727417;-2676.9222749260616;-2667.048135601326;5.5766059100272445;-0.19182559920818607;-0.18961886431060068;-0.18406353945805815;-0.18772612081430073;-0.18678209693868564;-0.18800324414596625;0.0026195380359436875;33;-0.1879073712578225;-0.18757180174515414;-0.1888554454864093;-0.1878881343585422;-0.18901043809145318;-0.1882466381878763;0.0005749900676276675;-1873.860506628822;-1875.9736756246239;-1838.9755762429995;-1872.9357669731125;-1867.1405120356594;-1865.7772075010434;13.716695651983732;33;-1860.5316520768392;-1857.2716415256637;-1865.5427554737903;-1857.4003916649326;-1863.5693393494585;-1860.863156018137;3.293074170638668;-4155.153623891564;-4398.955667612609;-4724.735329737638;-4562.122081379156;-4164.428106970903;-4401.078961918374;222.34016198847056;15;-4432.1236753924395;-4381.134588403219;-4308.407384317138;-4346.744060290242;-4431.7246935633175;-4380.026880393272;48.218389199548234;0.24417065381545727;-0.24955718255536713;Huber;False;3389.838033914566;;;;;;;;;;;;;;;;;;;;;;;;;;;;;;;;1000.0;;;;True;2.5;0.001;;2667.048135601326;2673.560284471597
228;30.835734844207764;0.1331576608649809;6.792415428161621;0.04137665407008158;RobustScaler();;;;;;0.3;5;{'scaler__scaler': RobustScaler(), 'regressor__max_iter': 500, 'regressor__fit_intercept': True, 'regressor__epsilon': 2.0, 'regressor__alpha': 1.0, 'feature_selection__spearman_thr': 0.3, 'feature_selection__rfe_k': 5};0.8015013551113301;0.7756016949683568;0.7573143208817326;0.7642520863066107;0.7994466294075748;0.7796232173351211;0.0180097293203375;32;0.7837128433257474;0.7784979109747856;0.7806886931897803;0.779781979194966;0.7848661298368571;0.7815095113044273;0.002402057704572332;-2672.124404872764;-2726.9017152562765;-2750.783715229648;-2758.021689299875;-2639.609339929779;-2709.488172917668;46.13709558761518;34;-2676.4241622686413;-2720.449494302403;-2723.174050098936;-2717.3230463718564;-2679.5341615228454;-2703.3809829129364;20.846207294536736;-0.1845458612675291;-0.18676867642884634;-0.18217883905753754;-0.18609265411585119;-0.1797872342937574;-0.1838746530327043;0.0025817899876876146;26;-0.18099297588917768;-0.18536057421515;-0.18693510753508055;-0.1856103934412002;-0.1817442961859733;-0.18412866945331635;0.0023283900030482913;-1842.2511898967696;-1874.1391737514714;-1841.32028929664;-1876.3409498060755;-1831.9988781460015;-1853.2100961793917;18.35452850169483;32;-1833.0210384345883;-1856.009795137351;-1870.524374630484;-1858.5780267006412;-1836.9649448875061;-1851.019635958114;14.028183373711537;-4251.997731707977;-4607.614214071902;-4949.481405899266;-4779.667424274437;-4259.265476492708;-4569.605250489258;278.2308404644248;32;-4550.440387270034;-4583.741211996812;-4522.655647801504;-4556.593277997786;-4541.938570087201;-4551.073819030667;19.94527240003898;0.2259093351374849;-0.24136545262996703;Huber;False;3389.838033914566;;;;;;;;;;;;;;;;;;;;;;;;;;;;;;;;500.0;;;;True;2.0;1.0;;2703.3809829129364;2709.488172917668
229;30.940043497085572;0.0751030798638265;6.835414552688599;0.03334077109842488;RobustScaler();;;;;;0.25;5;{'scaler__scaler': RobustScaler(), 'regressor__max_iter': 1000, 'regressor__fit_intercept': True, 'regressor__epsilon': 1.1, 'regressor__alpha': 10.0, 'feature_selection__spearman_thr': 0.25, 'feature_selection__rfe_k': 5};0.5654681789945635;0.5239399377001552;0.49329678678435884;0.503826406608231;0.5738110609827218;0.5320684742140062;0.0323261970055885;38;0.5456563159041582;0.5268236136553036;0.5158980684781642;0.5191589986616538;0.5559489572582808;0.5326971907915121;0.015547190309050265;-3859.906212704125;-4003.1101917636165;-4126.143761767303;-4087.663749675449;-3811.5668580673364;-3977.678154795566;123.48995852589458;38;-3928.9202817249075;-3984.690263304661;-4056.0540995470365;-4034.7647070314456;-3872.3851839628733;-3975.362907114185;67.65792024830014;-0.2301116275180432;-0.23229451192997289;-0.23494751095754607;-0.23815085767844787;-0.22881511877635735;-0.2328639253720735;0.003364080620289394;38;-0.23196015109837778;-0.2310401199294067;-0.23730955742209162;-0.23478702548644914;-0.2279956236865633;-0.23261849552457772;0.0031938758540521785;-2491.383211976852;-2544.1392418056694;-2573.1188075933787;-2626.4162900527435;-2469.325610333532;-2540.876632352435;56.45597034259832;38;-2511.087469514625;-2537.0119756731383;-2612.605386709215;-2578.071706468352;-2472.9183841516315;-2542.3389845033926;49.06821509560997;-6291.077623388244;-6711.1538947410845;-7151.785024535546;-6934.1075505371;-6208.987915100509;-6659.422401660498;363.07523549730047;38;-6595.235552204783;-6699.504893939088;-6719.414287080864;-6733.092548448356;-6525.342446596054;-6654.517945653829;80.75895068761751;0.058239907537444124;-0.11802513479971198;Huber;False;3389.838033914566;;;;;;;;;;;;;;;;;;;;;;;;;;;;;;;;1000.0;;;;True;1.1;10.0;;3975.362907114185;3977.678154795566
230;31.111500406265257;0.10848388376939065;6.823809862136841;0.05890278791303938;StandardScaler();;;;;;0.3;13;{'scaler__scaler': StandardScaler(), 'regressor__max_iter': 2000, 'regressor__fit_intercept': True, 'regressor__epsilon': 1.2, 'regressor__alpha': 0.1, 'feature_selection__spearman_thr': 0.3, 'feature_selection__rfe_k': 13};0.8089704125126216;0.791292806000967;0.771518671033186;0.7804463885217451;0.8050233428655942;0.7914503241868227;0.014209592116137535;22;0.7901363691750304;0.7935292084452648;0.7957407732598459;0.7953422094513608;0.7906993676850966;0.7930895856033197;0.0023121854338678353;-2541.9046989057165;-2559.716898094938;-2615.856738333535;-2572.520707701219;-2525.4029551855147;-2563.0803996441846;30.834314025247327;10;-2555.876486419674;-2550.0336261808575;-2583.0163698558913;-2545.6793473112916;-2560.2300181639685;-2558.967169586337;13.006810225129204;-0.1748924887387938;-0.17423305431715466;-0.17168566316777534;-0.17170350138147616;-0.17150616335284982;-0.17280417419160995;0.0014525932496127361;3;-0.1725469124874119;-0.17191668638867907;-0.17562153709489345;-0.1721607878851708;-0.17319042220855532;-0.17308726921294212;0.0013381906760987629;-1669.1222158524179;-1713.7293318964294;-1713.0272785315665;-1679.5598168121123;-1685.0606114620123;-1692.099850910908;18.113899274424224;4;-1692.0548574721179;-1678.835119352505;-1734.4572358382766;-1680.4982289033196;-1687.709509357337;-1694.7109901847114;20.444489116822066;-4171.234155279634;-4443.6007648522;-4802.451420820223;-4612.5813904043;-4199.6300784236655;-4445.899561956005;241.2496999403322;22;-4482.359182949678;-4425.481080958327;-4364.694511293596;-4392.663932807964;-4479.939316279077;-4429.027604857728;46.71167088827288;0.16073789874030875;-0.20669309574276293;Huber;False;3389.838033914566;;;;;;;;;;;;;;;;;;;;;;;;;;;;;;;;2000.0;;;;True;1.2;0.1;;2558.967169586337;2563.0803996441846
231;30.3971408367157;0.13978764365417476;6.825506210327148;0.05808795889103907;MinMaxScaler(feature_range=(-1, 1));;;;;;0.25;10;{'scaler__scaler': MinMaxScaler(feature_range=(-1, 1)), 'regressor__max_iter': 1000, 'regressor__fit_intercept': True, 'regressor__epsilon': 2.0, 'regressor__alpha': 10.0, 'feature_selection__spearman_thr': 0.25, 'feature_selection__rfe_k': 10};0.4407003851707957;0.42702961686868246;0.3684383305370831;0.4201522266466515;0.4424012476101856;0.41974436136667964;0.026974208159771553;39;0.42554179433586325;0.4268070737220344;0.3897123463769271;0.43019770106745514;0.42332936586796244;0.4191176562740484;0.014869934976318881;-4637.080458020702;-4710.336134241928;-5019.631541097457;-4701.816109839929;-4651.362674383989;-4744.045383516801;140.64063079395305;39;-4704.386843892036;-4688.468192118848;-4930.412827038335;-4685.243095617282;-4709.358744546109;-4743.573940642522;93.86608404209538;-0.33160856801033306;-0.33638922544119876;-0.3496034277948421;-0.33508305697377805;-0.33389268720516446;-0.33731539308506325;0.0063422342438746665;39;-0.3337506722965624;-0.3316619723001009;-0.3555345506285488;-0.33217765734395455;-0.3335128687149463;-0.33732754425682254;0.009137405368506787;-3477.276313848437;-3501.0205913931986;-3737.581016435739;-3472.1652248127757;-3528.1256015686267;-3543.2337496117557;99.17881380174512;39;-3499.5514363626944;-3483.5502562424654;-3753.100968918;-3491.2645059656497;-3491.080316888554;-3543.7094968754727;104.81809458633911;-7137.342062720157;-7362.620406304675;-7984.459170119117;-7496.020174794812;-7101.999283519843;-7416.488219491721;318.9495074953193;39;-7415.9583541260345;-7373.6341892758455;-7544.497218646918;-7329.526782832546;-7436.195161354449;-7419.962341247158;72.26805648599482;0.009938558567408651;0.1495296328488384;Huber;False;3389.838033914566;;;;;;;;;;;;;;;;;;;;;;;;;;;;;;;;1000.0;;;;True;2.0;10.0;;4743.573940642522;4744.045383516801
232;30.82592730522156;0.09122426511504389;6.8494854927062985;0.048580901237591546;StandardScaler();;;;;;0.3;6;{'scaler__scaler': StandardScaler(), 'regressor__max_iter': 1000, 'regressor__fit_intercept': True, 'regressor__epsilon': 1.35, 'regressor__alpha': 0.0001, 'feature_selection__spearman_thr': 0.3, 'feature_selection__rfe_k': 6};0.8053120570148271;0.7811042633458419;0.7641765980252594;0.7707523510538032;0.8027656140463366;0.7848221766972137;0.01661219390301085;28;0.7889224027469938;0.7838420870572897;0.7869840381217397;0.78576414286675;0.7891784799822118;0.7869382301549971;0.0019961133021393174;-2646.26743332053;-2697.250978259027;-2713.0214940392507;-2720.227866739189;-2614.4658673995377;-2678.2467279515067;41.04518329344709;29;-2645.2429959957794;-2689.308072930653;-2685.776348016594;-2681.422556926339;-2653.6569888918825;-2671.08139255225;18.035109391718702;-0.18519027247229633;-0.18770013296138324;-0.18242433442165956;-0.18568044182104732;-0.18003067408445914;-0.1842051711521691;0.0026817684998629234;29;-0.18132212680691834;-0.18592518363130742;-0.18711042207509354;-0.18573530126562776;-0.18240754719052385;-0.1845001161938942;0.0022292894712724223;-1806.786187972264;-1835.2535660285212;-1813.5211495105232;-1851.80407563903;-1804.994895760129;-1822.4719749820936;18.195332849375657;31;-1801.644172862112;-1827.5857396474858;-1832.500518007636;-1821.1777869940124;-1805.942258221814;-1817.7700951466118;12.040661893802145;-4210.985822993143;-4550.7709260098145;-4879.002857307477;-4713.312065392159;-4223.874866730906;-4515.5893076867;264.6817111853657;28;-4495.304701816091;-4528.107683672663;-4457.27145886348;-4494.277849580375;-4496.186643685513;-4494.229667523625;22.443782842917102;0.26825597375040616;-0.2688970209728718;Huber;False;3389.838033914566;;;;;;;;;;;;;;;;;;;;;;;;;;;;;;;;1000.0;;;;True;1.35;0.0001;;2671.08139255225;2678.2467279515067
233;30.680993700027464;0.2176154410463187;6.880400991439819;0.060506435163328466;MinMaxScaler(feature_range=(-1, 1));;;;;;0.3;6;{'scaler__scaler': MinMaxScaler(feature_range=(-1, 1)), 'regressor__max_iter': 500, 'regressor__fit_intercept': True, 'regressor__epsilon': 1.35, 'regressor__alpha': 1.0, 'feature_selection__spearman_thr': 0.3, 'feature_selection__rfe_k': 6};0.6791551339296507;0.6562672132567161;0.6379711178794776;0.6452008149634858;0.6923957981305784;0.6621980156319818;0.02054493490319964;35;0.6561625735028813;0.6588328925678001;0.6615529551200445;0.661848690976069;0.6740409580329665;0.6624876140399523;0.006133917088348093;-3339.8374346955284;-3396.04560409351;-3440.0354543904728;-3431.248791338814;-3266.2059478429114;-3374.674646472248;64.66602943659662;35;-3388.4405623499742;-3387.753066832606;-3387.9750562562417;-3378.594564278201;-3323.1132193718972;-3373.175293817784;25.298824667620362;-0.21097169614691025;-0.21137940126186539;-0.2088975963917005;-0.21241045678515505;-0.2076176352378279;-0.21025535716469182;0.0017448302108852873;36;-0.21047180411637045;-0.21051171004763303;-0.21201926526919962;-0.2106040982598664;-0.20807757928689136;-0.21033689139599215;0.001269254550258812;-2250.3193048930443;-2274.05073102403;-2258.8624273395;-2292.669098202865;-2222.1567781781932;-2259.6116679275265;23.62650366800699;36;-2260.540012299345;-2260.424775165544;-2271.011857243794;-2258.35105426906;-2220.728233998012;-2254.211186595151;17.315726210240786;-5405.822707773465;-5702.651118620091;-6045.179932444348;-5863.609727498515;-5274.919779152392;-5658.436653097762;284.4363800618232;35;-5737.393504541875;-5688.722561381646;-5618.344611691748;-5646.370526701596;-5590.728178978234;-5656.31187665902;51.89652765624892;0.04444929551130994;-0.04371378450450971;Huber;False;3389.838033914566;;;;;;;;;;;;;;;;;;;;;;;;;;;;;;;;500.0;;;;True;1.35;1.0;;3373.175293817784;3374.674646472248
234;30.978275060653687;0.04404746326322755;6.817597341537476;0.02028026871302376;MinMaxScaler(feature_range=(-1, 1));;;;;;0.25;9;{'scaler__scaler': MinMaxScaler(feature_range=(-1, 1)), 'regressor__max_iter': 1000, 'regressor__fit_intercept': True, 'regressor__epsilon': 1.2, 'regressor__alpha': 1e-05, 'feature_selection__spearman_thr': 0.25, 'feature_selection__rfe_k': 9};0.8136511032371421;0.7966095252052777;0.7782984641717554;0.7863151635333189;0.8097178433160562;0.79691841989271;0.013439011453796296;11;0.7957560712653964;0.7989837220546931;0.8003307317761175;0.8006619379989517;0.7963748341270034;0.7984214594444324;0.002013662015710808;-2547.1623865683905;-2557.413651034149;-2631.524541342185;-2574.180100810373;-2524.9860451898926;-2567.053344988998;35.95985941732803;12;-2554.8885532806607;-2551.1153600817847;-2608.1659118093144;-2545.1107291272215;-2560.2333732245797;-2563.902785504712;22.67423626572503;-0.1782529014128202;-0.17641652091877646;-0.17686400470161254;-0.17419028431623515;-0.1737614341829995;-0.1758970291064888;0.0016869375403155496;11;-0.17492530820089433;-0.17451774483005236;-0.18155064091210948;-0.17468972552407688;-0.175798337568321;-0.17629635140709082;0.0026638327103355366;-1687.7179861934856;-1715.376367986686;-1741.0604841867607;-1695.5594918292609;-1700.8436643329878;-1708.1115989058362;18.786610207975066;10;-1702.0952257363788;-1695.2133278763813;-1772.702713556354;-1696.7508441138598;-1699.1364820599229;-1713.1797186685792;29.85218422713302;-4119.814521004081;-4386.63630188221;-4730.662586579209;-4550.51554443652;-4148.764277853574;-4387.278646351118;233.66017642592323;11;-4421.937922868159;-4366.633987060405;-4315.375820684874;-4335.198157324093;-4418.7821053824455;-4371.585598663995;43.060353654807976;0.12288139402547123;-0.1882513970464106;Huber;False;3389.838033914566;;;;;;;;;;;;;;;;;;;;;;;;;;;;;;;;1000.0;;;;True;1.2;1,00E-05;;2563.902785504712;2567.053344988998
235;30.8614230632782;0.12439090637040535;6.9568287372589115;0.07854156023378789;MinMaxScaler(feature_range=(-1, 1));;;;;;0.2;12;{'scaler__scaler': MinMaxScaler(feature_range=(-1, 1)), 'regressor__max_iter': 1000, 'regressor__fit_intercept': True, 'regressor__epsilon': 2.0, 'regressor__alpha': 0.01, 'feature_selection__spearman_thr': 0.2, 'feature_selection__rfe_k': 12};0.8203837009070539;0.8035868749110789;0.7855672083673156;0.7940755972449025;0.815927470989494;0.803908170483969;0.01303134917094458;3;0.8023783549891383;0.8058076800289043;0.808140138768596;0.8077112794097459;0.8032159589957715;0.8054506824384312;0.0023196597215555375;-2542.1835246911114;-2546.192097241397;-2593.344879036615;-2556.817391479502;-2524.6060718670446;-2552.628792863134;22.85235918408603;5;-2549.608381115115;-2538.807784237444;-2568.81469755928;-2535.6822536065515;-2553.8426951577057;-2549.351162335219;11.807380061298511;-0.1820817528451167;-0.1802955166536519;-0.17691657213801146;-0.17776827689532404;-0.1785416043521346;-0.17912074457684773;0.001853138298496275;17;-0.1791466063861607;-0.17807672380466916;-0.1813151378649853;-0.17856004999890446;-0.1800539247804694;-0.17943048856703778;0.0011499136588297822;-1716.4241279098806;-1736.907696549053;-1735.3050898234033;-1714.423085508215;-1734.8518502404922;-1727.5823700062087;9.971164370940947;13;-1724.6872223904056;-1719.5171862546595;-1758.0470491292508;-1723.9091993810252;-1724.1596955255445;-1730.0640705361773;14.11338682367584;-4044.707523906156;-4310.737485759338;-4652.466151373658;-4467.120394207304;-4080.5078443304874;-4311.107879915389;230.22208295213446;3;-4349.660078615338;-4291.876358298721;-4230.1432413997445;-4257.853773594224;-4343.9197991862775;-4294.690650218861;46.85379572675864;0.12856724394581062;-0.19150917468868245;Huber;False;3389.838033914566;;;;;;;;;;;;;;;;;;;;;;;;;;;;;;;;1000.0;;;;True;2.0;0.01;;2549.351162335219;2552.628792863134
236;30.98419690132141;0.06947429955936318;6.857014274597168;0.028096043338679592;RobustScaler();;;;;;0.2;10;{'scaler__scaler': RobustScaler(), 'regressor__max_iter': 1000, 'regressor__fit_intercept': True, 'regressor__epsilon': 1.5, 'regressor__alpha': 1.0, 'feature_selection__spearman_thr': 0.2, 'feature_selection__rfe_k': 10};0.7944388204736167;0.7759976139951935;0.755729060055969;0.7655720061930759;0.7973089504164615;0.7778092902268633;0.01610805934573838;33;0.7738949708879299;0.7789845116434065;0.7805247044578997;0.7802895426119861;0.7815919757435461;0.7790571410689537;0.0027111332944975536;-2614.193332575494;-2624.172863311526;-2682.7110606117835;-2641.685677285384;-2560.861384775807;-2624.724863711999;39.597550485671306;21;-2628.826666534812;-2617.498745430697;-2647.371825411786;-2614.9031671673238;-2601.689801933273;-2622.0580412955783;15.31957265204237;-0.1776529860048887;-0.17554476620069218;-0.17289943416806505;-0.17426804564037007;-0.17103834620045313;-0.17428071564289385;0.0022534901752615526;6;-0.1747092276056698;-0.17400243336791116;-0.1772457736981906;-0.17428807907357655;-0.17245852562516195;-0.17454080787410203;0.0015514395660321959;-1703.3641135824255;-1713.3714468301478;-1732.6268310776104;-1710.4955188658823;-1711.845574152927;-1714.3406969017985;9.7654345712227;11;-1716.7521831138938;-1702.5851248006184;-1756.5413225612228;-1708.207211339839;-1710.7596384822464;-1718.969096059564;19.32994970479241;-4326.97914048657;-4603.547678230047;-4965.62048651038;-4766.26829533691;-4281.904858154247;-4588.864091743631;259.39966805800003;33;-4652.572771232057;-4578.7036119633085;-4524.346226329327;-4551.339179788865;-4576.370275897782;-4576.666413042268;42.76653778887892;0.10170722289210771;-0.16017449507981615;Huber;False;3389.838033914566;;;;;;;;;;;;;;;;;;;;;;;;;;;;;;;;1000.0;;;;True;1.5;1.0;;2622.0580412955783;2624.724863711999
237;30.90036268234253;0.09515373093651748;6.854745483398437;0.03619731754965042;StandardScaler();;;;;;0.25;9;{'scaler__scaler': StandardScaler(), 'regressor__max_iter': 2000, 'regressor__fit_intercept': True, 'regressor__epsilon': 2.0, 'regressor__alpha': 1e-06, 'feature_selection__spearman_thr': 0.25, 'feature_selection__rfe_k': 9};0.8158281080442025;0.7986920874369003;0.781802734725732;0.7894104921699328;0.8148926273942616;0.8001252099542058;0.013544221957114742;6;0.7981615497138634;0.8014630169460973;0.8049882699038471;0.8032891512788223;0.802071254520832;0.8019946484726924;0.0022635659234828687;-2570.7198597708707;-2584.989579728566;-2610.8321259534;-2595.094650113374;-2532.0621809416;-2578.7396793015623;26.756598498885634;16;-2580.0177699322962;-2573.932812142574;-2574.8009524261556;-2570.4451077181275;-2561.501776928563;-2572.139683829543;6.138380108204561;-0.1844952392892054;-0.18290397525803245;-0.17766061613362627;-0.18068404675585242;-0.17785161357479318;-0.18071909820230192;0.0027059541206075855;23;-0.1812532204446505;-0.1807989299626509;-0.18150683591015504;-0.1811763680602696;-0.1795815980052739;-0.1808633904766;0.0006798663832312346;-1724.505221725689;-1758.9719426800002;-1762.5379372175776;-1739.878058910016;-1740.5909051941808;-1745.2968131454927;13.914483590369851;20;-1742.058683395113;-1731.0188156413878;-1755.4655519409598;-1736.5043298406417;-1737.4304594066452;-1740.4955680449493;8.266528375700037;-4095.6791363121843;-4364.120624662759;-4693.126645412919;-4517.437104290705;-4091.961941087183;-4352.465090353149;235.4582039040522;6;-4395.821158631946;-4339.621839386814;-4264.748040833125;-4306.535124056719;-4356.535898605309;-4332.652412302782;44.5025858903907;0.2565955306981116;-0.2330986275340835;Huber;False;3389.838033914566;;;;;;;;;;;;;;;;;;;;;;;;;;;;;;;;2000.0;;;;True;2.0;1,00E-06;;2572.139683829543;2578.7396793015623
238;30.99326205253601;0.13466051944870802;6.899645185470581;0.09766169828608302;RobustScaler();;;;;;0.2;10;{'scaler__scaler': RobustScaler(), 'regressor__max_iter': 1000, 'regressor__fit_intercept': True, 'regressor__epsilon': 2.0, 'regressor__alpha': 0.1, 'feature_selection__spearman_thr': 0.2, 'feature_selection__rfe_k': 10};0.8180072688126093;0.79737687661919;0.7804183469277834;0.7881562295342892;0.8140114695961846;0.7995940382980112;0.014493831777504627;7;0.7999450232108789;0.8001697822006724;0.8031186397381408;0.8021592786751423;0.8007760180212329;0.8012337483692133;0.0012175200559199236;-2550.9794798055136;-2585.0900145611904;-2619.7273472669235;-2595.7253783522797;-2532.0268452735677;-2576.709813051895;31.435474895155046;15;-2559.802330023973;-2574.82465325085;-2590.189324802593;-2570.3629457545553;-2563.811080170411;-2571.7980668004766;10.556020321110166;-0.18078286344348346;-0.18213322311057428;-0.17812035655309977;-0.1799808983899251;-0.1771479503541627;-0.17963305837024907;0.0017976594089934136;20;-0.1780704598408574;-0.18009459821354423;-0.18221760417815877;-0.18039620215095697;-0.17886590921134363;-0.1799289547189722;0.0014189956476532003;-1730.7304347254503;-1750.542285947784;-1753.4313275891873;-1736.0954250764134;-1733.9582264863584;-1740.9515399650386;9.216146539533288;18;-1736.3977245262731;-1729.4329880770847;-1769.2137365575163;-1737.3694348658937;-1732.5134529500829;-1740.98546739537;14.395784542277116;-4071.376563317678;-4378.35353330094;-4707.991255037338;-4530.869969401055;-4101.689763750547;-4358.056216961511;245.21014950497735;7;-4376.357013100979;-4353.732661879111;-4285.142920719741;-4318.885406088846;-4370.767138519881;-4340.977028061712;34.37262725087811;0.1909849110948596;-0.20464815349322102;Huber;False;3389.838033914566;;;;;;;;;;;;;;;;;;;;;;;;;;;;;;;;1000.0;;;;True;2.0;0.1;;2571.7980668004766;2576.709813051895
239;31.6290367603302;0.2585342163793925;6.928539180755616;0.0853575376039061;MinMaxScaler();;;;;;0.2;10;{'scaler__scaler': MinMaxScaler(), 'regressor__max_iter': 1000, 'regressor__fit_intercept': True, 'regressor__epsilon': 1.1, 'regressor__alpha': 0.0001, 'feature_selection__spearman_thr': 0.2, 'feature_selection__rfe_k': 10};0.8120768675728265;0.7951788074067501;0.7728336372450503;0.7855447891343983;0.8074928309608392;0.7946253864639728;0.014337148791826121;18;0.7945357828412818;0.7979167158931725;0.7958101702890493;0.7996454973103375;0.7953154134330321;0.7966447159533747;0.0018726336068145533;-2587.6687426050944;-2601.1800412236626;-2632.8767570535456;-2609.412554444529;-2569.8659450263735;-2600.200808070641;21.122449628323942;18;-2591.0674148090516;-2587.0396817101355;-2609.7407858788893;-2583.202895598386;-2596.3286231758834;-2593.4758802344686;9.224368470469344;-0.18289566193434223;-0.18088808823047764;-0.17590066870053742;-0.1785739766313636;-0.17811506235068367;-0.17927469156948092;0.002405587114974723;19;-0.17906390829045593;-0.17879811470521478;-0.18073426568805828;-0.17901055519461706;-0.1800381197245224;-0.1795289927205737;0.0007390746783772098;-1734.1731111185327;-1749.0740605285391;-1725.6662274566625;-1724.6053307547809;-1729.50779316634;-1732.605304604971;8.892951021122068;17;-1727.25124134829;-1722.4942640967547;-1766.2812348108337;-1726.2131040664422;-1725.3389508207874;-1733.5157590286217;16.458936159420684;-4137.179580468682;-4402.037810581997;-4788.6118353172515;-4558.710900805554;-4172.950001231501;-4411.898025680997;243.36430348059935;18;-4435.128042649509;-4378.2078230499965;-4363.9529962860415;-4346.2368641173925;-4430.262208895549;-4390.757586999697;35.74193590221111;0.25930173044695426;-0.2534793050105478;Huber;False;3389.838033914566;;;;;;;;;;;;;;;;;;;;;;;;;;;;;;;;1000.0;;;;True;1.1;0.0001;;2593.4758802344686;2600.200808070641
240;90.73366136550904;5.823759147479564;6.845089149475098;0.05488453950071468;MinMaxScaler(feature_range=(-1, 1));;;;;;0.2;8;{'scaler__scaler': MinMaxScaler(feature_range=(-1, 1)), 'regressor__min_samples_split': 8, 'regressor__min_samples_leaf': 7, 'regressor__min_impurity_decrease': 0.0005, 'regressor__max_leaf_nodes': None, 'regressor__max_features': 'sqrt', 'regressor__max_depth': 15, 'regressor__criterion': 'absolute_error', 'feature_selection__spearman_thr': 0.2, 'feature_selection__rfe_k': 8};0.8885879441454433;0.8832516542394748;0.8439822511835159;0.8786410029147571;0.8873588278985645;0.8763643360763511;0.016562084591231083;5;0.8877583673018283;0.9027238891025331;0.9011004153172885;0.8938790837287618;0.8956399547610017;0.8962203420422826;0.005357883834674065;-1785.3673576834485;-1767.1820993747942;-1831.6465613688713;-1780.8731407134396;-1775.943530340924;-1788.2025378962958;22.54454961744837;5;-1586.1116851492316;-1555.4352726315444;-1542.0083582875382;-1579.5500913144342;-1601.1957090442422;-1572.860223285398;21.348169982926503;-0.11167186562327223;-0.11051377204386768;-0.10775865169834059;-0.1110249794364435;-0.11149446958394259;-0.11049274767717332;0.0014249743436535278;5;-0.09685222141954498;-0.09640186445889008;-0.0943091725145285;-0.09610063370406835;-0.09916974356975838;-0.09656672713335807;0.001561933237937786;-1046.0;-1010.0;-1005.0;-1002.5;-1039.0;-1020.5;18.259244234085923;5;-946.0;-913.0;-899.0;-915.0;-982.5;-931.1;29.937267744401794;-3185.52006630418;-3323.4694506253372;-3968.483929363246;-3429.3336363354465;-3192.0398750393124;-3419.769391533504;288.85507663059235;5;-3278.046058015631;-3037.6258269845493;-3037.108062053442;-3163.1102766027643;-3163.3991266584085;-3135.8578700629596;90.68600127870512;13.691128520059445;-2.215527257580896;Decision Tree;False;6782.166189193726;;;;;;;;;;;;;;;8.0;7.0;0.0005;;sqrt;15;absolute_error;;;;;;;;;;;;;;;;;;;1572.860223285398;1788.2025378962958
241;112.03158159255982;8.32052038937877;7.1954535961151125;0.48756242848436404;RobustScaler();;;;;;0.3;8;{'scaler__scaler': RobustScaler(), 'regressor__min_samples_split': 7, 'regressor__min_samples_leaf': 7, 'regressor__min_impurity_decrease': 0.001, 'regressor__max_leaf_nodes': 100, 'regressor__max_features': 0.5, 'regressor__max_depth': 10, 'regressor__criterion': 'absolute_error', 'feature_selection__spearman_thr': 0.3, 'feature_selection__rfe_k': 8};0.8503136935686897;0.825033479033133;0.8203575549393028;0.8297022775921328;0.8670584033501155;0.8384930816966747;0.017567247579661185;10;0.8354146163146101;0.8393308197047116;0.8545091110901644;0.849226164716071;0.85192717074563;0.8460815765142374;0.00740863689631821;-2259.876999012833;-2270.1767028627837;-2237.81076011846;-2265.967849150981;-2166.6834605765434;-2240.10315434432;38.36694461421035;10;-2248.997844614828;-2221.9531573924774;-2162.3516897561617;-2194.4808568749077;-2172.5323055660674;-2200.0631708408882;31.8905640783899;-0.14332549358318858;-0.14049732503478;-0.1360898360458268;-0.1427903020707548;-0.1395135019762038;-0.1404432917421508;0.002593667289398676;9;-0.14049039848695152;-0.13744498722922596;-0.1364081835914547;-0.13806114557275675;-0.13765767754605243;-0.13801247848528825;0.0013538203838482955;-1498.0;-1495.0;-1485.0;-1491.0;-1494.0;-1492.6;4.409081537009721;11;-1495.0;-1464.0;-1460.0;-1490.0;-1480.0;-1477.8;13.833293172632466;-3692.370623848117;-4068.588820871454;-4258.35732680118;-4062.3577775998037;-3467.769101836525;-3909.8887301914156;287.2792315453707;10;-3969.480709261119;-3903.889047614246;-3683.671630204934;-3770.307992458138;-3768.1184678548184;-3819.093569478651;103.07682578701628;1.8199469921642337;-0.8968987185404155;Decision Tree;False;6782.166189193726;;;;;;;;;;;;;;;7.0;7.0;0.001;;0.5;10;absolute_error;;;;;;;;;;;;;;;;;;100;2200.0631708408882;2240.10315434432
242;65.67837142944336;5.457076860337127;7.082339239120484;0.15733536743315057;StandardScaler();;;;;;0.25;8;{'scaler__scaler': StandardScaler(), 'regressor__min_samples_split': 6, 'regressor__min_samples_leaf': 6, 'regressor__min_impurity_decrease': 0.001, 'regressor__max_leaf_nodes': 50, 'regressor__max_features': 0.2, 'regressor__max_depth': 5, 'regressor__criterion': 'absolute_error', 'feature_selection__spearman_thr': 0.25, 'feature_selection__rfe_k': 8};0.6974904269784624;0.6890896097287995;0.6331234145599454;0.5521138904558827;0.7356735052537549;0.661498169395369;0.06376324619463332;38;0.6760998373173441;0.7003112992023228;0.6641497471749491;0.5693074298442031;0.7152741642889395;0.6650284955655519;0.05109867451838861;-3518.879335307667;-3430.5657124053964;-3491.0662717999344;-3962.448137422667;-3140.0325128340132;-3508.5983939539356;263.94036100010754;38;-3547.220309980585;-3398.863601961236;-3383.3771924051466;-3887.9624376840684;-3235.285197189819;-3490.5417478441714;221.90119204078445;-0.2592484238472867;-0.23580163819472938;-0.2264063095136653;-0.2467255612980331;-0.2188254142149933;-0.23740146941374157;0.01437185398890917;38;-0.256451480789252;-0.23229728651715456;-0.2296343367771485;-0.2417813503183549;-0.2219981981773301;-0.23643253051584803;0.01184089417590681;-2491.0;-2476.0;-2230.0;-2610.0;-2179.5;-2397.3;164.70628403312364;38;-2491.0;-2490.0;-2201.0;-2591.0;-2218.0;-2398.2;158.47447744037524;-5249.087500155393;-5423.55365812794;-6085.51896281318;-6588.060013732215;-4889.788511777426;-5647.201729321231;609.8400593341937;38;-5568.569529544106;-5331.708062198149;-5596.749259950851;-6372.31927774665;-5225.168490126397;-5618.902923913231;402.03684671539844;0.517302109935122;-0.5308533684982393;Decision Tree;False;6782.166189193726;;;;;;;;;;;;;;;6.0;6.0;0.001;;0.2;5;absolute_error;;;;;;;;;;;;;;;;;;50;3490.5417478441714;3508.5983939539356
243;97.58776741027832;6.38843158741078;6.896834182739258;0.051379474747689016;MinMaxScaler(feature_range=(-1, 1));;;;;;0.25;14;{'scaler__scaler': MinMaxScaler(feature_range=(-1, 1)), 'regressor__min_samples_split': 6, 'regressor__min_samples_leaf': 5, 'regressor__min_impurity_decrease': 0.001, 'regressor__max_leaf_nodes': 20, 'regressor__max_features': 'sqrt', 'regressor__max_depth': 10, 'regressor__criterion': 'absolute_error', 'feature_selection__spearman_thr': 0.25, 'feature_selection__rfe_k': 14};0.7814053219763308;0.6451380393721484;0.6462698414103281;0.7087534949829768;0.6863191792271952;0.6935771753937958;0.05016197018438894;33;0.7512148249175639;0.6433532841232649;0.6530973318415849;0.7156527312385687;0.6674750587159739;0.6861586461673912;0.04093075472671747;-2891.8963474827247;-3264.189963803883;-3676.149292530438;-3377.704422798473;-3254.763261813874;-3292.940657685879;251.8548821826098;35;-2946.8280463325545;-3237.450607127579;-3663.9494389417223;-3340.4148801395218;-3317.5776337221737;-3301.2441212527106;229.3628767117681;-0.20186171543815157;-0.2086484093677126;-0.25430936145128913;-0.24203546052699568;-0.2178419025006478;-0.22493936985695934;0.02001609498608123;36;-0.20178449522159592;-0.20201450814113095;-0.26159014547847403;-0.23925356485498853;-0.21975487733085042;-0.22487951820540797;0.022964033129316733;-1953.5;-2004.0;-2499.0;-2260.5;-2096.0;-2162.6;198.0210594861062;35;-1944.5;-2000.0;-2500.0;-2295.0;-2051.0;-2158.1;208.6759209875447;-4462.045999841945;-5794.234225861895;-5975.491964996803;-5312.563218303054;-5326.767119297987;-5374.220505660336;524.6055026392113;33;-4880.342620320734;-5816.346776680932;-5688.094864313441;-5177.717700219079;-5646.755372922535;-5441.851466891344;354.38030137375034;-0.251525281434822;1.0811682207666655;Decision Tree;False;6782.166189193726;;;;;;;;;;;;;;;6.0;5.0;0.001;;sqrt;10;absolute_error;;;;;;;;;;;;;;;;;;20;3301.2441212527106;3292.940657685879
244;81.91498966217041;5.279160458506424;7.044816780090332;0.20226897494350693;MinMaxScaler(feature_range=(-1, 1));;;;;;0.25;11;{'scaler__scaler': MinMaxScaler(feature_range=(-1, 1)), 'regressor__min_samples_split': 5, 'regressor__min_samples_leaf': 7, 'regressor__min_impurity_decrease': 0.001, 'regressor__max_leaf_nodes': 100, 'regressor__max_features': 0.2, 'regressor__max_depth': None, 'regressor__criterion': 'absolute_error', 'feature_selection__spearman_thr': 0.25, 'feature_selection__rfe_k': 11};0.7962644606902989;0.7908807755301306;0.7738770654485487;0.7002239593251284;0.8209905590853209;0.7764473640158854;0.040992074289824744;19;0.7733710274422324;0.8059052626096895;0.8050145902929902;0.7188879326148296;0.8108884133586832;0.782813445263685;0.03461201272455128;-2697.0501809805855;-2614.7402105955907;-2657.114083580125;-2961.251744109517;-2484.698565223114;-2682.9709568977864;156.38054547869368;19;-2715.7825035374644;-2551.6488861101057;-2544.1502517358253;-2898.514273021932;-2486.4842462034585;-2639.3160321217574;150.41971836815972;-0.1774321642846938;-0.18278025731364922;-0.17284719558399594;-0.19712151838604722;-0.16781179630763013;-0.17959858637520326;0.010063590399098111;19;-0.17784800620363916;-0.1766881048777201;-0.17267417876763047;-0.1919444216155613;-0.16673507579866695;-0.17717795745264361;0.008343562601564674;-1700.0;-1654.0;-1703.5;-1877.5;-1555.0;-1698.0;104.53659646267425;15;-1690.0;-1599.5;-1651.0;-1815.0;-1538.0;-1658.7;93.31859407427868;-4307.72179615476;-4447.984888200841;-4777.601570845285;-5389.7945324334405;-4023.997438099129;-4589.420045146691;467.98977300356825;19;-4657.960255240921;-4290.797878473796;-4264.460228362121;-5148.178329042967;-4258.394872416985;-4523.958312707358;346.36227683929013;1.6540241579533255;-0.8132309538520016;Decision Tree;False;6782.166189193726;;;;;;;;;;;;;;;5.0;7.0;0.001;;0.2;;absolute_error;;;;;;;;;;;;;;;;;;100;2639.3160321217574;2682.9709568977864
245;98.7841474056244;10.335342811901905;7.075962686538697;0.2122107397667488;RobustScaler();;;;;;0.2;8;{'scaler__scaler': RobustScaler(), 'regressor__min_samples_split': 10, 'regressor__min_samples_leaf': 7, 'regressor__min_impurity_decrease': 0.001, 'regressor__max_leaf_nodes': 50, 'regressor__max_features': 'sqrt', 'regressor__max_depth': 10, 'regressor__criterion': 'absolute_error', 'feature_selection__spearman_thr': 0.2, 'feature_selection__rfe_k': 8};0.815578904356733;0.7775144796061202;0.7654022122239261;0.7857925512558188;0.8178059271482997;0.7924188149181796;0.020865467224785897;16;0.7938394480085152;0.79053875903303;0.7903911863874765;0.7977411371858131;0.8006062273266047;0.794623351588288;0.004018084433759028;-2629.858604804212;-2736.5715037841396;-2798.284205330701;-2628.170363301303;-2562.142819534027;-2671.005499350876;84.70864041096041;17;-2660.638191450854;-2693.5620948369474;-2743.703297245714;-2593.430856052255;-2608.873344411721;-2660.0415567994983;55.09707917978363;-0.181659974253209;-0.17871689504503893;-0.18021709256646312;-0.17258238401010148;-0.17255863707254052;-0.1771469965894706;0.0038508640307983086;18;-0.17952100971136883;-0.1748018343491421;-0.18084997099381322;-0.1714269831336796;-0.17263529604478686;-0.17584701884655815;0.0037275200537251244;-1800.0;-1806.0;-1995.0;-1699.0;-1800.0;-1820.0;96.18939650502024;20;-1772.75;-1800.0;-1990.0;-1705.0;-1798.0;-1813.15;94.87565546545646;-4098.449139111867;-4587.934396098343;-4866.307838791694;-4556.076778996916;-4059.633705790974;-4433.680371757959;309.26771490883726;16;-4442.637189394663;-4457.41441481405;-4421.481178741156;-4366.843402364001;-4372.629257551847;-4412.201088573143;36.55125356300627;0.412171852103296;-0.27743164930932807;Decision Tree;False;6782.166189193726;;;;;;;;;;;;;;;10.0;7.0;0.001;;sqrt;10;absolute_error;;;;;;;;;;;;;;;;;;50;2660.0415567994983;2671.005499350876
246;96.79161610603333;2.9638667288588727;6.881799983978271;0.12775652375346927;StandardScaler();;;;;;0.3;7;{'scaler__scaler': StandardScaler(), 'regressor__min_samples_split': 8, 'regressor__min_samples_leaf': 6, 'regressor__min_impurity_decrease': 0.0005, 'regressor__max_leaf_nodes': 50, 'regressor__max_features': 0.5, 'regressor__max_depth': 15, 'regressor__criterion': 'absolute_error', 'feature_selection__spearman_thr': 0.3, 'feature_selection__rfe_k': 7};0.8424022144871742;0.7768787349506239;0.7942857636382711;0.8067287506437045;0.8175518020497378;0.8075694531539023;0.02205471343395901;14;0.8231794974152354;0.7866232948738845;0.8273534531981419;0.8207139676502969;0.7997136703465683;0.8115167766968254;0.01568697839217081;-2377.9211253701874;-2718.4937479434025;-2465.356169792695;-2493.3581347900486;-2462.0771028037384;-2503.441256140014;114.25061380910708;14;-2376.943055052815;-2663.5758827207214;-2404.780743032018;-2422.818243143191;-2510.94598463285;-2475.8127817163195;104.03703046003028;-0.15918676836614942;-0.18266285505725904;-0.15234131837680853;-0.16455245031333102;-0.1669192667495048;-0.16513253177261059;0.010097607572726361;14;-0.15673216602644177;-0.17580646135862443;-0.15555277258918287;-0.159164594249854;-0.16633728400142458;-0.16271865564510551;0.007539289355141107;-1549.0;-1800.0;-1641.0;-1602.0;-1609.0;-1640.2;85.19014027456464;14;-1535.0;-1740.0;-1548.0;-1600.0;-1649.0;-1614.4;74.6902938807982;-3788.692047559927;-4594.484651834496;-4556.903127829236;-4327.702286077661;-4062.4639167604005;-4266.049206012343;305.1503809323417;14;-4114.37975087803;-4498.882798670058;-4012.7486640689162;-4111.374763024639;-4382.40504658397;-4223.958204645122;184.38051578606758;1.1159355274247171;-0.48641305469866264;Decision Tree;False;6782.166189193726;;;;;;;;;;;;;;;8.0;6.0;0.0005;;0.5;15;absolute_error;;;;;;;;;;;;;;;;;;50;2475.8127817163195;2503.441256140014
247;96.80012769699097;11.101526938964097;6.9469568729400635;0.20190093318090446;StandardScaler();;;;;;0.25;10;{'scaler__scaler': StandardScaler(), 'regressor__min_samples_split': 6, 'regressor__min_samples_leaf': 6, 'regressor__min_impurity_decrease': 0.0005, 'regressor__max_leaf_nodes': 50, 'regressor__max_features': 'sqrt', 'regressor__max_depth': 5, 'regressor__criterion': 'absolute_error', 'feature_selection__spearman_thr': 0.25, 'feature_selection__rfe_k': 10};0.7651924308582889;0.7059827689053972;0.6945704247543251;0.7619952651731308;0.7709457174205041;0.7397373214223293;0.03254769118516984;29;0.748968243694456;0.7168556738760141;0.721345162562963;0.782298992578693;0.7571157040381825;0.7453167553500617;0.024103546822539505;-2836.0062520565975;-3128.860184271142;-3141.919052319842;-2904.7203501382123;-2983.5660787152824;-2999.0143835002154;120.81667278437432;29;-2829.4177333903717;-3114.518839053605;-3046.1123432821087;-2820.9275572154856;-3024.487141940473;-2967.092722976409;119.65896361118962;-0.17795855877530956;-0.2098261885616167;-0.19571088066309722;-0.1975987331134265;-0.19063622551955592;-0.19434611732660118;0.010338182300138615;27;-0.1750835923103872;-0.20539035641564746;-0.19513564080634416;-0.19354606978521574;-0.19168873025273125;-0.19216887791406517;0.009773877011838236;-1869.0;-2000.0;-2002.0;-1991.0;-2005.0;-1973.4;52.40839627387963;26;-1809.0;-2002.0;-1996.0;-1990.0;-2005.0;-1960.4;75.87516062585964;-4624.558709884808;-5274.152886530705;-5552.558802055112;-4802.49087455708;-4551.860412652126;-4961.124337135965;388.2575320096231;29;-4902.328346024101;-5182.449856895282;-5097.958598060848;-4530.478324921185;-4825.991791988174;-4907.841383577918;228.3361540035588;1.0758565203107213;-0.7485990201725513;Decision Tree;False;6782.166189193726;;;;;;;;;;;;;;;6.0;6.0;0.0005;;sqrt;5;absolute_error;;;;;;;;;;;;;;;;;;50;2967.092722976409;2999.0143835002154
248;83.12462863922119;1.7607358418701657;6.931942129135132;0.16691535363086898;MinMaxScaler(feature_range=(-1, 1));;;;;;0.25;6;{'scaler__scaler': MinMaxScaler(feature_range=(-1, 1)), 'regressor__min_samples_split': 10, 'regressor__min_samples_leaf': 5, 'regressor__min_impurity_decrease': 0.0001, 'regressor__max_leaf_nodes': 50, 'regressor__max_features': 'sqrt', 'regressor__max_depth': 10, 'regressor__criterion': 'absolute_error', 'feature_selection__spearman_thr': 0.25, 'feature_selection__rfe_k': 6};0.8036521120034557;0.7662270647113629;0.7817616198310049;0.7788029380152182;0.8054303503671751;0.7871748169856434;0.015119293213793412;18;0.7779574498928918;0.7773084445428923;0.8076347401926202;0.7960898195629216;0.7914716698470368;0.7900924248076725;0.01145680284709934;-2725.2111220796314;-2742.008292201382;-2548.7804540967422;-2558.984303014348;-2483.965545610109;-2611.789943400442;102.87749045032129;16;-2745.056550067459;-2710.4286583961302;-2481.480058573826;-2501.486401553168;-2518.924217246088;-2591.475177167334;112.42572342197097;-0.18314464075908113;-0.17625762261683245;-0.15558692499325352;-0.16295042603897045;-0.1583927731511075;-0.167266477511849;0.010646498343001146;16;-0.18276384361040615;-0.17390202722292417;-0.15629598274502862;-0.15820837088342124;-0.15794368644121007;-0.16582278218059804;0.01061219185070704;-1957.0;-1762.0;-1689.0;-1599.0;-1596.0;-1720.6;133.3485657965619;17;-1929.0;-1780.0;-1614.0;-1596.0;-1591.0;-1702.0;133.35216533675035;-4228.89953780597;-4702.875028829537;-4693.568787340875;-4629.812753905015;-4195.24449216833;-4490.080120009946;228.62977229227022;18;-4610.586420525766;-4596.032080961578;-4235.711113399487;-4384.6334431106925;-4471.666373337413;-4459.725886266987;139.50078725405237;0.7839074212284558;-0.36927424316709734;Decision Tree;False;6782.166189193726;;;;;;;;;;;;;;;10.0;5.0;0.0001;;sqrt;10;absolute_error;;;;;;;;;;;;;;;;;;50;2591.475177167334;2611.789943400442
249;68.88281683921814;4.31392685006187;6.829559421539306;0.03259405335047;MinMaxScaler();;;;;;0.25;8;{'scaler__scaler': MinMaxScaler(), 'regressor__min_samples_split': 7, 'regressor__min_samples_leaf': 6, 'regressor__min_impurity_decrease': 0.001, 'regressor__max_leaf_nodes': 100, 'regressor__max_features': 0.2, 'regressor__max_depth': 15, 'regressor__criterion': 'absolute_error', 'feature_selection__spearman_thr': 0.25, 'feature_selection__rfe_k': 8};0.7975142818793226;0.6490479377117726;0.7106448067212119;0.7643893379106138;0.8028235865916877;0.7448839901629217;0.05807628373684837;28;0.7695944964378825;0.6456696988541077;0.7315109382948239;0.7758098152999227;0.7936055623826392;0.7432381022538752;0.05281964930111083;-2693.942974662718;-3101.6972688384335;-3000.074267851267;-2888.3347373963406;-2578.678524417533;-2852.5455546332587;192.4993985084009;24;-2706.443762545658;-3076.8546513541082;-2936.4974990950673;-2818.6192599417564;-2582.1071916286874;-2824.104472913056;172.59875985120004;-0.1870780069008168;-0.19393779532552524;-0.19306580931853393;-0.19436320971914528;-0.17122492729794855;-0.18793394971239394;0.008759470275547356;24;-0.18580920059921546;-0.1876068389727506;-0.19725959337653634;-0.1898018102981687;-0.17021667604332325;-0.18613882385799888;0.008864169394224712;-1799.0;-1750.0;-1796.0;-1991.0;-1695.0;-1806.2;99.83065661408824;19;-1780.0;-1705.0;-1792.0;-1976.0;-1695.0;-1789.6;100.94473735663489;-4294.48855194122;-5762.225136743781;-5404.4718992049375;-4778.27586894568;-4223.254065312009;-4892.543104429526;606.15047554059;27;-4696.609885711638;-5797.427466712663;-5004.103795726631;-4597.504203261042;-4448.728021480608;-4908.874674578516;480.07030803464687;1.0070832008160795;0.22144826860401126;Decision Tree;False;6782.166189193726;;;;;;;;;;;;;;;7.0;6.0;0.001;;0.2;15;absolute_error;;;;;;;;;;;;;;;;;;100;2824.104472913056;2852.5455546332587
250;66.60206112861633;4.865774549806927;6.95409574508667;0.12810462153985924;MinMaxScaler(feature_range=(-1, 1));;;;;;0.2;7;{'scaler__scaler': MinMaxScaler(feature_range=(-1, 1)), 'regressor__min_samples_split': 9, 'regressor__min_samples_leaf': 5, 'regressor__min_impurity_decrease': 0.0001, 'regressor__max_leaf_nodes': 20, 'regressor__max_features': 0.2, 'regressor__max_depth': 20, 'regressor__criterion': 'absolute_error', 'feature_selection__spearman_thr': 0.2, 'feature_selection__rfe_k': 7};0.6950325761564176;0.6244704262143141;0.7136690519038269;0.631692091604899;0.6342341531569012;0.6598196598072718;0.03697310662123279;39;0.6767717805915221;0.6251868050059746;0.7272256405371712;0.6467686117350877;0.6184770885872235;0.6588859852913957;0.03976318543399249;-3720.928002632445;-3620.7061204343536;-3288.553076669957;-3825.3247005396865;-3664.3640910885874;-3623.975198273006;181.15817261701105;39;-3758.6214419691337;-3625.88482674652;-3268.420333015236;-3810.5915694565556;-3733.378173382254;-3639.3792689139395;195.01834468878644;-0.2765078130966831;-0.24653609990678202;-0.22666833916172177;-0.2933114902491638;-0.2392033125268996;-0.25644541098825;0.024672925203367623;39;-0.2767974907960621;-0.24161134117776584;-0.23255901595403697;-0.2902351391036974;-0.23998845466224455;-0.2562382883387614;0.022878720620037298;-2760.0;-2430.0;-2372.5;-2710.0;-2497.0;-2553.9;153.84355690115854;39;-2765.0;-2394.0;-2381.5;-2756.0;-2496.0;-2558.5;169.6726259595224;-5270.368437022327;-5960.5782733582055;-5376.154834520524;-5974.193320742314;-5752.032126155743;-5666.665398359823;293.1529800690586;39;-5562.790425522924;-5962.640324388762;-5043.8804344021155;-5770.899108209017;-6048.492866995909;-5677.740631903745;358.41201325714803;-0.42326093277798343;0.1417050197938391;Decision Tree;False;6782.166189193726;;;;;;;;;;;;;;;9.0;5.0;0.0001;;0.2;20;absolute_error;;;;;;;;;;;;;;;;;;20;3639.3792689139395;3623.975198273006
251;154.6630042076111;4.7923850244217965;6.860554361343384;0.10374976914054389;RobustScaler();;;;;;0.25;14;{'scaler__scaler': RobustScaler(), 'regressor__min_samples_split': 8, 'regressor__min_samples_leaf': 6, 'regressor__min_impurity_decrease': 0.0005, 'regressor__max_leaf_nodes': 100, 'regressor__max_features': 0.5, 'regressor__max_depth': None, 'regressor__criterion': 'absolute_error', 'feature_selection__spearman_thr': 0.25, 'feature_selection__rfe_k': 14};0.8646298192293593;0.8446476811603177;0.8239313342845919;0.8356126150252361;0.8633422288749921;0.8464327357148994;0.01577110842771053;8;0.8519929488616902;0.8488997712830264;0.8542798938845206;0.8518295734330299;0.8523903989861027;0.851878517289674;0.0017272550639272838;-2177.5201382033565;-2172.472721289898;-2302.823889437315;-2212.449124654469;-2165.163814663683;-2206.085937649744;51.027825402740525;8;-2150.9148705123566;-2124.087630392576;-2231.6736483596037;-2140.7703647641456;-2156.228532881423;-2160.735009382021;37.1231770714087;-0.1407573401852091;-0.1371234005367077;-0.1451092892105032;-0.14170366660798756;-0.1400777687097044;-0.1409542930500224;0.0025810221472000643;10;-0.13827606605619572;-0.133423176407975;-0.1446259212430512;-0.136939099206947;-0.1376695839528775;-0.1381867693734093;0.003632812415792907;-1443.0;-1450.0;-1506.5;-1400.0;-1449.0;-1449.7;33.887460807797325;8;-1400.0;-1399.5;-1500.0;-1370.5;-1409.0;-1415.8;44.05292271802179;-3511.3632174976983;-3833.762396583593;-4215.786986338648;-3991.241377270672;-3515.903074411473;-3813.611410420416;273.3817421431047;8;-3764.2569988213468;-3785.85292255643;-3686.57225380523;-3737.6153367512757;-3762.219795618596;-3747.303461510576;33.9944693978218;2.0988658058858314;-0.639267391329556;Decision Tree;False;6782.166189193726;;;;;;;;;;;;;;;8.0;6.0;0.0005;;0.5;;absolute_error;;;;;;;;;;;;;;;;;;100;2160.735009382021;2206.085937649744
252;86.05786867141724;5.218286909942448;7.01475338935852;0.14249307868679897;StandardScaler();;;;;;0.3;14;{'scaler__scaler': StandardScaler(), 'regressor__min_samples_split': 6, 'regressor__min_samples_leaf': 6, 'regressor__min_impurity_decrease': 0.0005, 'regressor__max_leaf_nodes': 50, 'regressor__max_features': 0.2, 'regressor__max_depth': None, 'regressor__criterion': 'absolute_error', 'feature_selection__spearman_thr': 0.3, 'feature_selection__rfe_k': 14};0.8135770663490239;0.726056987454319;0.7395203365665264;0.7656253173582492;0.7997829791698041;0.7689125373795846;0.0336428588793698;22;0.7957716224593333;0.7502488389805348;0.762247349922634;0.7805380287898659;0.7891076641855461;0.7755827008675829;0.016939354211683688;-2562.6713721618953;-2981.3065153010857;-2980.936294833827;-2749.1324865078323;-2777.111425562722;-2810.231618873472;157.81180786944984;22;-2568.554690842081;-2887.2230741386684;-2889.348991411366;-2711.411046578588;-2810.5571990325607;-2773.4190004006527;121.31343493681516;-0.1682258788287325;-0.19178173148011152;-0.1866833760332354;-0.17710177130802188;-0.18695823987701435;-0.1821501995054231;0.008435717911336703;21;-0.16789237158835116;-0.18429350658605978;-0.18662566323262839;-0.1757392246511539;-0.18845709519003162;-0.18060157224964496;0.0077044856752438;-1695.0;-1897.5;-1991.0;-1804.0;-1955.0;-1868.5;107.32380910124277;23;-1659.0;-1840.0;-1900.0;-1808.0;-1980.0;-1837.4;106.72506734596142;-4120.632846097344;-5090.921928050856;-5127.72272683278;-4765.726317052246;-4255.692352570866;-4672.139234120818;416.960695232038;22;-4421.769575824345;-4867.264358826204;-4708.967509468733;-4548.764735135858;-4496.9417238726455;-4608.741580625558;159.95888484564372;1.3273370690653443;-0.8600196317603295;Decision Tree;False;6782.166189193726;;;;;;;;;;;;;;;6.0;6.0;0.0005;;0.2;;absolute_error;;;;;;;;;;;;;;;;;;50;2773.4190004006527;2810.231618873472
253;127.3562705039978;15.004299300552484;6.955402994155884;0.10999210355261305;RobustScaler();;;;;;0.25;9;{'scaler__scaler': RobustScaler(), 'regressor__min_samples_split': 5, 'regressor__min_samples_leaf': 6, 'regressor__min_impurity_decrease': 0.0001, 'regressor__max_leaf_nodes': 100, 'regressor__max_features': 0.5, 'regressor__max_depth': 15, 'regressor__criterion': 'absolute_error', 'feature_selection__spearman_thr': 0.25, 'feature_selection__rfe_k': 9};0.8589702907047402;0.8320158622355434;0.8147932619270513;0.8224940359201185;0.8637594931012065;0.8384065887777318;0.01958200972177549;11;0.8503778758520734;0.835635318404645;0.8424950699419936;0.8342760665617405;0.8514459050902496;0.8428460471701404;0.007158887644217151;-2186.9523527476144;-2266.4394208621256;-2309.348140835801;-2280.184513623799;-2160.6150454126628;-2240.7078946964007;56.98512273818344;11;-2154.9073348909146;-2237.2844285761294;-2229.6628220737766;-2230.8296451076853;-2169.9290215370443;-2204.5226504371103;34.80177869756965;-0.13905798887373993;-0.14355589627456342;-0.14242606548463527;-0.1436771803608972;-0.13869483163979307;-0.14148239252672576;0.002175098105915288;11;-0.13600194565656942;-0.14066182879797431;-0.1421310621712265;-0.1394964683592991;-0.13675369211769342;-0.13900899942055253;0.0023171331470621948;-1401.0;-1491.0;-1501.0;-1453.5;-1403.0;-1449.9;42.199999999999996;9;-1399.0;-1450.75;-1499.0;-1421.0;-1400.0;-1433.95;37.56474410933741;-3584.012835872648;-3986.579787884117;-4323.804147600982;-4147.441076805066;-3510.5313266521466;-3910.4738349629924;316.0121298313491;11;-3784.7393153491075;-3948.5298767683657;-3832.7464213731755;-3952.8146813212047;-3774.2370612290583;-3858.6134712081825;77.72348642160102;1.6414095020577624;-0.5267223364592112;Decision Tree;False;6782.166189193726;;;;;;;;;;;;;;;5.0;6.0;0.0001;;0.5;15;absolute_error;;;;;;;;;;;;;;;;;;100;2204.5226504371103;2240.7078946964007
254;65.7802875995636;3.4559434723053486;6.949516153335571;0.16013850089358503;RobustScaler();;;;;;0.3;9;{'scaler__scaler': RobustScaler(), 'regressor__min_samples_split': 6, 'regressor__min_samples_leaf': 6, 'regressor__min_impurity_decrease': 0.001, 'regressor__max_leaf_nodes': 20, 'regressor__max_features': 0.2, 'regressor__max_depth': 20, 'regressor__criterion': 'absolute_error', 'feature_selection__spearman_thr': 0.3, 'feature_selection__rfe_k': 9};0.6824911655276504;0.674146224224226;0.6896032023955438;0.6897500623362228;0.6379716595344572;0.67479246280362;0.019279766556462137;36;0.6568092448184542;0.6865561610051303;0.7119506763708214;0.6973973935705897;0.6189176618504093;0.6743262275230809;0.03308897991730864;-3455.299967094439;-3342.953076669957;-3374.657486015137;-3416.6808279584047;-3487.549888113729;-3415.428249170333;52.359830796017164;37;-3509.5928460956266;-3310.2097140412648;-3299.5019085853432;-3397.4763651919247;-3558.8519718981884;-3415.1265611624694;104.18157916969538;-0.2362805296225177;-0.22428381676378642;-0.22695282020919527;-0.22628073643018382;-0.23688354814777168;-0.23013629023469093;0.0053390708792986135;37;-0.23568797353385862;-0.22064144071708042;-0.2292567661514367;-0.223196428121772;-0.23855449893582664;-0.22946742149199487;0.006907067602633924;-2303.0;-2204.0;-2370.0;-2399.0;-2291.0;-2313.4;67.98411579185243;37;-2300.0;-2201.0;-2308.0;-2435.0;-2290.0;-2306.8;74.77807165205586;-5377.645354227139;-5552.361090091443;-5597.527531422945;-5483.143364896984;-5722.56866167061;-5546.649200461824;115.03406301563483;36;-5731.99567165236;-5452.692993444116;-5183.181783823466;-5341.339338063127;-6044.999532890509;-5550.841863974716;305.19074280554173;0.008833874893374755;0.06914090858540285;Decision Tree;False;6782.166189193726;;;;;;;;;;;;;;;6.0;6.0;0.001;;0.2;20;absolute_error;;;;;;;;;;;;;;;;;;20;3415.1265611624694;3415.428249170333
255;100.42901120185851;6.456722328991458;7.145823001861572;0.24035677548343745;RobustScaler();;;;;;0.2;12;{'scaler__scaler': RobustScaler(), 'regressor__min_samples_split': 6, 'regressor__min_samples_leaf': 6, 'regressor__min_impurity_decrease': 0.001, 'regressor__max_leaf_nodes': 100, 'regressor__max_features': 'sqrt', 'regressor__max_depth': 15, 'regressor__criterion': 'absolute_error', 'feature_selection__spearman_thr': 0.2, 'feature_selection__rfe_k': 12};0.859551871582309;0.8210817501712051;0.7967075859454152;0.8227196024271447;0.8344285729597347;0.8268978766171617;0.02042417061951238;12;0.8296112370878244;0.8339114912560128;0.8204063589686561;0.8224615458292668;0.8190693998124252;0.8250920065908371;0.005715823018760358;-2234.271898650872;-2381.3969726883843;-2387.4868377755843;-2495.389133868632;-2339.220514676846;-2367.5530715320638;84.25873520548063;12;-2258.743986310836;-2312.5317878179603;-2335.0783507190104;-2464.3899373138747;-2356.896411589529;-2345.528094750242;67.80385113618605;-0.144009703670538;-0.16284223711114307;-0.1470606250067684;-0.16114622431687373;-0.14814102105356808;-0.15263996223177828;0.007775522436514316;12;-0.14341157891702644;-0.15559449703735012;-0.14715267404606863;-0.15886122794664262;-0.14799421404300261;-0.15060283839801808;0.005719098214097114;-1490.0;-1509.0;-1500.0;-1564.25;-1501.0;-1512.85;26.398674209134064;12;-1490.0;-1501.0;-1500.0;-1548.0;-1501.0;-1508.0;20.42547429069886;-3576.615292837839;-4114.27809908423;-4530.000071671289;-4144.805049345637;-3870.01299596012;-4047.1423017798224;316.2174285552339;12;-4038.8575737681863;-3969.1816048518012;-4092.6865889435076;-4091.288024307225;-4165.267262685714;-4071.4562109112862;65.06505882145507;0.9390199516739143;0.21886892757405257;Decision Tree;False;6782.166189193726;;;;;;;;;;;;;;;6.0;6.0;0.001;;sqrt;15;absolute_error;;;;;;;;;;;;;;;;;;100;2345.528094750242;2367.5530715320638
256;76.5284460067749;11.353670623616079;9.087863779067993;1.0597181810103495;MinMaxScaler(feature_range=(-1, 1));;;;;;0.2;6;{'scaler__scaler': MinMaxScaler(feature_range=(-1, 1)), 'regressor__min_samples_split': 5, 'regressor__min_samples_leaf': 7, 'regressor__min_impurity_decrease': 0.0001, 'regressor__max_leaf_nodes': 50, 'regressor__max_features': 0.2, 'regressor__max_depth': 5, 'regressor__criterion': 'absolute_error', 'feature_selection__spearman_thr': 0.2, 'feature_selection__rfe_k': 6};0.7021556545754026;0.6033654547957394;0.6576342874120842;0.6884742065442246;0.6895542315363301;0.6682367669727561;0.035595446080731896;37;0.6729112725267972;0.5990299422854312;0.6858027726987279;0.7068098154446034;0.676328177094748;0.6681763960100615;0.036533088852572636;-3450.1386640342216;-3553.231523527476;-3283.815004935834;-3368.133440831907;-3392.1191917862316;-3409.4875650231343;89.57706603000901;36;-3511.663003060318;-3538.953930698608;-3205.722712165586;-3285.8452919593938;-3441.9430724427843;-3396.825602065338;129.81573121919902;-0.23305368159309506;-0.23475998784574667;-0.19901482739736914;-0.2276329103502761;-0.22113947407013712;-0.2231201762513248;0.01295774313588533;35;-0.2355434878564203;-0.22708520785261105;-0.2019728986161179;-0.2221797422620169;-0.2200227638616308;-0.22136082008975938;0.011065886383845678;-2409.0;-2259.0;-2140.0;-2300.5;-2422.0;-2306.1;103.78843866250229;36;-2400.0;-2209.0;-2105.0;-2265.5;-2408.0;-2277.5;115.43742893879784;-5208.455173371854;-6125.782765306506;-5878.7197156072425;-5494.40609525346;-5299.227929886513;-5601.318335885115;349.01139472895363;37;-5595.9116898876655;-6167.187446161527;-5413.326037010951;-5257.612218140461;-5571.078883989849;-5601.0232550380915;308.09935757299127;0.37275870006683737;0.009035183381981279;Decision Tree;False;6782.166189193726;;;;;;;;;;;;;;;5.0;7.0;0.0001;;0.2;5;absolute_error;;;;;;;;;;;;;;;;;;50;3396.825602065338;3409.4875650231343
257;120.3120665550232;4.552404983329098;8.74496283531189;0.5921595043521837;MinMaxScaler();;;;;;0.25;13;{'scaler__scaler': MinMaxScaler(), 'regressor__min_samples_split': 8, 'regressor__min_samples_leaf': 6, 'regressor__min_impurity_decrease': 0.001, 'regressor__max_leaf_nodes': None, 'regressor__max_features': 'sqrt', 'regressor__max_depth': 15, 'regressor__criterion': 'absolute_error', 'feature_selection__spearman_thr': 0.25, 'feature_selection__rfe_k': 13};0.8983046488537265;0.8793578839965885;0.8575405645283978;0.8922381187883869;0.9013642431146361;0.8857610918563472;0.016000939114794045;4;0.8918666807323151;0.9084428693632605;0.9106585022701653;0.9124502624564791;0.9041644056936194;0.905516544103168;0.007365142386180681;-1683.9566962816716;-1734.7103652517276;-1739.790095426127;-1698.10217849151;-1650.6350533105174;-1701.4388777523109;33.09258704402009;4;-1500.8600315903782;-1474.1846062720062;-1457.791585771167;-1474.2015498774247;-1455.9202356076935;-1472.5916018237338;16.132009447338344;-0.10519353664603975;-0.10651701260476616;-0.10262985102684336;-0.10699608685741227;-0.10342868450938973;-0.10495303432889025;0.001696982974186074;4;-0.09088534252351153;-0.0914664556701645;-0.08932950181350537;-0.09107057976782039;-0.09019958443671032;-0.09059029284234242;0.0007520157209297991;-1000.0;-1003.0;-999.0;-999.5;-999.0;-1000.1;1.4966629547095767;4;-860.0;-871.5;-810.0;-879.5;-830.0;-850.2;26.20038167660922;-3043.4403987283936;-3378.4367780202665;-3792.1301280908683;-3231.51615956536;-2987.011662152791;-3286.507025311536;288.41243188354383;4;-3217.494630120879;-2946.9805117769133;-2886.6200584079097;-2873.0372831180616;-3031.4491048410246;-2991.1163176529576;126.24101554677937;15.540444183245427;-2.1816776706588747;Decision Tree;False;6782.166189193726;;;;;;;;;;;;;;;8.0;6.0;0.001;;sqrt;15;absolute_error;;;;;;;;;;;;;;;;;;;1472.5916018237338;1701.4388777523109
258;100.59696111679077;5.732308790314375;7.8598717212677;0.7946913269251431;StandardScaler();;;;;;0.3;6;{'scaler__scaler': StandardScaler(), 'regressor__min_samples_split': 10, 'regressor__min_samples_leaf': 5, 'regressor__min_impurity_decrease': 0.0001, 'regressor__max_leaf_nodes': None, 'regressor__max_features': 'sqrt', 'regressor__max_depth': 5, 'regressor__criterion': 'absolute_error', 'feature_selection__spearman_thr': 0.3, 'feature_selection__rfe_k': 6};0.7434837274725639;0.7459401373284118;0.7618242994414787;0.7557271048453431;0.7667265042335487;0.7547403546642691;0.008932851861694643;26;0.711982169573762;0.7543394775545078;0.7839637430847564;0.7671813079514074;0.7536077201826006;0.7542148836694068;0.023820617566282672;-3042.7574860151367;-2957.7594932543598;-2816.728101349128;-2921.3002830064497;-2920.4085494274054;-2931.790782610496;72.75576902243581;27;-3089.4972358419163;-2902.4695613544372;-2786.6916318404687;-2855.220569604633;-2966.372529985686;-2920.050305725428;103.10627890172805;-0.19977363028688058;-0.19281708648421575;-0.18119380427061815;-0.18818139712464962;-0.19565441540944853;-0.19152406671516253;0.0063980425404630385;26;-0.19942048893733874;-0.18663580637147084;-0.1848792246576167;-0.1839627489365148;-0.19508712725495567;-0.18999707923157935;0.00614187222519557;-2005.0;-1992.0;-1994.5;-1978.0;-1951.0;-1984.1;18.655830187906407;29;-2004.0;-1908.0;-1989.0;-1964.5;-1959.0;-1964.9;32.809145066581664;-4833.611167160748;-4902.6890895576935;-4903.2760916601865;-4865.3197751328125;-4593.592079024759;-4819.69764050724;115.99278291140283;26;-5251.069312784109;-4827.239678892082;-4488.759453006529;-4685.142019924431;-4860.717813322052;-4822.585655585841;251.15917358715257;0.4020641994436875;0.06967125765349652;Decision Tree;False;6782.166189193726;;;;;;;;;;;;;;;10.0;5.0;0.0001;;sqrt;5;absolute_error;;;;;;;;;;;;;;;;;;;2920.050305725428;2931.790782610496
259;130.2571858406067;10.080503186240763;7.149040412902832;0.1654783084346446;MinMaxScaler();;;;;;0.3;11;{'scaler__scaler': MinMaxScaler(), 'regressor__min_samples_split': 9, 'regressor__min_samples_leaf': 6, 'regressor__min_impurity_decrease': 0.0001, 'regressor__max_leaf_nodes': 20, 'regressor__max_features': 0.5, 'regressor__max_depth': 10, 'regressor__criterion': 'absolute_error', 'feature_selection__spearman_thr': 0.3, 'feature_selection__rfe_k': 11};0.7633885689312429;0.7524635191489684;0.728054920334537;0.6297796535439227;0.7732034025516099;0.7293780129020562;0.05202289315061205;31;0.7340219456643713;0.7613618293199977;0.7580678469787634;0.6474847941878656;0.7551061966990853;0.7312085225700168;0.04294024240301388;-3108.0432708127673;-2921.292629154327;-2948.1240539651203;-3270.5295182308805;-2850.01783598789;-3019.6014616301973;151.20786727955678;30;-3166.844318667939;-2889.7521471585114;-2875.940636414492;-3223.4531992958096;-2883.528439099031;-3007.9037481271566;153.99152705465445;-0.21919710441059712;-0.19779070994862463;-0.193847456517771;-0.20375564862191592;-0.19419701728689004;-0.20175758735715976;0.009419103035139867;29;-0.22092301539308207;-0.19247988630383706;-0.19695168274987476;-0.1996912435125544;-0.19388445763134365;-0.2007860571181384;0.010373260637487792;-2008.5;-2000.0;-1939.0;-1996.0;-1950.0;-1978.7;28.42815505797026;27;-2031.5;-1996.0;-1896.0;-1997.0;-1920.0;-1968.1;51.27416503464488;-4642.288345057936;-4839.337702815548;-5239.359818498811;-5989.683731595348;-4529.372039692;-5048.008327531928;529.2454426021742;31;-5046.159410703641;-4757.744684223399;-4750.177146549274;-5765.045843349609;-4845.91463132541;-5033.008343230266;381.2661739459335;0.3888991963364554;-0.2503403080597069;Decision Tree;False;6782.166189193726;;;;;;;;;;;;;;;9.0;6.0;0.0001;;0.5;10;absolute_error;;;;;;;;;;;;;;;;;;20;3007.9037481271566;3019.6014616301973
260;101.19851269721985;5.796499132726282;7.20113468170166;0.21427834408578314;RobustScaler();;;;;;0.2;13;{'scaler__scaler': RobustScaler(), 'regressor__min_samples_split': 8, 'regressor__min_samples_leaf': 6, 'regressor__min_impurity_decrease': 0.0001, 'regressor__max_leaf_nodes': 50, 'regressor__max_features': 'sqrt', 'regressor__max_depth': None, 'regressor__criterion': 'absolute_error', 'feature_selection__spearman_thr': 0.2, 'feature_selection__rfe_k': 13};0.8003669379783663;0.754372662034163;0.7417102716104348;0.7409783561447247;0.7915599834325506;0.7657976422400479;0.02524069329632986;23;0.774580414472226;0.7741721697296842;0.763876396230607;0.7603399112084098;0.7737776539609538;0.7693493091203762;0.006022569417137213;-2786.6947351102335;-2962.831688055281;-2911.989206975979;-2687.21584177965;-2656.5393576411743;-2801.0541659124633;120.43955920747362;21;-2819.893744447004;-2889.565517127908;-2834.74051465991;-2627.2700932888006;-2703.262064199806;-2774.9463867446857;95.58250623932763;-0.19026976498613973;-0.19636864007673624;-0.19627135740457288;-0.16733041415842562;-0.18314852394477232;-0.18667774011412935;0.010822458739936975;23;-0.1902482600316419;-0.19240459819648803;-0.19830384061772754;-0.1658992834538155;-0.18315860336233536;-0.18600291713240166;0.011158524842250666;-1991.0;-1997.0;-1950.0;-1561.0;-1725.5;-1844.9;173.42502702897295;22;-1990.0;-1995.0;-1901.25;-1580.0;-1703.0;-1833.85;165.2007566568628;-4264.130477213715;-4820.639710847507;-5106.12203539137;-5010.0467393799845;-4342.20453886484;-4708.628700339484;344.4548123104342;23;-4645.515217531396;-4628.283017795744;-4692.807202311821;-4753.480268584591;-4657.518750790703;-4675.520891402851;44.34481992167071;0.9408390480078743;-0.46164555400577645;Decision Tree;False;6782.166189193726;;;;;;;;;;;;;;;8.0;6.0;0.0001;;sqrt;;absolute_error;;;;;;;;;;;;;;;;;;50;2774.9463867446857;2801.0541659124633
261;68.10373582839966;4.431342846709845;6.945767784118653;0.07918413518365719;RobustScaler();;;;;;0.3;9;{'scaler__scaler': RobustScaler(), 'regressor__min_samples_split': 7, 'regressor__min_samples_leaf': 7, 'regressor__min_impurity_decrease': 0.0001, 'regressor__max_leaf_nodes': 50, 'regressor__max_features': 0.2, 'regressor__max_depth': None, 'regressor__criterion': 'absolute_error', 'feature_selection__spearman_thr': 0.3, 'feature_selection__rfe_k': 9};0.7562129246346512;0.7100972703542592;0.731196754514166;0.7364882205738309;0.7364642549991516;0.7340918850152118;0.014729794775492938;30;0.724180971116744;0.7269647330598669;0.7553309724121112;0.7528227243313579;0.730499101885801;0.7379597005611762;0.013334720014794429;-3080.973511023363;-3050.6895360315893;-3043.309312273774;-2943.8713966039227;-3069.5173094642623;-3037.6722130793823;48.76255391799735;31;-3149.7847411892462;-2995.413652966534;-2962.0083253808943;-2884.1532437190476;-3070.8306158377072;-3012.4381158186857;91.17432102053394;-0.2156444495209289;-0.18771524926128239;-0.1938920304325119;-0.19693188690819843;-0.21706878309501473;-0.20225047984358727;0.01190297921042844;30;-0.2192444881106279;-0.18393615662671564;-0.19219747591445363;-0.19388140149081642;-0.21554855650155663;-0.20096161572883403;0.01388414996761429;-2100.0;-1998.0;-2009.5;-1940.5;-1998.0;-2009.2;51.41069927553991;31;-2100.0;-1992.0;-2002.0;-1951.0;-1995.0;-2008.0;49.34369260604642;-4712.155240242423;-5237.119401793728;-5209.006224159904;-5053.284697557251;-4882.46897471571;-5018.806907693803;198.82058252485865;30;-5138.663462385314;-5089.094911345599;-4776.969943011733;-4827.4536003095745;-5083.548477961297;-4983.146079002703;149.8267000900807;0.8376635897743194;-0.524122867823694;Decision Tree;False;6782.166189193726;;;;;;;;;;;;;;;7.0;7.0;0.0001;;0.2;;absolute_error;;;;;;;;;;;;;;;;;;50;3012.4381158186857;3037.6722130793823
262;97.73607425689697;9.162774776437853;7.000322341918945;0.18600944984921022;MinMaxScaler();;;;;;0.25;13;{'scaler__scaler': MinMaxScaler(), 'regressor__min_samples_split': 10, 'regressor__min_samples_leaf': 6, 'regressor__min_impurity_decrease': 0.0001, 'regressor__max_leaf_nodes': 50, 'regressor__max_features': 'sqrt', 'regressor__max_depth': 10, 'regressor__criterion': 'absolute_error', 'feature_selection__spearman_thr': 0.25, 'feature_selection__rfe_k': 13};0.8092340517616224;0.7917918861463168;0.7772021544172296;0.7657175414478153;0.8044035595430226;0.7896698386632014;0.016330950633670703;17;0.7897278544114212;0.7929867920236008;0.8039050898808859;0.7784766357810473;0.7961975287684665;0.7922587801730845;0.008343061318438918;-2636.9717012175056;-2656.449029285949;-2727.2552484369858;-2841.033894958536;-2543.1199157562196;-2680.965957931039;99.3000993322862;18;-2630.6255388462932;-2641.468788048307;-2638.2955016617857;-2790.5939386959312;-2585.196975929186;-2657.2361486363006;69.69852924565203;-0.18467019082649677;-0.17907571737609482;-0.18009724521849696;-0.18669211386039847;-0.17126861319999054;-0.18036077609629553;0.005348740856891345;20;-0.18165031948283655;-0.17473978293858455;-0.18080328895327805;-0.18222873172917256;-0.17174543010051874;-0.17823351064087806;0.004208122078497308;-1746.0;-1753.0;-1909.0;-1904.0;-1600.5;-1782.5;114.9704309811875;18;-1701.0;-1734.0;-1850.0;-1903.5;-1607.5;-1759.2;105.92667275054004;-4168.354808839153;-4438.28460813227;-4742.344679399252;-4764.7885920163535;-4206.299583219157;-4464.014454321237;253.93952108204053;17;-4486.719680440483;-4431.290326692955;-4276.575772855971;-4570.077939584744;-4420.705500423306;-4437.073843999492;96.14135541277774;0.8930259851732298;-0.32677978138878894;Decision Tree;False;6782.166189193726;;;;;;;;;;;;;;;10.0;6.0;0.0001;;sqrt;10;absolute_error;;;;;;;;;;;;;;;;;;50;2657.2361486363006;2680.965957931039
263;130.85656571388245;7.690080284229183;6.928475999832154;0.14751354073282621;MinMaxScaler();;;;;;0.25;11;{'scaler__scaler': MinMaxScaler(), 'regressor__min_samples_split': 8, 'regressor__min_samples_leaf': 7, 'regressor__min_impurity_decrease': 0.001, 'regressor__max_leaf_nodes': 20, 'regressor__max_features': 0.5, 'regressor__max_depth': 15, 'regressor__criterion': 'absolute_error', 'feature_selection__spearman_thr': 0.25, 'feature_selection__rfe_k': 11};0.7918066664852279;0.7475357554355612;0.7427164085377891;0.7502249086010142;0.7884737249416592;0.7641514928002503;0.02138165064187709;24;0.7646549502776346;0.7488334840154565;0.7691061836962887;0.7632178780751284;0.764465671779988;0.7620556335688993;0.006905809724223763;-2889.942152023692;-2890.5492267193154;-2966.711484040803;-3035.9367842569436;-2783.4163814663684;-2913.311205701424;84.64692311340055;26;-2924.174224225871;-2896.419460989174;-2929.144558886439;-2992.672831076523;-2844.255663962882;-2917.3333478281775;48.249515177895354;-0.20424683552373393;-0.20256959620401688;-0.20031416548411357;-0.21868627241090363;-0.191329253470808;-0.2034292246187152;0.008835132722588106;31;-0.20412639213173264;-0.1998150317838935;-0.2048380212917383;-0.21716459422196163;-0.19275199971936977;-0.20373920782973917;0.007971401409887835;-2011.0;-1932.5;-2039.0;-2004.0;-1933.0;-1983.9;43.37556916053091;28;-2007.0;-1950.0;-2010.0;-2015.0;-1938.0;-1984.0;32.97878105691598;-4354.593906737601;-4887.269217853889;-5096.167185802795;-4919.8097985938975;-4374.23275440728;-4726.414572679093;304.0643240944813;24;-4746.68702722162;-4881.036415666846;-4640.546851523958;-4724.852895712226;-4752.410726655209;-4749.106783355972;77.19547785714337;-0.13787050183166946;0.27502706351445605;Decision Tree;False;6782.166189193726;;;;;;;;;;;;;;;8.0;7.0;0.001;;0.5;15;absolute_error;;;;;;;;;;;;;;;;;;20;2917.3333478281775;2913.311205701424
264;81.15716409683228;8.655452058929505;7.040806293487549;0.1342607851958228;MinMaxScaler();;;;;;0.2;10;{'scaler__scaler': MinMaxScaler(), 'regressor__min_samples_split': 7, 'regressor__min_samples_leaf': 6, 'regressor__min_impurity_decrease': 0.0005, 'regressor__max_leaf_nodes': 20, 'regressor__max_features': 0.2, 'regressor__max_depth': 10, 'regressor__criterion': 'absolute_error', 'feature_selection__spearman_thr': 0.2, 'feature_selection__rfe_k': 10};0.7281663114939897;0.7224963018836845;0.5703923540844982;0.7004814880859137;0.6655563537816653;0.6774185618659503;0.057852495946082605;35;0.7015009993343833;0.7347187881378501;0.600079328861437;0.7300222328062032;0.6453048153572691;0.6823252328994285;0.05200518915458083;-3053.435538005923;-3148.3020730503454;-3633.684995064166;-3215.9896669738055;-3309.830854284586;-3272.248625475765;199.22633294895482;34;-3069.391934581592;-3092.2113264668137;-3536.1028661686796;-3112.5258230638874;-3389.773326313365;-3240.0010553188677;188.3120954260549;-0.20734027803385383;-0.21823070012557774;-0.22107692863490172;-0.21611015037983738;-0.23915112890865425;-0.22038183721656499;0.010447262108648632;34;-0.20544920120406823;-0.2116976430202844;-0.2241879912929283;-0.21122968144912918;-0.2406624648691752;-0.21864539636711705;0.012592659250773956;-1991.0;-2192.0;-2251.0;-2107.0;-2119.5;-2132.1;87.66207846041524;34;-1970.0;-2105.0;-2248.0;-2092.0;-2200.0;-2123.0;96.17484078489551;-4975.834077508715;-5123.900772798336;-6585.270567209299;-5387.47892819918;-5500.23445486735;-5514.543760116576;566.6773665553035;35;-5345.760582336946;-5016.310648477724;-6107.309608609166;-5045.193623993219;-5831.959606535339;-5469.306813990479;433.33723798827634;0.995295051029658;-0.7191103006154564;Decision Tree;False;6782.166189193726;;;;;;;;;;;;;;;7.0;6.0;0.0005;;0.2;10;absolute_error;;;;;;;;;;;;;;;;;;20;3240.0010553188677;3272.248625475765
265;103.00710949897766;2.567596111380318;6.929060697555542;0.053184621423907605;RobustScaler();;;;;;0.3;11;{'scaler__scaler': RobustScaler(), 'regressor__min_samples_split': 10, 'regressor__min_samples_leaf': 6, 'regressor__min_impurity_decrease': 0.0001, 'regressor__max_leaf_nodes': 50, 'regressor__max_features': 'sqrt', 'regressor__max_depth': 20, 'regressor__criterion': 'absolute_error', 'feature_selection__spearman_thr': 0.3, 'feature_selection__rfe_k': 11};0.8179596067975571;0.8093583780617968;0.8064192527282781;0.7960804280731146;0.7893917808943588;0.8038418893110212;0.010054156465387957;15;0.78675037584892;0.8112149279523666;0.823237163395062;0.8122626057136009;0.7804802471221957;0.802789064006429;0.01633273261220218;-2501.4397828232973;-2457.857749259625;-2558.6071405067455;-2615.51451230749;-2755.024516256417;-2577.6887402307148;103.3598024792032;15;-2536.8455362137615;-2454.164072526243;-2485.9176675770836;-2537.7380509715526;-2803.9928922818735;-2563.731643914103;124.24497152141718;-0.1599897199730656;-0.15380804193855496;-0.15885573729331331;-0.17287644811564815;-0.18887457317820594;-0.1668809040997576;0.012668539565425893;15;-0.16050958333398507;-0.153506494792659;-0.15773929673646625;-0.16796973047644623;-0.19069970334592734;-0.16608496173709678;0.013178699912990442;-1600.0;-1596.0;-1697.0;-1749.0;-1900.0;-1708.4;112.13670228787718;16;-1600.0;-1580.0;-1608.0;-1716.0;-1905.0;-1681.8;121.23431857357883;-4071.9096541354234;-4246.930807663027;-4420.472604035005;-4445.321799061651;-4364.73001725789;-4309.872976430599;137.24155017604676;15;-4518.374258056204;-4231.701272838427;-4060.303447565727;-4207.1619542062845;-4588.002687298338;-4321.108723992996;199.57105474349865;0.5444055094355732;0.13114594503042867;Decision Tree;False;6782.166189193726;;;;;;;;;;;;;;;10.0;6.0;0.0001;;sqrt;20;absolute_error;;;;;;;;;;;;;;;;;;50;2563.731643914103;2577.6887402307148
266;69.09487752914428;4.794447878888429;6.973736906051636;0.15414087735575704;RobustScaler();;;;;;0.25;7;{'scaler__scaler': RobustScaler(), 'regressor__min_samples_split': 7, 'regressor__min_samples_leaf': 6, 'regressor__min_impurity_decrease': 0.0005, 'regressor__max_leaf_nodes': 50, 'regressor__max_features': 0.2, 'regressor__max_depth': None, 'regressor__criterion': 'absolute_error', 'feature_selection__spearman_thr': 0.25, 'feature_selection__rfe_k': 7};0.6730374271185294;0.6848606880984809;0.7033467050425828;0.6687102895873023;0.6641517682814959;0.6788213756256782;0.014063076327696666;34;0.655825612425939;0.7078013368978711;0.7237202350068012;0.6902758377117784;0.639394329399911;0.6834034702884602;0.03151275796397182;-3424.1844027640673;-3311.169364922672;-3065.5525172754196;-3133.185073055153;-3095.8408582335132;-3205.986443250165;138.43957058096294;33;-3437.345700746981;-3223.411859554444;-3040.2363026094968;-3082.5469487816517;-3152.2812978166803;-3187.164421901851;139.752688194359;-0.23753841765929526;-0.22627386553980627;-0.20386017535709194;-0.19529511629748722;-0.1900807967847049;-0.21060967432767713;0.018286882407554578;33;-0.2369537095021855;-0.21934083305838611;-0.208703491589544;-0.19178507176755297;-0.19047202964654109;-0.20945102711284194;0.0174760003015325;-2300.0;-2041.0;-2005.0;-1952.5;-1910.0;-2041.7;136.65123490111606;32;-2285.25;-2005.0;-2005.0;-1982.0;-1905.0;-2036.45;129.71009983806195;-5457.117088289483;-5460.313956929843;-5472.203135257398;-5666.015046407911;-5511.772206086133;-5513.484286594154;78.71091711579236;34;-5740.204142249394;-5264.659519593929;-5076.186265196705;-5403.826305078616;-5880.349468970983;-5473.045140217926;297.65198782854753;0.5905569608825711;-0.6704816205934466;Decision Tree;False;6782.166189193726;;;;;;;;;;;;;;;7.0;6.0;0.0005;;0.2;;absolute_error;;;;;;;;;;;;;;;;;;50;3187.164421901851;3205.986443250165
267;79.51101250648499;4.46184700204515;7.054681396484375;0.22522849106046494;StandardScaler();;;;;;0.2;11;{'scaler__scaler': StandardScaler(), 'regressor__min_samples_split': 10, 'regressor__min_samples_leaf': 7, 'regressor__min_impurity_decrease': 0.0005, 'regressor__max_leaf_nodes': 100, 'regressor__max_features': 0.2, 'regressor__max_depth': 5, 'regressor__criterion': 'absolute_error', 'feature_selection__spearman_thr': 0.2, 'feature_selection__rfe_k': 11};0.695610234794615;0.7178305226547086;0.6278531524949722;0.7385012825049644;0.7471991132216094;0.7053988611341738;0.04267723448705441;32;0.6623997925538523;0.7267116245006637;0.6499317852707538;0.7535990536744818;0.7321305141482247;0.7049545540295952;0.041028290424291534;-3168.524843698585;-3213.0960184271144;-3392.946067785456;-3053.9984533368433;-3006.381137291036;-3166.9893041078067;135.4596335777001;32;-3203.9857678765343;-3171.7005166343083;-3336.606255552996;-2999.342256371444;-3056.4479343194193;-3153.6165461509404;117.9759448743404;-0.19671252119805122;-0.22821968088617953;-0.21784389918989294;-0.20772853499523822;-0.20063258973606743;-0.21022744520108588;0.011512513980281273;32;-0.19680815058563522;-0.22004496404420615;-0.22251237767714147;-0.20491361472692618;-0.20144752597397517;-0.2091453266015768;0.010264984975909214;-2000.0;-2201.0;-2105.0;-2008.0;-2010.0;-2064.8;78.22378155011428;33;-2000.0;-2175.0;-2100.0;-2008.0;-2038.0;-2064.2;65.6121939886177;-5265.3745972430615;-5166.79630275753;-6129.073007458;-5033.945756361962;-4781.993968261751;-5275.43672641646;456.59665627332697;32;-5685.117118877347;-5091.45320577396;-5713.988350288977;-4819.866654517956;-5068.138599191004;-5275.712785729849;359.0352934053153;0.4240451482025623;0.06302634716506894;Decision Tree;False;6782.166189193726;;;;;;;;;;;;;;;10.0;7.0;0.0005;;0.2;5;absolute_error;;;;;;;;;;;;;;;;;;100;3153.6165461509404;3166.9893041078067
268;126.90386419296264;9.97474153493643;7.088410663604736;0.19108023763073517;StandardScaler();;;;;;0.25;10;{'scaler__scaler': StandardScaler(), 'regressor__min_samples_split': 5, 'regressor__min_samples_leaf': 7, 'regressor__min_impurity_decrease': 0.0005, 'regressor__max_leaf_nodes': 100, 'regressor__max_features': 0.5, 'regressor__max_depth': 15, 'regressor__criterion': 'absolute_error', 'feature_selection__spearman_thr': 0.25, 'feature_selection__rfe_k': 10};0.8589432926541688;0.8253909408040675;0.8266588245490178;0.818142525265873;0.8635466566584773;0.838536447986321;0.018824155910144417;9;0.8338855500275598;0.8302045029971556;0.8506879331702331;0.8359170302782359;0.8530803862836406;0.840755080551365;0.00930039342536025;-2207.0084567291874;-2259.3406383678844;-2245.710727212899;-2251.696722390417;-2141.3216730288273;-2221.0156435458434;43.743139356436316;9;-2201.959129948337;-2232.1389647569845;-2178.387689624535;-2193.9627338389905;-2154.875170700406;-2192.264737773851;25.602228805517957;-0.14032653944699716;-0.13995158133590854;-0.13542182483808557;-0.13689884686536052;-0.13736345525822638;-0.13799244954891562;0.0018700740660338047;8;-0.1374429173728966;-0.13831307060185433;-0.13628089700681714;-0.13385508182273592;-0.13633380062237122;-0.13644515348533506;0.0014988327456879227;-1468.0;-1490.0;-1472.0;-1396.5;-1450.0;-1455.3;32.03061035946708;10;-1410.0;-1445.0;-1410.0;-1400.0;-1410.0;-1415.0;15.491933384829668;-3584.355872562702;-4064.430572354828;-4183.006033334103;-4197.969973829981;-3513.272352193762;-3908.606960855076;298.2398441591179;9;-3987.8771392156373;-4013.2319525232238;-3731.732151477848;-3933.196023553651;-3753.41642335596;-3883.890738025264;118.44755365131036;1.3114705207176716;-0.2638857161099867;Decision Tree;False;6782.166189193726;;;;;;;;;;;;;;;5.0;7.0;0.0005;;0.5;15;absolute_error;;;;;;;;;;;;;;;;;;100;2192.264737773851;2221.0156435458434
269;94.55176033973694;14.973600912947791;6.875562429428101;0.09953976545505143;RobustScaler();;;;;;0.3;9;{'scaler__scaler': RobustScaler(), 'regressor__min_samples_split': 5, 'regressor__min_samples_leaf': 6, 'regressor__min_impurity_decrease': 0.0005, 'regressor__max_leaf_nodes': 100, 'regressor__max_features': 'sqrt', 'regressor__max_depth': 10, 'regressor__criterion': 'absolute_error', 'feature_selection__spearman_thr': 0.3, 'feature_selection__rfe_k': 9};0.8581013407506899;0.8073329738451561;0.7705397098436391;0.790570566564058;0.8300600725332605;0.8113209327073607;0.030493119182344385;13;0.8410816486038493;0.8221258245647617;0.7947563174155065;0.808700781226142;0.8156433537544685;0.8164615851129454;0.015298688572597027;-2259.034846989141;-2429.5657782165185;-2533.7782165185918;-2594.1442345662763;-2376.432275898381;-2438.591070437781;117.8498949229949;13;-2261.1451512060285;-2388.9814571061897;-2490.021734838264;-2521.803616380658;-2420.4231395712336;-2416.4750198204747;90.99679584174103;-0.1511578034961162;-0.16179301861922904;-0.1568301979869618;-0.174518894276344;-0.1533241880781652;-0.15952482049136324;0.008314839476265106;13;-0.14997955310321873;-0.15772674170002512;-0.15776940962869007;-0.16995903130085777;-0.15358750529483503;-0.15780444820552533;0.006734281655801571;-1500.0;-1508.0;-1550.0;-1683.25;-1501.0;-1548.45;69.86923500368384;13;-1499.0;-1502.0;-1521.0;-1692.0;-1500.0;-1542.8;75.03439211454972;-3595.0372693752115;-4269.431207830943;-4812.728821528959;-4504.977318697664;-3920.734567933878;-4220.581837073331;427.8129248114552;13;-3900.5431720650618;-4107.595099131882;-4375.199995456985;-4246.884362190026;-4204.518430367144;-4166.94821184222;158.53362547941913;0.9152195009634106;-0.6296257532892459;Decision Tree;False;6782.166189193726;;;;;;;;;;;;;;;5.0;6.0;0.0005;;sqrt;10;absolute_error;;;;;;;;;;;;;;;;;;100;2416.4750198204747;2438.591070437781
270;101.88960375785828;6.409237338452343;6.966216278076172;0.08445474610153014;MinMaxScaler();;;;;;0.3;13;{'scaler__scaler': MinMaxScaler(), 'regressor__min_samples_split': 5, 'regressor__min_samples_leaf': 7, 'regressor__min_impurity_decrease': 0.0005, 'regressor__max_leaf_nodes': None, 'regressor__max_features': 'sqrt', 'regressor__max_depth': None, 'regressor__criterion': 'absolute_error', 'feature_selection__spearman_thr': 0.3, 'feature_selection__rfe_k': 13};0.9124733803812312;0.8953330099175297;0.8741350851018981;0.8826655089415613;0.9143914548312629;0.8957996878346967;0.015910658554794076;2;0.9141433366290702;0.9220224159838416;0.9219230119537427;0.9079093014540599;0.9161813739262694;0.9164358879893968;0.005279035357439237;-1615.1384336952945;-1647.3422178348142;-1669.6364593616322;-1682.2892918257207;-1574.624457022509;-1637.806171947994;38.95794342740571;2;-1376.2272532824377;-1353.5200401461054;-1366.3065747474416;-1383.7057207259086;-1365.6264499251386;-1369.0772077654062;10.263782379402175;-0.10023698642733923;-0.10115278167038096;-0.09950532033763179;-0.10372511419625544;-0.09920681905135055;-0.10076540433659158;0.0016251873070356033;2;-0.0842760097996433;-0.08267541306533845;-0.08539095610096785;-0.08398386274834166;-0.08359076037065705;-0.08398340041698966;0.0008867728667624153;-998.0;-995.0;-996.0;-995.0;-992.0;-995.2;1.9390719429665317;2;-752.5;-720.0;-759.0;-745.0;-746.5;-744.6;13.25669642105453;-2823.477485123561;-3146.8148496785266;-3564.4289770515675;-3371.992475225612;-2782.776235075881;-3137.898004431029;303.90134452545453;2;-2866.9826640501333;-2719.6690859503974;-2698.5131353466527;-2946.603641436562;-2835.026546775189;-2813.359014711787;92.80785206389639;19.62847403041677;-2.251788742142636;Decision Tree;False;6782.166189193726;;;;;;;;;;;;;;;5.0;7.0;0.0005;;sqrt;;absolute_error;;;;;;;;;;;;;;;;;;;1369.0772077654062;1637.806171947994
271;85.52993283271789;7.4828007624259305;7.005397987365723;0.08959039838512536;RobustScaler();;;;;;0.25;11;{'scaler__scaler': RobustScaler(), 'regressor__min_samples_split': 5, 'regressor__min_samples_leaf': 6, 'regressor__min_impurity_decrease': 0.0001, 'regressor__max_leaf_nodes': 50, 'regressor__max_features': 0.2, 'regressor__max_depth': None, 'regressor__criterion': 'absolute_error', 'feature_selection__spearman_thr': 0.25, 'feature_selection__rfe_k': 11};0.7902255686605286;0.7455215428068825;0.7140525157816682;0.7753505788876993;0.7692286642398958;0.7588757740753349;0.026641588262454934;25;0.7640179998992407;0.7466553298275151;0.7385645713955109;0.7895623669961249;0.7565041754546845;0.7590608887146153;0.017523965454738694;-2839.5829220138203;-2897.215761763738;-3064.180848963475;-2743.303343425036;-2792.314400421219;-2867.3194553174576;110.83615564966813;25;-2889.9669288229293;-2861.4235578663333;-2996.763730297147;-2694.6014083811842;-2832.984764474572;-2855.148077968433;97.54298804921676;-0.19253896130346984;-0.19528456028170824;-0.20598138803292143;-0.18342155031110083;-0.17903601256648238;-0.19125249449913656;0.009438421199863918;25;-0.19319592732377902;-0.19086354162148625;-0.20936522705983032;-0.17882905746834382;-0.18008962023445008;-0.19046867474157791;0.011026141471482414;-1989.0;-1995.0;-2000.0;-1812.75;-1896.0;-1938.55;73.68045873907137;25;-1995.0;-1951.0;-1999.0;-1800.0;-1897.0;-1928.4;74.03134471289847;-4371.097836885098;-4906.726315547473;-5372.553666213813;-4665.803040157529;-4568.889550113892;-4777.014081783561;344.0768444827741;25;-4753.106030276466;-4902.15527272305;-4937.933435012728;-4454.259774456049;-4832.06335913395;-4775.903574320449;172.81293385707397;0.42629583533492627;-0.024387324130724683;Decision Tree;False;6782.166189193726;;;;;;;;;;;;;;;5.0;6.0;0.0001;;0.2;;absolute_error;;;;;;;;;;;;;;;;;;50;2855.148077968433;2867.3194553174576
272;109.11334042549133;3.038698348390222;7.047665786743164;0.21726356132633637;MinMaxScaler(feature_range=(-1, 1));;;;;;0.2;9;{'scaler__scaler': MinMaxScaler(feature_range=(-1, 1)), 'regressor__min_samples_split': 7, 'regressor__min_samples_leaf': 7, 'regressor__min_impurity_decrease': 0.0005, 'regressor__max_leaf_nodes': 20, 'regressor__max_features': 0.5, 'regressor__max_depth': 5, 'regressor__criterion': 'absolute_error', 'feature_selection__spearman_thr': 0.2, 'feature_selection__rfe_k': 9};0.7713644668683359;0.7470704643636839;0.7040228396453228;0.7330170103727811;0.7765878010314644;0.7464125164563177;0.02649492331514994;27;0.7504931535086241;0.7541638153315581;0.7308136556098737;0.7550190502970401;0.7584196841830988;0.7497818717860388;0.009813668198931855;-2971.184995064166;-2960.241592629154;-3127.828759460349;-2903.4905225747007;-2915.5570290904307;-2975.6605797637603;80.29182385902978;28;-2994.830102997795;-2946.397512257725;-3085.2733883971173;-2839.365372908406;-2976.2456934138436;-2968.4224139949774;79.43995985474994;-0.19293914879814544;-0.19950210966146464;-0.20303135230979816;-0.1897893708240643;-0.19088593468434337;-0.1952295832555632;0.0051542480824765344;28;-0.19161320896237263;-0.19570073886619443;-0.20792471157002182;-0.18615364628583683;-0.19102533827148394;-0.19448352879118194;0.007371997761854424;-2045.0;-2002.0;-2001.0;-1875.0;-2003.0;-1985.2;57.565267305902445;30;-2010.0;-2001.0;-2001.0;-1880.5;-2010.5;-1980.6;50.22091197897546;-4563.374532938427;-4891.770758172344;-5465.963432886694;-5086.458972280691;-4495.449973229664;-4900.603533901564;355.5629013545624;28;-4887.415898080986;-4828.965255537518;-5010.597565677003;-4805.958259119331;-4813.019634707545;-4869.191322624477;76.28849984338093;0.24383880591447182;-0.4493780733448637;Decision Tree;False;6782.166189193726;;;;;;;;;;;;;;;7.0;7.0;0.0005;;0.5;5;absolute_error;;;;;;;;;;;;;;;;;;20;2968.4224139949774;2975.6605797637603
273;85.54321727752685;4.421039662503813;7.0049073696136475;0.08073168966664086;MinMaxScaler(feature_range=(-1, 1));;;;;;0.3;13;{'scaler__scaler': MinMaxScaler(feature_range=(-1, 1)), 'regressor__min_samples_split': 8, 'regressor__min_samples_leaf': 5, 'regressor__min_impurity_decrease': 0.001, 'regressor__max_leaf_nodes': None, 'regressor__max_features': 0.2, 'regressor__max_depth': 20, 'regressor__criterion': 'absolute_error', 'feature_selection__spearman_thr': 0.3, 'feature_selection__rfe_k': 13};0.9039244513138964;0.8867708542176411;0.8664956730144353;0.8884441285657194;0.9059101518179357;0.8903090517859257;0.014225661430520519;3;0.9132688519723776;0.9163214591779606;0.9138384993913411;0.9140858911244004;0.9120492450438356;0.9139127893419831;0.0013946057715155892;-1680.9672918723263;-1682.876834485028;-1768.663573543929;-1681.402922206134;-1613.8906476240622;-1685.5602539462961;49.16965252337279;3;-1413.5501003652637;-1391.3213662838527;-1455.6952515712921;-1392.0322315273368;-1392.5089422333372;-1409.0215783962165;24.7933130008046;-0.10353378767249233;-0.10322056510514703;-0.1054898582106039;-0.10582412463973129;-0.10155320840866526;-0.10392430880732798;0.001570358187599189;3;-0.08529135831738839;-0.08582716442203168;-0.08980749145299419;-0.08602296150973673;-0.08593578300741402;-0.086576951741913;0.00163519545171542;-1000.0;-998.5;-1000.0;-997.5;-996.0;-998.4;1.5297058540778354;3;-755.5;-752.5;-800.0;-780.0;-777.5;-773.1;17.462531317080007;-2958.1533756238937;-3272.9957301286854;-3671.007681396754;-3287.910343102336;-2917.367304052515;-3221.486886860837;272.3848160165854;3;-2881.5463596394998;-2817.333285549852;-2834.781812852328;-2846.0733094526204;-2904.0671010763376;-2856.760373714128;31.635541130867942;19.626291022799162;-2.58271224905957;Decision Tree;False;6782.166189193726;;;;;;;;;;;;;;;8.0;5.0;0.001;;0.2;20;absolute_error;;;;;;;;;;;;;;;;;;;1409.0215783962165;1685.5602539462961
274;134.58608598709105;7.967485879942717;7.070663785934448;0.08720530274184339;MinMaxScaler();;;;;;0.3;14;{'scaler__scaler': MinMaxScaler(), 'regressor__min_samples_split': 7, 'regressor__min_samples_leaf': 7, 'regressor__min_impurity_decrease': 0.001, 'regressor__max_leaf_nodes': None, 'regressor__max_features': 0.5, 'regressor__max_depth': 20, 'regressor__criterion': 'absolute_error', 'feature_selection__spearman_thr': 0.3, 'feature_selection__rfe_k': 14};0.928709819972047;0.8897930007152021;0.8857152263391723;0.9038054048089725;0.92718871181789;0.9070424327306569;0.01810093488201968;1;0.9308289677297518;0.9280322018073179;0.9302014730556624;0.9248423209861503;0.9259685905244698;0.9279747108206704;0.0023214195004782716;-1508.9836788417242;-1599.0051990786442;-1609.2295162882526;-1565.8371067526655;-1480.015104646571;-1552.6141211215715;50.4113382476031;1;-1235.034321629537;-1241.9020698278982;-1248.4406199611701;-1241.607644087596;-1226.2774807087974;-1238.6524272429997;7.501095788893143;-0.09515679871592957;-0.09801572224300349;-0.09694678730706936;-0.0968524074473178;-0.0933487545637461;-0.09606409405541326;0.0016374181720640642;1;-0.07648573062009999;-0.07608955588917189;-0.07778353131261959;-0.07606980366781588;-0.07558719980322455;-0.07640316425858637;0.0007466602832846418;-970.0;-977.5;-974.0;-953.0;-910.0;-956.9;24.91264739043203;1;-680.0;-662.75;-682.5;-682.5;-651.0;-671.75;12.733813254481158;-2548.1741562478155;-3229.021316659573;-3396.5014835110255;-3053.1566364538835;-2566.3689063824854;-2958.644499850957;345.2885603032415;1;-2573.3579023389952;-2612.764610987219;-2551.444579270512;-2661.9538234112874;-2664.372055373691;-2612.778594276341;45.59811604346178;25.347037391061328;-2.255694885424378;Decision Tree;False;6782.166189193726;;;;;;;;;;;;;;;7.0;7.0;0.001;;0.5;20;absolute_error;;;;;;;;;;;;;;;;;;;1238.6524272429997;1552.6141211215715
275;68.67654972076416;2.967125660055407;7.00237250328064;0.18118289555122236;RobustScaler();;;;;;0.3;8;{'scaler__scaler': RobustScaler(), 'regressor__min_samples_split': 6, 'regressor__min_samples_leaf': 6, 'regressor__min_impurity_decrease': 0.0001, 'regressor__max_leaf_nodes': None, 'regressor__max_features': 0.2, 'regressor__max_depth': 15, 'regressor__criterion': 'absolute_error', 'feature_selection__spearman_thr': 0.3, 'feature_selection__rfe_k': 8};0.8954839497780013;0.844427596339348;0.8395418289320253;0.8462635176471833;0.8726771333496854;0.8596788052092487;0.021302732397471647;6;0.894950692159908;0.8864898820369915;0.8846782173728827;0.876618556976631;0.889710758708704;0.8864896214510235;0.006044576766546738;-1804.030635077328;-1947.8120434353407;-1965.1126028298781;-1984.0929314202974;-1842.6867842569436;-1908.7469994039577;71.70723445958593;6;-1633.465234130771;-1669.2292276810688;-1674.60628845964;-1728.2411030125536;-1646.4571809342042;-1670.3998068436472;32.56406695295587;-0.11497497118170068;-0.11884880692891142;-0.11782878834516738;-0.1246429082946989;-0.1175193959582568;-0.11876297414174704;0.0032046575210685512;6;-0.10277235986205507;-0.10229488137712268;-0.10590053470307714;-0.10838673969607009;-0.10425819460065296;-0.10472254204779559;0.0022237974971969546;-1054.0;-1118.0;-1101.0;-1123.0;-1044.5;-1088.1;32.68700047419463;6;-991.0;-971.0;-990.0;-998.0;-980.0;-986.0;9.444575162494075;-3085.3592941910993;-3836.4770464069984;-4024.561249012736;-3859.77705194399;-3393.6959606838577;-3639.974120447737;347.29944588010267;6;-3171.280529932575;-3281.319085743222;-3279.583435689501;-3410.6626101681213;-3252.021705367475;-3278.973473380179;77.03514855797873;14.268870936394947;-3.024380161145076;Decision Tree;False;6782.166189193726;;;;;;;;;;;;;;;6.0;6.0;0.0001;;0.2;15;absolute_error;;;;;;;;;;;;;;;;;;;1670.3998068436472;1908.7469994039577
276;116.18211817741394;7.189987769363261;6.974203109741211;0.18531476008447176;RobustScaler();;;;;;0.25;8;{'scaler__scaler': RobustScaler(), 'regressor__min_samples_split': 7, 'regressor__min_samples_leaf': 7, 'regressor__min_impurity_decrease': 0.0001, 'regressor__max_leaf_nodes': None, 'regressor__max_features': 0.5, 'regressor__max_depth': 5, 'regressor__criterion': 'absolute_error', 'feature_selection__spearman_thr': 0.25, 'feature_selection__rfe_k': 8};0.7613626687587304;0.7743765689524448;0.7691761272101116;0.7711460378346559;0.8012315206886544;0.7754585846889194;0.013580700765090289;21;0.7414713570022198;0.7825548393916777;0.7895840733677404;0.7892917577814217;0.7893494044886786;0.7784502864063476;0.018679282982682593;-2973.2589667653833;-2862.9136558078317;-2780.3292859493254;-2766.5088521784915;-2674.2201197841255;-2811.446176097031;100.64879051064501;23;-3000.5530455098883;-2821.6694856691565;-2741.1805752081345;-2700.0972704388028;-2702.334622155679;-2793.1669997963318;112.63786872063774;-0.20681958684913118;-0.1854357848991382;-0.17635767065972346;-0.17734873102290188;-0.18367151308776938;-0.18592665730373284;0.011018053011435052;22;-0.20543338635519323;-0.18048551848991226;-0.1796185367312966;-0.17213566115457957;-0.18303316972734934;-0.1841412544916662;0.01124754536926805;-2011.0;-1993.0;-1960.0;-1851.0;-1795.0;-1922.0;84.35164491579283;24;-2005.0;-1954.0;-1941.0;-1868.5;-1791.0;-1911.9;74.54823941583061;-4662.119946412266;-4620.174969073171;-4827.007616126524;-4709.263243105264;-4240.269743993462;-4611.767103742137;198.21723670096503;21;-4974.992116570584;-4541.570396892457;-4429.985607167709;-4457.122799634598;-4494.3636222166815;-4579.606908496406;201.2121008138374;0.6544247551983922;-0.3843150641307088;Decision Tree;False;6782.166189193726;;;;;;;;;;;;;;;7.0;7.0;0.0001;;0.5;5;absolute_error;;;;;;;;;;;;;;;;;;;2793.1669997963318;2811.446176097031
277;88.13087935447693;7.1646121291812666;7.03593373298645;0.20592534551305514;RobustScaler();;;;;;0.2;5;{'scaler__scaler': RobustScaler(), 'regressor__min_samples_split': 7, 'regressor__min_samples_leaf': 5, 'regressor__min_impurity_decrease': 0.001, 'regressor__max_leaf_nodes': None, 'regressor__max_features': 'sqrt', 'regressor__max_depth': 10, 'regressor__criterion': 'absolute_error', 'feature_selection__spearman_thr': 0.2, 'feature_selection__rfe_k': 5};0.8778325700813491;0.8384019198451256;0.8454455172219364;0.8518211834386937;0.8547980896279621;0.8536598560430132;0.013336239169310062;7;0.8706161449722575;0.8574739455791079;0.8871867800172082;0.8728201056706731;0.862138779548483;0.8700471511575458;0.010221621673342418;-2029.9932543599868;-2114.9028956893717;-1980.2751233958538;-2039.9746939581414;-2043.3029814400422;-2041.689789768679;43.06802295396123;7;-1949.5343051762152;-2004.6942479186548;-1851.6810688077924;-1941.0035867651657;-1941.1860017440235;-1937.6198420823705;49.092912571684415;-0.13035159100652347;-0.12792004759761041;-0.11871256294259672;-0.12696962510537102;-0.12541317140022354;-0.12587339961046504;0.003922602918677581;7;-0.12402695208334441;-0.12274205311467704;-0.11581392427664165;-0.11949336696723512;-0.11733450081709508;-0.11988215945179866;0.003116105238174905;-1298.0;-1295.0;-1203.0;-1295.0;-1252.5;-1268.7;36.934536683164175;7;-1207.0;-1205.0;-1150.0;-1230.0;-1151.0;-1188.6;32.32707843279377;-3335.7382876521438;-3910.0690032636235;-3949.830193997994;-3789.368239949851;-3624.1477318716693;-3721.830691347056;223.86963193623828;7;-3519.476802631804;-3676.8702815519478;-3243.7173843427413;-3462.7653847608785;-3635.8664318171773;-3507.7392570209095;152.89855774055442;5.3710199197002435;-1.8834950603229161;Decision Tree;False;6782.166189193726;;;;;;;;;;;;;;;7.0;5.0;0.001;;sqrt;10;absolute_error;;;;;;;;;;;;;;;;;;;1937.6198420823705;2041.689789768679
278;66.52817063331604;4.784047124842138;7.255555868148804;0.5658537740685844;RobustScaler();;;;;;0.2;8;{'scaler__scaler': RobustScaler(), 'regressor__min_samples_split': 8, 'regressor__min_samples_leaf': 5, 'regressor__min_impurity_decrease': 0.0005, 'regressor__max_leaf_nodes': 20, 'regressor__max_features': 0.2, 'regressor__max_depth': 15, 'regressor__criterion': 'absolute_error', 'feature_selection__spearman_thr': 0.2, 'feature_selection__rfe_k': 8};0.669468272618898;0.6417009252103787;0.6116595002188706;0.5719523685716155;0.5463903221696713;0.6082342777578867;0.04477142513758739;40;0.6470137618679697;0.6505892235139246;0.6267811732318509;0.5832002396507252;0.527537214820962;0.6070243226170865;0.046418048694330714;-3693.856202698256;-3569.487857847976;-3998.1202040144785;-4061.930301434777;-4105.728247992629;-3885.8245627976235;213.96351799184217;40;-3726.4235249596895;-3519.278357300339;-3963.6286978841026;-4059.163230721137;-4175.746803994801;-3888.8481229720137;236.5898498340428;-0.27284301867873934;-0.22607752727512737;-0.28190961879043575;-0.289702282743699;-0.2889751224143668;-0.27190151398047363;0.02370342517051712;40;-0.27294152501529595;-0.22189180752930618;-0.28785466615231126;-0.28885210698827385;-0.2876468862736306;-0.2718373983917636;0.025658426391440777;-2701.0;-2320.0;-2845.0;-2795.0;-2692.0;-2670.6;184.4956368047765;40;-2699.0;-2300.0;-2835.0;-2855.0;-2682.0;-2674.2;199.6230447618711;-5486.8214486301395;-5822.227438315017;-6261.003765201003;-6440.5031796454;-6405.615749890931;-6083.234316336498;370.67659906729443;40;-5813.222563191836;-5757.0410312970425;-5899.90178950063;-6268.701176125851;-6730.861650534087;-6093.945642129889;365.0108708013633;-0.07774950522057197;0.19932564408353864;Decision Tree;False;6782.166189193726;;;;;;;;;;;;;;;8.0;5.0;0.0005;;0.2;15;absolute_error;;;;;;;;;;;;;;;;;;20;3888.8481229720137;3885.8245627976235
279;108.24680352210999;4.537230973364451;6.896490049362183;1.2820478984045012;MinMaxScaler();;;;;;0.3;6;{'scaler__scaler': MinMaxScaler(), 'regressor__min_samples_split': 8, 'regressor__min_samples_leaf': 7, 'regressor__min_impurity_decrease': 0.0001, 'regressor__max_leaf_nodes': None, 'regressor__max_features': 0.5, 'regressor__max_depth': 5, 'regressor__criterion': 'absolute_error', 'feature_selection__spearman_thr': 0.3, 'feature_selection__rfe_k': 6};0.7717233338296857;0.7732980308584491;0.7684324031478236;0.7762329690163111;0.7893659025470544;0.7758105278798648;0.007230230424124097;20;0.7597237165208438;0.7811800611622968;0.7937389580641471;0.7917156031408772;0.7693973084422118;0.7791511294660753;0.013018054417381677;-2865.0283974991776;-2796.160414610069;-2728.863705166173;-2756.5925365275766;-2730.6694418849547;-2775.4628991375903;50.959581866329806;20;-2848.35517786041;-2752.864391720688;-2687.4322616736317;-2686.58865726649;-2798.85631550371;-2754.819360804986;63.06896921653453;-0.17456353939956537;-0.1798153880016258;-0.17086143672362766;-0.16972745985606907;-0.17494335183715845;-0.17398223516360928;0.003553303469371016;17;-0.17203292526656658;-0.17495511140019712;-0.17242282481673585;-0.1649859015487496;-0.17516231380470762;-0.17191181536739136;0.0036897553122812172;-1888.5;-1890.0;-1790.0;-1750.0;-1861.75;-1836.05;56.29795733416977;21;-1803.0;-1807.0;-1797.0;-1760.5;-1899.0;-1813.3;45.92123691713889;-4559.791783907065;-4631.204616627237;-4834.777771283455;-4656.630727839044;-4364.99816569541;-4609.480613070443;152.11477375337353;20;-4796.1583848336795;-4555.904618974306;-4386.030166441165;-4431.412782363256;-4702.394351388239;-4574.380060800128;156.09609281801127;0.7493608701287784;-0.42874886012161967;Decision Tree;False;6782.166189193726;;;;;;;;;;;;;;;8.0;7.0;0.0001;;0.5;5;absolute_error;;;;;;;;;;;;;;;;;;;2754.819360804986;2775.4628991375903
