carID,price
89856,11774.22996304159
106581,23640.87665155647
80886,13752.640728357632
100174,17260.70852856653
81376,22875.82193065084
85391,10288.541721190644
82175,13729.46999762518
95250,14197.537310559788
85071,3826.1846871788457
96210,17298.69309597322
80317,27167.711576882735
92731,20872.35084415012
107704,10855.209085469518
98302,7234.236846776196
107055,23236.1178869708
94621,47438.57048147802
91709,19769.93713922754
98193,47051.12723297666
76189,17274.199693359104
86871,15535.954823019098
102917,6751.085891613002
90923,29057.360303819376
101603,11190.857956937882
94196,20686.617625306302
85174,15698.103110599784
103370,12541.641616983668
107877,16155.565563828544
79567,15215.600401025365
90091,9400.066116288977
76169,13913.828308187733
98708,10946.609627202353
107347,23003.346763238224
89583,9891.422989939263
101591,11839.811034268361
92160,14573.324982392545
99676,12118.839923703403
85354,17136.032707892904
81900,11673.696508437695
80345,21415.29237927509
78509,31470.32369175708
100872,8645.293048305177
95087,27050.377372587274
86027,16565.872242825146
89135,14733.245985258975
80557,26412.49701683083
108092,19297.307583922182
102672,16326.66081882347
83022,7520.127750782936
78398,20098.899732854974
95889,28814.064266402016
81117,46446.38338304578
93730,19270.136884110245
101380,9832.372619909478
81772,26828.530959622818
85304,10970.696253322687
86107,6181.427283330852
88696,14627.003156666242
104350,20016.952144866427
87331,12385.348072898567
85206,16664.60508769463
107445,24712.25484726553
106539,27467.97371539817
98712,22336.336231345416
96875,12123.928341966368
108464,21331.136548151324
99890,7909.127111749468
87771,18093.101230223754
79442,19616.948727119165
84170,10948.922881313654
103045,15328.608233049275
101544,3703.1059355644297
77350,10382.99943825737
89225,14063.770350959476
79565,52383.701152504276
82849,10986.695937721957
94360,21558.79263606772
103040,6766.617730794295
105101,45471.98456555704
97077,11962.566596502622
98674,12734.24958807713
93447,29574.319140614534
84951,19092.171798547715
91953,10767.133851029788
102101,8050.15251930802
92604,30615.957401135147
89010,9690.340992579024
102729,9434.526276789124
88024,9565.019762813312
104367,11912.699966848339
101230,11017.69058462105
82524,20281.58306477436
95279,43194.9249964718
106098,12466.53608665128
89749,8627.649945821733
101277,6869.767217688501
108016,27310.048239279316
81259,25127.41532278887
97434,20341.210161425774
105289,26323.56930207022
103379,9762.187771028941
78317,30473.257783889974
104166,19561.79561140822
106660,31375.51294194106
107490,12300.260354322718
90684,13659.629748236519
90032,6928.65960335569
79481,19422.425919197372
102524,9375.288207435167
100778,16426.450122686805
77810,14158.83499516115
98979,13310.283905848792
76558,18299.997051407885
94550,22981.01309677852
107246,6185.450216085485
77429,25803.738851098922
106105,12829.764653992743
105213,9493.689481511785
102747,10829.006780320671
104958,15206.85514587607
96036,17373.392700827168
92310,22808.86443840454
100837,6648.316131834019
82858,11341.422691284039
90119,9630.367718356958
77304,21292.143665971693
89011,11296.982050566783
84623,16555.2992767219
99665,23312.45574385526
100592,10050.22920520479
82623,10662.741130972141
92035,18756.98483355925
84305,10479.304377496006
92903,7165.927790135695
93398,19857.438170132533
108067,17756.780957927862
85062,8173.014078480608
81727,38658.73251715374
95637,9568.807328290226
89690,8127.659265806329
83240,18111.654488439497
89711,8135.184599104208
96945,10197.884139365508
104924,21786.043421488263
79633,19905.699600946242
89582,4843.054354692064
98080,7472.928752044517
85992,6843.658646519515
86712,12989.004177311013
105767,12772.071233797897
100590,9208.238644789886
104574,14880.20769311553
97246,12431.428200728584
78141,18690.46472973113
91590,27690.401961046642
80767,14085.767402538197
100344,14732.239969528386
88987,20604.833978242787
96479,21460.613108030382
90598,9130.545708097463
83880,8194.440922104308
86802,16723.530737111167
103078,15827.00330215584
84736,9388.29822467378
84196,4703.601929901885
102062,9914.289123721854
90110,6079.230225402724
102907,11301.885071043258
81776,24652.931277270174
102431,6204.3175429405
80442,14006.36790309456
78656,29608.066301841292
78537,34872.06922628146
102511,7258.6021832443885
93612,19979.79629339032
99284,7890.704551466313
96315,14528.218123218208
94305,33470.679358443624
100636,10738.620947409197
81816,15657.051475178714
100352,15820.404380504919
101476,10985.96909096877
93392,31055.170746138418
93995,21702.87799619569
94261,30310.34827836186
89117,15865.193724698407
86506,2859.5753557322
88456,6540.457840201294
84134,10683.533558480718
81088,11571.007848696267
103960,11031.210202334792
84925,13360.037898332495
97306,9992.38325444987
83752,7605.225931352083
100696,3662.536574359511
76472,11626.418188642956
101128,13208.926745007344
105932,14482.666823800655
86416,7812.097658748015
79616,28056.970995248837
83395,14728.445544336453
88734,11398.010680847889
106676,17497.25677500854
102442,10268.357772407559
88761,16813.787212058713
79708,28251.701651496594
96808,18562.262255498696
103755,9668.700385112588
86273,17073.408185605094
97635,26627.78217605598
80797,24014.898124769967
108000,18161.544581214966
95126,39385.020877981566
105187,30829.38873189074
81613,19957.799563270044
103906,6519.368887568359
105729,8091.440131998999
100637,15336.34291726077
82861,7666.276120173163
107823,14517.532500144158
85274,14629.225151715633
88926,14478.199913842269
87871,10948.922881313654
97970,6934.306413181144
98044,8252.499034082068
90277,7625.691375289079
85647,11452.163843991639
107447,18762.91409565658
79418,8133.642834489585
80383,27737.97886549811
79894,15660.156199956733
105875,7051.4829511459775
86032,11200.011796690476
104423,15030.34463451968
78437,14078.350179702436
79480,19709.15848264113
89973,5453.880614852622
94007,27492.137202557704
93952,15275.07924987264
84548,4587.564895420779
97885,11251.51354686954
86571,10125.332527818062
77839,38858.950069383776
102201,5829.336728977313
98731,7909.127111749468
82395,18599.735088163194
76816,33063.3953069869
97956,8067.770412734547
86012,12347.648605371105
106393,21806.166187282142
81832,26134.05069084173
82787,19358.12527030629
103974,6774.639664813701
100725,10356.260025672773
86552,7102.507467794436
80174,14467.91948233526
99189,14742.083916843221
102543,13469.140569483954
98518,14583.692456798311
100334,9703.296959458157
92673,20721.684460678003
88008,11705.431523635792
105207,23561.286690449208
106462,24246.421849531584
106106,15010.69838949795
79705,18346.074623824512
108193,18516.90593403332
89668,7803.097893034118
86435,11737.354865415211
101281,11599.735914821096
104753,27756.532761260747
79004,17378.918115313627
89732,2937.4495801490575
89201,13195.711557195795
87282,12688.35230971653
101589,9741.227115192745
87352,11967.521999042512
103388,9809.946492531186
93619,17141.431251658498
101941,6709.925278308586
106533,13453.300179665173
90018,20412.870445517823
101265,16094.858349856362
104255,22968.75057752358
80093,26880.683677285724
82433,7530.271275601679
77254,15638.663166671968
106400,30846.884198964603
79847,10393.186889460583
95735,29460.516836978717
106733,18986.912060506223
76318,20097.436592751998
95966,12098.124551658853
101690,10639.710641661286
82845,15662.261385285212
96266,21069.46234794508
104175,28889.462674597562
97347,13019.567790259938
92730,47158.25676599555
84738,9110.420227962903
102596,6185.69291803924
78356,31126.804446824382
94062,30517.091052817977
101662,6782.8014481686
81715,28811.93051462588
103046,11124.89340624031
108133,7105.300367466767
96302,12256.956028649358
83859,21353.917811592848
104815,17009.92523720724
95903,27204.546757726635
79683,11116.61797570349
88888,20793.323583794834
80529,24841.81251049402
81898,72225.09587031331
83435,10316.490455291967
80448,14103.234127605036
79241,33014.94397205262
76056,18941.90653032416
76342,16221.625931298078
98238,9433.79902649954
85878,7995.975744863329
102846,10027.948756448624
90215,5975.061360725461
79635,59855.867871549475
77561,19316.422603845574
101151,13177.125011307302
93594,25658.86019138106
78703,40635.80021204824
87596,7651.790664687965
92572,19095.090723612422
90757,8129.055728860815
95881,19566.43836305846
98008,13456.996023726508
84805,9065.604945160549
100888,10134.761024941172
82504,16205.335419266563
82177,15624.65953941698
89472,33188.171622633425
82301,15972.943238193951
106483,8930.430326744909
79808,13488.54195865823
83412,16822.480319143284
89386,18130.33923167787
89889,21455.525767268722
108249,16276.834705503868
98252,8740.335152757487
83525,9523.821118107559
102595,9978.065405502366
94255,11607.82679296442
91259,27224.68361250146
99539,7089.912022710227
97379,24942.25326838531
104452,24421.966070141007
88479,11140.190765126941
95424,29131.791093387998
94732,43774.776142985516
89025,9885.205331188143
89497,37488.922676933835
92405,14034.006619569931
95346,15952.504960058019
91337,17284.18597618978
97739,13827.231310277151
81087,11521.303636706307
80661,9456.891535665673
105537,12789.137935477072
81073,27618.80463212542
102770,9979.209653749205
99299,9713.31974802842
77528,18971.067114636517
95278,31782.675253422447
106536,17886.826149776396
79421,15644.7982346408
105026,24688.647618838397
97887,11910.61698048129
106163,17833.208555213947
103242,10487.837279646048
103098,7857.833670427265
76195,15341.639314684337
103418,11762.005675858149
102091,12183.096351343667
102341,7295.02390746678
100315,20482.20839524855
100377,7527.973060966119
78857,21870.55742504182
93748,29751.344205007033
107891,9711.053687886922
77063,26477.687251524
86916,9214.77479844538
108347,10042.030282822716
94475,18542.78599937805
100383,11904.723990031585
80618,31130.361588355867
98926,10418.56456735234
77228,15574.98081866099
106915,15168.001499020578
92594,12162.447295403823
80745,33270.55504839417
78361,10624.488090220431
95725,26248.936688471782
105171,7581.119452000779
87007,10079.975096666518
104121,16006.143054886326
92877,15726.195745832521
108335,42249.63532761816
101357,13496.823803052597
89325,9457.489068343308
103144,7800.619301876577
101413,6524.059395542791
85182,10827.990889402641
84097,17750.396090652255
101970,5697.446522511591
98315,5428.020360754181
89048,10281.930254366745
106141,8652.54879451317
87105,16675.474702505002
88472,13838.996454798122
93361,16144.84504669621
87040,7918.458954821096
99831,12114.513092625484
95677,13660.866178207301
89770,6642.3540670218035
77371,26086.76808726912
107143,18913.15598449729
100271,12064.064547861157
83905,11504.828392688098
101531,13751.926278288975
90617,8066.362310505146
83895,18452.189054637856
89453,14133.49459210476
106012,20671.89189105214
76381,19550.748607527777
106986,16394.056672443534
84143,12406.85426932655
91665,41870.698455411126
81350,13865.204262848529
80422,15359.656540804663
84794,6202.782893207356
81156,29197.86473042693
77082,34906.79657248986
97356,8942.208580810819
82730,17583.69113933518
99244,9752.100880304002
85538,16655.054669126283
101585,11176.015065190337
90288,10139.55343352935
98799,2760.8032086770527
93547,20887.959257872848
85142,9411.368831688433
82012,32484.098424363907
89654,14887.17500676378
102304,13352.579540219103
79288,44008.27617725984
77400,11572.022400829463
98597,6339.87223411058
103156,8510.466210498755
95446,26326.521979512723
97036,9455.301896639512
101401,8724.200508750242
80817,10006.81760299514
84078,6889.261813858288
95390,27210.80379346686
79883,23102.518553376547
104059,13177.76005416603
103041,11551.623145654139
81651,12865.733364895808
100432,10664.621117473154
84933,13796.186583085539
81600,19899.27263519171
78379,8002.977144377085
90816,7908.088704561442
107414,9545.571445342193
105633,19180.116984370077
99508,7361.413541143249
100874,8380.75889951701
104208,16597.544350215485
84774,11904.920945309543
96518,12563.387734714723
91543,22598.00497754034
107146,19520.146561201287
94426,16031.151404092123
99059,9342.78868627258
96640,8521.117381323429
81277,9828.507483883888
102409,12183.096351343667
104800,13018.201223528587
107498,18434.076875404728
90942,42945.23762441429
80202,23583.542744594757
76794,17313.562521110627
88973,13210.403356590365
91958,50257.37393510263
80562,20080.656461689603
103486,7515.640553375733
95237,15705.036391454405
105569,15321.873851192808
106560,26111.119766439795
107977,12726.864356935444
90076,17035.53268110489
93050,15879.773881394542
80609,27416.491693229746
88557,16280.121282013097
90894,19348.094759127842
83669,7421.803322942169
78849,17155.960683563695
101275,7469.636450274755
91858,9303.562742280305
96243,14178.18617953712
106227,25147.848595069117
105300,15736.403582036051
93065,41971.23246178291
78002,13051.111417041466
82500,13667.481326220657
78204,8802.98830860159
107851,8658.737293428705
86217,7412.335844894891
82662,7353.391823291498
93324,32809.27018341172
79680,13137.678129966236
104920,21229.85902444094
96735,12407.938844771299
89992,7681.548920573885
106961,26941.955209780706
80078,15647.98704658651
101429,9979.209653749205
95551,19916.889085787636
79937,53678.51783868695
80680,20155.921766805775
99448,12125.353890622971
93909,32041.353031738057
96888,9742.70250689072
104584,12100.912794455118
107289,20989.366816082304
84126,14815.83913231466
101282,10621.520436245428
92474,21585.6256324506
88871,15168.682848690927
107177,15475.253990244477
106026,15224.50063186446
96937,11253.465240283173
83543,6854.055220908739
81094,17999.18344822691
77503,22119.268545512663
85351,5987.924957730449
96000,16080.713443620683
87374,15679.518761975622
86394,19676.601710137482
108364,12259.641855559223
91441,28720.46059851605
97039,19371.854349629237
106685,11645.741916799456
95631,16397.59795828911
101883,8087.656056264356
78238,10921.80154273685
97508,9250.706199466007
98441,12957.490457703529
80066,28273.609871052908
79095,33523.32553497703
80007,11540.459228016874
100219,9057.189646195298
82511,9891.321643649197
89270,14547.689894213545
88713,9731.285164422454
100353,9701.598134302409
102841,4295.707664421096
90117,13375.204506286094
81549,50044.729723099175
82350,27715.33143516333
76546,34773.32422277916
81013,19717.445629997233
91240,17446.80738887697
91542,20354.50483357883
104518,13245.749401583096
93537,54703.61520478666
94372,24466.22385729816
104419,20211.623177865153
97636,14041.026522966777
96288,23835.336438643844
78717,10436.070408549003
105610,21153.497666936888
97754,17595.66716280688
81458,12264.422202649104
86931,17570.44609243965
90713,20882.8143729819
90909,30509.937358818574
77251,40869.31728950109
95081,10223.861284637711
95560,14550.7637896348
93288,18649.81921169975
105036,13661.827572833
108490,10520.535774624492
96935,20679.870126138576
89373,13733.659645076272
98010,8684.065094679165
104699,20464.607705685306
86692,8238.345349761319
85024,8019.986769431885
79086,34458.84633373334
89939,12760.861353387596
79098,18367.990094151883
86141,18133.036809296
105462,29883.323133817612
92870,33336.30824919429
92163,23908.67761731742
87481,16512.76633350488
83276,9777.38264090808
79356,23707.9051258767
103602,11412.562486292956
88460,10654.02129740664
100934,7008.2367717739535
96659,6431.320241119277
83204,9790.001061369401
104621,20071.861316273127
84110,11903.261207135107
99265,12757.950973715675
79574,13362.387121207628
78186,11298.717766303067
87005,13887.51149219382
104043,13929.396402401984
81574,31686.444456959616
104091,10840.176570042126
77759,24058.965003826524
78181,11258.280313302013
96169,9196.40607408079
98267,18468.5030978841
97837,12763.475087453013
80133,18814.535284481673
98571,10003.64093571452
88628,20471.701661455296
78622,14528.296815934878
88678,11393.40698351909
87278,15634.24389174398
86963,9655.400229398922
100350,6632.460458455139
78771,18501.92837018875
95935,17988.583947585772
107590,13002.988289560386
84458,13589.336639553187
85656,9219.187690340255
81611,5012.141743996066
92638,21372.049349651665
87478,7850.577113581477
98407,3000.0707627095335
95581,10519.913860713506
100645,12150.265915731854
97184,7039.114890416969
84473,14214.390862043592
88951,7360.519600748013
100836,10156.166942167125
91338,47168.20470216484
94112,14718.844357430527
89882,18107.650356982886
97097,7553.4634011895105
99151,10411.078676431327
99607,9320.81397362699
78931,18822.48032103844
97805,6777.294499820834
97477,12669.757856926646
87819,17936.379325234248
76361,19030.445035183042
99201,28991.026113240565
103410,11648.547589607519
108436,15136.429102413567
105558,18707.519577576822
88025,7544.7912136496425
101944,8191.885888960614
80786,25344.44622834743
84001,15837.838921660437
78304,21572.62237210353
100501,14254.854427186
99693,7754.7945230758605
94557,18618.03665329248
82152,27040.89499590264
92039,36643.42854005925
83177,15674.326321260247
90726,7914.521810768562
82879,13797.939207619058
87378,15922.394958811366
91699,15347.72089551967
85500,17447.24068844569
97050,10194.257634675296
88754,4170.171836723817
79069,34805.1855507906
89329,17701.362633738798
102605,10520.672461981121
93090,18071.27923323606
108403,16793.354920939833
91391,17932.936861454396
80964,22097.69914673582
89444,24151.665844551666
84092,11376.068034306625
100617,10535.199776389643
107962,19748.54604951218
106640,7207.595382598481
95123,13043.863006460857
99114,6259.4616857503315
94461,21630.232269959797
88654,15691.574635273775
80421,17279.712151306965
78113,19977.148128779823
100558,7453.843211675361
78873,27600.453422552288
85480,10192.728617269413
103902,10983.208140671453
104816,20671.89189105214
89039,13905.76860952061
95169,16081.981613614349
93971,18156.26589592048
84450,20360.056757443097
80824,30039.814812630782
92545,15121.041140028095
89226,6641.626383182714
93873,20789.507488552194
85871,17443.49168718875
86343,10582.87600383785
93634,38163.36307550484
106942,8935.195084733003
82535,10761.845975942171
92259,18692.693894977485
88794,13280.32874603524
77385,35331.13149187364
76996,5379.932985449733
102708,7442.923048651017
81359,15142.150339377982
90486,3624.5629431356765
100200,7956.5729418122855
87970,14084.975892151358
107512,9876.614394560858
79078,28809.486650090603
108477,15227.839774811022
80312,29706.24828591964
82208,8447.640291294003
100695,12722.206882036664
99506,10098.670255001773
85773,14390.308708325729
101887,13854.21399909249
90129,11160.429991653891
84730,9503.351561843574
107601,23124.44655509893
89592,6229.261604422801
84844,13300.401108004666
96938,16511.872029486625
84981,16121.407712823137
100698,13560.166504969453
103306,15521.560275176325
107175,26868.856905599434
95411,31345.280152445906
101169,13809.953631707469
99407,18586.61714618132
78248,15681.191060950583
79031,18193.83457144991
91040,19354.70548266331
76464,11951.142063142865
102813,7717.726634030799
86811,21095.48892185948
81191,29354.788792263756
78202,34262.718129709356
82471,12495.62104245504
103920,7761.005711825956
79904,25296.981036677338
95670,30518.485353623157
89931,9989.952179078367
92605,37278.318220526286
85695,19974.487965447308
98750,9530.582226548158
101284,10372.285543349937
91932,19156.696152794524
98623,10631.559476924147
82499,11066.118781039237
93193,27117.28068932704
106110,16370.22516251383
78500,27132.905550823543
89447,15803.101450436325
103373,17920.567841150027
87872,9268.499213572017
99425,13066.087628434438
96552,6103.825075162591
105787,12262.982075638734
82567,12578.15245516109
102894,7472.120759817791
77641,14355.444134249485
100827,12191.94685626822
97712,15921.154362804797
95197,32974.73273325827
102993,11788.702875190644
94855,32678.95667904995
81534,17764.339669499357
95133,14713.101408293878
107468,5886.589933320243
86402,12900.24474508759
102666,11981.920090507101
92984,24118.989148561865
93891,10281.207349178523
94312,15841.05693914696
91959,39949.86888766964
91802,27958.750813898994
108175,16328.118787738596
78293,31085.62123519105
104991,8382.433254817863
104302,9715.300243492115
79807,15659.703104711332
87167,13044.34359587894
78620,21768.759359713695
81174,25440.624264124013
83125,8036.033223405534
103123,10386.32047056965
94065,19215.204870205638
78480,16294.54829017435
98280,8480.496857253815
83415,7809.1383969505505
92297,74116.19335115285
100221,11404.331632621957
78829,15119.906359510467
93418,20793.239602340873
83424,11132.637608731095
101749,6428.147850157883
103456,9311.305798157511
88503,10648.111701324444
84931,14584.847743813096
107552,21150.302668418648
108037,11744.72836650957
94539,24395.14307701956
83697,8238.672746996644
87455,18158.54904928434
103044,7976.870531584863
104852,22680.67001338533
93437,40740.85795263547
92885,14283.280622564436
80922,19804.807457707473
102886,8195.965748498644
104586,16480.44853362397
81164,13281.666743732692
106074,16377.89737230524
87617,16977.72312414289
84513,14612.58913960724
96743,12721.670255054238
81209,19278.679932234318
95463,12954.57023145078
95457,19009.95436005914
101606,12392.778800734377
97485,29439.05183106787
91916,25166.035796902866
91629,44784.16523393127
84215,12493.63044190097
108190,9774.904931102566
88314,20391.041518737595
104526,16885.044588662488
82467,10417.630503342849
91827,29775.8419046407
77885,58338.7534162679
83459,8411.336587006948
98375,17660.72999654986
101233,11181.97198458002
97186,9637.289100507045
95520,19748.820591986358
95216,41190.46022958992
100878,5630.410467750663
80031,29627.534336174245
106134,25021.309356732603
103526,6142.72098755325
104018,43059.972156736476
83920,10091.693601839948
88245,10153.796911119944
86248,8466.279180856412
86315,15099.284709453223
108157,32006.959824051377
102814,9340.086377597361
84371,10883.52340381637
95270,14120.181914511248
107670,20173.12775272274
78745,14156.610009832206
88772,11544.30976086355
82335,18182.281369832228
100049,9612.981312052772
84953,7220.216334845557
98948,18242.52751348456
95952,33784.163635113626
93638,23789.0911868203
91164,33336.30824919429
87627,18880.792545718068
89209,14089.038768849645
94140,19680.54576139511
86567,9383.792891470823
81451,20160.915007859676
94658,27615.061130511807
103969,9378.674500745708
90158,14653.626101376773
107712,14121.425547651552
102518,11499.551660070132
91367,29024.53598425416
78764,16283.941309286283
87411,15454.098851805846
80790,32580.01801932971
97848,15588.513883757892
97985,6102.737812728893
99323,7166.807549390255
96854,12220.220667639685
103917,6726.549093017943
86223,7265.60911991978
101812,8525.060618624742
102098,10154.1152145682
93414,11413.02143088647
86794,9913.531779431698
81508,29118.868636650423
105781,14630.004295628625
103758,8658.215511454175
100877,13496.823803052597
83075,15993.101160084425
100303,12792.450786495892
85269,15037.509703200762
95693,17870.92027633983
85891,18526.689341792047
85991,9838.327682393734
89378,10756.455936997625
79718,11081.713361481647
96415,13342.432100034486
87510,10662.575178140492
95579,15819.844600211924
96453,13741.02520704375
80182,30229.784190743943
103363,9834.404406495241
76430,20663.496423157263
86302,7594.205598716076
78876,11833.303301199818
106740,10833.162608344783
101855,12057.371500264393
78987,25995.328788102335
100155,15059.511754782572
76069,31035.777431813538
79889,20990.761589751033
104035,19544.818143447454
102533,7213.797956316368
85374,12962.249322473235
82210,24810.040895527945
81145,13530.623127845918
99738,13105.006091387675
98201,34068.37116277289
88630,8738.677184952916
94084,18378.826328476192
79771,21354.675091766636
91057,39896.22023938225
92492,16541.18303768591
103600,15549.890826263007
105315,28210.401305740063
106151,19664.771725392126
87426,6562.951632313794
85249,10385.871587233769
77379,8346.628567131085
76190,12113.027654515867
89820,31104.221447943582
92650,26842.06929936109
82906,17008.030487560685
104766,15703.351706583535
104673,18442.16617121814
103734,6405.290907847066
87652,12862.740146271084
107399,16035.95956049616
97222,18098.630230466755
100614,9378.95357048617
95807,29775.8419046407
88084,13915.388264065261
97997,14643.741429326094
83321,14226.355736138294
83002,14651.114402682915
103995,9609.969306376312
102305,6878.149119085653
97774,23274.94035914368
87737,11426.301725563135
102191,15059.511754782572
78470,22400.499513634146
81787,21430.610110942605
90975,34484.5018073401
76598,19969.008237825197
88308,10325.403968148386
105997,9328.902454088884
97095,20770.668005829557
100555,9272.00550105509
106628,21424.553906446392
84638,6026.136373889714
106752,23129.419087266124
88072,15698.103110599784
86734,11845.132988717742
105842,23464.146579003715
102037,18798.636115924615
96623,11201.890676254401
80943,12087.77075251834
107882,10458.725879234615
96069,9538.471639168352
86796,17836.487150609435
83234,14957.282167480758
85044,11519.761712436413
76183,29295.519891523603
102124,9539.943382879364
105963,12117.904729505268
108127,12608.726197900725
76435,62987.0664289069
89809,21642.57032410552
98129,12016.185587725207
95632,25218.864107078018
77264,21841.485809814418
102849,5960.704724007964
106860,15059.726234781217
90177,8591.474923623899
104336,13405.33798168625
91068,20432.859642662323
85416,9578.409990206826
92720,19180.969557318105
105257,10634.922990019295
94524,15984.444175538292
87069,15625.032458241902
79026,15883.463121706794
100533,10881.69635548581
107396,7376.6506582524735
77220,11610.563172960836
76863,11879.684678363286
89441,8356.14765927041
86301,17585.526392417683
82808,17209.814638580046
106681,14022.297143162434
100673,11404.331632621957
87115,9838.327682393734
84819,10115.773304165623
99889,12766.788391333906
100435,5611.41843179519
91329,15088.195780523283
105897,11288.386348776965
94788,19976.91396010245
96403,18419.07127732463
105780,24628.00539386829
81290,20030.99104766292
91689,17344.20800046044
93660,47162.63484760198
84018,15847.94597171041
79166,21029.128348300837
99850,12061.675429931789
89900,14860.290150908382
76628,24473.040150248835
99136,10906.065376794118
89388,13961.636400709916
86441,16085.57503433867
100362,7713.456892358905
99493,10477.536106237712
108082,14127.83280372676
94759,21814.52254273863
91954,24699.271927168225
90378,17087.12151690362
86126,19943.99896886999
92990,17503.13278883295
80507,19763.863580898196
105394,20213.973445837957
80679,10805.408984039506
94014,17588.249173462173
78092,27679.60824043609
92725,9950.61929962206
104609,5444.439069278847
89940,19568.619538564217
84337,15797.339072919503
80392,18223.71619723368
90992,43494.18086043487
88342,10013.776588171524
83193,8023.9725599808235
83080,27404.98342708656
87197,16566.917108331298
106043,9151.258274124468
81316,14934.859884621148
105197,43840.20543330677
86103,11308.840685867322
107819,34915.85263058795
94911,17336.1973240934
76597,32684.520814080362
96614,8938.039805842098
102197,6065.268379203667
104617,7487.137828550782
101445,9314.853497067332
94521,53158.671852579864
107290,16999.104870261355
93099,24346.278190427376
82179,41528.61683006964
96268,27010.46641134208
83202,15524.764473648398
101568,7670.7124273247355
89145,7521.4190237455405
82718,6315.556469307618
84595,16475.01416668596
86633,13014.195084840094
91925,30522.83441530543
100357,7788.236240262708
93684,18279.781632207047
106465,42579.691209806304
84631,14216.217103435834
97796,10303.686744549324
82836,11378.636683036035
81314,52107.83213401009
96868,19248.614680685307
94329,22871.459737565507
85728,6458.967854111234
78259,10407.956996316105
107084,20353.82795458476
96134,8940.029322139137
81583,27431.38442883957
104264,16674.952237008416
86202,11675.73644747431
102867,7771.224438038974
83461,12233.058651224113
77589,15909.694783405772
94394,16039.500257491436
87588,9575.474381400238
98769,12802.443013651451
76735,22128.891543404323
105592,13558.152714491676
95260,16897.61410252535
82699,7726.3634113683265
95827,28031.376223166393
89294,8329.641385537137
90853,13973.240225431695
86522,9929.172822606997
80958,28643.76566100647
94038,29444.073636863657
88512,8082.5062491691115
80219,11039.09540860585
86063,2991.5276913189705
87724,7736.289161883687
88835,12131.926291393002
105687,16772.078456373853
83567,11693.808742353644
106584,23294.586922467228
98492,6587.063089084811
94494,20508.994441205054
89061,6200.765880406078
103125,12309.588700278331
103883,12309.588700278331
80430,11184.067535809587
95544,30149.515488587967
105136,56499.4535557949
105560,8968.319385791165
108397,27330.09599030238
82236,47051.34353573817
89477,13532.076489548395
98106,6884.454484777484
85996,5867.970071705073
103439,14145.439853008724
90831,7889.160034776265
100746,13352.579540219103
81518,11101.55251137132
98610,9522.089685046803
100644,14321.08626361105
105486,14114.481609812563
79765,16555.690633475617
107609,10174.245289132887
85407,13302.337774178815
81527,25961.681163112135
80955,37615.4773386904
79400,21576.6763727288
101238,9730.293896282341
87024,17440.569565046248
88662,9006.81508258418
107983,25194.69013170419
93662,27350.35862126409
81557,26962.902530171606
94520,16030.156234739496
97010,13943.499455280049
77628,28687.971192905985
89561,14514.952034738142
104218,16082.007509281158
99839,9249.27650635784
87279,10409.443163678208
93760,18208.162795299453
89551,7896.968101772752
82714,17209.814638580046
98166,19621.982555529066
83812,10762.919160929456
102617,6921.643603813281
76869,17062.857210279097
103735,16426.450122686805
94201,21307.066746338496
107893,18142.382016557003
78651,12256.304312089604
85246,12042.86831500658
81194,25477.505153076134
81133,32921.479626635075
95611,31589.6285259977
93004,15623.82649744797
81826,40015.69223094693
100157,12879.26467652201
103768,14745.21912644827
93350,16452.59726805731
76901,22231.258816098143
88742,11419.013911025933
102866,10566.778441541823
76438,29595.642877039125
86105,9797.698664421103
107506,25186.64591471539
108520,8774.92231044597
106613,10801.294493892636
94164,42757.634128739
100964,10617.47928892431
92769,11970.569117751362
82221,10572.262749186553
98686,24490.624716579783
79762,18009.590039736675
84645,18456.442931148402
107656,23790.13772490187
97538,17321.14371491866
99552,25485.70330090855
102157,10477.836502027449
80935,10792.305216906745
100578,10311.017355084134
94686,24554.152835611392
93268,35011.87085102512
91842,24233.44476405113
95609,32816.58800635927
91576,22015.69622635364
93139,43121.99050059139
101030,7839.395716717426
80172,42947.26901933367
106262,16833.772207977276
101562,9477.712007406482
102273,2805.766135009246
87102,5211.7149027977175
78491,18693.51586328309
90631,7896.968101772752
94672,21143.26644634835
77261,52546.5292071945
80434,16371.409069715091
86840,8832.476074189282
95011,24665.348255414356
90870,10296.151440237261
97999,10295.121132310062
77016,42941.60508440989
96931,17440.8499323575
85215,7594.769988530463
105268,16054.598061103434
99519,6699.217832134621
104056,18160.338939502493
91117,52165.68392631921
107099,21472.28683179335
80475,12121.548550455132
76216,35532.28914971399
93207,26710.25931606242
105166,9388.785398142307
107209,17680.05369414033
100109,9576.69616889407
87232,14349.746371515483
102624,11810.42713153635
81948,8910.448506718145
93625,40702.039238231926
90334,9874.240630923356
79878,14217.413737916295
105653,17762.65973612786
108014,13009.34151721741
105491,21900.574178241262
87064,13600.343005321194
106773,14843.994094346825
93489,12886.761666776589
89490,20933.09408536688
100771,13506.324304343778
100803,12062.296239391524
92144,14389.370708563805
88632,10743.294967844331
78778,17119.371053598014
99308,10122.929756771437
77161,15310.966024747584
97501,9532.743813630312
100933,10659.075655453988
77489,29527.842236526078
84309,11027.031072928128
108040,7588.915395426068
97159,18484.491843490538
95779,15271.229527050169
89650,14645.022515670595
80999,6814.625635857551
91887,22456.714101827285
79753,32654.427506348908
84669,14340.149718715964
76401,15733.42257634749
90299,20066.111772510674
80820,11758.973532117923
80744,38534.66861922979
96151,16854.283799639787
101368,10300.20377060679
106886,23883.70192956701
90590,14063.76268635983
102988,11446.35414812728
96155,11403.00051370783
98069,22128.96156453355
99349,22983.17427008243
105341,7204.341377773013
97054,12899.483039935356
80210,22655.628116197506
105334,15882.511710411472
88495,18830.08924182479
101578,16842.57133477331
103240,7645.911669894467
84979,10999.296576739735
88799,8689.204906812589
83073,8964.975722818095
107288,12253.761596337967
102097,10753.13629467557
99042,9996.908720622188
87242,11662.75189580414
77310,23562.69638026991
87982,17785.116277762656
95506,13565.65619668814
106574,15231.663864834016
80962,48202.56534214984
102168,6217.6734313343595
102528,6540.123217577199
99307,13280.315900502483
89354,12479.087047821135
96717,9249.162901128902
99267,19285.117950790936
84588,9374.431068094917
88920,7685.603547448127
101122,12628.161195058012
100916,9880.128820719161
90206,14086.247667069458
100314,10124.528506461647
91528,37235.21804736294
82508,8144.938643093519
77095,47598.171069957454
105943,10428.096915020988
92610,25796.057092342384
76706,15059.376672447179
101753,8516.831839733633
97020,12445.194308531765
103582,9807.916775750298
89559,15196.854819092838
91293,9993.92169409742
76698,30754.98169501361
105365,24528.081330874506
102755,12710.643122386235
82363,12909.538822735518
94314,22060.60512424518
92463,19843.424516528412
107566,11737.75607489139
99251,13029.233274585886
108140,32540.045610506393
99394,9151.20753161547
107849,20317.5880845502
85021,10868.0214667621
98878,11730.120885833941
80258,8229.171264648352
85751,14547.689894213545
77932,15148.660631589417
92120,14081.479102155598
84462,14324.329189844842
104744,13901.65069583316
78174,11722.820312964346
76239,28666.459576061894
99098,21800.471300108544
78068,18909.148418345623
80129,16857.788381813636
92276,24599.223253226155
84297,22691.179877907183
99082,13867.658100485613
103218,12223.070643935043
100512,7646.39273726277
100481,7412.6523713692
77761,16070.60663559277
90764,6905.627442781878
103431,10112.809481032882
96133,18141.08857974625
80377,25561.687608115797
93811,10746.740846503959
99125,12822.441700977928
92377,22817.69569385906
84221,12517.0402348968
87280,11899.195333037718
91188,22131.010626727846
83645,10040.089833311866
105967,8366.664165559627
89389,10330.755234497463
78866,19343.715050010753
82761,16280.121282013097
95049,20066.14836699374
80729,6292.801942649086
76702,29565.15480598056
93554,15409.147251389684
98932,23899.980561214066
91264,24278.870809531367
86993,12403.464944132016
102784,10151.718756150814
79105,22231.258816098143
102943,12563.468639878822
77065,23016.676499194542
104740,15069.351217470303
95500,18132.051124540125
95345,13633.74733135412
103581,10603.416189512332
86417,17713.891107434203
87299,10234.96734964502
101375,13660.571218861336
97640,32488.850340954745
99560,7108.879460134411
105849,21376.896075376073
95701,27110.000912995292
89124,10796.374917781604
78589,18054.314967126797
86742,10254.011583008543
84620,12041.529730288323
91165,30654.00988114552
88463,8638.746073965018
87571,8124.117793512032
104773,17559.04194612654
83370,10398.298376608396
105599,10919.509531098287
104275,19774.166039799115
87908,18130.33923167787
92637,7766.652735940291
101747,17977.770167150516
99271,7580.12685248178
77493,30434.62853817123
100122,6144.098860349916
96424,11937.991899664876
103113,5360.882679466019
107985,27535.72932586501
103634,9353.30570685437
93302,26666.229832247394
93877,15336.479304528822
98121,8867.794309003857
91191,15039.805912001444
99106,19967.071272841215
83151,16805.225584787247
87913,5229.269605003299
105517,14794.222004908881
99452,22032.14578492721
95017,24003.462791197395
98803,10961.606093016844
95625,29441.297211164736
76846,18772.783447057853
101791,11896.57668655599
79911,17763.83253439767
98545,10593.958680357591
106811,10889.873838326883
78007,35865.406048645855
97259,15223.999222513856
96999,8516.408519961009
101969,6606.83316168966
107018,32305.116092495402
76246,27169.586662619327
77303,10601.40336308141
103674,6814.008198506371
100794,13903.185243943608
84367,20510.545323355047
101652,15799.598855239672
95111,19516.445435585305
96965,8291.804118804966
76396,13578.399921509992
80269,18755.485088627825
87328,6576.80977390519
85984,15649.534082662269
80193,26722.905516703333
98525,6307.14126470826
77460,30100.6846282987
85424,19825.96998072439
77271,18909.148418345623
104786,27266.97945617217
103727,9736.775300586949
91819,27538.391334985165
107028,21911.29072316998
94966,20350.723464365892
78126,17252.305267880758
86200,17189.673925439576
100317,6095.540473213469
88403,18272.29995972844
102036,6117.437167154364
78858,25108.016316019366
85122,11778.373150894648
107516,20328.460232050387
103432,9282.579988829182
97354,8359.835605582444
100218,13389.656657281159
92759,14596.133018706878
107648,38019.97805822494
97107,20681.2191251297
90871,7308.029789698058
78611,37637.845177607385
107537,12169.178062244695
84840,11759.474045687362
79802,20485.634661830332
96763,2931.7951432090817
93033,19332.869021174964
76969,32506.841479245377
106154,10115.955057633286
105965,10187.323723907728
83644,23905.837699828917
83889,9993.082207507796
88026,9673.914377900439
81652,28226.613610211938
77312,14781.02318302117
102749,10490.493667966432
84444,14861.575654985762
81496,19519.77792132303
107471,12316.32054448938
84265,2859.5753557322
92346,38275.34693591588
87248,8685.50265843444
94931,14299.456201691542
93712,24550.130488699506
80162,23503.17704136397
79351,24922.686552000378
85734,2550.6789760532706
106372,12271.901989107886
96106,8723.338659650679
96702,20911.94168080769
76823,12204.942086718795
102214,6386.465197923626
81128,16220.873611905925
88320,13333.024060456753
83531,5674.836431414509
104506,21799.50466605062
84074,6625.7022277301385
104709,24391.432935219844
85626,10399.642076112501
98427,9429.371367967586
78699,33334.78066962492
94756,24739.61396440929
101283,7896.280662045952
82397,22233.754891612338
77954,21722.103165842444
81630,24069.08156973937
87025,15865.193724698407
81189,16174.713594997169
107048,26231.813923188263
99510,8094.687052727088
85462,22361.809955603734
99442,7234.236846776196
85541,3037.4045065157934
81635,32667.72779120323
83983,12304.545567507354
96161,8954.994402719916
90359,12232.356000043113
86597,9117.35701709406
77633,12261.04401182188
80552,30760.54653668713
87749,18780.34793892678
88246,11505.163561979927
100434,10382.671933468802
102049,11046.336231255997
84649,10179.809199096819
80783,17558.515684742106
102021,7626.121500689166
107760,15171.182702650165
98095,6522.543015367038
103474,9029.474043345275
101486,14985.872898426413
78334,39628.38322092354
97026,12532.911660659436
87049,13179.935159994735
94207,23524.64046000655
90080,6292.881555735149
82025,18081.489085850782
94478,25760.4138630191
90501,7463.669145987443
86699,10135.722776824192
91557,29497.805561134734
105343,11287.247981570743
80034,28702.387660733857
84220,13933.978252559406
79498,23815.6015449498
96294,24353.11106924966
107974,8258.040289504273
80316,13973.61127898783
99928,7539.142875741691
91851,9767.85769453181
87827,9872.90411428031
98130,14857.054192767431
96139,18816.631075067773
93176,31431.233292109086
90903,31484.708078052943
77200,19945.67576515049
95858,20094.90140156459
77764,4609.276373730341
93978,37931.14394134711
78852,12918.605231001296
82121,16878.937996833214
91653,27374.121121378186
88882,10350.90352235979
107327,6788.055972835454
86583,10719.830012706236
90101,14332.395972509104
90893,19172.824879872558
93813,31835.28254555273
79215,14921.039704590861
96480,10674.658938231065
78841,34296.738982470895
101519,18358.047548649534
77704,28025.47057141372
95308,21823.044280290196
106617,7244.535912981577
92279,21125.319139572966
77974,23442.835223880404
96897,9062.599806372602
84841,8842.452257198818
80966,13336.953348758174
81646,27824.039520924827
83773,10198.59769552814
80357,30965.013213607344
93576,13787.765857073404
76332,30448.420051374065
100522,12069.908248103202
95723,12039.102032953615
97599,9399.051832965184
83267,14326.714561363673
107086,12889.51626904005
80173,29808.810001789334
90902,49354.36144449591
85442,20172.45452286576
82924,4140.705142385942
106669,22218.81373772163
77358,21429.2133000839
86661,18461.31503779676
101073,12430.292299310966
83897,11057.464557296244
92465,22229.128034474055
105110,18376.303881609958
79370,12322.939993167154
106568,13408.117579558726
106121,6113.048740075423
97194,11048.820103147948
89289,18355.783496352953
77301,22907.058722878905
89051,21079.36819488853
90207,12395.87196534938
95193,18692.873864900124
98653,6538.2386105406395
98934,14907.467124167868
102897,9793.531786352727
90845,8996.892661646996
101868,7954.237967064471
95210,20366.545169350014
106341,12106.34275874559
101091,9892.092988471095
98060,11509.242060293938
90026,7389.609481064844
88157,10950.551950076784
97383,13488.494867068986
87451,10261.290756445587
103381,8418.057392568306
93512,14680.0899195835
77414,54864.3013298606
79553,14521.22139605565
96377,8144.457093905892
105001,6878.378139342929
106183,24654.511889711568
95745,24942.786487326124
107011,9224.789928345528
78953,19894.932991572416
85187,8715.938856508366
87941,11009.868318012834
77483,18764.16795932277
101372,8943.40718086
83730,9417.774197891964
106166,20992.012556421483
83753,9046.662066410967
106514,30110.41973268834
101583,6377.248386610019
105137,2791.6723816806148
105295,27272.994605444328
77657,45350.52668728639
88515,8776.963913099153
93729,21372.049349651665
88280,12879.96606826046
102832,10391.88501368257
97873,12242.372659770954
101671,7705.335196641781
85210,13049.722135773254
80735,23045.366379298182
87811,17302.616987842703
97684,11729.755824081383
99915,11217.156757880268
97502,9498.010956522718
93678,36720.10936466899
78821,16977.211488648372
93898,16588.659120569886
100832,13568.055441406983
104921,14238.357875005477
83890,17861.28524241723
85696,4016.2498913257905
89485,12216.477140665018
87460,11414.887450742288
81080,50026.815476211734
87235,7533.556499321886
87587,8429.029342100872
96329,27838.51028356292
108174,9897.20438340713
106700,12843.04240029605
98539,17989.254790637307
105234,22351.18728712369
104708,11838.2847423284
79081,32592.880069814153
90270,19677.90306813288
106057,7125.879434541649
80928,32225.345360646144
94218,35669.873757791625
107429,9890.552789549612
107776,15350.835494973284
105303,7375.80811403739
107166,31669.60427546964
94379,24413.00714945581
94832,3574.9755737854593
83043,11516.451540442866
84114,12085.570956814658
84283,13815.235182673177
107679,7202.1666521263005
89280,10578.3734872747
89840,9439.47176985385
89927,9537.328174761284
92218,21334.601580643925
97100,8451.89597236505
79443,10434.058426567111
96551,9087.222219162191
101305,11257.47668177554
102576,8975.992276568279
84060,17548.740134581032
92280,26131.3457571924
105210,12286.779658916437
104496,19788.58800617736
104267,12211.948200930427
91491,31469.49488498618
78595,18909.148418345623
100913,6272.133074412538
103028,11786.814538435514
77788,23094.528704409095
89629,7544.588449543794
93781,22872.1810294692
76551,45651.95168147904
84917,13120.231849976359
106009,14109.509736734863
96109,8835.193805173949
78933,19454.115679267245
80386,44523.033990789954
105590,19030.6647162324
87670,13260.348218573245
84443,21865.240676677757
95776,41696.21903538039
96400,14842.569491016618
90834,23361.99855817302
88360,14098.662856613844
106848,25819.058782170745
91981,29977.189488664182
89126,9694.66099565735
104879,20049.958888348774
90449,16219.659412842166
90667,22510.04971275676
78986,10749.950493369177
84945,15073.371621421893
104356,10209.09148687457
105159,19937.0921579883
87755,2859.5753557322
80978,24758.57252743762
87272,20456.65928644049
77291,31035.777431813538
84904,10586.857623205366
99446,18029.7770661668
78688,30289.235293966514
86155,13290.902236651149
79551,27789.248416411112
78281,9561.930359293854
94551,45724.47743119867
103232,9268.736757244977
104767,11153.61530149272
88566,7591.715904986262
77896,27317.09073603384
96885,16467.2551389752
95778,21373.419424627125
86874,10321.645215531189
91080,23658.32870790447
107737,15266.055104674828
104851,24667.150477997136
85070,23618.762246066857
87362,10904.134512152701
92302,12929.909504395826
93294,19394.95131650307
83422,17770.231081649858
84862,11832.04497714491
84415,11268.326139728984
78737,20273.78507583426
84686,6791.12818442606
95112,26931.236630867697
86518,13014.195084840094
84839,12126.870777044558
81172,27237.48923049193
89932,20908.642318161073
87300,9933.511234964079
105568,15211.662364392714
76252,14430.406357723597
80951,32662.71353248974
83509,14096.060099785143
108493,28806.108819965415
89976,8506.433160775043
102525,7083.493391285737
88102,6882.669445447968
89605,14780.68390866925
92381,12930.981839358868
81987,38261.81482970837
91951,24990.904448132474
108167,16662.819062148617
89798,8247.220618136293
97312,14122.94668240964
106458,11020.0313625873
80611,44307.96235773833
83390,9150.584298257034
84346,17826.093714394254
88061,11746.896941863632
91266,15934.572459577019
99611,7518.6580391573125
106366,18628.306399386256
91936,31940.734136564817
82520,11242.70376158147
84865,9203.10398465537
80141,21801.736244017364
91890,17182.712700443684
76251,18705.498089350454
84247,7568.823827057403
91298,32662.14165581858
88015,8982.960140160509
92776,25912.33868015014
76709,9823.96971813448
105728,14831.750340626617
103796,12384.187821722915
81171,18982.060814235007
88413,9511.15797274892
102155,6786.245650113138
81200,16971.514025362136
95674,14420.025010091118
96157,12010.466969477697
79020,21059.47316359575
103587,6522.3856539401495
104190,29628.573170395222
80486,17803.597867300443
91177,14047.218720952438
76909,29051.555708149142
97278,8819.03154783207
77170,31265.42813443759
78840,13358.062721949353
107987,14378.939795578286
104444,14126.594221092613
98408,3866.14068920993
90629,14429.759052490945
85268,7762.529118149865
98419,10069.700605171633
90747,13735.715742288865
105907,13998.311071231585
88335,10496.565715358118
104161,24706.65684765079
101427,12724.201508841423
87176,18422.564469076377
94012,29003.598296084936
106937,18389.155917585587
106573,40577.34486256899
96877,9583.357018001956
102568,8195.965748498644
93510,21211.623592807322
78820,30671.31229916572
76763,25119.09859729069
106884,7245.371576944841
81041,13339.879102303728
93827,19768.428478509024
100321,7692.296563501296
81450,9581.937253588996
95107,15947.499302674494
93670,25249.914878655447
103551,12122.108830540557
106715,16127.600285316405
100863,10592.617372474093
79259,11751.139232390853
105336,30125.075333533252
88906,22455.678925019623
93039,28465.862282489492
85639,16432.58667462976
98378,8089.6744278010365
93639,13480.619337411232
83518,10872.962853298062
79592,14228.566728134017
95678,18956.2877550528
87400,9265.01061242039
98813,12951.49125661951
79157,7791.371640606147
76223,26625.7984295101
95406,19373.92106308365
83724,6493.023922462084
89739,15008.467363869453
94933,23848.079740724257
82605,11308.840685867322
91566,16810.198739536467
76873,15033.166965504539
96884,15475.083857826241
85901,10020.929471477237
106449,22883.298262722128
90672,9803.022247182094
78513,24216.985736201754
86464,10600.34305797278
82921,8728.717696862563
93886,27401.997929724952
76303,12503.03688728626
98243,16454.241450422458
103497,10994.23171470602
87786,14672.759662087186
87780,12555.052719208834
99339,10156.710132273432
95351,24630.923377202653
106965,12406.013110454636
87540,12321.679407147212
99854,10787.232984249302
102357,2525.8516507909358
90737,5431.598960457768
85392,15324.19392109482
96882,8232.674069045617
88268,14110.249583846851
106075,18246.25995944073
88674,15883.959733555525
77623,13405.479836910881
80394,14980.422699425477
94942,25868.884855909244
101237,15040.53392542112
86351,15444.679349617203
87055,9086.375437612387
94851,26333.755484736485
79816,13710.295602329574
97214,14830.540451129575
88900,8569.03712146413
97464,11490.440696839389
76403,15604.910390059795
79786,18710.07934158454
83858,11313.103918302048
83658,9487.027753348742
96456,13070.702198775389
106217,13876.893885655556
88111,11505.163561979927
86581,10650.155698759414
98218,16121.341249643794
93801,24113.973498112944
87206,10548.01660186371
88569,15373.517183240334
104348,13518.429117028414
76478,19611.763767488264
101509,16428.488202174638
100915,8536.288772214944
79676,17989.589921286028
102673,10102.773379013479
98151,6884.454484777484
77583,14266.766854280722
106602,33048.67224183239
90134,12822.828756572317
84228,5494.770335639546
100131,12158.175149204999
92807,23342.178518029385
95025,29172.4157520824
79779,9468.678387251035
77216,25702.398625322097
83476,12955.981633824264
88942,15702.620035825672
87565,17751.623669204524
97055,21409.09827947683
97212,20658.473840808212
97321,16329.9722455282
102240,9623.096099070619
91253,17528.065557256625
90284,14601.21982261435
83582,15518.804628320539
81255,34122.37069510296
93903,38026.20719516834
96241,18152.736253934127
99117,4572.844910674588
79874,29124.529760866793
105193,19493.761298295132
98186,4688.509786396448
103313,10982.456307359193
107714,16313.279819776766
101081,8902.956742489148
79663,4285.132952607265
81108,11018.425511145673
86643,6780.519701298682
90931,22811.320518296394
107518,24700.215141116805
84511,18675.194882417323
80689,11323.8268951521
86547,5727.741178955831
79670,16212.210929561163
82281,17340.83402729614
102274,5958.725708492566
107948,11979.2156819287
97149,9080.08012756068
95980,16147.32305933655
108047,30532.10421429325
94763,24680.870441167004
106148,17585.858038271897
84164,11673.257776766146
93448,27328.44375952886
103837,21030.324140948396
91861,32782.826453155874
87914,11224.175997173252
85944,9043.952292017168
83795,10553.670967947204
97374,14955.824848819913
80569,11724.45788913723
106331,30111.16749743419
93177,35221.71223030138
85257,15869.142100707348
80094,19271.752991276036
98473,11679.33622202509
98021,23694.00705447428
91714,21665.025724887855
82569,16085.57503433867
96451,9781.046513576352
86310,10235.106102514883
89702,7135.067432077429
87577,15206.693036796374
85221,24915.8895055839
100454,7357.27824758942
96748,4690.898019832113
91472,5359.492771203236
88350,7201.806081529147
84386,15221.129472278124
107993,14277.08622218202
101496,5843.831907323147
96805,14094.968242172936
82084,19391.240261947438
94643,29883.363601558427
83871,16041.128610338114
82327,19545.72015586722
90332,13035.842171079767
84949,32079.191313496118
83111,16630.55214410975
92067,18468.53161276826
106714,19930.949448803105
85531,12092.847239233359
97311,9988.295018382269
78102,32178.432116135184
98348,15519.839472630889
76715,23379.37526334343
77091,15674.64909440425
105854,13728.417662662441
85983,8023.140584050031
80823,13081.364194107058
102612,13393.829424157611
104209,17299.785524781582
97643,7798.530146717146
95340,23055.726430868126
81183,45462.38994698122
87928,5872.786531956292
89448,11062.62313020365
98522,10569.488326312132
94213,10667.363812256035
91583,9051.904055499512
90280,10607.618088361707
93287,25633.373550964345
84510,9952.562792087036
98179,20454.96929590053
88162,18133.91195521729
78449,43488.3331619313
94548,17575.13827482502
95056,28137.528785672337
106725,9912.140312539332
97968,6900.967801388116
104923,10067.112867365764
97276,6761.493179698478
97080,23418.197793190302
90691,31814.002071652216
88033,16109.003554041681
90160,16320.915713078995
81661,12668.56529730418
101260,11396.879619375011
79520,28914.467700739595
78213,14812.74616165556
76187,28548.002993272974
85752,15013.196771164707
90729,16314.330366791799
77637,20431.300344182637
101847,10713.06327739254
86787,16565.872242825146
105758,10003.775598241777
79389,23513.49156375251
98312,6536.856716343795
100222,7426.845860079628
87873,9089.643413877704
92965,22471.69541364159
89168,17989.662446965915
82368,19012.79333098048
76505,13781.135320712165
100946,6446.883913896498
85815,7641.621244932805
87705,27524.923240020373
106931,10976.556842311826
95571,19053.409706407816
80308,19338.574541751896
91824,21630.232269959797
106743,24741.220005709736
101866,16094.858349856362
95817,32774.996523432346
108505,14756.75163977942
88722,14057.867121492038
104371,20279.4495753233
93879,9862.776124201131
96038,18559.306927804002
104690,11921.227720073231
93199,22211.948820776877
85967,13014.195084840094
88714,7941.389341070951
99467,7282.027013799968
85701,8988.46507405596
103450,9939.049958305013
96943,10027.24463891776
88526,12807.117887531513
79326,10006.81760299514
92314,32747.0306626583
106373,18948.952135504864
76953,19445.692920604546
89741,8326.788582276948
100458,8680.52883447502
91895,51490.24029840025
92356,16337.756609653276
80632,21587.94013319414
106959,9621.39484456701
96251,12985.43800043808
97996,24386.118055974795
90021,14991.7662721248
94899,31062.54460720177
93093,16414.56053021066
100175,13896.750522982975
89968,6890.675155290838
102132,3924.4993848566974
99121,11909.809186738716
92662,16193.535004286181
96612,15084.441653139613
77399,17594.565466465698
86443,11750.574703244873
93198,33858.08695182176
98001,18719.389903505835
97764,12719.58146410334
94983,99634.4294997423
82703,10476.53660280907
94794,29086.120446202112
79793,18334.007966489302
93376,12545.775876944272
76374,23052.17915473017
84045,8088.146536390605
106780,15094.114331159359
93213,15823.629829648737
97870,9578.288722213023
97748,12254.47388081452
97255,9528.736847792312
102668,11750.186500456535
105898,9638.45567194621
101786,13378.66424310033
87690,14542.743915779874
86329,10987.953609576018
77696,35353.86809913067
104321,56408.800421133754
86782,17183.135537644557
97134,28818.0050608242
86684,9650.076202696575
95509,32541.151320100074
82314,17627.57265145641
84124,11348.07893842191
87597,11102.440812133022
81357,17624.28320982857
95055,17171.778130302922
100244,9109.92256723126
79271,14920.682086265748
82043,22653.745899147147
96348,21347.875146491322
76594,18655.73412324317
79552,14200.330826292951
97181,15816.249455711404
99147,11317.892505146323
90786,7232.267222867153
96203,8375.484517539246
100288,10749.659318492986
81529,20049.72078504536
84229,16294.628268045015
94332,28042.795663121786
92714,21107.93935360467
107716,14030.714957688291
107685,27124.13987086263
97836,4566.164401945456
98284,21782.015269520893
83128,19959.92518148243
105500,11694.159657723172
97781,10416.392409701775
99341,9656.412531505901
91793,32172.15717058433
76224,15932.543169912682
80840,24446.375342063697
94587,16157.057352153492
98667,9881.608309786681
78973,12061.50929650428
85175,13340.921427648456
107489,44538.084346399366
95790,12720.024676835554
108044,8181.754914784189
80652,22662.504255173986
76007,15998.187971178237
96039,9540.018117939933
102618,15764.364756771134
80863,15635.775864275929
95695,20051.38832429046
78815,26820.0187463432
98063,11466.676548130261
83732,12473.419020349573
83190,15709.405849026967
99504,9725.748996628194
82372,13836.685620945027
77977,47238.91577677853
81688,14561.551243903876
80154,21821.4072748854
108106,21781.525767686697
80724,15569.263563728387
89190,8927.14028055446
102321,15838.491965663423
97375,11038.058185470756
99379,23872.86782182208
84767,10168.485745186212
89470,8999.831413470301
85592,11352.728114977868
80381,29326.181244557727
92149,30480.766214216368
96044,20453.857321183736
79041,12261.04401182188
103108,18351.47815555576
91118,18895.705356702405
96434,7594.549945953718
86875,13559.267842785963
100326,10514.690425096967
106416,19699.320399119602
88074,9320.667809354563
91579,12259.608422818703
96819,29622.425483870997
80373,28523.441152550313
82681,10336.223108811177
88450,11040.973676863125
95040,15321.433282727934
76720,12308.541758549904
94576,4397.050795227089
82502,7003.702855181539
101100,7896.280662045952
104522,18991.410231125934
108039,9779.161191910658
77894,46089.82601923548
80888,11598.374061277384
80366,49634.4603030584
87653,8824.813127727546
98083,22920.87549012011
89042,15456.65077538525
102520,13617.4312414294
101620,11133.527037217913
108340,10559.921827211592
98465,7515.750292431509
82307,27420.549216552772
107499,21025.29837177816
101440,10541.486665333054
82392,26367.341742907152
79371,24099.588276927498
103916,14481.915219778999
81192,7926.7341299046575
108185,9920.977628782932
81811,15413.970380405586
97993,9037.957546670294
80214,23812.813201806097
79896,17001.839210527756
86793,16215.616498488036
100548,15278.185312263933
98986,9020.622872972588
82411,10796.374917781604
98467,7580.808306309703
98645,20628.670102358854
84530,6660.897137256347
86479,7037.522968446832
90655,17015.31884877433
97319,10547.153423782644
107749,25545.48430489988
77199,26804.24419919119
79255,16294.476897100967
85072,8288.681663330315
99421,12075.723093822378
95187,10826.277199036635
103262,12628.161195058012
94589,32609.432921129148
77608,59777.54115216924
89729,5870.0043833829295
99171,14637.777424219898
90914,25367.571790666472
83250,14112.123776574936
83275,8177.715046531579
91269,24742.538414238184
83003,10329.44787870965
98988,15107.758068433131
105748,13935.823362231733
77688,17068.822552355232
91090,17546.636651157904
100544,13824.549967715815
96608,9019.458314496806
98784,8846.963318222437
85655,14896.018418718279
104236,8453.85280287905
97437,12354.379072895512
100150,5156.642704375536
96911,30812.978617490997
87126,17234.753539171823
88544,9374.431068094917
97889,11434.795105934492
76768,13247.47053232521
101722,7640.962909668391
96407,13296.528774064778
80640,16980.992867945115
88000,13489.122275462752
103451,14520.56405209111
80542,45174.972565203425
82212,12545.541876669786
102407,9263.444019089826
79895,10157.21120925747
95909,19712.518621396906
79646,31220.88764315208
77051,31275.52656105259
79375,36952.00806107488
92023,31089.74374926033
87608,8726.864655988235
77731,10839.778589030611
94671,24511.365561948252
107804,16098.010673783152
106359,20554.270594466
102758,5669.16003445711
76944,34532.45628104139
92103,16746.64637988498
81188,14697.42743456533
84157,14232.047405587864
77509,26888.066441407762
87332,6061.628950848212
101597,10156.166942167125
84021,11399.706568503987
79820,24790.594929610525
102505,11550.89308473459
82887,18836.53610748879
98676,12245.653399655323
89288,20456.65928644049
89410,12737.764940114428
76489,13569.949068322101
85587,14070.530023528669
93752,13448.164829882217
104857,14813.694602024269
91582,29691.178750320152
100760,10197.309254028925
95388,27666.242814931942
105606,19403.72601676255
93352,25868.884855909244
102452,12417.259910152969
88997,20572.578249434333
107478,16982.3474070577
82604,13253.69993827975
87188,16319.165907775645
97769,8475.45809170931
77941,25401.230930365833
91489,10718.246369264756
84501,15732.610290626813
97428,17362.57604665235
107961,16341.312901264224
106520,7926.477106582542
82860,17696.473036242925
93232,24474.61772687002
106592,6965.691329311631
81719,8658.25297882715
81658,16613.891408825384
92676,22193.089049962506
102253,9514.964641829576
105237,13323.23662242183
78527,20659.448268473603
97452,8132.697095190339
106530,20599.486116504566
84118,12742.274308553342
84314,11834.149647497212
92313,24742.538414238184
91271,30136.703169188495
86067,7879.992502870642
100751,10157.954316806661
99647,30258.55232032718
79872,68201.76709123445
89703,16406.8869252157
82985,9202.35482795007
86719,7102.507467794436
78249,30355.18136607047
94826,37744.203661052125
80867,33683.07588641442
88405,13825.922899256037
92596,18726.010427595058
90699,8068.25250094565
97504,20275.81810834973
88236,16748.037568574367
90859,7504.681832863761
84327,15901.36885764888
86926,8704.741431621369
98478,9249.27650635784
82435,15016.330468065791
105477,13362.399026508192
91685,16827.882349633353
77406,15457.638833548071
79806,22714.740517696424
95728,15465.402866961686
79181,29537.801293774057
89777,13597.25007107061
104090,14531.576554233377
106849,20537.462932792336
80612,20143.55335900044
78114,16787.693156457688
93850,24705.625277955696
91913,12266.848770857836
104359,20371.76553049163
103818,2392.476394109535
78505,9318.247703237357
78147,8262.070242371126
98618,18377.737032510813
80947,17870.72042897497
104926,9100.706091311651
87266,26300.932888082752
100085,11284.512174065054
99550,9605.726105458714
100618,14170.22581848105
88609,8981.54836179984
95379,25265.834654796494
97130,19445.892364127525
98078,28991.026113240565
81543,15965.127141820092
94442,15690.386191002961
88513,8738.677184952916
104084,16949.32101742187
77862,16841.063233590095
83231,13014.195084840094
80020,28355.75044070279
88533,41975.74966811482
89260,15861.737021271761
82264,12674.017877858132
84569,9879.040840457224
94361,34955.048338340624
76511,20889.224330599645
79088,15335.10728459
85645,18130.33923167787
80492,22077.025220852804
82092,13450.409012198174
80792,11901.931284848011
79022,16761.213062255665
92175,18182.75743679167
87149,14832.360400939195
94676,25857.06471092365
82453,13735.009738799958
88623,15234.904835826908
93157,27807.98304875589
91767,20426.629917410748
82525,12502.271405157613
83387,7487.897196453924
104711,12481.862222967446
82040,21768.310332154608
90973,23748.039722769205
85628,16555.2992767219
96701,11592.24437914018
95441,15617.149813003716
104513,12470.175371022513
91247,25945.616749944893
88940,2859.5753557322
77571,23999.029817761333
104299,18307.227771462272
92609,22589.488132223512
85134,10672.063714225305
81305,28583.312018064702
77683,27328.02392692307
89313,5808.450267842415
85999,11504.807705992667
100266,13496.823803052597
97102,14573.695794476285
101321,6205.516468678476
108299,9978.290378404892
85057,12571.33929876073
84995,13983.189791062416
84612,8550.967973897046
94300,19121.532606669938
93656,118097.26413445419
89647,11235.751295754448
84389,7993.647366740908
90197,7799.86920943854
80844,7926.7341299046575
105331,20780.199215355748
98831,7399.103459611003
89697,17687.405730520288
103351,10235.395876935598
99969,7194.928962468168
99325,12202.350516222477
89198,16617.408471449973
78239,16134.381484571639
82481,9134.78337154238
83655,15079.435698496194
83006,11011.775245268984
81067,47333.372587290265
82451,13640.837705110102
107390,26398.622388984455
101406,13021.584317129253
91715,26583.4055846733
99989,10668.374813029755
93206,29550.019923499083
85902,14878.488224721887
85195,15933.256966000912
78130,28013.52334845574
76552,27750.380825107783
89420,12745.299060575438
89566,13665.729915587091
94682,39808.22910276972
87373,17197.417003282895
83481,11398.010680847889
84348,11399.706568503987
88809,9888.59497435126
107886,10101.533725573372
84976,17007.023944740093
106340,17044.83589355409
87849,15834.58201029491
78363,7987.942634320092
86657,15793.177872270806
89773,19719.5995580182
94449,32000.34608495243
90861,15610.30437807985
91749,28596.107060624254
87090,12782.467017344505
80200,22090.29176377992
79369,21773.347599132565
101679,7698.475520390308
88080,11983.727713719407
103400,6895.105959807699
100960,16045.816449195816
106116,10391.169622889636
76678,35982.405537602055
86832,4324.0618052240425
80278,13571.16376096903
92718,15351.241643318486
80121,23616.504827985955
84360,8010.0344392011075
98000,11509.242060293938
86852,9457.489068343308
84665,5890.371493574544
104032,19839.83951792635
88348,7117.704552696887
85919,13741.78236600855
102408,5954.726626222441
91678,12758.811695628616
86965,13720.547961698652
99748,3129.1428071932874
79192,16008.928729105972
100469,11742.35247831786
102772,10998.765981432749
89526,8136.321603737172
96191,8302.045484875413
99222,13290.378910284911
77086,34898.41393267119
84447,7105.295875819429
99981,9924.10766475399
106052,21815.2223627704
79612,29081.14107398766
106792,16331.138876686804
99124,7978.420533866827
79678,29617.603010603612
101632,7843.8997060808115
77692,17389.964809430337
84345,7268.715960552446
95000,24991.27602477856
83015,9095.954738567596
99423,20381.393493759104
107480,18442.815785897117
93765,18777.41013708944
105419,9897.20438340713
94052,15237.840419526128
97432,12573.626654811134
79133,24478.903198074047
93225,21586.10918779055
82956,11114.565682398546
101231,11314.149778941024
78727,19452.325174145455
92150,28205.48574334479
103869,8148.507053624455
98266,11098.866323162987
85017,8678.461908966974
76853,30355.18136607047
93027,14606.79092488337
88493,9646.815609222052
104829,28497.95133350768
87800,15859.690012450948
94723,18468.53161276826
77219,12181.155854311353
94891,12230.555990512808
81656,19248.22405054926
97239,28429.025631600336
83620,10234.847322295807
93312,19806.34333856575
83441,8442.537460918364
83959,8510.735101407938
83653,15145.489613857302
103364,11809.503088910129
81279,11475.652903708055
94483,20392.46242621351
78683,12604.063905698627
80423,24137.306954156735
104442,11226.518852149175
102026,9294.904776717141
105992,14008.530842421544
108007,10403.772825324186
81476,12999.965742035818
82770,7246.708575431417
97979,12007.03211009592
103866,6633.238754682844
83147,20508.759713280546
102902,7853.290209441308
105918,25111.62573769926
100265,12616.731280958427
86165,12006.021851880692
107697,22544.53283131138
94497,33340.31096210342
83540,7685.603547448127
76617,24212.26587005608
88133,13269.789904262665
92181,25650.89890158127
90065,4176.589464921019
94177,16093.774392117479
86942,11346.318957249969
82629,5211.7149027977175
92087,22142.803860955937
94508,15026.298445655946
81678,13470.112019198776
88106,11791.699405320189
82869,17494.44543188055
81744,21826.46840094918
89208,2931.937595383948
93035,23723.944706353217
94656,28069.25202912108
105571,12647.4995252195
86332,11304.711424156509
76711,21170.584412316726
87423,10541.851953537536
97343,24007.447844050712
89591,19933.588341346913
83291,2859.5753557322
76146,18938.35195309155
86683,11421.72750099217
100726,10130.31357499242
102328,10254.56119131654
100991,12358.009101639349
98049,12498.880748041514
104948,17134.260668898594
103129,8356.677641200426
87892,15698.103110599784
90770,20827.2355556847
97113,14297.080652209539
102422,11463.78191743038
82462,13290.902236651149
99700,14616.744220821638
103799,6502.631536410974
96959,13679.383103542765
97715,8773.174059607161
90880,11619.165763420242
106632,13583.49066915324
102656,9516.184637508024
106686,9891.867805440967
97346,7561.769732478907
88283,8306.625352159534
102248,12525.298681010763
89091,12025.083540097048
100474,10548.169751785215
103428,7674.332887387556
82698,7397.2270221380495
107510,8335.833916292624
99122,8858.036313891644
93152,12758.811695628616
78084,17670.554148875955
103130,9784.052661974074
95826,33283.58200752399
94977,25025.353812028152
90104,8919.504370250817
89105,2906.1554654426077
95397,26318.84611782625
77476,14131.70722498851
80208,10613.366512191344
96744,12014.870253673456
81310,24616.667494203703
88688,8174.638109308974
100514,7592.86620819454
79490,20204.676547040548
89236,11346.452835140775
106677,13235.371592974452
90882,13792.851163604382
105048,6874.7267421830165
92458,18983.501652226678
91682,15299.825213550628
104659,19563.33260500269
99559,10101.39647143551
82608,7983.198268538924
98793,8501.646249788515
101083,9093.569666499947
86469,11001.829792828295
106304,11922.163195023795
100515,8780.920723535792
97006,11243.209162783805
87531,2991.5276913189705
88873,35911.68567041607
91700,15188.833423128292
90471,18272.389498297875
88077,20800.31735424017
95546,46064.04834613254
77965,15542.43722989945
91548,21792.54197871306
101360,13939.896447509087
89845,14617.903315832282
95934,25018.921809178017
103745,11196.893042133093
85862,17165.155877055073
98424,9064.213237090555
81736,26615.910600262992
93391,24788.18355967662
76523,22414.0289212821
83573,17468.65651888759
103118,3619.4109936399877
84399,26007.26498371074
84864,10195.566796618075
104282,9326.594751310733
95389,21347.05719526225
108097,13247.998191537525
94999,11360.898423548944
99345,16241.777407762549
92946,41569.96426097791
104048,12854.173810911952
76817,21987.21132762391
90448,19714.16536397205
107837,10208.371030939383
91182,17195.10446828841
102654,6922.052596871223
95298,17354.117709105467
93659,21973.301695457958
87866,17447.24068844569
99990,13964.738480997734
102469,7323.729412738107
107351,15705.211707301074
82490,8980.659352243261
80756,16782.203631957582
82365,25899.678100208846
92332,15984.27108297138
77456,30737.76072723481
81007,26200.040790135965
82391,18427.232360688216
84647,20168.981516332147
76296,18043.04634911546
100192,8259.767273177464
84547,13640.700425652574
88877,17813.720208006467
84254,11005.311807859416
87836,9254.119671388553
85970,9438.382734003306
94834,14373.463289196643
107159,13385.80668837351
106800,10296.561093479053
101989,7279.528495587397
95604,26481.80413727049
103637,15521.560275176325
104301,11549.988955891557
83799,13296.739479190952
107855,13248.532168955375
101506,11076.102678333069
86644,12525.485406828651
81902,68839.72473734857
90490,6959.216133424813
76314,18709.63750656679
95360,30597.77061429816
96272,8359.835605582444
103911,8500.914997815049
106553,8628.987064093715
106063,15793.773984369778
84179,12847.265066599244
106912,13786.204468339785
103819,5197.2785663927525
94009,32686.05135190383
98285,20088.476027810502
81101,14135.811358783327
76806,21515.4947130536
79127,12725.457331078516
107416,12848.667469265698
93786,29933.102954189144
101542,13022.597363908493
101640,9187.08789745351
98800,16523.41339970326
91451,36490.47458993166
104033,15077.981335176279
105550,20156.817753182182
88203,16234.271716098832
77481,17557.22171911068
83704,15146.797900073137
94474,20939.546734116833
101924,16962.30699098786
93203,33760.34181342906
104628,15577.283638951227
93308,35749.759266772955
81984,21690.63198547179
93228,25010.691209702178
94247,20563.64401033909
85162,10478.071324333947
104670,26253.776018091063
80875,48027.38614250296
80850,26561.635873059935
79475,26075.56015804818
87229,11596.39393736061
79162,16688.022455580638
107652,7482.768252776037
89835,16373.60732810595
77430,27085.28513670697
97568,14596.82316854921
78947,43475.75006883708
106692,9517.888099962396
97127,4092.239207967501
80876,21677.638816051196
100152,8508.819764839689
88949,18087.596677591337
95804,36746.7359066542
106833,8991.654182226213
89283,12174.44083559676
78115,42082.06223874981
86941,16050.967750559415
104794,18016.69171939687
103892,17246.192942379064
90746,14354.63221344745
92996,18879.23721455205
88679,16380.699283586595
101007,5392.963995108319
97824,9652.480253339032
85138,9675.491384103681
87869,12385.348072898567
84266,10461.38519998305
88682,8129.119969876027
84543,11399.541404933825
88967,17583.69113933518
78831,16880.896769320174
80227,21300.267891270516
88995,10269.483752217615
95761,19916.889085787636
82060,16998.52004366487
78253,21044.384420109243
81193,25317.386432282165
97309,8355.970466736648
93654,19136.47090424241
91399,27307.60020094677
107195,36973.48515424488
82137,13219.30626442109
108006,13542.489965107221
78534,53430.328331064695
75979,36294.85443716027
78847,9164.698770204275
94746,11317.442843646932
76591,14391.244623166122
97366,12664.009155959657
88756,10784.895348939734
105074,17606.174789784574
107641,26868.856905599434
103717,15985.004433467819
92559,29609.893416509727
85453,3420.471556872304
91736,28016.64135030881
100632,12017.555663483177
93314,21998.714139001786
82593,11859.043452935424
105791,18984.500503964602
104431,21870.238714007937
77967,20479.675078372547
91373,21161.712287440314
86095,8890.318435118053
90950,23123.18402665628
105410,22908.617530191692
86516,7871.634192819752
79221,47227.51678444545
86603,15149.359918632648
84058,18143.363931834054
101017,7928.460427135497
103065,9955.15844287589
102817,12824.338762386446
106443,21136.26675204517
96455,17876.084831376094
103514,10228.00775647663
88407,16094.01776784475
104658,21050.18974000181
83823,14305.276568174135
106801,17084.6650949937
100859,9892.092988471095
97156,6559.567690506962
99816,7761.4818153137985
87726,12024.040725201923
88783,11917.623296386222
107654,17280.669495296053
102420,6149.512977998807
104147,32499.622164879733
76019,11499.875585117185
86158,11199.100231752429
82852,7074.741709656585
100871,14373.632754362477
92537,14388.93033958966
92028,13060.32823342282
78319,11238.787902172417
77111,22231.258816098143
81426,13948.687365088776
108336,7330.347279958111
106048,20746.89160835567
108482,14720.61544338606
91336,20167.01118163897
101242,13691.080862631674
108309,18531.54457068259
106397,5091.471562478185
82413,9353.165270535079
79355,30084.925633359366
92826,29826.058636130394
102020,8757.3739240219
93857,34288.17423520969
88875,8380.695770401546
81926,20100.446203324336
79236,19349.77171700768
101106,17386.095903016678
99069,8075.401854929547
90017,7715.68905622735
101706,9476.30204700927
89701,8093.099381463183
96760,32683.704440061483
103901,13707.489133101717
96780,24625.206891411915
78905,15301.269917219155
101894,8619.168311501508
94657,15335.816458929401
93703,13102.38121592285
98690,8772.437786282497
90597,15152.81233089185
80138,21140.622266123537
97044,10111.356806768727
84258,14521.316027839792
98543,16123.976628285061
99833,12946.931847293827
99848,15298.565817908182
89178,8493.149225343324
105598,17232.390426262573
95971,27203.109664284417
94875,31940.734136564817
96048,9989.14662633581
82606,18285.902943985733
104545,9589.529761411854
85571,5757.221751753087
103757,15656.742242915196
80192,16315.226363720414
100422,7056.09209667149
88065,17189.794840089187
83544,13692.476256393462
76851,34723.522920458214
90464,6708.739613409309
106501,9436.86877090042
85011,20469.881819087055
102308,9564.133175153134
82241,72680.86852606402
100655,9201.518208270641
86477,10743.294967844331
90830,2547.9924741937043
83274,19114.24377452076
83251,9646.815609222052
82122,25482.05015354864
105600,17581.830327185104
87514,10539.27856562311
82184,29518.7565367896
84829,9069.245031045386
90704,23728.486295584986
86306,11378.636683036035
105655,27107.52338078744
98964,6766.185006501729
87189,19106.803905485714
80116,13647.684808561518
78366,28848.704891472862
103668,6116.882930513668
95799,23723.944706353217
97496,13473.669461144198
107112,13683.165121586682
79698,26689.172374085098
78946,32754.344351647975
82843,8601.93233398317
108537,17862.82108469882
93675,32188.07262754675
93629,19024.481163908516
103134,11155.88290458118
76458,13262.042759313357
79219,17410.577293091552
93401,22381.378395143118
87666,10364.880843984956
97697,13945.116442043816
77945,10741.797654092436
76173,31385.856014785266
94835,21177.774606483505
86700,6797.099874790483
105682,30014.699196691297
88546,20696.8524587217
100486,7408.798003421179
98187,12077.958470135874
81395,15850.76387852353
104408,13180.534063534908
79922,18141.7755221814
102955,11392.180950406962
85515,11788.61812800217
100490,13776.529204618868
91070,38757.637573968255
81321,24785.61690122535
90925,19365.004313579742
91291,30219.2973211698
83986,15698.103110599784
91729,15404.276068104404
95830,22457.150263204585
103720,10362.760737767192
97023,14985.474778410477
84892,7473.194949971606
86618,14306.394998400428
93094,25433.719970533966
102487,8050.33817428781
76952,32175.88680224247
90121,8875.378679354471
89687,33585.72596250349
82663,13733.409738216033
80253,19792.262129705632
96004,15115.009870874617
102267,7864.120305376714
77777,22682.37568016822
85135,15495.47716901513
103806,10578.809667660875
88031,13824.400556934072
84252,9372.249205118738
80246,25566.755632881654
83445,11663.366231775293
107528,9450.65541512545
95161,49297.13799299936
105132,22742.003488838065
107504,12983.130684383508
96720,21525.21273975536
86060,8865.542636805234
76370,14180.532841003169
102092,11846.669985445475
93523,16463.61344925514
87963,8673.607589148476
94183,23037.143895896086
77548,28158.59185044353
91116,30210.612807305773
100013,12728.512147984226
105525,21319.40332352409
104210,16521.801869772844
91137,17752.541322614354
101960,13506.324304343778
80662,30214.67548677725
84914,13742.712084485027
107857,18657.509011437156
94916,28160.302749490387
102858,11373.258902389834
88182,10066.519225260594
85339,10150.029798729598
98692,19607.756010265188
98460,8879.494885988499
101787,6069.865062364275
105924,14628.179489923694
81440,21249.772114769494
107043,15324.246013444124
98747,10439.436002436109
76065,16489.255438413507
103452,10430.199917076909
87162,13014.195084840094
85972,6571.788054420282
95159,28927.044283984487
81106,27621.79683998867
106324,21317.10353230256
86957,8177.715046531579
76900,13123.189266671681
99319,15121.111542630164
105884,21844.672931173423
82889,7964.020273579334
82253,65329.64872074719
80818,10353.368662875342
97074,18534.01478625842
103269,17715.23251858159
78298,16547.273420074034
87216,13397.606472600106
104853,7283.655540054472
96298,19851.027703370644
86803,6991.108729115544
91326,12326.288046154536
90948,18016.18906406928
102795,10753.13629467557
77163,18042.451439056196
93519,36986.445999726515
94980,11820.028396489093
106455,24451.211663689315
88860,8714.148316440896
76536,30847.271179255986
106556,22101.90002277758
103002,17920.567841150027
104193,9241.97842614976
98247,9544.229217665088
82529,9275.257611087001
90499,7182.391560210093
89400,13801.772804450195
94595,22043.715796999957
85870,18563.824689214638
88424,14795.237329141923
82715,14088.77201650522
76324,21157.051313723194
102259,4381.8298477452
99192,22239.988661771105
81437,14073.17572053924
97208,12779.299096424173
76420,15759.377999578912
107557,4204.261312826933
104202,20541.40886113042
83400,20653.82223153871
99664,20709.474622585072
87781,11969.302623170754
105706,32706.24280332699
86320,10375.104110532468
81907,35620.523201559045
84881,8161.0736511363075
78575,13584.367162569924
101857,10753.13629467557
104378,17340.78147731631
80281,18872.725805240512
88208,22468.283186819288
85864,7246.708575431417
86973,12686.933491763255
101072,2795.0932732916854
102664,6289.546929724563
107949,10708.379216875148
88832,7642.20889996576
87046,2906.1554654426077
98930,7610.769394723955
98721,20234.847698729773
103249,10013.979129259633
88230,3393.9725283180815
103604,6516.7798928127395
90645,8654.327999566829
94246,14390.325702766397
93604,20495.591166707156
99287,11771.130995829471
106684,17408.806621547847
89506,18766.219969908583
98726,12226.61618667081
77060,18681.527333788854
107323,17196.047566329475
100559,7416.560511616294
94511,28907.435356274666
81367,21408.755432827602
107185,14042.058799240342
87243,6087.567958713683
93241,16453.21567215126
90899,22943.2389785951
92791,29751.344205007033
97429,9023.752712650372
81883,29176.06997585826
82428,9656.121899117818
85224,11202.074678356055
90818,32280.59445419491
107186,15103.950936199451
104489,10679.082278997059
77026,17041.368837269212
103119,7976.870531584863
79360,39284.41446713953
97763,6858.8295306452865
81434,21547.462602702682
102270,8925.508094259912
86171,24492.496163787855
102255,6762.646125606885
91018,24474.413599052816
93219,16764.129220425428
107667,18995.91382889037
89301,15493.12926194935
106869,9504.106468340438
101867,10321.42539113872
92922,17761.697630417373
80057,28400.925315238896
93951,23197.50699886031
89450,9848.403408420438
99681,14585.097990115979
85661,16067.36768767141
76072,29975.827087837493
81693,25334.96232666986
77375,12836.414119301304
77649,31035.777431813538
105904,18986.912060506223
81679,21133.35350382285
105555,28245.106716703533
78762,16786.71957692127
78590,17144.48081783974
92784,16448.67341528572
88497,6061.628950848212
108413,15852.301626239714
88994,16278.789383740646
103426,5089.05172533495
104394,23420.079212685443
88703,10082.876869410975
97376,7303.482526471048
97470,16115.667458040049
88681,16538.472817445945
76599,18767.70233696038
104274,10934.774995168827
89590,6220.039237163058
79749,44166.12493782435
107386,11392.453602808631
94829,26064.909007018705
105123,11837.116631444254
97602,21313.537324056757
93900,29326.500327152724
85986,9646.815609222052
78014,30051.61399388113
90073,17382.996997449787
91815,19098.785502159804
88067,13462.712706887469
79079,33881.83851357302
97590,13177.139566420297
84491,10084.587910033346
81997,14270.069614217467
90875,22105.35415081271
88805,17233.196235621785
84708,13788.568676503302
108010,4966.027937717987
96549,10616.764962228266
79023,8489.88537289705
80493,23552.811129588048
98860,12306.328076655558
99938,9854.692923439761
91154,29318.83196146412
102202,10399.495438486243
76479,17052.76238530787
102548,16969.379647413047
107979,9935.136090065313
80905,28424.40302194022
82630,11580.763837114386
81130,17029.210100676348
105382,12715.509653732215
101905,15204.721664313687
103353,5558.414102097197
88275,15523.907934126282
88052,17189.794840089187
85537,20620.199384546693
82742,4188.014549082514
105960,19672.025503145982
95151,36448.35652633
102555,10981.125076214546
87742,8177.715185830858
107219,21450.356368891727
106170,10020.761998472484
103341,6275.210004422092
98947,18092.751837571068
90933,17169.651089332205
107651,6617.992921048719
107937,10146.77907608135
92742,32518.91129035081
91138,17035.364306905416
100134,7895.074895174262
83718,13333.024060456753
86977,11985.109113555007
102165,10356.188995631212
91372,18422.296647764706
95812,23375.031898161375
98911,49270.66102457117
86966,6153.350105109525
107280,10745.700842930195
89020,11101.228462536379
85167,15456.65077538525
100394,7740.862271665314
93450,16407.825939975046
86838,9774.449742553215
107563,18704.561369196734
99692,19795.53434953366
103946,8488.941934996681
89586,8370.153723299742
90733,9511.072173271945
91071,20034.73422917277
89142,9708.923785523686
79359,17039.36967907013
94435,20297.122532729423
86980,8942.209331777129
92661,34950.82364909472
84734,15698.103110599784
92829,19022.078212998847
78925,28636.478115744732
88863,9237.44820669326
100507,13265.534142557242
97469,17853.771464329206
106358,12128.539765346917
94446,18825.961501556205
100068,6972.0977328117515
80005,21352.44178181166
106548,8451.714384519371
85323,13912.485125334413
92629,72475.22884059967
78057,13333.870798415302
99591,12854.498516810278
85307,16895.794731045684
92660,29751.344205007033
89525,7662.949508726256
90953,27939.220287062315
103312,11472.607523283257
107912,21102.165579584707
93292,20721.684460678003
81638,39547.635711636496
105433,15601.34818835078
94804,33827.507215610254
85666,15698.103110599784
87338,10551.017937905264
98818,24893.89455822712
91960,27482.286391508056
95612,23355.711404610585
93399,16064.626881705197
86492,11398.010680847889
106169,11718.502404970757
106699,14192.183315904153
102175,25078.90541021787
83555,10125.434455080727
80941,20730.36474112565
91366,16506.45284459609
98045,18927.324113933922
86988,19503.974066395418
89139,14200.312183472965
106277,12719.543723881323
76317,14114.580743506005
101300,11563.27457571114
93086,11504.414475398082
76936,21018.527506778104
80711,20439.320998714284
106659,11772.983381087954
78296,8711.881698187615
97527,4265.9295688374295
104494,25133.85800823347
77982,30583.29832115752
86456,10414.495558715433
85161,17762.912139860728
100583,10637.069749781129
93063,15414.827129062325
85331,16047.123736713891
101731,13436.54808907736
97389,31142.501663316387
79902,18612.501016393286
89643,8009.675006786303
93175,16523.340784305896
98389,6032.963549749523
91334,14704.730274825835
98514,12068.020577198919
95382,18619.49353930345
77018,12434.462337015577
76437,16087.631501018557
98250,13984.181347076104
77104,22143.303540310477
103059,8340.015292970742
83308,14308.401964689576
95106,17694.413323035475
88684,19846.441867539135
100870,13990.934546897899
103498,15508.171599247446
105342,28230.39693413002
81398,16880.366383520693
91833,29854.46860690319
95311,18298.709425901874
77369,31287.568883162556
86011,8358.057690009944
84952,10659.09591979824
94056,18463.227560815314
104796,11850.068168350099
101571,12231.036344723954
77188,15726.017286248103
94304,16236.120228318834
106008,13374.272839406985
79849,17595.21338221203
106099,24119.95654651616
105086,11757.276624754519
85658,8169.880911301311
102040,11300.21221382241
84343,10656.805914908718
104882,5782.266478884009
88582,12513.45933829947
90328,20894.15490893906
90536,11217.790707401922
90805,12200.019866547575
106058,29680.674713219083
78871,28008.56299362742
95489,26898.109213178992
76637,16813.954147489043
87818,5101.786693142549
84478,19943.99896886999
108394,18592.439207304928
91676,33150.0326557071
104964,1392.6451916851768
78506,37225.7760446334
92557,26307.18582608516
90715,16124.41599711612
101721,7065.66887003
80715,23413.9288853429
81705,22078.97278491423
94219,39328.93912302492
85893,17052.39853690766
80550,14537.622465181035
86662,11029.398682243038
85271,21145.64728784204
107075,22255.018497529625
100992,13017.959876362345
97396,6612.532040497622
103943,7756.530123296034
78916,16703.185939843315
94516,19575.081588102912
105411,9322.877984870567
78377,22765.269269222812
103977,12762.517500425563
106716,14143.338028790597
88465,16518.10487703115
77421,14942.341776955984
88866,11621.194948641853
97787,20147.52537766993
85063,10332.657524056727
92555,15262.679745693733
83695,10043.616521633186
81797,13524.089527959984
104241,26693.831404924604
94730,18138.320377670945
105191,15294.66291775578
84112,9041.592524414624
90379,12191.038912298647
88992,9457.257414724872
77423,21797.557369674603
85126,8571.043989324833
78691,31990.082405098696
80320,29229.540902849945
96309,8755.059885242252
92577,14317.582703088885
78891,15958.708743970694
86056,15702.620035825672
82129,13305.459015936563
102436,9985.131502470285
101469,6108.511161213723
95885,29444.073636863657
92879,22279.44986045093
81484,6415.383165386517
95550,26271.10845136363
102726,9732.175473744794
95252,22210.04686718218
90695,11413.063716919423
95863,23262.734536342476
108338,21175.057404172378
105327,24739.174232297657
91616,16129.220635397385
83077,7993.486305092793
105582,16994.223936558603
84382,9470.576164469274
99666,19385.194257362393
84818,17243.758782621553
78498,46461.34300762491
78378,47589.93478524001
82799,5767.632465666323
81429,3076.153540161006
107572,16486.857875769267
91279,26267.27481603974
100475,7219.188912155027
86325,10935.82789278284
76825,29585.568638270808
107657,9560.810942017886
82346,8746.233495819077
86687,7561.217442230143
103471,10983.208140671453
78209,19979.6804389283
95328,12394.246922803022
100363,10812.526113488797
87672,9169.194449446275
98994,9779.459470622054
83549,10707.261991111302
96370,14090.134388728477
87842,14382.997820087714
86297,12845.96833266653
96716,19345.743173897754
97492,20628.327236057226
92786,12647.35784571077
78254,15427.655971462204
79291,21157.764664256814
96050,19612.092649690832
82240,22987.71081746094
107938,11020.0313625873
85258,10797.5292671263
92512,22431.159595512356
79919,28735.222178498032
101410,5675.666544221304
88700,17823.616778577896
91847,60159.19073890661
101835,7510.8453238934835
99878,12516.216769126579
96318,9212.228998075758
96245,16532.665952721167
96194,20571.528759762386
97973,8417.643076671528
76985,24438.644780680832
100002,13175.059384891458
91364,21122.307397329394
106980,7692.364727784953
76285,19860.613247438378
101396,16048.979583368025
83368,8883.543005717822
92820,15382.986954619875
92264,17681.016396805368
84052,7771.16511129954
83928,10125.332527818062
105324,20184.66895479224
98502,5674.631978020156
94457,14165.669215684682
79073,20747.31206005299
92738,17102.629897517
91008,34640.85658743178
76447,28754.55788860672
81627,18080.2137004697
97016,11209.807934204493
83182,8987.545794506153
95791,33365.72423583713
87449,22443.71099620723
90013,23588.882884200742
107223,20177.098015203243
96785,18678.22094585438
81473,21981.925944919876
85403,16280.121282013097
106473,11305.240040840434
81568,17777.602036529704
76748,15235.307320703003
77020,17618.064433671167
93210,31345.99937988838
103955,8054.054370983048
86509,16171.443215053343
78291,26214.626906367717
88895,10330.755234497463
98026,9599.990958542494
108410,25194.69013170419
88039,8531.363279642525
91193,118245.68968160362
88087,3420.471556872304
88708,15662.261385285212
98485,9855.538489823122
89847,15668.70769488641
81318,47277.63752760762
103971,11718.965565287313
85649,8601.391149519799
96137,12254.078004338311
81112,22254.51285212542
87825,17920.62916103116
103890,13171.12000178597
92845,43400.51049477756
95649,26004.632482090845
79000,10482.826392235147
91668,10511.806286192259
94544,30198.47803832546
107024,19526.945728239156
79725,13834.567611430752
107343,21370.481576740374
107612,16517.11725740368
76647,9164.698770204275
100922,7019.889197326691
88583,10916.723093214772
90425,17261.979030890914
86258,9096.326044529882
81973,15777.016482554143
85370,15852.327043524196
107854,10200.142553517027
78195,13653.760465219322
82124,30362.691491436373
79050,17061.43567495584
78880,30087.54026459311
88596,16664.60508769463
89033,11967.521999042512
78792,11186.028286582663
98664,22859.495044368596
78544,11252.47240175368
89184,10841.49542201429
83109,8234.12307365251
101759,15235.816739281541
87164,17770.53607462481
104156,9515.43170208497
107607,27081.65591127413
99705,7890.704551466313
79398,14294.317606734232
98401,8489.752419090128
91911,24614.559913540208
88175,7628.165426322249
77275,21561.62168314615
88946,12934.489335366718
98293,8660.296897400272
95991,19462.414312091394
82196,13034.07725853269
78514,38995.101354556165
102853,13064.978295453868
93984,22463.89097451821
104689,29634.732445965477
98534,9836.076166634288
98744,13245.353098951597
100456,7173.470990913231
83468,9689.436363166706
104432,22499.9039214917
86752,18461.121435071378
89762,7138.885993332761
82788,19619.49679355455
105604,12735.160262158975
105490,11567.142639023517
79447,15698.72150641778
107405,18880.52941915115
102782,11430.26608256723
82786,9574.920042158106
100557,15321.703913859108
77711,21131.646869612876
104935,7249.720903135742
90750,12505.72760971256
94396,28258.17333339604
99628,15402.206800098216
87360,9077.533982266154
103238,10179.510538289915
84883,7626.915011052035
91450,26592.990898397267
96221,7657.279119143896
82400,24664.895458399922
91940,9977.233115252391
101320,10142.19775444711
88653,7813.72289573783
79446,4549.600248426881
92672,32947.80454002584
85552,16528.310272214254
89858,12157.408191094324
96610,11226.631734333589
90447,6924.236363303367
90357,14741.514918089359
83266,11768.73595148577
106259,32966.57668197572
84489,11768.73595148577
87875,11919.670533422108
78430,28746.52522131997
77249,16895.020506197267
84094,7706.154327395538
102218,13504.387898972162
97151,18914.265457445763
102064,7912.505186726
97655,14402.944383547003
97387,9041.53043753918
97118,14424.423175563721
101804,11320.06204510584
81888,21394.282965792543
77455,24910.214036150555
99638,13810.261846179357
76845,13776.068302530753
85493,7007.780267815416
99781,3481.5413258803487
79322,28249.406342012397
96766,21160.89905827395
80513,51250.36113989012
83907,18947.81359339402
93217,17835.679505409433
77426,11776.806828176526
105044,9334.230412009832
86573,10022.444668030465
95251,30668.09673801571
86098,6724.394381563931
93674,22502.592580376517
104392,10200.87648763211
82340,30254.136456009866
85899,21269.51695383188
85579,5359.9875142613455
86725,11944.001406163736
104810,35089.152219155796
94570,16361.242287556048
89607,8569.806229478983
108478,18540.39096766805
91464,26646.535048196074
77613,22139.965769867813
83067,6503.457504857615
104585,24505.641368848064
94473,21123.789860706263
98756,10418.56456735234
81199,20806.51430288556
83741,16121.133955258087
84972,11960.039462472641
87486,13741.987326788618
92290,24125.961437336602
97049,6672.642676735871
81960,28080.48624842275
85765,15246.074380440303
81319,21358.154333791696
84335,9859.033852209472
98897,7961.256118243086
83649,11942.537694628403
89567,2515.9385147377543
101958,8980.403594270228
108211,18331.674039607264
88326,13113.930923396303
106424,17144.411935751952
90848,10276.927592736143
104944,23942.723854879005
81300,36701.591576875166
76804,131215.6917910225
93569,16889.67996036704
76839,18453.441495909625
92611,30140.992764418705
76006,22663.36225261206
86953,9823.73613708979
107767,17467.351138542504
87949,12298.98976034485
95782,25488.333375043116
94414,28771.670813511577
98483,22737.456622179066
95988,14181.227666762314
98640,9494.038303414518
102899,4730.929581361365
79367,54318.07801407358
88430,15838.28639502268
79428,21330.235875968567
76247,30456.284737404287
90955,23439.21631544202
100711,5875.1013841461445
83720,16932.768908445807
93618,21586.10918779055
94754,19884.04124465967
78740,30690.29841328449
106522,22668.63505026054
90165,8500.501933328107
99615,6218.538624889233
88112,10311.527180395547
90759,23678.48883418393
91835,13746.305507224011
91563,31152.462426623017
92736,35557.682569655124
96939,19994.752365098728
100301,8638.205061019367
80143,19527.245833790428
108141,10231.372556428338
99743,6618.608304714757
98627,18926.478895993878
86233,13340.197812013554
104568,18152.573141120152
96489,8875.903899450837
79018,18047.462412378554
92173,24535.252683096212
81198,13449.131660019344
102450,9623.096099070619
105038,19953.567054610074
93284,20554.191929768025
85848,14899.855375205841
89587,11219.549467202216
91457,10330.735724057982
88804,8596.835490067611
97228,11331.744772151695
105841,26398.10370678028
107331,16601.866220577638
81008,13326.700153755468
81853,22558.326390431226
103283,11297.078832470437
79036,19722.73168516619
90376,15069.635951264445
97271,6746.95355886017
82967,11019.55985541624
83663,6081.540817377349
81640,26053.76062902563
99076,23826.174402218596
107790,17895.53293210946
96460,8668.73061811791
88286,15299.601410543213
86545,11770.58963035551
97634,12589.235428733684
94452,16108.180476888845
94409,20603.456324515726
104877,10394.193196227054
102952,11050.746720344083
91502,15789.166893353331
105695,7986.98689158645
78608,13636.486791973406
77384,35289.90659360096
82188,21797.088634011816
81054,15191.039929439647
92709,21290.614346898386
98260,9876.43042857152
78996,19340.22272989875
103868,6725.404396952161
81809,29051.53166998488
84251,10644.119954578218
103762,7368.55142280207
101479,11005.65068071404
90533,10310.02401756779
84636,8176.187929403036
103208,6151.44379130104
90274,8952.220485965327
87517,15866.128169526597
79671,32086.12442687442
81486,29921.49793686532
89338,21879.33233174158
76912,13039.89585250775
89675,9453.060490482287
101294,8311.844982943125
98316,9220.896931858979
82457,14873.243245753267
78558,16829.926667154934
107933,11045.270634327966
87555,17717.434923468267
80873,14782.73612068968
94717,21954.131414996973
78922,17843.10943718862
87376,12502.271405157613
79203,22728.392796373777
83801,13911.739251034727
80314,18954.815548683873
96011,9513.804327698788
106585,22369.686435701602
94122,22829.19102761947
101723,14520.56405209111
95561,19602.89713953109
82751,15306.87715441142
107424,24297.373576676317
108316,25587.095691682196
79229,7511.255259557633
104835,4125.019282819283
106289,10827.209990785868
89876,11663.242108681938
96917,10547.153423782644
85982,21341.18255199764
105023,16640.673114529585
76749,30444.908100373836
76453,24566.691129440595
98954,9212.327754908822
101783,11133.078004337718
96734,6313.636454123614
76884,18677.198858942957
84277,12669.499194868
104756,10411.146576792928
89268,19292.43731328341
78955,21449.612273626808
99279,6019.541919285766
77361,26762.298042978462
97823,19183.7395767928
84313,10287.680500260036
80520,20015.609367379682
105472,24746.050800144803
77671,8565.126542741138
93098,28956.70105005497
86559,16713.040824743177
86582,12398.573875300846
79414,12006.264001513437
97179,14011.45380705069
94617,22096.12309197804
85780,5481.263103183385
90904,31732.902288529716
103178,8087.656056264356
105752,16687.00242780555
82636,3935.2419643976773
81069,16881.615633597587
76784,4378.630999958924
105061,44332.95214507986
100732,8532.769253675378
106562,9560.135568087606
102833,8430.165880995843
79029,16119.848469841936
91944,25882.515725638284
99849,6702.986834436729
85213,18464.889035395594
92653,18118.958623293776
90824,8576.072328345937
102752,13352.579540219103
106732,19344.015781509086
77076,13362.176546687428
101825,15274.751814114697
78920,30277.742940546646
107404,17020.443970449738
80053,9035.566432505819
108062,9855.32607518002
88256,15996.305104356601
93809,30104.305041456275
97342,12994.087336329047
101308,5911.380767250183
94366,22887.561927115014
88228,10215.668474882637
91471,23587.317634518102
92294,15004.980407126124
92018,24067.11820339589
77448,37984.08203258611
91091,13325.172394791198
90892,10328.406706817885
93754,31595.476687574668
103644,10048.28532675529
101170,4381.8298477452
87238,16211.602630513895
103651,18203.74476146052
108015,18026.936055943006
96704,9246.164146696714
87938,11502.720650870371
82456,11680.800372590822
94735,29997.879684833297
79831,18076.544570742335
99435,16736.952066174028
77407,20528.316218120293
105163,12789.841042286429
90450,19606.223842051044
101144,7231.515901139582
85101,10235.106102514883
102152,10197.309254028925
96445,25191.24977007362
93062,48679.99616812084
100172,9306.38413883862
91519,22589.488132223512
77563,105090.21363498265
106245,14977.591368051648
78606,40436.06158158728
94171,17236.673305610326
82263,10169.900218888708
104528,6684.8570535744975
90918,28103.97808848698
85512,10429.083428431959
88317,11167.566436101586
77807,10810.490476225565
96992,10513.757153180424
93802,22269.60305344318
108022,22327.69808611677
97029,13985.599845348721
92027,38385.67881358704
88331,10365.124324517894
81387,13658.500261045067
78465,7830.200317640216
104119,13462.322947050656
86438,6534.169054573132
78315,13016.77286054107
102212,14218.264239982658
83625,15105.303163952229
99983,6083.922266993415
93838,17722.860790504084
86485,14883.74371957278
99164,16401.01991319914
100640,15011.877780345972
91693,25370.037052338907
90195,6653.289729605271
85076,9655.400229398922
83090,8560.343349270377
84161,10551.622696942422
85985,17160.84630052719
84759,10225.36279500545
105838,6474.140381529199
94748,18865.879614561953
108188,15359.71813791816
94465,17056.09656611308
81856,13213.725820658387
102715,11652.005254905192
106448,18455.093776485355
103923,4891.9916022076795
79482,29584.719092963176
86062,10093.992850901135
95217,20149.04945085968
95712,46062.80819824963
98498,7769.344937647296
79175,13172.02731086463
82244,17539.192108366587
91792,25482.490637459516
81626,11602.58774549934
83185,15552.55662954568
83134,12396.381582641856
97667,10936.700339189709
90780,15557.81653729925
79383,29673.379630839314
78440,32707.412087693898
93657,17703.614203209643
98771,21651.510761936534
103569,15671.469767713745
84696,26636.281389915297
104235,23696.729004147663
89916,14332.395972509104
108238,10799.610810440683
97737,19395.006090048108
95184,38259.08831957034
77985,25857.92638444701
100680,14130.582093640252
105919,32408.718159838572
102177,9072.247359193349
99133,7012.635168734246
85097,7255.605881091877
102464,7261.005796628071
83036,7252.578888940017
82142,22055.32016835939
92118,9632.006584069757
79734,13482.377123758519
107861,19347.765328311332
98253,8941.697469813822
103183,8116.257785763197
98112,10940.634451387687
82339,21756.247428484825
84875,16348.030544445008
99774,23173.188604688185
101808,5365.627455006119
88731,11358.77263331308
84055,6377.404937472509
87777,8693.240075914222
93362,14208.383675175328
96195,9117.32646025886
87650,8927.621474636508
105329,6869.730401656252
84167,11835.52903462356
79667,18808.998203162293
85111,15996.305104356601
79561,18040.4621846567
81753,28938.940673358473
99584,12048.84670042792
107389,6322.476224087536
77634,46961.171380769876
97353,10196.894715758175
88362,7782.838145630644
78923,26483.634425499447
78687,29165.974355837337
79611,12811.092862846155
97264,6839.995100153091
104372,10134.142317102567
88340,8158.954588982142
81409,13740.251924157234
102716,9985.131502470285
100489,8180.17607266108
86616,9700.018821843994
96450,9604.187161103719
103898,12744.939321297912
78965,13885.72687268372
77910,15107.425287021717
85534,9906.702979217085
81814,19093.142987120886
88537,14689.309380725746
97930,6895.4316101270915
98346,9927.896692415092
96397,18361.151153509112
106812,35013.776147777025
88599,14770.773244690161
102760,10564.263779078206
94884,25565.393507571604
77319,32327.362243097687
77255,9982.076667781046
79483,17271.899043236383
93869,17189.293457281623
78283,29796.6513664392
79491,13315.665288624872
79679,15763.998423729385
104817,9143.02711497082
81355,28487.05205282349
102513,16946.204446336433
102311,7999.968542076933
94639,30920.37783142111
92057,27102.72507037195
108057,9366.678187805657
78415,26219.961559581836
91755,18167.821110782676
94507,15665.43862177808
77368,24800.603033886877
88838,13440.501475646173
86482,12110.766384482995
103032,10492.931839348961
101482,10638.409357363136
95744,20382.361735566254
76424,5501.442270551974
98537,13989.650407266798
100039,10365.243556077854
76025,20292.97650102965
82426,6470.987313703189
88387,10296.050972171442
100785,7528.666822402006
84030,10195.414206533156
107046,13287.728809355076
80159,9562.330170218502
81743,30173.467209814084
85348,10948.922881313654
79901,26555.876463946035
108373,20200.945257273343
79436,13642.169421776189
83626,12625.77683894799
84211,11384.060064256433
107879,8069.167604943187
107245,13775.541579870851
102868,10922.073236259865
98034,14440.473098822631
101634,10365.100286598637
78902,19933.483307135164
104908,24620.04229620359
108265,9769.682471554128
89613,15679.946362130786
100852,6570.379254672942
101045,12619.72691945948
98194,11443.201668274252
87876,10034.535393437856
88436,7435.847603831342
103563,13029.600286042545
92679,14373.463289196643
97639,12985.43800043808
101310,8564.218202492993
107398,22922.604883221433
98740,6904.989746784441
103081,4675.936900955138
93701,41878.77633563844
88341,9751.493029210447
91276,18533.27828964846
78877,19050.491054885773
100579,2169.9767122161916
76474,22303.780613315696
100963,10698.30392501527
98672,5415.496981620793
94737,19501.230608708604
106382,8759.245153154548
90771,24285.51490030958
82118,19360.022700581758
104839,27636.750459930176
88881,6217.686163826488
91400,32015.80592536245
89615,4724.661643028411
95916,33492.00497795356
99952,9797.561310354675
95605,19473.406101093988
108251,12383.340080655058
88507,10911.882518591563
97142,22525.397193744033
97129,16412.30975172867
106320,5104.003652211567
104569,5262.553753792943
86018,17090.611917620987
98054,8648.79023239812
85925,17764.72912319177
82859,10455.335300589984
107329,23539.212694784517
90943,30022.107576178914
83393,7335.277432545756
108091,10887.868928369518
81571,18584.443396106082
102704,8693.597166937749
89511,8273.309096575522
86361,17305.01769097465
86449,9720.87788176838
91048,30518.485353623157
88932,11196.193759138241
97096,11738.325339588231
92493,27958.750813898994
106005,30705.370149977913
92101,20721.684460678003
85618,11530.802053550991
92275,12017.39740069125
104354,7960.259091115231
100165,7575.765923350787
102137,11627.820591345862
92251,12914.271520702512
102299,14060.525930174894
93358,23920.831503621404
91807,45458.59539865503
108402,12447.194372257578
77155,23919.132330983426
79195,24475.10804311392
96974,9402.097927944753
105848,9322.623473897396
105425,10115.955057633286
103620,13598.964628793086
79238,29797.69550131081
82292,18737.635375620954
84451,3300.8333167925753
93942,29004.958100484968
104577,9207.234212168993
105690,23648.203517924427
93421,12191.818766247176
94411,20537.617373189278
103746,5773.545679213484
104927,10423.442078831384
105798,11029.513035084703
88601,8514.613173015729
87898,8910.307080583496
87580,11960.039462472641
106294,29153.0127577099
83194,11398.010680847889
76073,19092.411756481357
98161,8342.33836934861
99152,8291.199888854737
78180,12282.924777224267
102662,7920.098504333343
98915,12861.644997209813
103302,11642.676191495915
107764,11627.467113191504
79227,22969.889773837604
96799,12629.262418225915
106081,17720.076865865205
107508,23255.923508129556
97995,13680.659557296056
97586,20719.469696252323
87104,28678.407859151517
92790,46148.62842590797
101900,12975.41515261541
107104,14142.278275120678
93384,25907.25612674122
100649,5623.557971727567
94525,25240.256388820744
103004,12105.398019638236
81477,58822.736614419344
94774,14389.370708563805
86403,16664.60508769463
95958,9599.405669506828
85977,17564.997379437165
106000,22410.229536266503
80189,38331.125188690545
105330,20880.86864793949
98119,12554.016920565293
108242,16532.30072244301
86122,9329.368832496262
90847,16113.889601754625
78649,17955.78132990704
78043,31766.405914279643
83454,16059.934908372466
98842,9950.069028697088
80378,27890.55180599131
100525,8498.084086935502
101979,9366.14569747756
93192,29394.486277446842
96062,12125.034614539378
96319,11231.477188799316
81121,49816.721431288075
96527,15800.577579933493
76762,54957.81876551614
89658,9588.31786293925
97136,10630.40323115891
91941,22811.320518296394
107113,10009.667091034882
86846,9155.584820855529
102674,12129.294800594733
85905,18619.401950882402
78034,12166.700616848457
96919,7142.751101564239
81474,24368.005721294794
92121,13681.756312278023
108308,22485.364051792578
105113,14736.00677412898
77939,34163.95704338853
76253,22651.422835854737
86272,10092.018368494639
103786,11297.078832470437
77663,24457.88829044137
90143,11317.924502371976
83487,15335.207235655122
99629,7542.382657042424
78016,48381.19148882363
97062,16576.163007401934
87499,18396.13339350057
104580,5076.586954538406
92086,21110.97140310556
81704,26236.825098316902
85458,18311.392576397575
94697,24687.99025892805
95730,23152.591142525504
95533,27717.75972380468
76852,11381.591664664254
83813,16668.0835923003
91465,23767.678335840686
98380,10756.2521889373
86923,16689.014640952377
81159,32959.989802344004
99462,9693.846504233547
86553,9221.257704293706
96547,10487.95797927966
77542,11092.23360532768
91704,26697.753813946787
103567,14015.850234194895
98508,10296.34112799634
94989,10944.239565008947
96305,12417.623815295066
103772,14173.61186701413
89923,10756.032403677524
84616,15956.178334315136
99970,9086.800925342171
100286,8122.608673856541
95785,23602.84752664258
77239,9159.5987227833
103828,9076.942464312104
86204,19275.088755643967
96855,10471.784421338141
90132,8861.114083979355
83949,5531.569082134267
97042,9701.281873289288
81439,4669.217757298832
78200,28025.628265439034
96583,16229.150776859058
77935,15921.775829423097
91759,16188.318363031032
104912,17701.11994260831
95613,13928.847724636353
105447,9609.591175783959
89828,10963.373722416463
97297,25084.338943146864
107599,17084.47621689179
103109,6856.244794504958
76094,14073.860862693793
104324,16305.292483499526
82877,14505.344962825508
88953,13570.837274918504
106644,18682.950874700564
100086,7691.316622601891
103949,11163.534925766802
87447,14954.163377025136
103384,11089.401566599656
108506,19426.284323104206
82045,16285.014582599397
86346,13368.57185241499
92643,32181.230313242668
106532,10027.539319307956
100209,15827.00330215584
78371,18438.61041150961
79815,19195.283480488964
99946,7684.381927225218
85965,9829.763135351674
79558,23521.439608129032
108318,17426.46400344081
100907,6430.797023561733
85301,8615.813552404294
86214,2906.1554654426077
76307,13621.30609030171
89487,9577.39434998204
90272,17920.127720908386
92470,21488.752758342896
89056,15870.715799394675
108376,12259.652187557367
90393,17740.960685400692
90202,7861.4310180938355
95164,16057.922563634771
80501,19685.786725199458
80614,27093.68554011127
86354,9532.03465248937
103851,8335.815808419393
91517,3747.399008174345
80179,30742.46129632154
97710,11756.036802747345
94083,28537.002782221767
83733,7842.893739182181
105032,17652.116662604487
91064,25312.52063754065
94799,27035.262919480774
105548,18787.326372918105
94248,47048.62231699273
91984,25503.720471583525
105390,10590.090296918015
84137,6646.95617621258
84643,9069.536827541147
94173,28376.94203185708
89789,14369.06884367529
99329,7782.1299954312
107125,10339.681580240851
81011,12312.915275478408
92062,56085.87024754088
76630,23958.087755951146
89022,9043.211801628075
91463,29049.6861208484
101563,17062.545547867907
104307,27347.571713878267
95572,20130.457598591885
91019,14806.317780404843
76966,17916.824991520207
76916,30724.346291343543
82319,23838.508838002872
93863,21042.14608544681
96798,30440.16839982881
87072,17496.285430271284
92771,19034.328509471303
105915,8759.245153154548
106830,11831.868113240567
88798,19892.52117853523
81750,11035.204685850636
90415,11218.910831045414
91110,25822.149189359643
82187,26314.59629112503
102386,12256.445091876103
103517,7284.91754192165
86270,28719.14897992008
83526,13634.665893861966
83728,14551.671975102192
76878,13226.067563166564
99712,13244.750446811064
92556,11707.200441955125
89879,6242.636701941339
85276,6960.222926204281
85272,12534.63235590003
82645,10904.134512152701
81445,12238.064218575437
97841,13522.689740565753
97088,16887.14259643116
87735,10034.7933038037
100748,17682.189218031355
94315,39276.638849662
105218,22241.29475307362
79295,20777.82429978008
85482,11132.30400998409
105112,11259.501692924607
98458,12542.19122787732
98177,9513.59006565865
92392,20534.808472051966
106885,9035.919165083274
94239,26185.085963308895
98355,6003.170807122099
81111,21878.790383642867
101464,11906.939922167903
92070,23507.01739302847
98707,24029.19790651993
91095,18465.282833540237
84486,12368.285821336285
82898,16303.934483125207
108233,10240.331265184937
80001,27043.25096088478
83538,13703.904980918967
88563,7291.088749016526
98871,9317.051000258713
80645,62236.45373420271
82054,20196.810494763453
86397,10666.229904700594
97865,14664.550948447792
81700,30583.495688550287
100417,9340.086377597361
91017,20569.371963621074
95218,22648.11233083493
105519,10583.727735959847
98097,9481.060485718303
89232,10097.025659681465
104997,13811.681648375927
94952,50986.62227213676
87017,12995.874590516556
94876,33336.30824919429
87741,14747.314052075655
82776,10550.134745929803
106221,20584.86277520075
100602,12404.109826923146
105337,11557.8108987877
94476,21225.73986488663
82899,11437.102699931498
79145,33902.20568318484
90481,15774.403863355932
92396,32877.47019223866
94605,24268.550604201348
101668,9850.470037274825
79742,10188.225383903806
84465,9597.139345049167
86828,11066.118781039237
84944,15619.078554041032
93680,32774.996523432346
85778,7102.507467794436
82841,10890.047631800378
96597,30607.99801664541
106852,9886.93265028053
88003,14786.97639396843
90461,9217.765736037114
91184,12279.958960851034
88055,15551.472050677836
99180,11058.452756696253
87766,15478.260511422428
86691,13939.866787459883
107751,35788.20148333743
94882,30882.033769841375
78637,25997.044419995298
100601,10753.13629467557
106271,7029.1456002060695
94355,25223.980747695943
103261,10113.052398276952
84449,3562.9675102885462
79799,21614.557081557556
78481,12282.924777224267
76569,30980.283786364045
90516,19975.534126760707
91054,29641.615030288845
97435,9017.205655362382
91203,16921.247524279297
86130,3710.132378134285
93768,28178.502421133177
95494,28061.699138714845
94319,39054.31986285898
83638,16451.847217482024
82289,36954.22756290984
107990,15594.144919446746
76261,13981.62343355933
103466,14160.063823648621
91403,22354.46919281092
106025,15216.843195958862
79465,28486.861959175003
102871,16269.33347883343
108446,12043.551751711648
107305,22537.43548210225
80190,27174.426586681027
81649,7335.760166116703
104611,13014.291593942238
79821,22153.665298886208
106756,10276.07123929884
94209,30518.485353623157
81524,20439.089291318884
102947,11032.469257638284
87868,11717.022441489304
95933,21222.19917202797
86850,8868.173885010454
108381,15658.737247600597
88771,6306.674911002627
83105,12126.870777044558
93264,39735.66984205436
93240,25217.84571709271
94060,30261.615045903192
95003,10291.592148919683
105812,21130.949228004083
76675,27778.433637187347
91421,15871.596742788719
102047,10467.633358203751
76316,18953.884589397567
108385,41979.70868734191
80043,21729.55802794365
80122,11547.887067342901
76885,12592.683393854688
100765,12208.091495711036
90748,7110.9661371671655
90799,14500.576581790187
98792,12728.665272643659
90085,6916.945864766239
96967,12906.168360312497
77008,26253.564164846255
100132,11796.90892798892
90720,16803.497329462687
105966,13055.257235620435
75981,15006.833215810766
83312,15047.559824404516
106478,15719.814001711933
107800,14721.792055005264
103769,10781.305239531264
91814,20186.714491289567
92683,24622.37280840797
93319,25385.854285119847
90670,15751.864392265337
105982,17810.241665939564
96565,12335.383783608975
89299,21888.70096334569
87406,9576.953157017331
93260,44986.77459102147
101201,16004.583100571821
85414,16366.899197908559
87273,9127.150283024703
77653,17611.817824825368
94848,25154.78566119074
81983,11242.865568030807
98927,8564.912308213312
105078,15941.952943749813
102825,8582.473701440875
91211,16508.854881547115
83862,9274.630164426148
76624,14454.350490211204
96502,7409.980674860157
93149,31312.21126909517
105761,17267.21527590664
81327,10074.87934480928
76688,13170.226338365044
99302,7846.611146802058
89052,35911.68567041607
106892,21131.121453000036
97157,14018.690830513218
87715,13515.358516462176
104669,19563.462470983606
108522,19875.39425591819
104725,28966.960276246264
86473,11783.49316122259
107402,23561.286690449208
99376,22841.681707914544
105473,10101.533725573372
101761,16004.583100571821
100229,6258.421485294517
104122,5416.887262301961
103433,10777.551382632593
95259,28191.92572504859
76691,12047.96007817726
81526,21087.16434759799
90817,15676.96911434126
106577,24929.64689956875
105900,14728.54671295306
86342,15847.94597171041
100902,11825.142592241573
84715,8698.961315817993
90605,13659.629748236519
80255,11196.981010202691
84484,5971.61381127572
82894,7272.978507153399
86148,8926.094749980219
100981,6258.606718315591
104559,31306.471468507534
96603,8660.838247017198
79461,13834.567611430752
83864,7424.500683529988
99364,12397.1296805962
98182,3243.8122081135557
85145,18151.319836126724
102591,11315.496081016494
91416,28849.095244356344
89032,16379.982400584018
98530,8777.321155115585
98214,10982.754901670081
87931,8735.363632202272
90835,21619.986927713686
82398,27943.298329966412
104749,8239.127853019809
90735,13385.765567066703
105444,18758.835408447634
90324,14134.949198561164
102500,13827.662519819038
106702,6598.268947221081
90727,7802.597608203294
97427,17719.931478046863
99844,9092.796814780815
94541,51925.79647015528
84483,16641.172905676034
100773,9648.381330301578
97910,8178.279587971161
97461,15581.28488590334
104846,8031.61710307569
83951,14969.388312393312
90276,11319.916333674368
85508,13912.485125334413
90153,10458.360469230909
89830,20772.548073758026
89708,17845.00453633811
98504,22196.825097906072
80397,27695.252274097857
76172,38968.07588207276
85446,11570.08214536866
96732,11371.117222682198
90781,7851.922486623668
86208,7962.097673346507
87814,11022.440468937579
90938,29875.417781177814
91231,24000.772795587294
80979,18691.687178250268
85098,16294.628268045015
82160,49982.65584904166
82809,20501.0734234068
86468,18133.947840390545
104758,7373.165676121661
79772,33724.66032477599
94343,22586.0470907787
91304,28906.055723333382
88751,12062.206792595154
108437,38879.311021531576
94059,30646.441669763622
101856,7871.712539922378
76319,17220.191864495435
77918,30117.824299181895
81976,30716.444829946944
108377,20726.51518030349
95984,30723.4703312716
102208,10356.260025672773
84420,18044.352242559362
103716,14942.853219483799
106428,11393.064746959368
94602,15820.733002343455
101119,6694.091130391482
77387,13652.398635995993
107227,14148.985975749865
86164,13469.635708594073
85096,13724.016070958804
108198,7125.470192415381
86401,9576.953157017331
86386,9965.870138719421
82726,14327.251584763284
91977,34159.83326882941
87805,20617.35564395444
92810,45107.93794841582
92387,31756.37230355472
76117,15036.937298188728
103862,12455.11424679577
86962,16664.60508769463
77023,51012.391539639866
102863,11809.503088910129
85375,9146.163866698282
84363,16024.636582760513
77485,17717.482775743552
99266,9572.579230171516
100253,10794.578400457012
79037,15670.126861257415
92228,31334.947617608206
84144,14630.592554122875
96577,9192.894608644569
81837,15697.038780300663
77791,19596.902165938896
80717,16498.682768274113
88865,12542.101993428003
103611,13401.836975934197
96150,24396.576356634065
98071,23786.28153301823
90964,16721.385827867598
108523,27540.939638315966
89431,11927.316063655304
107595,22201.51124964056
94778,24692.497145500492
91385,18583.920362611367
99288,20494.46978089129
82885,14447.846187789215
100437,11288.429244032865
88938,17258.427315969577
98801,15530.07541870429
107023,7626.617250962722
88675,18648.657815000628
90159,14407.970905118089
85804,12123.233968817995
80088,31096.59933328065
94929,30136.703169188495
100421,10356.260025672773
90603,10445.626297873576
101899,10835.236218294896
83201,16511.49182883868
96023,9750.214878834535
102019,10753.13629467557
106863,21510.90046803411
108263,25241.327435429554
100605,8206.349043352177
100998,7674.206901740986
105544,20343.167488742307
104343,9156.8915991405
89692,6716.758155514334
106309,9508.569219509207
86065,6960.222926204281
86436,10298.53583492417
103991,7865.290392414303
92712,33737.32468198436
89709,15132.486348429833
95415,24408.759301802253
84959,19420.01231897669
89069,15427.982282167171
85580,16280.121282013097
100728,10868.448294909405
80638,36620.40207565922
105713,7393.77069764266
98494,7635.334066837196
94819,29444.073636863657
83800,7551.739103365906
91085,16431.375618559032
102276,10216.580763508462
96111,13790.237077455347
90891,24653.25219539747
80010,10254.474414207007
99501,8943.826787331684
105431,17378.034696460567
82161,11332.602559602778
97426,7331.735649548906
100242,16048.979583368025
102470,12148.442994093324
94769,60401.90923352045
83472,12020.39516893168
81138,29288.139192934716
82719,16550.117795365408
97305,12974.802501541839
77744,11419.332205391102
83536,13009.360301614997
85355,9700.30532596642
84273,11757.258888362814
100061,10458.882591960451
78109,30428.250160110558
86119,15788.677982521642
100274,8824.133931699767
90390,16437.165024912953
93338,34235.82871028667
97460,9585.954228526201
87833,12187.14414487231
107064,20350.338971719906
80942,10452.501356687118
87473,11554.945053740847
105869,13474.761192736509
91776,26412.4205117865
85853,15691.574635273775
94909,23131.958280401566
82407,16411.236474675712
97633,11478.39752860711
80176,21999.165592364323
88572,6017.962252724539
97971,53827.965437380044
88633,17377.96029793177
76234,20230.659615427357
98579,8028.635120237208
90034,15561.943691546536
80857,24618.767482736916
85633,10394.24150168007
97760,18712.084107392293
88831,9962.02240527679
101303,6365.53834252019
104373,11960.716450308113
83512,8612.08716362073
102692,12062.403551145186
87092,7829.323173203655
104305,20408.02818766271
95344,22887.561927115014
76629,27690.592713271897
83699,10366.474602385037
99290,7344.615727939192
93528,31119.651064613474
107251,7691.422461439128
103980,13674.526355608932
94469,28469.41284030233
96448,12422.064699448865
93511,21564.153968766223
101249,15696.031571833331
90543,15053.15116446836
94928,19741.003905419086
102623,15421.051251222318
79505,13108.323836700705
90175,18009.2544115737
77417,16324.914303751299
80974,26148.27965474437
78874,13901.212387468344
103376,5961.654770213422
106490,24858.10661184562
103267,6312.499254630728
92434,28747.356124552287
94016,41984.76286774009
107217,21132.19971312124
100783,6681.101001461606
104306,9838.39435183068
107691,44448.47939236926
79101,23348.579821849642
79607,15874.01902758821
96910,14084.335586578136
104648,16547.014864072185
97752,7082.608191799082
91917,19291.048855365865
78307,32106.325414543582
77462,11167.880481556265
92958,97292.69069198232
92148,43287.66341030393
93317,26056.717283208105
77824,20521.968693620594
81043,19313.691666545044
77339,14136.046799403191
95942,22230.685278843943
106865,18703.06197506475
100781,14316.489645031572
82907,8374.085888773443
98541,27821.882408135796
99032,7108.5500334981025
94935,20991.986336118815
88567,14091.573395631902
103765,10197.309254028925
82436,11295.107113113794
87940,10507.333051457808
83542,19110.477887321416
80229,31775.570939219495
99988,7474.663807201682
83379,12814.731758806109
100404,13496.797249059438
76340,21159.442616703418
104105,9336.7035138638
107460,20907.547598814883
83058,9852.024276130463
87987,10325.403968148386
105926,6397.687950005467
92263,22785.435818784823
76100,16391.23330144868
98059,8614.792685955508
97622,19525.090397530792
100124,12405.206403178163
85132,15635.397857903181
90849,9137.135798591735
89461,8865.658607695465
104144,31377.75380246556
76429,37650.64551687003
95660,30862.15561149225
93649,21059.277935167
86295,17878.298398702857
91313,51205.081404446966
77778,37859.86004930662
76003,14895.591079191665
96131,10917.42336220112
80441,14713.532945536348
107065,23425.103560009356
87237,9320.850047150148
79135,35982.405537602055
79471,13312.201203907389
88444,10205.472719881585
80954,12384.786886858095
87030,16183.498616034261
82803,13695.396699797013
92307,16738.427718999763
103846,11371.338688317162
81505,50475.53232346006
96454,10121.76954689214
92723,23725.007307757973
85406,8518.557536808397
94692,21549.653319424837
96459,9964.32094700726
97045,5029.190198134094
88125,17072.178177623264
107173,20133.727869682647
86708,11386.76130649173
104799,9135.4868680172
99726,8614.792685955508
83300,9264.401164698134
87117,10104.284107969697
100398,10582.389256340972
82731,14904.423271415151
106322,29804.95254247775
83937,11843.856885969994
76509,34593.27170384625
85158,11419.013911025933
90411,17174.555061314186
79751,18559.596512655728
103864,9208.20357097585
85183,9764.316492717788
83429,9679.238584427956
104401,7668.275351192976
102908,11088.67990050491
82107,19582.531523543577
83546,16661.05032934851
101326,7442.135488715809
83489,15151.311209276622
95464,12145.437001716538
95312,18206.772097355482
76958,13352.56947012792
87284,7524.280563680262
93565,31027.500553815185
91521,26176.547301548348
103751,11961.372963428043
102806,7261.013992080133
83404,16404.0943483225
78539,20161.65371959874
106376,7274.593053532578
84742,19515.98630534221
80991,13915.665984409448
99185,6901.075208382076
81160,25079.934822957497
101309,8177.236191866679
96620,23309.87449020391
85514,9111.19158616187
104504,11114.244482465858
90442,13556.452512359107
78824,17802.431422762682
93907,9124.314237847575
92574,36307.20717062322
87966,9882.571162637774
84013,7810.349278974329
76192,14531.593832521663
101039,11552.386070768946
93377,25905.496546717968
89911,10684.064357120234
82649,8834.70685145187
92244,34246.542452794616
79456,22969.889773837604
84577,9153.977829356294
101829,11800.477780830954
82454,10458.578046434608
90738,8774.264286082762
78614,38567.046373219964
105723,13080.791411229859
92281,7138.133236997757
83361,5335.450752513993
87484,10796.374917781604
94268,28612.011168444296
102791,7006.099983670879
80098,42072.10863030597
91058,15362.053944829682
94029,30104.305041456275
88543,10832.559545032575
81670,21136.860655386598
101579,10235.395876935598
78436,16531.94708517561
106875,12010.901589736695
87655,15642.507702784913
91929,27771.28161655601
91251,22392.411012945187
89471,13212.687377517961
97578,9473.77097300655
82672,13067.041349388628
78444,21354.667573154875
100808,11739.003186721106
88869,11295.107113113794
85357,9595.48098119502
89167,13609.161245073177
106862,25435.005952911608
91281,47162.63484760198
87788,16664.60508769463
95287,18355.607879581337
85680,9147.377330618809
94781,21171.89090189324
84268,13354.463780242646
91867,31595.96895632471
77714,22177.23544537886
103499,11132.840438712246
83996,8405.329185018463
84187,12879.760514233069
94237,22209.39924228531
86917,14847.019574617005
99891,12348.935194906477
100901,8954.036543650001
78556,32353.04890708545
98139,21363.34434292378
83447,18133.078283152925
80732,22329.700430272886
81168,13831.010854355663
101789,5267.49411758389
96183,14517.418188546666
104888,20997.377124026494
79944,59562.05512308934
84752,9141.0247970449
99274,7248.57120120731
101601,11049.82169767009
100509,14810.268035620751
83579,20269.567759512847
78657,16192.026729039571
97894,8024.08237898395
98305,14399.283525812612
81298,14472.935439640374
98132,9830.175417015504
83681,13060.606322139585
103875,10753.13629467557
96447,21346.05472952745
105060,20309.911626161345
79150,54679.25604045925
105628,23485.00498071982
84027,11399.706568503987
98984,24712.90719482792
103343,9594.661043049326
87304,10079.975096666518
92483,31133.192105476028
78555,17771.48435177352
78697,45194.02083364663
102830,11961.372963428043
105192,18873.861165359813
88749,11399.706568503987
97670,21934.40081764381
89034,7960.133313067493
101691,12159.984140241555
79307,20794.460967880394
92856,15452.56239071596
85540,6847.456416073342
86841,11362.80837721295
78144,22428.767495543645
106175,10212.498131676824
101199,10753.13629467557
106284,13726.903072114499
107920,3762.87399970836
85677,18902.019209909293
80672,28050.729754797576
87751,12144.281258949113
81660,23986.4659049592
104608,16695.000998170493
90356,11506.773968546591
96037,20071.091626405414
85376,8539.099684396015
94596,14813.282951932191
88457,11153.74243571418
92475,13612.44389513371
81195,17817.634481813508
92529,37338.13797155332
96471,14184.854636667187
107840,10367.264010819204
84210,10301.335701906495
103192,13814.735638517084
101468,13887.958778721078
105529,28287.989931464785
97367,10484.74859426086
86100,6429.523728511077
106778,14345.63840705173
81881,22950.12962585532
89597,13003.453525638328
95589,26761.893610539573
78552,48056.50375185881
105240,18805.64051171415
83448,11920.684150673393
83290,9724.262357908587
93867,36446.606720811746
104187,22636.305518437082
90760,16871.773401806237
89599,7468.050544770443
94415,12791.175821090408
105080,7265.48677633781
100371,12821.28423116657
80360,41135.043482650486
101046,6319.100607594783
76264,16518.345453247188
93041,24034.33915064144
104160,11467.784860157708
78058,49368.457642491114
93770,12919.62913739376
101223,7026.6206003753305
101983,7702.02519133648
98730,13090.275544215787
89800,9463.00259484883
88196,12762.295917438681
97641,6161.424054818417
103870,10197.309254028925
84704,6156.397340726069
77526,20962.349712198695
77738,21232.473201452878
90078,2937.4495801490575
94292,25451.21948478342
78838,18540.67905910257
81836,26637.177961368303
80276,25712.231685526447
108312,18378.824386921086
107467,21439.757853599465
79713,26902.15612651154
93468,30630.997108826
97220,14771.338315136
98297,9429.371367967586
91141,43443.283338332745
105107,21052.85910773368
89334,13325.595878055074
80077,25835.27136753488
85326,15674.326321260247
88677,16421.262655482715
86517,12178.360272861868
78770,28782.991513246605
82840,17612.99740785759
84256,11473.467756991467
92318,25805.966423761474
92119,20078.231957017135
94970,29832.82034392682
76714,16870.105964629693
89170,11490.998911299886
90548,13930.451022657933
92194,30732.292512932876
78522,27099.08392676039
83527,17305.01769097465
104239,8854.850142768932
98128,26852.509573924475
80712,18532.03057694528
80259,15927.749578715317
78469,32232.53660700348
101923,5192.0245098064215
103655,9405.084642416386
101481,9881.755157208334
86550,15447.05745271656
90289,11713.592573860766
86255,12873.590724382213
80411,17165.19752240333
97263,11258.189173029617
91086,6559.748566591468
80675,13035.511061248582
77800,25724.77368705988
76613,32433.906712475455
87002,16979.149247389007
104952,12359.481081437752
94790,38259.08831957034
89888,9166.260092474793
106268,34876.08930483048
76926,12866.336734546248
90503,11229.693025996465
89083,19362.61919146074
92741,10334.599941060618
102911,15549.890826263007
84601,6994.832553241165
84846,9652.170555386654
87884,13734.856215686908
88305,14916.252244909101
85335,11770.58963035551
89396,17701.407198100274
101992,9378.23203685978
90693,15485.155675910584
83262,11916.866738974768
81620,16220.34016367843
88435,13443.984677202552
80013,36078.97311919614
79539,26732.602646955565
85226,14642.34653893042
93522,34725.07094613718
77175,49380.34863272869
104947,10411.146576792928
100869,10704.78006670925
91575,38429.45287521998
105880,33837.95384658209
106564,20389.34657746625
100585,5612.746332616501
107332,10311.979761490042
77295,29927.878057359547
90575,6560.452927967938
102261,6758.733360984674
108080,15530.961582560883
80364,18528.48951939275
92476,9488.217838574725
104078,17747.067093962123
79184,8326.540820745255
107575,10571.671302037248
79281,16509.777914076694
88560,16050.602557125763
84166,16679.663581013487
78054,12768.231013501874
97324,5086.721992751142
85558,13522.742064682177
95710,22090.56534868772
98600,6925.660658299794
89622,15903.600454060683
81838,27058.23437834005
90646,16261.00120447862
88110,6016.328914812119
104085,12837.916482532286
98242,15354.602678400293
106226,9710.351297535035
87500,8918.431719171376
104807,16960.09439994316
100160,9935.731240124844
105379,9157.037698741604
96754,22874.969651150037
84863,11734.152273683634
100130,10799.751895099498
93462,25225.48684198873
91640,10743.874091431977
95922,41039.45715526691
81137,31411.034029538405
78194,12074.946570545122
87308,12116.796870865546
106775,9524.080828924773
86629,11653.339658664116
87659,17945.795789475942
76404,20207.79755000331
87258,16102.543984629076
100560,12180.559423425271
78660,12073.191572249421
76485,20024.443770390644
99545,19590.23045897945
103074,10960.592044249457
77874,19324.86342839901
97514,12051.866850068473
103308,7097.136318503485
94753,32496.837711903285
80045,23020.796519305488
107089,28983.541605227558
101236,7606.747053429766
103264,15521.560275176325
94387,15609.850680528432
91926,15993.512402980823
99972,12817.352858158834
98651,7179.728534313522
94873,26939.3610027136
80722,8188.1178464519535
95907,48485.59070922443
87746,15698.103110599784
90574,11494.807220343278
85387,13239.290200953521
84204,9618.41422047537
80453,18600.61905114464
95244,34254.899550165035
79952,14442.347124886239
105770,11114.244482465858
100419,14968.529476950036
84200,9838.327682393734
88059,10605.796356706835
85615,5583.2869417431975
90795,7081.323574929844
97219,9635.515123990624
81380,13054.069505707976
78928,17310.94660866311
85613,19035.102633391478
90529,13381.23358688272
89825,9700.067836544984
107431,9866.975921205534
97707,8197.994390397173
76203,18867.400195228947
107808,19193.424466161014
106497,9897.20438340713
101925,6572.201415250965
95434,20143.328422428192
103718,13002.58905711041
103544,7288.229030291266
78735,21652.541201822092
101803,7313.707765128711
106491,20870.770180182317
85594,10093.992850901135
99930,14828.41824381715
100927,7475.7924900211
76097,19308.326800342853
89406,17878.298398702857
103773,7483.074689788172
107843,10478.904176648142
83507,16875.53363070259
89693,8184.91128055233
101441,11502.251549263503
91438,10260.77555254091
82189,22998.303718952266
94224,30022.107576178914
105046,12772.612253599676
105441,12683.321845298475
97014,5323.823084602323
89955,9698.228823356094
85532,15472.940579933398
99916,12722.206882036664
103336,11608.955149403082
102567,13916.040523454054
77309,12031.166056987797
95074,24781.01407285118
105279,18477.143931540864
77443,40920.53647417172
100797,15521.560275176325
97954,5939.515490901127
104854,10245.92382828556
77615,12862.90593888335
99982,12081.368824732974
91956,16751.216043096276
79467,26489.681590376844
80293,12944.797625527708
78335,12342.97871100802
96252,20949.599022257244
94301,25699.977813242705
97832,14403.463562015088
103557,12776.225100566138
86997,10179.809199096819
78106,11369.225388966599
107176,12326.214982199079
102079,12117.496897350073
87624,17142.8253192978
108178,10644.525859879106
82226,12113.718854917566
85709,14198.14623879645
78061,42594.057964924024
98092,8813.80558996263
77846,17761.901949272848
91751,20267.762673755744
89344,17962.051054451164
78458,29821.146641714495
90444,14152.815837229062
100411,7441.559771940468
76272,20821.578286192213
83891,12251.859952219213
87391,25238.88579760275
83460,8795.960705787978
98018,6831.472215800208
99334,13290.378910284911
97352,11468.855846560215
85704,16601.02863544511
80151,13541.944191805433
83044,11166.329484517582
98476,8177.128351695069
82495,24140.298729953338
100766,8653.546561452848
87429,10607.848374757288
80457,17375.165502445394
97923,11897.473350129372
84002,7782.838145630644
100461,16547.213369378653
101414,13015.136366366147
86834,14169.234772836406
79455,31589.470744156883
89913,8200.707858327121
88592,7574.700825419841
90339,12930.522834515707
94894,33437.86265822018
76725,26148.216053580763
95859,26753.454129141675
92694,13420.828045551749
85619,10904.134512152701
107634,12229.197606948233
101014,7626.121500689166
91174,28134.067362132857
79521,16033.920677332411
97334,9392.253677410772
80761,11723.053796906908
81867,13443.945140267037
96925,14594.726960326661
89478,8261.804618621443
104606,19230.233656488275
77120,51214.9620761763
94436,18563.837606545345
96562,10035.248616124605
100076,13176.560137808696
100900,9779.022537061
87706,11011.775245268984
84868,8194.440922104308
77447,9799.7135257988
99633,15218.90039451911
107182,42153.96707357399
103805,7113.520277208719
79968,21826.335305708075
106861,23676.76737172943
81356,28155.208378217714
90962,35557.94037068722
102794,10344.468062667316
102702,14018.278995265699
101649,9892.092988471095
92766,11263.681791845727
95750,9563.031558952922
102296,15838.491965663423
106629,13423.185880871226
98746,11137.73583563918
95417,29342.65083021788
91178,17729.993240655574
103915,8088.367264160895
94148,25420.40842170417
92159,21630.232269959797
89562,11976.434302669426
84575,6783.533119480153
98654,7747.079087601082
96212,20862.628709613975
102653,7712.5692401082615
88269,13106.796631424211
79684,30485.583007211106
83922,13514.50586511263
91288,32502.318673038473
97422,12713.245907399207
85223,6514.6555864190395
101422,15612.941211943675
80295,16999.98167783676
88778,19892.52117853523
102400,4653.917811079325
106858,16480.44853362397
91510,29015.13793746561
79257,23960.926213491643
106694,31385.37566715784
86646,20106.188469549284
100380,13352.579540219103
79631,30139.15505808245
83337,17380.556635235702
92866,14472.751996592171
93764,21842.076965473752
100701,13243.53346262775
85085,9929.172822606997
102731,3436.228862825634
107928,21785.820497881024
95668,22437.73244070862
86229,11598.548357579357
102872,10337.33470852763
95063,26670.317044105002
86474,28000.287711749745
80950,45831.42037729016
84432,7957.941966452487
78964,9431.315161337921
86914,17449.72481441925
97272,23826.680731591336
99757,13299.438476341451
92235,19466.07568543063
87764,10954.985188703946
81233,4285.132952607265
91506,30590.367322637227
77920,12818.053231472153
104487,26575.452074700417
102823,13809.953631707469
96590,11624.485193888395
101069,9455.94455388702
82549,10597.872158781829
77585,22291.090376347707
98854,51476.02893449954
82501,13171.751853948392
101386,9404.09344729704
86959,8788.83292229832
105135,19880.784338710335
100304,13767.154427068002
76999,22073.074008733478
93936,16234.897336533875
96755,6614.902351472679
102115,9892.092988471095
81953,9753.637082777377
80238,49139.263098931704
84324,10220.212249856957
105850,13910.635463998398
86327,8730.672633403776
87989,4942.93445949164
93530,43603.562907444844
99610,11374.280463638624
102129,10235.395876935598
100985,11577.880975153272
76008,49905.050303786345
77703,21506.752733882728
94691,16453.447190372463
103293,13485.860250279728
84439,14310.23086789309
77444,16521.74523363818
85455,10667.299516208896
93989,45724.47743119867
85336,10964.165608878879
100517,15140.856611789182
108179,27276.649619701748
77395,11992.917311500452
98462,12084.96838390207
84943,10329.107823931292
78028,31332.70072716782
81596,22996.901142957817
95852,37656.33539253879
88816,17759.251495122473
94448,26726.165604730282
86470,12072.622324289714
102503,9797.44166843683
105474,8181.754914784189
88119,10092.266663493925
96141,12325.921043783372
85763,8723.250423613987
105011,8156.968199307416
99747,7646.772312674424
108392,16390.81384734452
90949,14707.525683460228
105446,15317.675874398286
95792,33353.780484220406
94956,20868.25934668831
102277,5056.56781577329
77366,30866.88143884988
91112,20379.298058947534
76355,22230.810057868322
79142,21866.24351800796
103859,5677.383431044534
82352,15740.155760420232
86826,18965.18956736591
86754,9843.597403187616
104363,9244.44504307245
93154,28143.367181571546
90930,20359.314153005915
107269,17142.838855561396
104109,5480.798282664795
100487,19856.81122230656
106527,16720.660082078262
96225,20020.823747314917
89925,8751.552787934845
76775,28185.267912215477
83082,17616.920447670913
105115,23047.84577837886
103481,9098.440735350945
105642,20094.81011274594
92703,18619.49353930345
90864,8893.155646994874
96072,7282.422406768234
98628,10635.569947999587
102378,11498.501750212416
85185,10373.577216704118
93707,35035.91774688389
98795,13624.484267860335
97577,6931.454123374767
79804,20824.017852644043
95541,13475.156642467233
78568,49658.66285782692
79608,23172.817823302783
103860,9892.092988471095
98449,13575.303477392315
91377,25837.1161621372
103436,5980.037805851303
102582,12628.203565961247
78381,8732.687207038782
90999,18206.591926470013
89764,15679.42919290716
99515,10535.891456440528
89133,6356.81144630799
81859,35601.103786028325
108005,10174.245289132887
103733,10621.553570686956
105155,16900.464568711457
100185,6502.631536410974
102347,13246.851796353032
107943,10754.828658692662
104445,9106.942209626872
90149,20493.10724763496
106593,15531.123941954169
94733,19927.533318111717
91481,30736.243356760595
100201,7965.880549282449
94149,18829.934257443667
101639,2483.3260501378168
81577,30865.9812820924
80120,30723.325701769703
85995,9704.160300568281
85199,8806.432216783414
85909,19533.77151406833
78676,22345.68690361225
91948,32420.081344886326
88041,14277.713946774662
92848,26493.841170618893
87598,9804.7738753858
83613,12020.777246192576
85054,10743.294967844331
96903,17003.572993830116
78725,10760.634681540694
94869,31150.956767263415
89121,6515.507503924393
79858,51324.95795706065
89079,15478.260511422428
77639,39165.919943549554
84498,14344.998670318186
90431,14822.438733659877
80553,10214.747351436175
90257,7412.596571664471
91607,27204.546757726635
82794,13667.606459944118
79243,32882.84503613662
93687,19709.474302013114
91774,32179.49848854777
104622,6743.877428955187
94152,3321.707511206889
107441,18362.0887746955
96359,12062.633416179655
105873,19490.831032354952
82415,12126.870777044558
106807,4618.006850315452
82732,4807.258475833382
105350,16590.181511125706
107206,12615.699715387103
82693,10948.922881313654
101998,9932.025195818547
107032,24483.529484060124
88200,14542.507338665073
105801,12275.190557186279
86649,11167.566436101586
104334,17828.678528617525
101972,7539.298676464279
99530,7276.614736846219
96201,14166.724380814645
105972,11026.929438395722
100425,9564.933825180453
106763,27374.80474215438
90434,6088.707631450586
88690,4252.26040887947
88747,11040.973676863125
92158,15114.751440006901
104298,19291.334120741558
91527,20721.684460678003
91731,19027.30695747757
89575,6857.932852161839
107525,15970.646003565867
80805,20004.755162309877
87001,17176.48700053402
76256,31101.088380767644
106726,14146.551299030834
100912,15394.276375591948
78223,22211.507924634792
78232,43021.96886472029
79424,20818.68437912751
83551,15996.305104356601
98945,5616.362364223867
101673,7017.326818962056
108525,13945.846798741446
92543,43340.974117901664
92373,18805.45557113364
96994,2325.5683341515846
80957,24374.881560342797
104185,12542.278439547257
107318,23166.522835682204
89348,8076.095887644809
108046,24011.035325556953
107385,19473.022026122744
104247,24773.122216704814
79675,18465.233720731067
95374,21336.782814328588
108422,10715.549921556612
76584,45382.92400817387
94645,16207.805489799359
87779,11119.01516328937
76043,19613.478800622997
101605,12476.824192120326
83501,17820.879110584054
95444,23504.929932071915
92724,41694.1268607347
101099,15979.857183488219
105469,6904.024638474117
78289,30469.95711858143
90064,12211.485505472352
93527,14191.714731634136
102951,12194.55792117558
95138,19234.625121545727
90436,20236.64305384325
86900,11729.314555027646
107779,18447.14509156035
98096,7393.978034061851
89305,15243.179314637217
81735,15212.237592119494
91537,16753.651336245202
79302,13739.686129744623
106769,15506.1141488641
105306,12480.939901020523
106670,15089.46555161655
80113,31287.093233648397
87168,18211.43505998668
90710,6542.20341538812
90995,14115.30589980524
96388,13733.776155208503
88029,15876.316414181169
92389,15863.083696299038
102649,12776.225100566138
97530,8079.90899655327
88501,16085.57503433867
80998,21976.290794906865
89624,7660.216669646037
83063,7970.999420384107
90128,13665.729915587091
104897,6814.794503905483
85490,26491.511353482118
99453,22611.30281165475
107743,11641.61366454465
105662,14522.81818628244
89186,16757.352075790703
93355,25706.3804762217
100497,12451.693084103603
104389,14774.2494656452
104476,12536.775190424578
94822,15908.775089553688
102639,8690.811831008641
86493,8922.453642253226
95602,29349.693979900152
86924,9236.913632713027
81852,9755.833355298746
102319,15407.517781590761
107863,11946.812849420086
82938,12742.274308553342
89666,7364.763628574388
92812,30402.27966596348
97393,8174.214115685966
92386,29753.141712869932
77152,8879.660305684089
107259,20700.122651657523
90094,8214.947334422972
103704,15702.66439773145
107194,22370.811667922248
86326,9147.377330618809
84993,11538.706855372548
83853,5503.3875192020305
98484,23773.29323298534
91880,22919.230550268443
89715,6545.473131478143
101393,9434.90835814958
87375,10882.691510547518
81722,15043.095045311944
91249,18023.94088773963
103603,14966.350592046932
96576,7454.678877940922
77094,13054.76546828215
97706,17005.001114683706
76932,11376.415291059706
86648,16827.89724232381
95671,20947.216576786625
87831,15342.781055690108
82577,11269.467048932655
87475,11353.572603792345
99557,9444.843010101278
82882,2895.7179627658547
97798,9403.980155276404
99009,30668.3566345329
98120,9304.254331757524
86637,9042.856442921937
91310,16105.259385083984
101677,13103.948180245476
105146,10366.347406544543
99727,12984.497531266923
84169,6882.669445447968
91121,18321.45218230773
87151,12196.459725445984
107732,21743.870908654342
77136,30705.965133997197
77148,4734.173735354771
104946,13065.089658732284
88249,9190.551633218816
105127,17113.03644206891
89504,21385.43893456691
81927,30357.12024314889
86452,16451.847217482024
78250,17476.078911983746
85921,27585.796267276033
81378,13808.780042648714
106286,15836.352003471611
82085,15299.150543475474
100957,12230.93477388013
98903,10491.756326596991
93994,29726.59621548811
95727,41957.490978489805
102483,15521.560275176325
85566,24497.193217705622
97406,6298.385131718957
76120,4201.90064648986
101642,9936.869163780466
86245,7844.517390079931
82830,17458.124154762685
85386,10914.022585498706
102072,12436.158523277987
81015,16394.87994469842
76016,27835.65984496022
103157,17842.03251271008
85980,12565.667761102173
107548,19387.794292585397
83411,17797.26578443729
99745,8660.296897400272
103338,8798.165700669708
100366,10710.151377564604
107718,27396.12539945118
91888,20180.52708572111
106559,13872.57278836018
102293,16094.858349856362
88007,16757.352075790703
100545,13314.004973918674
81498,20162.345477949424
81632,53506.89037040961
102626,6921.012662727933
91621,20565.126779847247
88591,3242.3973415970377
87743,2859.5753557322
79289,33766.51862422417
79813,29181.771546957472
93561,43559.72091489273
99218,8723.875029533108
83575,22441.038226510515
86909,10006.336485649297
81952,5513.150124345017
82101,32571.621698669747
79912,12960.057138087368
106129,12906.839216347995
103614,10664.086788073042
108271,10157.745413627086
88813,9767.080701974533
105533,28782.906837169394
97693,15762.641849108666
106423,8685.014315657696
88858,13077.039086009054
79568,20760.496438578582
78667,45363.36485625684
106744,20078.427108173993
79183,19707.871911918144
92329,19975.659997684477
93551,73729.79285167532
84807,6532.6521013472475
106251,19664.39050928664
86816,11075.043535891176
85547,9055.043991543573
101577,10865.347281662976
103281,7893.653484465021
101919,10586.961750143733
97281,9230.009086351483
85353,20887.128870919758
99143,7131.935830272375
89606,16703.91099298669
108144,16769.763693680026
94628,21585.6256324506
78418,30361.598460771424
90238,19068.58022064456
97412,10780.698943441512
95368,21491.72814023804
80945,27063.19897609003
101657,13203.040876847783
92454,31893.616904597726
79075,12576.604147170156
81257,15590.05589863092
99019,9274.914482245831
91946,11531.06778338128
100356,7705.335196641781
88464,7453.223724499046
82081,14991.953929316385
97199,11794.712759676611
99762,8288.396775212994
101497,7170.061763090514
83716,13211.065937787933
99067,18768.353901361053
107895,18517.718987762928
84198,4439.447000774143
106770,21737.99940859207
87767,15548.213578160654
102945,10712.684596560302
95956,21260.57513617058
81644,20228.963777988334
86278,6227.265929796815
79399,10959.762590506269
80474,13821.553960969037
94588,28205.48574334479
108471,13746.822430454282
93417,15099.949489195209
104702,21669.110573982907
84151,5252.474921183481
76589,12959.440834763565
104490,8419.523147669757
86365,9288.711301429406
90620,5799.859983930613
81071,48053.59975098569
92311,24594.729495784966
103019,6869.415640735822
100231,11551.58775596038
83298,17792.417785916958
97958,20381.393493759104
95436,26224.605619123737
85413,17305.01769097465
104619,14040.78209616874
84835,6870.066874548164
86314,13953.971629995764
91780,38106.54060026769
88338,13065.324216689583
98012,10019.747262125766
91161,23612.048896975415
108156,6173.636296857921
80607,18835.669713762618
105607,19077.2705700897
106586,10175.097013969787
93442,10998.984596293101
101779,10911.24575440113
86324,10890.047631800378
101056,7744.329607442627
89524,8672.857310116022
96619,5938.963979113801
102914,2106.7243439326267
105085,25286.372038659425
88414,16860.645421689842
94174,14451.097291514547
77296,13445.486145218401
93567,18421.773475413072
90823,10874.674259724861
83440,9049.491510438738
91053,19619.1889141304
87349,16085.57503433867
93853,14862.648212966433
88334,4712.935891847289
97251,15165.086923227942
108429,26836.79954062995
90331,10823.3192902867
86234,10201.149209477182
102632,7544.486299400244
82553,7394.070649467222
105227,18681.63826215021
76476,10822.108427634646
99277,9093.339035878704
107214,17139.162488236987
101622,9936.876276282557
91446,17761.321791499893
102009,8404.190051395337
87852,8848.672687293807
93868,19059.059997094235
106100,21828.47212275079
84477,15832.575957701129
90371,6471.97543907666
101643,5034.2603149343195
92270,31473.29863159125
91036,29861.089668271838
93120,12812.29651985678
96986,11598.539433784543
88712,12910.490843126914
107673,10788.376445432368
94689,47162.63484760198
91664,35177.79196762266
101139,7398.293646300094
100211,11669.46998940662
84843,14151.318240114011
99077,9950.531903182513
86601,10315.499347198118
82207,27182.33516029152
83457,10329.44787870965
78306,35324.827305922685
102397,12568.125401566942
103423,15520.185826750492
105818,6824.359591290489
97146,15414.347866378728
95680,18184.834857291266
102459,7011.163613115679
107092,14914.325159042495
92734,40810.90273266287
95647,24167.6031603513
77576,13727.425152743348
101530,13149.170206005661
87264,7425.005309731911
88978,11537.31551027544
86197,8737.377167739356
107810,22757.540292248705
81681,18095.711025041623
105951,10771.223266753737
103476,12892.97209491068
100268,2326.576508548638
92647,21356.824648920327
80498,17919.59136666212
90634,24151.665844551666
86670,16473.92897043218
108110,5042.550545217835
83881,11635.6891820292
77006,15968.587355741252
83528,14606.828840466645
86178,6752.185714666252
105430,7887.36252950611
84321,18433.440383677487
90491,13221.362465308886
86339,14995.27999733975
92286,26271.91468918936
101926,19739.79598089588
106776,17764.830603243725
82619,14727.721248993248
79817,18208.65869972301
79626,17224.48889217063
87043,15012.695084399416
106571,16834.808660969913
87059,15855.99979585248
97729,12839.301462994075
100298,11357.435572931092
98256,12745.06428261329
97907,7122.174002517366
95953,19270.136884110245
91657,50942.77311445297
101343,15140.851156863893
82111,68212.05020090428
108388,14045.697252756536
88818,15883.671450667578
77029,31035.777431813538
104074,18791.220815594577
86201,8424.903812080063
81545,14268.85076100554
87713,16280.121282013097
92371,23070.297316986223
77156,9164.698770204275
76880,23370.62897458715
88282,12692.890015507903
96654,30401.50329035414
97866,26778.784503275263
90293,4835.068516792224
91292,21038.157324080308
77320,16270.04950237415
90383,7870.119132264512
100241,10784.449117700293
107973,9609.969306376312
79074,29290.468175290676
92862,21647.89627557681
96379,15126.748250373685
100683,11128.821269873657
76236,28381.817314407464
99113,13123.906990193884
100305,12618.061226857517
86570,8405.820932861841
93251,13424.2603410503
95890,19138.4043518384
104632,26177.516353504903
84213,21869.639989344614
107818,24826.198904848043
101521,11619.778816293934
83053,15829.273553150299
92890,19136.47090424241
107449,13500.666786205125
84022,9525.606394457802
90915,19382.307014037397
80324,50365.04250469365
81352,21901.97174983215
94642,17137.832546632442
76123,28618.465124924318
79202,26020.903345492803
104174,26302.205023469112
91030,24735.132407082514
107033,16306.468655628685
102759,3653.7243410815695
102192,11435.239761733043
101885,8529.425580492185
97716,15032.106690728178
81631,14822.113843455065
81759,27639.587686711227
98702,9411.257248288885
105784,22092.57538563028
81817,22354.23686012733
86529,12326.68912922468
97857,9241.599962581597
82820,18220.96290625638
79072,24774.773458167972
92301,26710.25931606242
80309,13119.984070583061
102835,6388.558352223918
93599,17406.473333934027
90253,6897.604044486793
92875,24737.53043712548
83698,11665.806950834594
104398,46639.66754363151
96860,24252.078258788802
105925,29066.368567292757
97861,6806.887838687354
80226,20990.006837275432
92699,21247.511629612334
85949,8500.952585941004
92215,27311.148782103646
84214,13335.277566043604
106157,13385.80668837351
87047,16729.365942703218
102413,9583.31212666443
97955,11604.377481539423
81441,29025.25685409655
101029,13236.327424715468
91634,20813.6304416004
84859,8190.460201701918
93328,22996.501493092383
97318,7644.806654670269
108048,14796.558805072833
97815,7787.971081359337
101921,7164.654203042652
96260,6458.333024510088
93491,16519.121394654732
95257,15117.94993621914
83326,32091.1206583817
82475,17402.271676109005
107393,10653.491892936923
94132,24097.063530567888
103233,13709.275126707618
88140,10722.118403009325
88395,9150.186666695812
95094,68483.41412244631
95939,21133.002234188505
108234,21753.231268495674
78788,26428.210784791663
93021,20184.70041352234
98301,30268.03731037433
104221,9695.937862370312
92384,23143.86533739608
76288,24533.51695279542
99805,11378.430059447703
90900,10010.322266334257
77888,30724.793579527708
100126,8407.133516720662
82197,39879.75316859822
90987,12817.905008404288
105383,20726.699808580786
100476,8641.474316780468
104238,9035.066788442218
89211,13016.131441404097
97794,5266.006889749174
105692,29672.767294720306
98699,13145.980595920053
104212,18232.078354980007
107544,11365.342851109417
107748,12173.342682982327
103427,7498.092231544553
84063,7376.957360521872
98384,8018.99137147395
91209,14077.717397672313
101379,9067.080350915166
78090,62291.95459360676
88321,17388.793603866663
78786,18653.002498968483
90751,8473.323382641536
85706,17462.73547744282
100853,10714.392542359165
106131,18368.09585736739
89397,13268.53756455619
76263,4594.219206792078
108441,33731.05927463992
88221,12418.295784459802
92526,24840.828956618217
81169,26627.630269457422
99853,11067.734874275013
105516,9538.30831083811
85227,11356.29335951875
101567,5976.466418824179
84331,15658.744614087913
78187,30121.053300973348
94441,16865.77617119712
100067,5631.876538655908
84660,17196.325183953493
98951,24890.852665572085
93815,10303.947926896779
76848,17481.86990728293
83378,14553.76316683762
79966,10266.751439641781
98219,12332.510795336504
89076,11360.51780029904
86619,16786.31481265073
106225,13768.816750522676
76793,34712.65966291256
88351,10651.081198522505
107927,24830.06172473996
93374,22216.69683223266
84067,14420.727674608097
100355,14240.723804044206
82099,38287.49644269941
96457,12562.66770378287
103061,17920.567841150027
89169,16003.406194914387
97340,6777.0278285857785
82912,21359.895999294586
82266,13481.18109082549
78561,51078.27146184312
100839,5356.697792037552
85302,4592.15855341029
99375,11741.061954832192
99881,9609.867716477404
88083,7395.988039162792
86412,7085.435911303254
84852,9562.361264625379
89087,16094.721186978006
77702,51868.62278560001
94308,24341.89855972148
100896,7531.3392555739665
88225,11007.219934963365
89796,4367.143300696909
101985,5263.547993252787
77360,24067.920218759402
92220,32389.640962137375
83866,16521.15538510054
103140,5470.396812672128
78348,14753.781708187926
95353,24697.78603952474
81413,14201.967734242357
77106,21375.95622230108
103700,17249.282715569992
88524,11712.030097636722
87461,13174.480455881388
78565,34234.235731449735
82507,12489.607641388591
95578,18449.310522181226
91998,20061.79257805434
98342,14602.576395550117
96413,12547.806448255951
78273,30344.499627465713
105735,14772.522989938549
83640,18020.86283313031
100599,11374.687642327426
108024,31695.07446621075
85550,19881.153944874244
82875,7630.7281770252475
93272,12466.481917470086
87870,10380.252669383843
83279,11815.266257768126
105742,16978.297428094113
96152,29667.683659050752
97215,19712.965999746008
76322,58846.27739998755
104938,17511.398408870253
81197,13312.201203907389
94638,14405.945789040057
78474,31052.063141264847
78282,14673.556163733741
83765,13791.22951683308
81798,17522.54439547313
84877,14852.73558247218
107924,11936.056329435585
107870,8658.737293428705
86640,3756.876025498123
90317,12512.39556615155
90787,13973.240225431695
102045,7469.636450274755
95893,29147.095514674646
104067,12528.347474593318
83702,8561.917367011809
88581,19110.477887321416
76140,20768.537603976256
87782,16501.862994535422
96924,30056.71134119295
81993,30601.0512803524
92440,23432.302272445853
97803,7295.423707187659
90468,7135.720647053202
77617,28665.903210276898
108325,13308.752718680993
78387,22870.364573598898
93953,119817.23599051127
87120,9507.564750782438
103344,9623.096099070619
86899,12574.230900075665
79585,25424.522812704006
86908,9646.815609222052
101362,16094.858349856362
89150,16170.708134625556
92083,16487.423050996425
81913,17460.88534957544
86370,6964.150774760253
78733,20546.221528797978
92552,25817.531286904286
89154,18274.624530995345
97775,10111.223540145797
94930,57437.63224554764
79476,13103.12515476796
76220,10966.39379671968
98869,11759.12465520767
97474,15358.396827401173
99008,7542.265268863912
107702,24455.398146903586
102495,13413.734431200697
76423,20702.62444812252
76460,11113.23209059968
83918,11393.40698351909
90937,24332.243452727886
98893,8874.06169408989
95015,53013.03714435173
94231,20439.27247069716
107866,18494.51304857764
91935,17084.499619054994
94141,25482.431914768473
84712,11390.337039146176
85125,14853.9911457142
102606,15755.91941223245
82305,16965.845795075635
83086,8173.724303410403
87329,9903.645404464458
100213,9510.1834558047
93661,26441.022125354495
95973,26493.841170618893
103243,7126.433564853721
77036,14050.599174968822
82262,8573.491834013115
103648,9369.693730356132
91920,24395.14307701956
85960,11341.674007229776
92632,32797.03608960636
97381,11388.27520428421
100466,10139.126835952367
77087,14380.76494799551
89734,15179.841258379965
83766,11675.81300059823
91812,60066.63188591943
93927,50309.33237152602
93439,12843.97873056877
98318,10639.783404271875
86863,10832.660994323185
95233,19816.760143230957
78974,15347.509546793795
89793,6767.854525503873
92799,23669.675681904562
91635,22667.807689575664
78414,12371.792776266699
90596,13854.10018137023
80519,32824.54465144582
89515,8574.107405526513
86481,12601.770704279852
92047,14309.345791754497
77635,17241.466127584485
98546,7975.586039515117
93556,14132.444476451028
76764,34223.21245598637
104600,15097.887504220114
107170,24236.685436770244
104809,10389.057553890805
104957,38838.285279560914
100565,13045.162761820557
82733,10268.662983388238
90487,5840.481202985124
104778,3406.0052690596763
106916,31395.640340080503
85771,9392.922842514185
99896,9919.848525799855
94796,16599.845045751877
105856,16184.639782838298
85845,12620.861070413235
102590,9548.476024730719
95913,45333.314432668194
104395,15042.16879308067
96422,13922.836245903542
101279,10583.601834007637
98041,6063.730401125509
90702,8653.990049007414
104988,13645.86462591379
99996,15134.371115594982
103713,8889.465997687303
79170,35099.696130929486
80452,12376.450784137525
105657,25415.525305180217
94986,20996.642615335633
106339,11573.285922571025
98568,7390.9669524361
88304,7167.6026129233505
87628,10158.027100142252
92003,21488.998443201355
97111,10416.392409701775
98892,14836.96574709194
97778,10440.099408707365
95960,28102.04594268613
80575,15737.627395458278
94709,22851.66936251235
103647,9301.82868956483
87784,9574.920042158106
77344,30417.051990158165
104068,13725.159597304364
94747,23764.39361316761
82797,13857.108267907313
77079,15733.89858708284
99217,10606.412247639277
84624,9997.262783219372
79999,42101.063818276765
107791,10638.958983589875
86274,6746.192247584095
92407,14084.727575531304
98109,23806.87697569134
104428,24656.573662087092
76693,18722.183057603834
96321,7532.5566041358825
107222,10806.709557483697
80693,16569.328033958234
87795,10480.11991910521
83814,10369.828656908483
85548,11079.818776287922
103252,9861.235816574443
104453,19586.63245789391
80578,28077.537026206803
103826,6192.917623978146
103199,6531.945404385923
97338,8550.017402731653
107287,11544.064630590427
77059,34911.28407701708
93965,15678.766349400159
89513,7159.486681583564
83064,8281.263787966687
103490,13103.82126969658
99116,6895.4316101270915
99690,12023.539458137406
96405,9737.700212486849
96969,8719.982709152073
84317,18073.89647834347
86480,16487.526975193046
78305,51749.00505545483
96458,16363.436799679252
96847,13377.987884023261
87888,10644.020842751906
92753,43567.29486217509
84191,7480.898785839738
84830,9455.39013699773
100910,7682.63571834091
94969,49941.467657241876
89103,7918.183276326898
93092,19282.55580101313
106511,17110.69887350595
100549,18673.054390854573
90741,15399.744740348784
78118,17676.493269486353
94087,13276.813467811735
87584,15865.39250378993
107254,12646.994235019703
105985,20344.148799214596
88323,13541.108427356377
105221,11945.408057504814
101901,13749.640681993094
90944,32435.899805558027
98634,8657.586961094908
94057,18718.10095532364
77391,11198.941655036911
77284,38582.47073547632
95838,39579.26063641294
105720,12147.959480390447
97257,25389.197548493168
96339,6799.732305497325
81848,29765.473070183896
79581,24416.872465685876
97762,9750.214878834535
101710,7439.378753526198
104892,9131.47912140535
98689,11987.324530304311
102340,9761.53311873105
103335,14523.249483750007
80348,18960.682569412933
101717,6672.3409348106925
84797,16147.024813378815
80101,20326.71782055
83224,13840.321126198893
93736,13511.491594649782
78612,15889.071331319563
80009,12761.545373898289
90246,13665.729915587091
83348,13837.621266937336
102263,12353.848272017562
84153,16427.316963717967
90556,16036.627489124403
83726,11398.010680847889
86153,5696.617781955465
99219,12728.665272643659
79008,22454.478726824676
76574,16903.22664550835
93345,9290.997328262165
89271,18433.87760739689
84424,16459.191219144494
104788,20523.13911965695
96178,13506.494997550044
90344,11550.487226243507
105532,26799.201649086055
83994,10743.294967844331
91151,25878.153568256796
77889,34607.16477411066
76382,18732.976154220276
97738,6655.393764924639
86371,15921.493169723772
79800,45103.61117468066
79323,25155.03887056231
88652,10396.453287665714
94397,21324.04869443
80125,11475.652903708055
103621,9228.66001765841
103073,7182.800589374081
104977,21436.957456281187
101232,10621.553570686956
92921,10585.521562007185
96524,19641.56684361254
108206,6474.140381529199
98011,8640.165947474317
82282,53755.2197598576
92162,11283.960162009147
91162,23381.118699052047
98222,6385.061700840186
106388,24363.941180583897
76194,13733.83230985413
93165,15609.014490769143
77080,20366.4832361075
88188,10995.83527365784
95987,10419.970361796379
82919,20793.80462990025
106334,9322.623473897396
92868,31371.993040288296
83314,14351.53410027173
83498,19021.955431661045
99081,9523.220418458164
101875,9100.214975587514
76353,35976.49186323631
97969,24401.813364814447
86292,22605.094646456724
76622,27911.784557572017
103480,18534.360421654837
85818,11807.950917890823
83971,12387.258705361071
97382,16108.33354709537
101439,8430.864813087817
96661,11968.787584859074
77795,11487.481037201234
105731,20088.663014967577
91696,14376.828430904388
93939,20567.39356228426
97415,12395.416168409014
103354,9927.56230522344
98909,21851.850796740746
78125,19939.809026086325
106866,9205.05810900468
98910,7686.4857084132955
106208,24006.18466643164
89885,7046.213463609628
76580,13326.406709937608
95892,14969.949588878088
91957,19450.827677611367
99645,11563.734743006311
79562,48125.18840251728
82838,6980.961757710015
101076,7764.397561438247
81361,23464.550027425135
108419,15496.619343238222
93085,15757.847536698951
104426,19490.831032354952
88313,11675.73644747431
104866,17842.98181083257
101788,10629.463437665905
103172,10835.883418311361
98374,23230.43623308693
107111,23612.485202546468
93480,16053.841421281633
94099,48992.4435384268
100358,11825.21692047585
82106,30141.919792132274
92783,28197.95275226263
95978,14921.798495899364
79394,13730.302951171552
81521,22793.02862534295
88260,7641.829399076285
98649,9444.843010101278
81422,16570.76245712699
86500,10784.895348939734
92997,11912.53742459571
107940,9069.05711009451
80225,50085.60116828062
94805,25420.122048341855
88709,12297.612780463238
106470,10467.055236108674
78835,16699.463408532487
90721,10672.537914540659
105429,40212.62915180725
107998,27063.30969744023
89287,10612.164977207696
77311,13449.064895983378
87200,17939.052522727023
95348,13693.186794594056
83148,9510.518738388677
100616,12571.816919601355
81487,54147.96916577817
85031,11063.1368587866
86761,10087.296261730584
108219,21929.70818986143
106290,13465.525334292895
81428,9469.665324860178
94572,30518.485353623157
99173,12153.715255779562
85760,9812.05283229678
89013,23986.55562453902
85726,12632.446451535154
98647,8862.494749409298
76300,40999.48542405043
76204,14995.494601704942
99199,26552.633012390677
81833,13957.409118371837
79245,22532.788402356407
83196,10899.838012885144
85013,9126.423753492765
99200,9927.896692415092
96238,18435.738782834098
96548,29776.90376016821
104251,21799.450673752857
91169,28086.401550921884
91530,19524.773633438894
103143,6862.053251704865
106804,11466.414042021077
108066,22434.624313794167
76048,43957.48170097541
75977,15631.585078491877
96347,10785.801797301396
90190,16590.891097954
77081,29373.991835379085
83861,5347.851937815735
100546,6242.713338575581
78182,27337.88482513212
89589,11229.693025996465
85606,7572.258290018108
78359,20565.742195049006
97559,14845.790216623263
76721,16079.462277612125
88097,21902.063500153377
87435,4859.3773183296
80798,13294.276311024378
90537,6209.527214859893
100528,7705.335196641781
106401,19721.71894325516
81910,14426.24149222356
92691,26175.75819499526
100615,9581.148554516965
77234,50985.135991566305
78332,25162.66873506023
77572,3755.59376338686
90150,7297.467542831435
105917,9925.255310520732
76449,24561.743213352747
93412,17171.87981102232
86269,15093.33064278589
87995,8263.484830274125
100075,6641.845568560323
80021,50044.729723099175
90343,12790.605281646782
106349,10378.449858306547
87255,11325.136367392124
85507,17229.413436234114
76232,12787.063582855028
106308,14695.232070465721
92289,18465.33025449959
104499,30754.87578278912
81788,8126.731733042108
100405,12600.391019318782
106380,12628.50427776842
81018,17467.6761899336
83259,12939.162203683267
94489,32264.243508651976
92430,24806.417452986563
82401,12204.085780777503
79510,48214.22254796797
84456,18557.452104616284
98445,11817.448765302646
88466,15901.36885764888
94340,18160.22580334501
104411,17758.27446934268
85378,11541.858991048819
93363,27628.58905799386
108217,24150.38783037446
84003,9576.953157017331
78674,14090.889367371567
83754,9355.030247179431
107659,37539.30938452522
104134,10081.106952308364
80428,13186.384361608043
107034,11455.130054414607
105024,21214.74656303543
105501,13209.513202098078
100183,12629.657661392464
96262,14603.598610180596
102419,11842.91500641437
76520,18228.878765508594
87564,7685.603547448127
95034,16511.617124132503
102071,15860.930162691278
92236,28862.833897756424
108245,15992.093896550668
90472,5300.538003961389
91733,19514.381116375043
86418,13513.334715410529
91544,16342.852967415436
108294,7197.813210973149
103067,14159.491519188321
87683,12683.08653762128
99427,7186.591507688296
78592,14619.088510720536
79477,28936.80862794003
100575,6702.299027642799
103629,20727.223478857955
86341,17395.323614302975
87901,7545.151472928699
100467,11552.874560891783
77769,14186.850808515916
90466,9485.962263865558
105120,27465.677126243132
94434,28465.862282489492
90333,9891.422989939263
100483,6623.816895641192
91083,21146.38584800409
86536,11341.422691284039
108361,15209.89982264464
102652,14517.056603472613
84120,11911.1353194833
99541,10136.437474507618
80658,12762.049669636463
96028,23881.43278685189
82478,8637.856360278201
99296,14860.620033985128
92923,19946.858854860013
84564,14515.647459644631
83515,11393.40698351909
80070,31737.67920998382
104027,20159.494487236425
79391,21462.428386771295
108108,7052.26203922872
99156,8727.149611472189
94668,21443.626924591194
107534,11533.306058426806
88509,10641.639589008098
78713,32610.172403177086
95033,25679.28295375034
105878,13370.770400441519
84590,12103.706664849351
104297,16858.40309219857
93140,22943.2389785951
95943,47911.041006926156
87298,18763.608532394548
105774,9702.379028035204
98658,7001.896008822377
87070,18836.53610748879
99465,14011.708757037064
105845,7836.327017536575
85369,21665.06372333821
83600,6785.554339670448
93030,28483.00468263047
82159,24683.569467464487
88527,11478.484535773305
94866,12942.838851121827
81680,27112.65798830312
85293,13659.950795040233
83020,11342.868950451139
92112,10887.467199256844
97809,8827.617581798655
83970,7254.113668823382
86745,14324.329189844842
100652,10981.969877209778
78837,24514.315148223282
96354,8438.650428578661
90084,10974.7043225771
84838,16083.938018556404
90416,19156.008265890687
82908,7196.503501952396
81469,20063.51499422073
97939,16078.500260260282
84109,5345.693618787024
94042,38441.22656193999
78843,19389.437288251596
94386,34397.62381722264
79961,43335.19990161125
98556,12505.650535417846
78323,15930.083440294038
98349,11598.208667520572
104599,11823.494385864726
92804,16222.622194005064
81485,19023.12541792518
86984,11973.354302961772
84902,10767.870337298473
87230,17197.417003282895
101698,9473.225724630449
81187,29655.476182185652
91728,25260.707318238674
90136,20882.08353136253
96483,9460.112581932197
103424,14975.480429609664
85712,16067.36768767141
85509,7724.950380763173
79976,21056.288954590324
93406,26089.80864031052
84108,10542.25879170541
82598,10385.871587233769
88086,9445.711872261214
78975,55346.78898252069
78989,19708.892412212226
93597,15626.655472372548
76707,23786.05681334574
99370,22982.415334913912
90372,11313.367169576466
97227,16328.6733945663
93053,30115.489265627824
99724,9758.935234859
101261,10081.026731903337
85273,7429.256876151779
105019,20738.621602957708
107234,13129.459911627451
80816,35241.00110508628
101175,7025.925583276651
105866,40191.73985799471
96858,8729.711439943669
96226,9029.133640036665
97454,16362.703881936282
94540,26084.213274602418
99937,13179.3260406246
96637,11846.479001572709
82607,8673.770194319204
107708,25153.483008546857
104404,22512.712926737793
80758,14830.21891536031
99346,13456.996023726508
100310,14466.639811389623
91670,26622.39440986545
91353,24764.651166236235
96061,10724.316100126138
88206,15968.566074035556
101814,8387.066213811266
82298,10014.138735597286
94958,20612.759853540716
80444,29311.405277765098
93957,34167.76340826586
100830,7721.446191180911
82523,10449.537017398941
96073,8866.505976718927
87933,15084.21570941571
100553,10796.958392824825
86623,11971.173321614053
87445,9670.201440549337
87890,12065.965514393527
103149,15521.560275176325
102862,11409.541307276668
77553,22546.517526235748
104728,16517.11725740368
77884,31740.60855292547
85105,20457.76424254455
76064,44765.54450449687
86071,9471.775415182168
97148,21415.25908721151
76161,19286.423642780243
82950,6952.385422086171
87334,7939.264431748307
104120,6499.421625975341
104591,5668.208935054442
106665,14224.21943153568
103766,8508.71421382237
104087,9625.269295065924
95947,30165.001042515192
87165,5498.98081634391
76294,22916.69238922815
108455,19984.121428990296
85399,9426.483985771369
84698,10620.842406741023
80713,10901.24487211829
85799,7094.1848411709325
100254,11343.615453341732
80264,9261.223020196883
94211,9303.562742280305
98839,23442.435890209843
99631,21897.84606748837
81506,35049.80930041999
76167,15000.059043421812
91308,38691.82963756078
78803,19366.798435796412
92010,14878.460861645943
99424,6898.709636482436
82042,14070.213767525138
89760,9027.845242930276
78489,27889.840486637167
102712,11240.229668229944
90935,29431.79050638719
102912,11198.147500416988
99041,7831.1198674018415
79903,43121.82855022203
96670,8828.556393895797
76729,34265.0987353055
91107,27685.53427523982
87286,13397.606472600106
102303,9262.777316651043
106623,22120.67849307688
86955,14507.91603288457
90173,20451.43825740813
99829,6315.566591624683
106155,14810.298513143303
95426,53922.46206571461
82218,29617.914926607613
97534,7397.3503068908885
104186,15695.925891506393
94450,22676.308718929417
77720,33334.78066962492
83278,11821.774851438278
90401,16798.879288168922
95842,20721.684460678003
77025,11008.37359046424
88288,10683.485259051478
83552,17830.601426423662
91467,29879.52238709164
78417,25262.074039827872
81312,26031.128673088137
106656,13362.399026508192
93396,21690.83100642405
89063,9884.583410515585
94830,16837.964938897494
98183,5529.272365314972
101338,11758.439110599973
86784,11460.867105951986
99315,9100.689166119118
100058,6185.68929821383
89181,11383.330574239913
92271,24769.873784216106
97562,12724.233660791606
79601,13931.32541396933
95361,15163.664031819795
82021,16467.343134902694
80766,13861.754236475934
107591,18984.500503964602
97689,8050.427925546846
77322,15702.641939774834
83942,9656.121899117818
80703,38190.23788670153
84304,8774.48150486566
92976,23916.377201885945
104652,7120.462874589514
81684,25124.956726017037
90189,11015.4014591942
92960,37830.94001104807
91335,18045.624167727445
105310,15449.90869350798
97940,9919.071607573347
79726,19326.7085841652
97677,14556.112499831383
76868,28944.750653357893
82008,59191.60711016617
96078,20014.663439795007
87835,17165.155877055073
79247,16453.615086928778
77781,11256.177863205483
83214,13211.065937787933
108215,27846.21175867108
93824,29407.821032756758
80787,14004.44419702593
91615,39054.31986285898
80389,32712.360399430298
103596,13170.267072082152
105821,19804.083805600778
82476,9257.217974726593
95265,16718.70099431232
98399,23005.85060571462
76238,39374.34433385284
99100,6123.937202461838
104714,9525.84007004037
90919,12546.017257271249
83623,27574.90430549794
104865,10799.025622560614
82002,15859.998932995859
78910,22546.517526235748
95502,41814.37611188962
103857,9019.953240923352
97624,11781.105938601348
85720,10594.720455567278
96531,10494.095252729416
83085,13959.634156687254
107580,19374.59403466059
100283,11499.551660070132
82635,10511.655001334973
83319,6200.765880406078
82752,22133.816160422648
89036,18337.9188548759
83309,11690.271682623747
91103,24078.948887889837
78064,81000.66533462635
93250,39115.396107384666
104512,15099.262516272716
79857,9442.810085612919
105526,20155.83060221186
95901,32678.95667904995
88558,9700.018821843994
106352,19792.884613336042
77802,16827.966152950416
87315,8980.659352243261
78742,27982.480862335124
102737,9951.883855977134
102515,8965.103893702773
89811,7196.5233158505
83376,17396.428016531252
81478,26199.110894027515
90640,15969.236857469765
77782,11476.928222585806
95954,17752.59251229108
102593,11282.509936911993
103795,9751.783261290144
90806,9022.533613879448
89657,18334.513375288578
86003,15698.103110599784
95380,20203.490084014247
105152,18992.333542710094
89783,9419.680324421435
94941,10905.998184770171
97059,12350.773582408125
94104,32922.025575775246
108398,11698.658463455078
84930,8801.20539775882
107156,19369.840130096793
95687,17194.869997596263
97033,8697.649067421788
103036,7670.625188456214
85849,11327.898997132832
103638,10394.054318251934
76938,29735.9922980343
86884,4948.850010621152
88711,10770.309989590076
105179,26621.332409676535
103858,12159.347199275524
105362,30459.782680591412
77038,17451.213029143306
98935,18579.920256255547
83763,10859.288094386757
106254,21200.337196566095
96326,21138.547906669446
91225,33450.17589063707
90336,21110.642921976676
99070,8046.705706308704
88213,14805.944648014583
80925,50169.566837804414
99202,12772.87453997744
98190,6646.573710125913
93632,13325.172394791198
103377,8394.494390501297
106788,20212.006347095514
104266,21291.936772909216
97957,9665.596006766418
79055,25918.441240515913
99963,11680.106836873916
104883,16393.911310645326
77565,17971.74318900395
104641,9821.187977035856
92456,24395.14307701956
90989,45559.19750662232
96336,8262.705291153752
75990,13177.292299519167
81685,29812.417917307823
93610,26956.102146646852
92156,23712.786633585474
98823,15012.7765285374
92141,40155.38587062082
87756,9446.299507744678
87211,11542.946616611734
93983,28455.263607338788
87098,6459.768484265539
88453,17132.814973363453
78408,15638.1347211181
82661,9534.418195272614
105658,9840.8910717463
82377,11305.5680991831
86738,12443.862071564703
90498,7993.4704290806185
96128,18529.17622162121
81136,25240.768464136137
96840,9810.581359214002
104970,20027.979227417414
102228,10197.309254028925
77466,17064.417820486637
77981,10498.016933820794
94406,62077.41997044865
107110,11687.440164237634
106442,20317.5880845502
90593,13212.687377517961
85731,8629.935207118931
91243,21425.530062233513
88327,16923.265439876934
101596,11388.401155988362
91216,25604.238633552242
82093,39336.02082034894
106882,19009.627329330393
89713,12705.252489372986
93144,5280.376769613752
88299,17763.63292000502
78242,20960.447692207563
93200,24469.174623492778
97874,11870.997075631149
93836,41996.14993494145
77774,30553.398131443275
94322,24421.206583723455
98230,11937.16271457825
96006,9999.446459274322
85959,15086.308155036775
88398,16809.085031376257
99305,6098.6970854774245
86936,14306.394998400428
107147,14053.259518849929
89432,16937.895210562976
104475,17477.415402873357
93164,16293.030136024003
77276,16986.641527183947
107454,17996.979666829844
89979,21983.674359221637
105360,6184.178003777696
88586,10668.493972317545
84105,14958.235028970093
104625,13654.135304710815
78707,21747.899597553136
98962,5223.158344477695
105679,7616.940887649259
107418,13110.781128601386
93072,56359.60434592655
78519,18464.887255849895
98281,19607.038934103646
99872,7334.683837990699
99188,4475.7290976869745
102719,15644.000752955802
107129,11389.002920419163
86785,15965.556035161291
80533,18113.601069485117
78168,19192.337770121314
96300,29705.672797254894
85605,10019.61867959134
77676,15611.937921923954
86360,9524.474313265171
95177,43328.953708343906
77263,8563.42204210192
83488,17781.191958247986
106949,20739.96508236133
86400,11969.302623170754
103763,11248.804763372467
98495,11341.897634881028
94363,5076.468870693798
101940,9705.238783837127
81366,17505.949311057284
99546,13234.215710419008
80651,16481.918685455377
101196,12182.998962231763
102050,10673.639216149531
99804,7975.586039515117
87153,8493.149225343324
81225,13741.507489680602
76181,22677.340288275824
98469,18622.352826723458
93979,11707.200441955125
87480,19616.99153993983
76369,13151.234148842746
88375,13290.902236651149
79983,13304.975377519215
87393,14082.295345601877
88732,10548.282330288874
85383,7468.963373133564
101126,6512.685562906177
95928,18160.22580334501
103011,3535.009560604744
80083,37147.70117049626
96118,10845.48883235598
85674,15567.373643509018
82917,17536.16441513342
91143,14583.081009063852
101645,10755.556022801587
92817,15615.479433978322
97402,9630.447139534388
83885,21630.713643450068
101758,12103.085293632614
98594,10047.759273588972
102018,2278.2266153828323
77568,18119.211105571198
92202,21368.13096072671
83954,13695.396699797013
92567,10329.696206316405
99006,29801.847319709024
90732,14363.982762284413
81955,15781.448636687825
82585,11511.325621062022
106285,11246.71218647221
93620,19976.141525210864
90725,15588.741167972841
92088,13120.392906991638
107174,4417.768273820123
90304,14763.995129555437
104127,17301.16786251472
98880,8964.26619978835
83303,6068.197147549517
94770,30299.016523592803
89074,18523.99379902096
107549,20105.472509639807
99624,21687.973781673383
105181,8726.542193240564
88189,8244.930077398796
76455,22522.32048813692
101020,9473.225724630449
76745,13589.626001267898
89568,16814.7063415214
83478,10091.693601839948
85747,15660.935098805905
106272,27277.451153707338
82872,17209.814638580046
107532,9493.689481511785
90049,9176.63852370146
81364,12861.623826168894
98040,8794.981896361169
102958,15637.342567916969
79260,28735.222178498032
92243,35502.270676510074
88478,17045.40780675992
86621,19979.140902516647
104072,22033.93751080939
90813,14429.206255936713
107620,18556.536200233022
85958,9043.952292017168
91758,26564.997215875956
92388,36920.69745016492
95940,16118.192241284147
95423,27638.123784083295
78205,13410.873840876498
92781,26565.54101730606
76964,17331.65187928137
91309,21998.714139001786
87312,14317.199402256912
99960,7680.784213358143
105615,18648.856068241803
81777,13982.75575153116
90088,7961.1080816164895
101916,8724.068812614198
102032,12110.788547745828
78757,34289.80719210374
85089,10950.551950076784
107536,12743.63332966788
79554,10580.601064671633
100053,12809.48052457243
102087,16584.12289244848
79180,43082.64717114675
78292,11924.897701003778
87547,20106.188469549284
96714,11955.302509102581
101388,11550.89308473459
98889,7614.199770767616
90037,10598.304452462724
95831,23652.633634704176
101678,10422.686723697792
77780,24933.7976084998
104014,14879.582596895187
105304,6941.147037275004
77837,19507.34753519925
88541,7452.594160553
89143,18960.466672900835
90294,17532.714872334247
94097,21116.593940338837
99108,13760.654291833964
107044,11833.013829285368
108467,20423.15685228437
88739,25425.13511808064
102441,13436.54808907736
86183,9901.761749660945
106346,12439.784234826988
84130,14447.846187789215
107757,8991.101828737743
84412,10582.835317602785
96522,30578.423421351352
79372,19965.344374446842
106945,16345.058144653296
88312,7915.133037626444
97814,15653.168626884177
94724,50463.37052654445
79892,17253.120945549104
94500,20000.776570153004
102161,16094.858349856362
85073,11393.40698351909
103316,11159.991203809954
81537,14573.964740107154
79187,29635.042936133275
93646,26233.223405452554
84942,12121.736581567231
105305,34257.11057810462
102440,8024.799833386162
99694,16914.963270687185
97189,9492.462241680247
89680,14184.61221959649
104471,10772.33494103661
98066,5349.206482222413
104541,10630.092070120803
90039,6928.782996496159
99640,14797.682451494486
85034,14113.233764773371
105699,9032.86507055312
103097,8801.814130944482
79154,24970.53604059897
79730,22228.664921162526
93954,19472.45156636916
106821,15722.17585927798
108129,10644.525859879106
81433,22254.057318435895
106810,9792.158823581178
89340,8266.605198457692
92137,32068.248612494423
89457,5983.81102788138
91797,22437.1611613529
92334,21391.351727114925
99141,16926.0543436821
104901,15541.82986458957
98189,8648.79023239812
95071,21618.62693013023
85149,15996.305104356601
83164,13980.362326343125
79589,4901.497493349319
96533,23596.909413044585
79514,21340.31577826466
97024,18353.601510157958
84010,7402.904739111566
77716,36652.75871515893
99999,8133.078330904264
91937,29710.163344404686
83222,17302.616987842703
83874,12548.120319449397
85379,8213.502446988421
80923,31251.279521438646
87263,18114.82597975786
77648,14541.893624911334
90784,20841.378575910516
76092,27544.719918761664
85877,10287.680500260036
108297,10042.030282822716
81020,33234.9668279549
80092,26923.887874744887
94008,19188.952517396083
101425,6939.984097878896
81218,22973.169874531377
102599,15817.032718690747
79959,22445.31296587046
88223,16710.85297908024
97792,17076.41805578047
98438,7542.265268863912
107986,33718.73680227511
83947,8462.38915092708
105867,20030.432989005214
107403,19245.027555724188
88885,13934.188596051072
98450,9789.768629383481
83554,7376.057972839092
92398,27843.15452850601
97238,4763.745973093903
79115,51446.77571327385
92394,14798.127705278981
86813,12414.79835304376
106364,9322.623473897396
93974,25202.74733346558
96921,7528.99409985311
76493,14942.480924167001
76358,14030.071833941245
89895,8868.609650219689
91354,22964.51436187704
105589,19540.69813282602
96412,26954.348605150903
98970,10873.828384167196
103020,9665.548017337236
87261,18214.144703694066
76112,29445.118604565603
96166,11907.45414568416
90696,14601.21982261435
94089,26398.668896005474
78422,17231.208185367726
106298,11650.344331789296
105489,17010.24845921468
108304,26977.489424011936
102353,6890.202091586062
76411,17898.785536327185
84847,12462.961460571734
91646,12275.52998936081
76141,17132.3145720189
90730,6443.130934813864
100429,11390.009615596431
85989,10389.79927521449
105539,11747.40755650835
79951,28858.07167813982
96676,6799.900994242055
100762,5491.100266289562
92509,30166.083945625003
79582,26238.830769917284
108529,20902.763936060568
86542,12326.676174100094
80669,18988.189522494344
99953,12151.227136596759
93023,16519.514292483072
102223,14610.023281031241
102167,7323.588064021773
84525,8044.0941176721035
76654,30122.131337028957
96998,13502.33170716506
94337,17893.11811175886
105106,9829.104980035216
77494,33372.07668520486
91245,25228.86459861265
98303,22265.51607439554
96838,25041.99645887637
82064,15965.127141820092
101129,8264.881374587496
78108,12914.910979477003
95497,19810.29990266071
81175,11475.652903708055
89631,32053.602052345403
93976,20304.852554521407
86199,19903.887617211643
106842,3762.87399970836
78263,11650.979131328935
89187,16661.05032934851
104396,22325.48957838723
87198,22277.161410593417
78994,13465.196123078182
82655,10443.135786625502
76432,19922.540040913875
95404,20988.37339976521
83767,11678.185826423422
87719,10159.818742805903
105980,10201.965152175733
99851,18849.715118208827
80432,8504.181052234426
80344,30372.73116588075
83694,22409.439707670703
96247,21658.79978097929
86395,19871.48096151273
103276,8851.621518885435
80262,14033.31664433163
88698,4407.614134043209
101575,10300.20377060679
101293,2705.9708927699544
76732,17436.07362025388
108287,22325.48957838723
100140,9777.179352711355
85239,11326.242204743428
85252,12652.501869529156
77174,10400.247884391712
86250,18136.237984339714
101740,14384.490496389168
108134,7791.238783801821
82406,31796.12195340312
88667,12904.431434316879
96978,9085.892498152847
78635,14216.450590849097
96572,8323.537936033135
87841,12467.888935674802
77951,18645.47109756134
77253,10559.381202377164
99102,10956.503125397609
105959,6469.769303009234
91687,26836.115089866737
83483,6541.973236977588
80361,47106.09612915388
94647,12084.283483064373
100857,8054.713186860218
82465,12726.112200051157
100672,9823.32524869964
88369,14696.856159246467
89345,12126.870777044558
89610,7406.1194702108805
108452,47035.529321996095
77913,55498.09058197709
94990,35230.96458474775
78501,13038.836617226189
78393,12677.074889765921
101975,7669.982637725087
93585,38482.04676871046
80079,22292.98172031156
92292,32216.942685667276
88595,11701.333300776902
107865,19406.70184097784
106687,17306.060517500322
101741,13761.25571892203
93999,18110.815910559693
107722,15110.216465906793
80167,26509.726999323866
81844,7565.381600783445
77048,18935.857496071076
107873,20324.053542835736
84939,10195.414206533156
106486,19305.761324490017
84683,9689.234793841908
83721,25154.941429814062
95371,16682.139588188213
77370,25326.040344781377
81285,19204.908057484976
92306,15220.008734972864
107739,23031.6889264559
89483,8577.545839552477
78832,21017.067445077686
95190,28160.25180919372
100747,6750.333818961509
106957,13129.459911627451
101143,8197.77683948822
92745,31469.49488498618
96890,3766.857127287428
76809,11293.162166739932
101202,9640.21036960992
98845,17345.425179860016
106599,8930.430326744909
102195,7735.3400659202
92630,25333.22928383187
94558,20844.11024334969
93959,25027.941160045153
77993,32257.456093582663
105814,21683.043062432393
90144,13973.240225431695
102474,10781.620923331251
93582,31595.476687574668
95183,19490.947474686218
102451,7545.819379503849
90109,3538.3604870456525
78889,18553.400547126515
94338,23696.315609855847
88104,16770.106371404014
99955,8779.785216256632
91274,19674.573495832286
82254,30007.881259086524
94279,20343.834767580916
84677,12227.20333198732
86814,19821.083520968274
107316,17727.98191272262
108497,23676.76737172943
97403,13603.176349612759
104859,10451.626182041693
76106,29659.82828944708
77307,31139.64884351693
105083,15183.765416221811
101644,7502.160869947419
75980,26075.236673978467
80678,27154.729228665496
96987,6976.365369990475
84261,13741.78236600855
103391,8914.193522130447
84290,9871.287000713808
103179,7616.813945625197
92887,20693.424548585925
88486,11635.6891820292
95325,19769.134789260257
108122,4331.037463805318
85364,15138.458297367959
80688,35248.92068515957
84356,20835.98384499228
82717,16920.37928555882
95166,24687.99025892805
81154,11905.80139007333
105294,23562.844333859106
101409,19199.017786023793
90808,15781.547009690525
91000,29151.924417700146
107931,30794.601928744934
80058,19120.89622259954
90511,17297.959379731263
92525,31853.69851189758
90057,11011.947703464108
80266,13149.001513128644
84467,13894.426815604198
90576,19803.892141640958
82575,15698.103110599784
91601,36328.23540752317
80196,20472.787427548505
83418,13778.061751200154
97121,16178.63958849991
102024,12588.26634907461
85225,16085.57503433867
107001,28287.6250521849
82592,15335.207235655122
96681,11999.490975326034
87462,9879.246324228667
96787,13363.811982352177
98868,6047.259093886734
86472,18902.25422894522
91250,18199.25872841971
84328,11161.483250315932
101840,7551.56933218588
78225,20518.067812610378
81026,9349.832519893205
82325,7511.867044262498
106596,13756.045737021648
99810,16632.370675554153
88054,16657.518644868243
80041,31062.328238264763
102577,10837.267568516661
95870,20896.866244896442
76937,19420.950203208213
108359,16875.028954619243
102482,11395.377299106114
105228,21619.38541897728
94110,51222.77021343167
91022,46010.39037967965
84243,7908.4270601846065
88868,18095.83384150337
86994,14503.369604805006
103924,10156.166942167125
102415,12793.16275861464
89954,13272.032424717021
98212,6741.573753514524
101117,9810.767720527847
103865,10136.232766418208
81944,15788.169429635494
87371,14623.23376496252
103778,6531.945404385923
84310,17523.708240872515
78146,23633.56195482637
83910,15722.207962344006
96498,34323.890119465745
103937,2521.507863846663
97439,14924.493609845287
85156,9737.15890515274
93197,18151.80165149007
98573,7315.641393150031
96816,12678.198561404412
94610,18129.80915552047
102536,4914.062978640232
81021,14033.157521605313
105037,20128.14801896375
82891,16754.859153155947
83601,14166.931767073509
93413,15943.702351422442
84517,10192.728617269413
98296,9465.02695750465
83442,12578.684053447341
83641,11039.677107167397
106454,26580.83584965928
88540,6537.592879096072
101350,18566.232705107424
86741,20850.898270956466
79411,45518.14724157376
81400,18308.517292887114
92460,14184.523540601489
76076,27976.216849220586
85593,11905.923493952378
99476,9656.412531505901
99991,14717.627375709884
80184,17453.470566168384
91365,41858.89005079796
87967,10203.715377415636
97960,7380.888212857735
106216,9280.98705541173
94470,39030.391963544025
105054,22539.68045800377
76801,20059.93653590176
84376,12985.57820010192
95818,27920.06894912558
101354,7974.654622798986
81184,13669.724422193454
95386,27684.184416487606
94813,19054.784194061125
100188,11265.33206021847
97816,15145.455150476788
101948,7224.889265010152
108229,22537.43548210225
77604,22728.96610888714
103052,16222.577449780149
83998,7762.529118149865
103163,9832.372619909478
78407,22907.058722878905
106267,13562.541729174714
84808,17404.59194052189
102176,5298.542349545157
103807,11502.140118395393
102936,9765.608981966852
77803,19778.761038297605
91153,19071.26204571812
96806,25395.735521729905
107797,18567.981081661652
92654,9488.217838574725
82110,38899.2391219323
92570,20839.45229953323
84350,12808.88084007679
82022,33802.26294422534
101036,12438.357180336614
93012,17903.266681171095
104053,9915.555211068444
79339,19322.752569983393
79767,12395.730798985289
97252,14112.949678636121
95098,27728.401231680582
99791,22024.681426752453
95121,21770.274939900213
100598,8523.754482078875
88806,17197.417003282895
93433,15968.195519477897
85064,19677.15872788061
103820,5651.023602036846
86190,21201.68447563808
96438,18464.22322225162
106282,9609.969306376312
93667,18591.92182825074
93191,16620.411982776513
103899,9945.897198544828
93568,37937.141901450996
104546,23342.892038464135
80852,26097.441639697194
91782,15351.241643318486
100867,17821.11485087265
96727,8458.72498962207
88787,15361.014747469355
80175,15842.119379213342
106215,21466.748823895276
82884,10205.596618618572
99701,8789.879991689502
96972,9397.118794607557
102844,15002.35483815304
85912,7754.620296286959
105580,14843.221680105971
92949,17488.30102839024
95794,28187.452326587085
81410,15657.102214221724
103413,8710.781397579543
94880,25418.285100269244
87634,8060.151100847093
94036,22253.448538825487
82130,14119.398098703525
97256,12904.01810817168
103817,10856.412069192886
104456,9098.540277095759
78003,14005.518098514865
104097,13592.59691405299
98797,7122.174002517366
107315,19068.085092355697
106755,27343.457639882316
81147,19102.34766979276
105271,5529.030488851138
89017,8010.0344392011075
90194,16877.352706001027
106608,7120.462874589514
106146,27028.759260322353
105471,12935.020101700762
104538,9204.871697398014
78198,35132.95902536089
104720,14962.433548521916
94900,27893.70053889393
94045,32063.30592548359
100816,12728.512147984226
85400,8711.126469738398
96876,25803.375658476805
93515,25053.214751592604
94077,25166.035796902866
87247,23450.413075250523
105067,20816.58180651951
95538,44009.963250719105
79301,14246.19724171651
89679,17135.73128327196
90677,22964.253762839006
100348,16222.577449780149
82373,22558.326390431226
104030,15205.807803576541
91200,26945.56472855536
108132,10111.112915615771
96587,11814.589754582217
92498,18107.95074865641
103409,10903.269359255359
91232,22137.131445927535
80016,20342.51953635509
98705,9478.480475611845
94058,65103.74831863491
107248,16305.265147736287
85165,6045.135849682437
87202,14430.530737124845
84291,12467.888935674802
96682,25069.49891866292
76451,32525.606510669644
91004,20319.21302722821
87541,12241.402243634337
84735,8857.213409246531
86029,12993.941247481293
87675,10855.04502709154
79434,29396.76309961228
104691,23606.771474891048
95401,12891.452559185902
103975,10496.504654846403
106441,13177.76005416603
105335,23086.744843306707
86453,6141.182965077934
84490,21544.53667528754
96908,12238.124409003005
87472,11263.841901551223
99908,4955.687034688745
84898,10672.031656123238
87539,11010.825575298366
100666,13073.118908902852
82231,17596.856401790534
92648,22901.487415023246
84694,9436.305475331694
81594,8976.69675306807
82685,10010.255434478679
76620,35090.293506250426
76943,18742.454627898023
80231,22819.223312327424
94782,11417.01515452301
83815,14748.891917365589
101713,10959.162932331641
86358,11399.706568503987
98701,18805.02301777998
106421,11830.833720652701
97920,8743.41342550733
108072,16815.237606711868
91315,23187.841127688924
98550,12014.046151643961
99263,6881.50999339745
95373,16493.15928639623
80445,10497.574003014615
76982,16817.774120542043
85544,10757.672941793211
101977,11804.627943591768
80279,22713.292108102254
102808,7305.929348003701
107325,13708.249457348658
79988,20179.69414140373
83473,6507.5370431893425
80074,26662.766903193668
87094,12622.177547721083
80523,15049.577279801813
84129,13771.07952083813
100159,9701.598134302409
94256,25747.039975992993
79199,25724.107965159208
106674,17966.21094974106
76299,16336.464674906343
82217,35166.55157468726
87294,17024.74183331722
87361,7572.057704623555
105782,11475.099439499558
99109,12727.670754605606
97733,23711.461886686357
80963,23482.62147623427
105129,16798.3986776747
103322,11120.684370417614
90068,14189.003459494697
93845,18342.938299909696
104956,24100.416470846187
103473,7368.55142280207
78167,21738.99586493681
80718,32423.315677157556
85621,15867.371584777791
88490,9699.14686799818
105456,12257.140604292294
98490,9611.97172281151
86488,9786.04444163977
107303,21851.386091014843
106463,10411.146576792928
100403,9612.981312052772
86991,18222.260627492353
95381,39946.01670373658
85219,9737.15890515274
104635,20344.148799214596
99004,12077.958470135874
80747,26989.898320891207
97854,31829.439074441856
102646,8000.510639096403
93364,35275.02249273521
101209,6184.289900388264
89140,16521.415187174967
96244,10307.86837892328
93727,16290.25154582084
82138,27850.207678515402
97759,19032.488866287164
86015,15698.103110599784
81090,26293.07430571873
106085,8035.9604505082625
101600,13182.09666552753
94831,24344.592977227705
96566,12173.061442041007
82361,26591.420670470317
80479,22320.73789639454
82068,11475.652903708055
104750,10571.671302037248
93539,16894.68525681107
98127,9678.676830138493
96971,14315.109531412752
94105,21769.088286991064
95326,19299.845723686914
107438,16189.11280586746
100536,8827.116853847918
92659,17443.661090130932
94809,32208.413799580707
84186,6251.238004376755
85631,9054.960383381533
86381,16754.859153155947
78721,21225.139304447443
91773,19028.657557652587
90453,14567.507271395232
107225,16182.920097337803
89949,12254.85853162757
104531,11787.69201929494
76979,18513.884194679613
104743,8026.805102171796
87731,9368.433839566505
79915,8385.116543542896
105072,30274.07447673807
99332,9643.341107018727
88800,5691.902164265115
89522,6615.313986565084
105361,8991.101828737743
96528,13897.212894233182
101546,6600.398356853619
78680,21141.163997011838
87029,13695.396699797013
80591,52825.76982311971
79887,24949.384895499963
76107,31073.7827132675
78272,14986.440837578568
88116,12403.678578178078
99644,12270.320018947445
87595,20274.10351725289
79324,16878.937996833214
76408,48106.681051651845
79173,14426.63412052287
95084,12464.686250052586
95455,23440.489994667725
83809,12661.53139907241
107320,14983.659899124847
78828,25894.901549259383
76284,15926.461058644407
105622,10838.173447704492
99344,7380.888212857735
79395,18287.63476783151
86906,11967.521999042512
107576,10801.294493892636
99418,11152.738122550983
89050,13557.679064380998
83758,9761.89192728592
76289,29662.05122385115
95798,30288.214915172506
76119,24209.743832356195
87583,19633.216140262353
93110,18628.6061480251
92911,20366.545169350014
99758,7779.9624539405095
91697,29458.615892116854
85260,18109.179391994974
108475,20334.008159362074
84184,9897.240710824915
95737,22407.282011287618
105286,14012.30098055047
105354,12492.857441884556
101587,13175.059384891458
99526,12508.737034285834
82328,16792.961364380637
91052,16660.332123051012
81332,48312.92247650183
84562,18401.12400616962
86175,20904.45462392115
94828,27707.289569791526
76792,35037.06935254311
80436,20388.970172812344
88143,10296.050972171442
102644,15772.257339798884
79459,25609.99060982965
82225,13936.480217707784
83772,13227.039660892397
82109,21262.412019354713
102803,10500.946164347017
91947,51320.679546994776
88498,4925.20500031446
104204,17055.590513837888
103303,16444.76783299893
95989,22010.0439464012
90917,30022.107576178914
104994,15127.839456456264
91408,21665.480408609084
79084,23683.576371519204
94840,9497.320004525058
103127,13905.640241086938
93504,16728.37550842927
88642,12296.866673354592
95535,32496.837711903285
82775,11149.554235112439
96490,10545.688240446449
77545,45345.654178267534
104939,7355.067702731367
97679,11868.547928992859
95462,14739.501299317715
82601,7245.170153905946
91541,26307.18582608516
82997,17977.697163658984
86757,5600.009663670087
86498,16501.862994535422
78468,16095.442245156733
98262,21481.208595451342
108488,24182.39664440606
84813,10469.835443800626
84965,9321.972029858403
78478,29654.651010527843
98819,16522.8509814218
101543,13824.549967715815
82061,25296.981036677338
101359,12487.484648534919
107203,12628.06144651234
98811,26935.643229918653
102982,10236.640470642473
89603,22607.408987723575
95083,58820.52661307257
102426,11013.784090039173
88264,11960.039462472641
87119,12072.58515638018
86554,15732.610290626813
103454,16222.577449780149
99382,20868.997814305523
84255,9172.905395202184
101580,8834.894734727703
82690,21815.46427301648
103650,10919.900325581259
92587,75736.90726686995
92831,13941.376686628164
104410,18710.211607380734
89264,12624.76631375045
82865,16704.6697246604
76984,22185.401632099572
94265,24470.01142887305
76786,10124.505212052747
86379,11313.103918302048
89735,12458.893097652415
97066,12146.495742729367
77007,21980.639475916625
89137,13401.07360634867
78243,14480.51601440074
76669,27560.52171336514
89281,19483.78586428822
105621,23035.037255713363
84020,11548.31831091618
90142,20316.112791995845
79677,23001.071208498695
101025,12901.34314001351
101821,11061.078836647204
77424,14946.533551066692
80188,21060.135786411734
94655,30123.611265843978
85282,7741.396029102665
78763,11010.488337308718
85774,16121.133955258087
79278,10513.84419277422
84460,16854.94477792964
81489,25623.941135507477
90788,21556.577338239924
90191,11291.885020450407
106772,33637.25096101787
108112,21038.160976868414
84380,12525.665485484535
93636,56144.33297327358
103749,7667.059640091843
93435,13424.2603410503
81394,11719.314236208424
82146,33390.61969199388
98362,5996.719278569686
88250,10779.340833750837
107041,18402.12808024931
103478,15677.378863569806
89273,9631.06231986761
93583,34716.87626684918
92107,24852.071482706466
79557,7736.382981669109
77861,10500.13805323805
84591,20689.511979410454
102756,6223.984989456128
91798,23033.656177886987
100309,16222.577449780149
94987,25314.142682001195
89991,14870.190682064382
81523,22622.891208065445
82815,14805.648320706729
84366,10245.790623414483
105609,7190.449294413089
89695,8781.130132705495
86242,16698.948355344553
82477,5727.741178955831
83774,8530.901862856841
103676,9355.336915358832
85371,17440.569565046248
77386,32839.82642881402
93572,10340.383002259321
77535,24323.46958237077
97174,10302.348642124733
78330,35982.405537602055
94032,13753.755222236077
97537,14844.460531437047
93975,15502.928727182752
80657,27214.205900547087
85971,13550.694185446131
77536,13613.879458317866
81757,14307.670835908943
81232,27166.889886339886
88606,10080.02455542464
107709,10104.678667587532
79596,20297.578535969806
85671,17314.896358005735
93617,26493.841170618893
104211,16139.78942006151
98843,9550.710964992966
76153,46095.42499183935
105258,8384.299728120419
94812,24763.542898582462
82892,18762.26377403877
87816,13678.396639066968
90058,7118.891073096177
95471,10260.77555254091
90419,12512.39556615155
88777,13669.933078105065
101559,8257.332814694852
86808,15910.312948299203
93637,20737.65147253221
81562,13663.800389219936
76442,33411.54477464915
79967,27192.862355273
88683,18880.792545718068
78139,9742.589047028094
86530,11036.013807202653
77000,28660.433321753542
101915,11386.709431707319
90706,10976.217196796584
77396,18180.55753237761
83475,18154.7158032717
104217,15581.288513949881
101461,8250.51537592826
82676,7626.241088886711
104438,14214.872118321915
94757,24133.523051110566
84916,17108.67093951031
85934,20412.549653583323
93051,17981.74394362482
85136,8754.280013281954
86448,10556.280444211992
102828,10157.954316806661
101564,9221.394326909949
85740,22679.823275920135
107725,18560.56585501881
77165,22522.525529491926
107859,12673.833633926113
83065,8099.838329954627
83470,28255.620518079613
82147,22422.22428790472
103691,6579.10894380836
84024,13302.337774178815
99630,9699.803632659585
105243,17548.504560719128
103804,8950.891878116432
80130,9817.533000874086
97317,8533.973536988367
78532,35090.293506250426
98989,7281.188505591919
87716,9162.125120381506
103640,5373.059815588801
100541,16326.66081882347
101428,6087.470567206464
100899,4921.368828292
91739,26753.378545158892
94502,43401.46707892534
93919,27352.314589706268
79707,49996.236272249305
91516,34881.56838190258
93156,26313.91783743281
93340,27032.477974873935
86892,10595.909892476553
80420,16221.287653524441
91660,53678.41186773674
104006,13557.500552808882
79833,41738.92289222681
101663,7735.3400659202
102471,14382.3262235877
105380,8461.627316760601
107076,21175.057404172378
97009,21896.12297147442
78577,33247.7803189097
100281,8455.623365087094
81075,48312.92247650183
105712,28404.229824549875
90807,13687.224260454488
84240,14965.294264160897
96951,18350.18649628368
77270,18088.351839729436
81760,14453.626485774832
92040,39749.75301914688
89339,17353.60392428535
95256,23692.507255999015
84788,17928.426460654646
83686,12420.674917891138
98633,8972.154268953802
76608,20327.99900135202
98918,18625.79800979697
100264,10216.51492319043
93998,19986.10420859514
90051,7789.246127804376
100506,12403.350446001989
95747,13288.795646662898
91393,12884.591816494658
101051,13283.485418078617
107844,14469.93109457159
105479,19060.2568766263
102468,11836.042353774528
106785,16459.799304026797
91577,16859.84774271591
80832,10123.426035014034
88616,3562.9675102885462
78897,23569.837864127254
83228,14275.790002406116
90389,7806.919412624157
90154,13023.183860160048
107664,22210.210499987865
84602,7008.21568847782
103155,7451.622668497043
94290,21488.998443201355
84292,9715.658944863388
82455,26517.447413397138
84453,8096.699602783457
89161,17159.95892565118
104207,15342.401350256774
85660,10210.288985438548
80032,23198.515813959875
75996,20809.144829394594
83712,12157.164124507834
89784,10335.751108092776
101364,3896.832265825239
79099,21221.66650281506
101423,10268.357772407559
89977,6259.534175632702
87688,9576.953157017331
87401,15954.69833120837
90723,13670.56774412218
85875,9841.984710548119
106387,25983.364650743402
76002,11989.672891348695
99436,10022.05145184135
107239,13756.045737021648
80251,24785.61690122535
85127,28782.69380377859
90351,9184.374820014282
95526,25527.46443221455
79335,29415.815855409495
104754,11263.750404516326
91081,30870.081000654496
82005,15935.46680327172
89414,23659.992065330927
102366,9747.853315155764
107017,9049.549096549828
88810,10619.891473421074
86694,6980.018731204307
79641,8597.225136173092
104863,20692.60761889562
100526,16844.049220907986
80318,21426.136358559335
100931,13496.823803052597
102375,11812.567312770027
78617,21974.401990877614
103552,10701.10066547338
108268,14830.34925651603
77842,15785.966610493917
88774,8539.099684396015
82323,13316.900771921548
94125,27389.637671157885
98661,12940.603491609343
100997,14501.596768597914
76933,5622.611209492523
76957,39443.65386785763
84347,10329.426917751729
102000,7423.032265495765
84626,14578.079832358193
82214,49443.06765934622
105909,30066.919917224597
107442,9715.465121163905
102342,8341.93848676482
104461,19625.90112244137
80095,49996.236272249305
83558,14630.592554122875
104376,20297.393887459864
105494,13453.739246803234
81702,37666.25007458362
108056,13978.473610557077
84131,18705.966800485345
94242,26316.360412730188
102987,7366.086686129031
99643,17135.393309689174
78954,30934.43667364622
85511,18219.286771187526
85380,10231.547145081515
77232,26732.27416230062
86585,9014.44161705966
99729,13949.050343966965
94946,25368.875487917896
97768,18700.184441641246
83855,21207.161839803255
92397,11717.462113253028
90311,10341.220826645913
99324,8049.237117285469
81167,14412.677361757316
80030,35655.16474666412
103679,9051.748832176298
80164,11451.688864669803
103198,7012.057559284934
87658,10662.673072884798
102090,9485.488879289393
92710,13257.87536323733
88551,10585.356572650617
91001,24672.878188658116
100653,10006.99934416874
106050,14539.349091403346
92084,15425.13542033639
77402,19770.21679334662
101296,8960.040095302284
107242,15512.320838283624
95646,17976.890611426265
99126,7754.7945230758605
90982,20742.511218560445
94896,26786.429246587035
93011,16336.869767502738
84607,17508.721650513722
83352,6927.131782076053
86097,18059.78610633196
99312,7581.027924857814
77584,29229.79624410681
97372,13358.629416276182
107179,17426.535094186922
105835,15110.216465906793
92924,25710.486847622822
90798,7874.676034607394
77487,18909.148418345623
87523,9172.071046349454
104328,30110.41973268834
91404,15381.945804604153
105702,19422.425786663585
86051,11805.37457365292
98136,11241.137935468263
91149,18187.97260265497
84015,11486.081035468264
78227,29911.840786572364
91810,43467.34907606318
92345,23028.84754541693
102647,16984.655786073265
106549,11114.140396108958
97007,19652.90739949809
86887,16280.121282013097
103983,14996.49895610145
89554,13300.297593343936
88066,11530.891213982242
98778,18612.717455129514
91459,32753.65978430852
79659,27320.727598214682
83978,6840.145692860303
88036,17023.09386748441
80483,10065.294162846723
101770,2936.0558472612956
98220,21743.879043278117
84427,11393.40698351909
94491,15589.758574492402
83782,12917.132581498718
101945,9707.83295499716
96613,12201.60000713548
80126,46632.95524516538
83381,15926.515519639386
100263,10344.468062667316
94953,20354.50483357883
84413,13938.236955330995
94816,38671.09027652537
78578,24403.892548970864
89766,15081.264139685301
78560,33192.67636973059
106444,17420.035922046438
100883,2023.4858874284091
102769,8796.754125368429
106426,34146.11088863352
92404,37330.74953999859
84800,7255.605881091877
90714,10793.462518627945
96274,17923.26978854617
88259,8622.707862331265
90683,13539.369945058414
78878,13213.701075636876
78675,11436.204601055202
102189,18106.025809371986
97959,17312.78028640203
78324,24704.981957637054
100397,10664.621117473154
89808,12456.447186756115
102920,9310.248199372134
77724,11629.62720662988
97183,16782.42963747051
102360,7280.3115197174575
81748,19614.097604441613
100225,6992.733656672676
101411,12083.166387907138
93887,26582.81702529383
94437,14999.786037632692
102317,7738.396456733177
100939,10884.672939968674
102016,6457.062288703833
88651,9550.646936897776
99340,5254.4246024258055
107078,25021.309356732603
100937,11259.124127803276
86922,10974.99289048866
77864,29670.998753380904
105180,14944.4301459926
85599,8507.502257955506
94556,34183.796691443684
88368,21037.475415678662
81005,58026.46935448269
79083,30212.659627434852
95200,26636.592040887925
94374,23129.565125648343
94160,22775.606555073915
104549,16873.420300033496
85933,16473.92897043218
104848,21481.004128369255
104424,27918.849026300006
78183,15252.613769815076
99280,22125.74420977171
97928,6935.350549473179
93122,15169.004985269588
107991,5366.548814485986
92468,26919.823681945505
97451,9251.30054312851
94463,16341.340831741367
77629,16381.96705426089
86008,12830.2369180641
106210,32081.823790239545
106181,14691.069697778195
87485,10973.871543854371
107645,10859.996255644935
100084,11608.921041605057
88201,10472.119222362338
86236,17219.386479491735
97090,15371.341797878962
83909,14279.653541884265
77686,29553.84132357442
85505,20329.268267483654
92046,27961.24463610213
76681,13494.759305691148
102648,8484.881335401336
104998,43368.010393989935
86349,10423.546778269332
77229,16864.12209419659
93379,19345.764183479023
84973,4739.41181883107
80681,27657.952574670075
97876,10685.544345517483
89330,10454.539713390372
106836,20602.14181120536
96449,10774.54049955891
88765,17350.918684591798
85710,7538.951512994935
104002,26937.814448285044
99224,7340.779775659152
96767,25635.046533106168
91035,31780.105603930642
91531,8816.744640731165
95857,23354.909292776585
81338,22968.28487249579
97921,13426.764865728253
94040,29751.344205007033
88240,11398.010680847889
104643,11991.450532174402
84702,8738.67664378377
79809,14885.158941407355
82171,14975.251705383813
102481,11297.078832470437
99514,9992.881427228258
76656,48317.24369158165
86176,13884.228878950766
85784,10993.849833863032
91529,24680.870441167004
96184,7995.546338230942
94982,26493.841170618893
89887,19246.368615227995
91306,16190.606696763136
94801,17679.130270457794
84873,13526.84892774775
105262,16782.26338792308
78755,17927.040842475624
105378,20015.9792873442
107314,25904.77489268693
88401,16693.231523332808
104523,10574.817763619547
95968,15739.110290425351
106940,16662.557657853384
85854,13014.195084840094
100090,16094.858349856362
94299,25404.509070155913
95815,45979.64601408839
83336,13261.099913731563
93357,10148.293979357975
83671,11525.12297607808
95352,18462.256308317967
81447,13825.613516594492
82530,10326.342405613837
84072,6659.393065695066
79590,40541.832728169575
81072,17627.57265145641
100894,12414.814703843711
94501,25416.812338538522
98410,17618.259559989936
77356,33280.527898920765
89008,7153.122766004723
79270,72896.15619194396
102768,10395.737158036038
104671,16006.143054886326
91482,27853.435108282465
93496,26578.10697214114
89699,7101.978457035539
93711,20323.225179838166
92768,23074.546605451585
102118,9927.56230522344
99410,6720.001882127164
101552,7768.848559456652
105876,9210.26106917407
106386,25636.712414876783
94563,21432.169238325456
95860,16461.691036165652
83636,10904.134512152701
98837,6065.398021666031
78724,9372.088055041026
92579,26131.3457571924
82223,27133.421414034645
84289,8934.222815957573
77579,31937.258431229628
83896,7238.437133488152
87389,7452.117723739583
88139,8463.735166936256
106790,25596.863906754457
82260,24598.80091888842
101627,9892.11478562998
81876,20762.543407641646
91029,19940.2518987149
84583,2902.1204310075063
108158,10021.086621329292
108203,14844.60191347876
98582,7912.572775020099
107003,41032.6551318293
107777,26992.506229040555
90308,7501.901815122011
76799,16146.718000226858
101387,14378.593246180593
79964,21250.913625916477
91606,27276.07555160645
103952,13510.310936005726
88622,7749.407402569928
94559,53949.03744504367
76143,17920.11855490022
94903,24052.435924355395
104486,25290.32123009351
87551,6677.593834518096
78063,51427.0354835672
102556,6515.7928597165355
100052,10753.13629467557
107074,39486.320026581016
92069,25529.75356002817
107850,29666.181970501006
104540,13542.489965107221
96846,22895.03612335255
92391,25722.87265382977
84659,18397.95835393668
84117,16665.222639860265
79120,12560.945793483075
91389,13422.821621826288
84349,8918.431719171376
90954,42967.20618333962
92695,14730.918587054013
107811,21331.136548151324
81971,20891.348286446075
83450,8288.613337223767
75976,26897.224075433245
102965,10016.886420203678
90287,23138.931312237277
77605,47619.107552044334
91214,28047.44657780372
108303,14312.460879032731
94860,45473.67119161635
79366,19402.015537034047
106091,12973.406699442014
76439,35069.012305701755
87417,33384.98336259648
93478,13298.014301948122
107216,22044.698293251033
103764,15735.636164465794
86879,13318.583345806497
103625,14269.96160645534
76402,10785.22175588637
80311,18707.59883814033
80391,38664.45279841694
100880,14081.871657987924
83171,6002.762672911219
88078,8347.243638775697
84318,18340.446942530358
93526,23927.673381017445
94190,16693.061036351144
97052,11880.540206154088
86101,9312.490680652776
87543,20524.951953420474
85029,10616.422780342311
83740,15702.620035825672
100089,5969.446422495355
98227,16758.96077904894
98248,7726.6445448581235
107138,31567.14440565103
86854,10758.172980966954
102785,6074.221582625064
87839,12993.897138175267
93906,22184.972202632172
84661,17020.963622673262
87432,10912.310160225976
85654,18885.12022631771
90678,14087.800018814354
95299,19490.947474686218
95236,29041.082936986746
107608,31705.538955965676
87004,18693.841514727606
100566,10507.047411261923
80665,11830.79328219746
88010,7775.04151054299
102663,12278.495330700176
85485,10787.9479163883
101269,10154.1152145682
104674,23585.55021069578
89263,16665.222639860265
95420,21602.55720011941
102691,5904.370263060236
86663,8347.243638775697
106138,16237.820875874308
91571,22938.940703840322
93819,14703.251603222165
78571,17867.026780333108
94985,14119.282539542775
93301,17427.81985723293
106718,12009.038074729666
86771,16661.05032934851
87704,7678.610987064052
79666,16033.599180373189
107584,17432.056274346214
84895,10399.642076112501
108408,10005.489868791521
98171,17484.291004351428
83310,10226.173214987322
86673,14962.268670282847
82853,15594.668407169105
105650,12766.580723385538
98670,13538.894263901082
85066,5092.671070150465
83794,6363.793958248544
80583,11359.635963897801
88130,14338.221567351027
98999,8943.826787331684
101330,7251.840046076581
94984,19562.27611222289
97990,7641.45719334084
86985,18265.17867724323
105865,21461.439237084443
108519,23614.159514244704
85264,15783.434927029937
99920,14171.469991904036
79757,23726.24714118954
102991,12518.777979451052
82734,14306.394998400428
93798,26068.87413750206
78739,18604.165650032537
94102,26354.210441400803
107720,13743.845107746693
104818,23567.899480262357
105035,5362.891508893488
78882,12653.597199576212
106768,9935.977952597912
104488,18143.38728749778
83401,20653.56532880501
96513,11479.96934630356
103742,7684.381927225218
85746,19123.38433940762
89503,7440.2623956613215
86162,10288.909081101663
90081,11243.895100992595
87809,16972.82410788855
105903,13498.077221896869
91476,22156.45437272868
77323,23358.831694328976
79344,43804.83623263644
86967,11505.163561979927
87631,13354.140691145638
91478,21529.391926682096
87477,17293.341219741487
97456,23788.02301210304
91210,29328.986618788756
88841,22375.573833333132
86262,14389.55428717866
98038,23288.914228088564
108461,17665.595339457333
95645,21579.294572772487
91233,19481.114653937377
81480,28341.085990755648
82671,17773.69708621089
105275,10917.03565592951
77852,16464.461283603767
90565,21769.68046850715
89172,10948.922881313654
102384,9461.666098697016
88944,9016.075012338657
80531,18707.59883814033
101795,7846.42996631034
90744,5903.325690214237
78179,30677.929181112577
94388,37207.38677201649
92546,19264.234928962196
84282,13210.403356590365
87078,17233.196235621785
93190,33150.0326557071
92014,13978.642779243151
104501,25735.3559354802
79523,20420.864506110833
81096,19398.979560048632
78193,33474.09501801084
94720,36954.93029092817
97242,10610.20387266101
103784,11718.444573220775
100186,9207.560775862028
91494,12541.654690406092
98765,4470.025493259684
97370,21101.839116355513
76295,28193.19932129014
105840,18123.785000666354
100641,7680.684048609823
97160,29642.047186388347
96440,21502.294156404078
84853,5992.0599913636
105223,9650.93303652084
105879,10801.294493892636
80347,30735.096770505446
84534,9761.916526044412
85045,10941.605322279736
99348,24029.19790651993
105487,19287.42959061001
101906,6428.1451237684705
84905,12402.925057536127
105810,11929.765696868946
76346,11341.872572986098
104163,9897.20438340713
91997,20705.73714215384
94182,19644.82544304836
98583,13258.405880996514
78048,21483.66273341934
91650,16544.561317666114
99045,24124.772819486945
90167,12747.564670667905
81936,6902.660189198219
97322,8134.254970730571
79506,15344.113442193315
101689,10637.069749781129
99677,6055.498129717103
104364,7960.67124934074
104493,20527.70193288439
85811,11343.330206449134
76088,19551.79753851486
107014,10200.87648763211
85517,13456.19923519148
100065,11716.687978047294
100700,9053.30895527162
100178,9412.520512732794
86072,18534.535381148846
89071,7535.682159891795
76027,12701.452626177217
84394,10659.952542429948
97989,17331.271003920865
77527,11704.851676950082
89342,10654.02129740664
94118,20896.487779835163
94468,33186.11209762172
76061,20636.85093596535
85744,9550.646936897776
105185,8436.763365768567
79043,19435.929206725887
103948,11059.668195943637
98325,7069.518997152162
77056,18082.30620384263
85262,10795.311952309117
94885,27824.433319167685
92436,76856.24460318046
105339,9697.623986683682
85288,8390.338042233168
92944,21507.485034609297
83145,15004.960633591714
87905,10608.127292148949
89188,12234.084070034716
90245,15117.147664916407
80370,17000.957981977608
92165,37847.53841003463
91638,17327.695199600825
103657,12155.723801481114
81016,19800.572758247665
103792,16333.688617954047
94815,15209.85457950858
78957,10308.597269765634
83141,8917.42644673683
107365,12117.98844739933
95563,25763.075578442862
76918,33739.687390887826
87215,13212.162699295695
108328,11497.631320397564
108027,20664.176973502363
79325,35984.08956448872
89545,13659.629748236519
103967,8514.58545731682
77530,34773.32422277916
95330,36249.35188366344
78671,4395.235524083911
102103,9473.891579631078
80024,14786.180572465702
89481,9463.00259484883
89138,10880.606149838459
98762,6821.1652636801155
86166,17248.984365211276
91396,15600.681336587635
94749,39500.67200199731
95788,17216.033319596434
99730,12337.346805870648
102801,13576.747540275566
87208,11843.690014968282
83098,10329.498407637151
96015,25233.276315296658
107970,24262.84697127523
77471,32062.224662731765
85822,6540.457840201294
100518,9865.000773277272
97282,19397.19400198007
107193,8255.701019842694
104825,9152.352266024734
82687,30033.778299988884
83026,12548.120319449397
77470,14909.757420352362
79254,13520.48340724806
108020,4971.1248609072
99103,6763.413421731437
78665,38305.392617898215
86932,12934.137828423209
79269,17036.846715378888
92024,55132.25003695225
95652,29944.061604979743
96170,9160.687331432004
83586,15432.25335017083
100804,10027.441262047834
100758,13260.145773573457
107628,19053.323756358666
108337,10429.748050742599
83175,16085.57503433867
90838,6539.75239866418
102741,15607.307378650883
81263,13637.365956112291
97071,7689.340830016444
95004,21203.612847811346
107019,17696.116610768568
95503,17516.995955475275
86249,12498.81765337324
106921,27277.451153707338
89972,22152.033082572285
77660,25421.135116098645
77328,28984.33926548539
98264,11076.686264013211
86800,16089.733880937682
76661,20021.17769393519
81734,37790.509592621755
84741,12036.902712305053
89926,31626.140434838126
79502,13186.325977111028
96963,11881.502113231234
97855,29667.683659050752
86877,20191.37332183757
96814,21763.999706053804
94648,37884.00766773368
103104,7266.899745402649
77999,22974.665955193672
77500,23894.920925396364
108189,11772.056394145387
107124,16895.35783805968
105320,16351.55626294181
84589,11728.312904485365
100502,4801.884538085286
84272,18415.04765521028
90146,6490.460201345122
89016,10324.77690756231
92360,19930.9533333421
97341,13916.066518175294
99635,10308.7393341418
93758,19270.114011097714
104345,20959.57504897142
104346,11938.792033843616
103219,17853.76278295993
94240,15131.169453807574
100510,16626.858669811052
97788,9422.757008098999
87877,18550.23186621481
83993,7626.915011052035
95268,35187.421554410554
90857,11789.266980585144
89897,17948.77510374447
103642,8222.665667071547
79712,23341.284345802822
84733,6392.724840005781
103510,10699.742363360116
82151,15834.566420791583
89275,6662.852299639328
97022,22621.51766473465
89964,6708.792676341688
103169,10753.13629467557
98586,11606.142145728214
78199,9256.219156489364
78507,20329.753755379388
88856,14310.23086789309
79309,18121.78778668246
85685,11295.107113113794
76527,12468.049492817003
81636,13743.966075714106
86638,13060.606322139585
106517,18142.382016557003
102023,13401.836975934197
91620,56350.415037848914
101886,6777.076668130644
84887,13302.337774178815
84751,8806.523675976896
92613,25333.567251700348
91825,24816.250381180194
101895,12971.894597837896
90560,17223.426235408704
105545,8725.82150009063
78700,18753.259587543274
82886,19674.531452738713
105649,10777.941865076904
77577,18148.205293864066
98003,22256.511636718347
80537,27611.909211644906
87387,13708.881783325196
97626,6524.757019694626
92948,26492.071543893428
104000,10845.678857256098
78385,21672.565140918912
103301,10061.68355534095
100102,7266.719230540148
91401,15295.564963627452
105726,10203.844690374017
108002,9941.929038720542
96055,8187.121029021193
86533,22133.792468053267
84966,14688.650353683857
82750,9550.646936897776
84780,16499.118620544723
99760,9469.519770650762
96353,24219.88662920225
90252,19849.42177357068
92114,22061.018181084255
85641,11727.392285626502
78846,30406.909640660517
97479,24527.08739459242
100657,4943.804767146431
92553,19660.143033870645
87684,8252.35664371429
76579,22808.816782427948
104441,7654.851885772899
102915,12380.942990916295
98255,10798.714402742293
84716,11192.614683024978
85426,11352.728114977868
76829,17350.700525787077
77899,37764.87698799401
93875,17127.361884272774
94170,36134.25506980829
96206,18504.747523873677
82777,14413.185708578916
99399,8846.224199751616
76017,23370.750833088547
78785,16362.727786352423
104195,7643.361741213822
100767,11076.102678333069
93500,16183.963635773289
103248,7061.039396327792
101828,7976.870531584863
93209,24480.068386781066
96665,6540.895589430722
94208,20507.85293181754
81789,46391.29967738625
92578,17276.793603177703
84750,13533.153830926842
107543,13163.154852579879
83294,16366.899197908559
82408,10086.643961078164
104836,26838.67247092904
87366,9493.66492518344
100488,7837.5495297250445
87296,16280.121282013097
99820,7139.376522731386
103856,6661.438212704422
80536,21940.49014831381
95407,23148.829433848077
78024,21681.27740125088
88166,18143.451203734498
79046,15674.500740624942
100829,7488.566238980821
99250,9878.372656154217
107164,8879.843439618448
83857,9245.915742222676
90031,23734.76989619386
97531,30272.565538209892
78237,16307.610046924208
77205,18547.092221028222
84796,16938.263164681604
79769,19036.918509813207
79899,12424.743507773404
81570,26808.17757592755
96209,8676.187454973184
108012,12210.678945972153
83784,11125.908246792342
95293,30518.485353623157
107894,9609.404944569395
90118,8255.223385596179
81548,14904.265173585796
91246,13659.393415606184
106066,30638.990937052153
76349,55590.99874049633
84792,10797.5292671263
94792,19405.505260533482
98772,9978.254424355178
81023,29756.13354962915
92760,15869.309420856911
81049,27973.265610625203
103697,7541.215250522786
82248,29724.35681699646
85475,27585.796267276033
80927,26816.854142595752
93520,20937.681319275765
103034,8007.662258806404
88006,15402.215430175465
80697,17310.1961842032
89565,18425.40746649878
106983,15689.98860782937
76042,21073.976506252482
95214,21600.68863083998
77712,17946.05857110133
102226,7685.269380525856
106128,30506.33323714634
94347,41532.469709031255
84176,10845.540097724645
92633,34288.17423520969
89147,11352.993839247845
76200,18251.94464498471
91972,26004.632482090845
95624,16128.185041784935
88237,12737.171421680809
90626,18536.382027561525
79402,28528.66363454753
92751,17336.577658663635
93494,27587.65250071107
77785,31471.10770660575
108502,10536.20054135029
76356,11230.770466187972
90256,7945.004812684686
76286,18652.171479391985
98835,22950.389877225774
78799,27283.753607708535
99864,13401.182895500728
89317,20635.889122535355
81235,35264.610655204146
82980,9126.2832704806
79032,12822.65360465618
94549,17575.13827482502
86872,10296.050972171442
101730,13392.56310450273
82684,10858.946815126765
99516,10853.660356113418
80017,6940.878925441713
99863,12985.505284622104
92792,36518.417931383454
100593,10588.603817870324
86135,6441.812735564045
78870,11044.31756840293
107586,21767.61977346779
83757,13713.461348098928
92765,21579.294572772487
84890,9663.288148487465
108290,13708.806193442857
82893,28913.90257284826
89660,8163.66954542235
105543,11996.868226619983
106368,12146.66527012312
81799,34896.26535350383
102757,5791.388304010211
87520,7851.949578173788
85172,8697.72262362585
76593,16658.66581540228
99431,8861.013184412128
104403,16214.190019407864
102932,9892.092988471095
81998,13855.32969300205
81391,10265.800658477987
108151,13367.143598747898
100164,15521.560275176325
77950,37780.407665869156
100416,11475.035095442026
108237,12785.113008383863
93464,21001.365283066585
83899,12832.053734087349
107184,15171.58499018228
78001,34071.35209219859
98816,7038.593910247677
98737,22055.159387457148
105432,20254.101256381702
99160,5784.977854487247
99195,2427.8813992422224
90337,8480.290696901196
85546,16664.60508769463
107128,20645.985388568515
93327,32774.996523432346
81501,27569.892517165474
78485,16212.733428799305
98491,21430.79592523869
91265,25241.705552789997
97185,14744.54942864827
95708,19144.14680400598
92269,21006.073131310066
90122,13765.139060342632
84219,11325.940904056804
95920,18640.371388184063
82679,13502.150806483927
105174,15224.275078836867
90879,12441.99654545156
77507,43891.71571806643
88757,11663.622143030256
101256,7987.2009977277185
83426,17389.8449037142
76075,33994.80099111004
76871,16696.050866977144
77695,36020.264135216785
103555,10633.59592055527
94893,19752.373616617268
95836,17412.66410902726
92061,12938.186463015603
79710,11035.092952412213
93899,14272.073129248796
83299,9918.168036547297
95620,32301.885692309195
104279,19339.71239785077
83705,17138.42893946717
95472,29391.189627249754
106260,15388.891453309285
76886,15733.89858708284
97248,11817.360561034155
80660,15007.217849362918
101333,11449.299313059873
89360,7113.563332813289
85450,7533.375251163266
88836,16121.407712823137
77416,26172.47971925917
79577,29968.03326461549
98503,7174.538555382934
76778,13787.674610896198
93681,15146.863343850493
98418,6825.18972692383
98615,9552.42529825197
91857,29189.06000357738
85059,9832.088104409946
84064,13971.816708706852
83511,10682.723229753361
87961,11483.886241850374
89756,8701.232141197192
106904,12420.763200624524
78218,24816.05153855609
91503,21950.884794537786
77126,9989.031363979888
97801,8938.039805842098
87474,11544.30976086355
77057,23594.950968669287
79478,25046.25326914204
90041,16534.471815803663
83374,10980.849542566102
102094,11471.677852163357
103780,20729.035221399656
105079,7838.110046490282
80462,24311.089107830216
101705,12913.26503455916
105756,24637.694193646672
88993,9833.079544369559
89593,7651.266210314346
86338,19021.56495219936
77853,26977.575634220633
92077,29624.851215559953
102494,8329.167475190117
92534,38127.65527194855
78971,28068.70279492647
84687,18397.95835393668
88376,10650.155698759414
105707,14494.394769442588
80939,23942.980931640523
82258,20669.73534786331
104917,8761.237088816071
95086,19302.37031588345
79275,16231.108703492
104721,9368.879716922838
107939,20584.86277520075
106703,9151.490594559968
107820,11033.696480594841
79947,20699.31410614318
89961,10216.16175064689
106451,10238.906409913176
98821,10823.981901401765
77748,33605.55765834095
104802,24440.86725138662
81481,48073.68110459544
93544,17235.101064768813
89611,13873.4502497813
79850,31132.75635809152
81466,22335.040571026675
90668,7063.056302718455
89743,15545.341651425359
106672,23651.703115128093
76030,16402.920714111257
97231,6219.249328967348
93484,30736.243356760595
81393,12652.632113064448
94369,14551.41584755914
93507,32268.133135072832
100752,7611.221436448383
95565,25443.71989022265
98749,15218.90039451911
99634,10781.156021836625
86127,6921.101410492166
101842,14962.618331848313
108481,10571.671302037248
82863,12587.40135535694
90043,10886.562703749518
76857,32389.017057053967
83241,11456.572979252616
103197,7931.95142099454
95458,14486.161018854604
76515,10947.009905870485
84987,13354.140691145638
80199,19448.320930443966
77835,22455.244034222073
80809,12486.427472416795
77245,24779.38470045521
104828,14276.669523222074
107338,8335.833916292624
78811,30760.376738589504
76708,36763.4568064441
88559,10086.080942172319
99380,6434.312119086874
89411,7434.703817803197
94532,25166.035796902866
88046,5942.753169608557
99155,10817.890310375145
80986,13843.30941685253
96122,25681.995220446337
78618,19036.295570078597
98205,6965.372959642986
98995,24202.4692372217
102432,9589.314945469067
78709,11956.791746039573
93586,23037.143895896086
98147,8739.122882941101
95468,33244.69042699139
95425,15259.253279485027
89106,10621.241999844739
85764,10421.48103575568
87674,10928.594083514245
106365,34853.13582857407
106263,7411.428050958104
97423,13900.725220155071
86855,15351.118645531531
101637,8383.220446256097
100129,7177.957430918933
89346,10833.412806358363
80037,8397.924886299983
87439,8118.316599323067
76329,55824.418947913065
101234,17226.082209220403
93715,27806.18680869135
96728,20200.933740407032
88023,15634.24389174398
100289,14320.367645568827
93685,11978.307429043978
97301,12529.955462177375
100588,10982.456307359193
78240,16473.29711016686
91194,36043.55388726456
78088,19939.809026086325
103811,10567.699207020125
79852,21736.916248385496
77718,19323.209168764937
99968,6963.6471768437
82937,13438.588453016133
106774,18454.549341770275
85107,9646.815609222052
77329,24919.710012793355
106498,13776.424673695088
80946,20424.21976457379
89630,22340.98229574635
105995,27153.7321003746
79926,48053.59975098569
93982,14021.982748872428
95152,39624.978475678625
102460,15077.990388543802
86797,17446.03709121728
98696,14402.562898023776
87491,23572.571209494872
93185,20604.168649721316
90910,19243.128350007682
102510,5957.930634487222
99707,12336.300628858464
106468,9390.076269978848
97505,14668.41402458201
85240,16968.94782644835
89795,24490.58074902936
78677,16886.397653447068
94311,21396.106644598633
79406,31435.323595257032
85528,22137.0755267603
95656,15937.380249874677
102783,12878.577035713459
76191,27683.16698991985
96193,12950.18678380298
108352,18463.29897723535
94226,24701.30656997073
94472,21103.60777987537
78628,9887.658549515876
96861,17437.338661930953
89698,14471.176573807921
89021,16643.225461759856
98919,12245.653399655323
107511,27656.16156213363
104317,13144.26144697665
105587,15361.337061082942
89244,13546.866835291086
108221,43219.13242752528
104558,21576.86272942407
99691,11767.211098026213
81153,21300.52785845581
83019,13016.131441404097
84699,8264.847106421936
92354,44780.75852276226
77258,34234.235731449735
81991,14453.249485106842
99191,15513.834900632915
80072,19521.884104386892
97195,25140.487288464028
83104,14719.56511805127
104712,11017.408380865012
100443,8194.21396270511
93443,29053.982847237254
85543,13115.771908898445
82977,17189.794840089187
92597,30442.523087976184
89182,16914.65160500186
89737,9592.263694420448
103093,14186.42911530209
103417,5423.534345405975
78550,15299.977186804545
93081,32405.36664483
80992,13411.856763659229
83725,10904.134512152701
90755,13873.4502497813
89727,24139.490878535125
82723,13603.740331696294
85046,7434.703817803197
105507,20898.204342957226
102497,7650.614715411205
86897,9274.630164426148
81522,12966.350866106895
106201,22318.215899444156
87615,10693.629602943874
84646,10323.618017080546
104296,24909.013755814565
84433,6139.86964958723
101470,11058.935284244422
76641,23242.49542041766
88265,9532.026829905824
101728,11775.626091528271
83541,9617.58560164206
93807,30894.33252198412
83873,10786.998908223894
76785,45220.607218916644
83629,10781.027000646065
87576,17268.051504594267
93395,17670.334638279168
95537,20928.856769919985
89598,6930.347784814129
78074,33568.98559767034
102980,9723.495273988454
104929,16683.473505001453
97395,13700.49998793562
106751,22937.955296208867
101628,15370.15425449935
103613,12853.453722006354
103641,11044.187655434478
95834,19318.127707181146
101797,2192.0574302358673
80042,23083.95400985562
81608,20918.617799224143
86535,13967.377864959413
98235,22196.825097906072
94784,16897.192575490822
79342,11009.785773359445
97906,18207.905952432953
84622,13026.575700442665
85948,18718.59104500838
88274,12215.178144103702
92480,20721.684460678003
86378,17159.95892565118
107558,12651.804526926317
88531,13410.198133240987
103681,13639.756534162054
103559,7483.074689788172
102821,12404.109826923146
77372,30668.762650867615
108078,10467.055236108674
96014,9488.4182630364
91072,17887.33352701299
78981,16681.072768252965
85860,4876.9865774029795
91538,19611.943532114987
100904,14544.489206932436
83903,10179.734776246552
89075,9847.962530980172
87210,4577.326528714514
95405,18049.463935546246
101957,12499.934581813228
91384,24245.240154118277
91816,22265.946503993102
93271,19977.16018813661
106951,16927.241109300452
77457,15771.090656331486
99216,10798.62808008875
106683,8014.858752795022
79593,14310.82995711957
92575,16408.043108463993
106332,22990.201902649886
99751,12556.685921106888
97844,20144.51183142191
90776,7308.029789698058
107788,31331.771796286965
97552,9132.03843111482
85396,8870.094136651629
90072,7234.157432981847
104380,9861.669981126059
108171,14596.951618672041
82534,15714.191774415542
77917,25028.127010181193
76212,18493.571616045952
77975,17834.815496108255
96718,25837.51639617815
101250,7841.58711628705
102875,19265.57655665531
97385,9830.319351851833
93943,20773.338393664697
76389,18079.831961828568
104653,19744.657240540044
85000,11125.908246792342
100844,6452.2798430621215
94384,50111.972336228464
91625,20721.684460678003
92124,26257.322302720757
100983,11758.439110599973
97669,22801.328491183227
76674,19466.894486034438
104012,21184.796674680692
100742,12404.109826923146
97937,9031.812897912876
99509,23806.87697569134
99834,8614.792685955508
104037,14586.068113224157
96369,15705.034661608051
86125,9854.76844644464
102999,5324.0532970503955
85473,10366.380846570011
90508,6899.17936027706
105281,30508.46531106275
90368,10288.812194694334
84029,9155.116439068926
88603,11231.69067653441
102423,6276.132184436428
105253,21736.872380332967
76230,18191.583892159342
100316,9493.16549936002
102553,10212.622856664753
76308,43307.46437083042
101348,10517.01626458154
105689,27310.88926427276
78347,26247.21545002784
88127,17852.712554965794
97320,12395.83618530666
98421,14570.742410519033
87422,11659.1008946013
90886,5453.880614852622
82580,7969.515909353406
106420,9926.272098701409
80218,12827.44162505286
77197,8862.446058457785
81116,14941.098513382522
103847,10157.954316806661
76611,26344.036982182595
80677,13070.863008785045
91546,14092.274668579863
83706,14213.864128734966
83288,10205.596618618572
83664,10618.244444654501
81103,27853.546872365274
104136,19195.319145832607
79754,24473.29491247924
80794,27881.034417026716
90027,6160.072179698025
99186,11471.70785248741
79957,11654.83832440837
83420,13138.512382424777
106971,10381.278072739542
88929,13795.886544715748
79354,18226.56561794977
104624,21287.685431543017
103631,3280.200797781668
106329,13129.459911627451
94466,26647.438095015885
79495,11875.341829616616
92262,15788.210601623823
103626,10088.90583361436
102620,10228.00775647663
103026,11700.274302938327
95440,25503.720471583525
90675,7998.190639419962
92169,20091.43596663104
85598,8981.54836179984
93980,14373.463289196643
89884,7944.254356754943
100361,9924.10766475399
95314,20785.576094717424
102984,12840.87798050937
97290,27583.457289615828
88702,8302.988346035849
79250,22495.34424473134
101218,10479.064850081582
85994,16598.983499582082
91181,17268.14282625977
105974,14603.439683872517
92222,25322.840693144342
91691,28706.6373839118
103472,7922.235619129416
90116,10641.206776273471
94185,17894.061053983885
95705,27098.819619197144
92442,7650.492970527498
83759,11554.846940985239
106311,28528.123171343912
108531,15212.300716241436
88487,8114.716721310505
88956,11445.931146525618
80477,24966.259193549526
95422,12674.871805714518
77410,12368.436977560381
91873,25305.75459192701
95274,22419.20885868771
90023,7304.462918096504
77204,15911.383586329632
76504,19439.794334166112
105902,5218.579130676592
81820,15047.991478563157
89405,9881.90779413227
92206,15039.805912001444
79328,18673.461116582544
94971,17970.972814718367
91185,51177.768946677796
103332,11676.441121897551
105983,17750.147047219667
81775,20623.195763456988
81946,25081.585401019292
97846,24284.882302511363
103884,10621.916657654423
105182,8588.151013278866
76148,25638.278651651228
99255,17580.856245519277
87785,11393.40698351909
78903,12373.5138955935
94578,24187.181261868267
107853,12706.94532575548
76717,30277.417899761585
99052,9519.755664565015
82390,34367.89235389132
83676,8858.642381279948
87748,20232.616639404918
95443,28325.863617266117
94430,16662.84614227061
83886,17350.110063920147
78492,13054.31828581376
97540,11654.970550742384
103167,17007.85782683677
82621,11393.40698351909
88729,22339.983151218858
97779,8713.086450931734
87179,8565.003546343467
83693,10797.5292671263
83068,14562.724869908594
87978,11538.945076686696
77547,12326.311474681886
104135,10190.287983130615
91838,21962.22787380657
81044,17189.40373686675
82100,33145.04309581943
79196,12047.627813077728
103420,8904.712975209812
84430,12182.028907083766
95116,27593.500626828456
88758,9646.815609222052
102600,15817.032718690747
97943,24104.894775145454
82923,17897.086963773465
84173,15435.344173300547
91455,23347.687806517675
104107,12863.382695725924
84031,7570.38869450469
103307,5420.459962760509
103516,11600.882769592214
94534,13426.13403504971
89498,18688.608165672824
78100,10124.73501856502
86728,10142.051696093253
89787,19733.103760599657
99604,6741.360564057818
87920,13344.8554778946
95679,26867.589275412254
106342,11091.676046552493
105013,9405.71955580858
94526,26666.04386574643
79217,14686.917200073029
105206,20074.99997986456
80930,14020.655617183265
101748,9797.561310354675
108486,11837.116631444254
93949,30867.01305399586
99658,23592.02692786893
97561,18804.851123382883
101617,8899.940259212286
81330,47283.77316284821
101771,7296.070021104083
97270,6462.756047238574
101595,13706.220794693812
98215,10902.374155380307
84007,13182.684473427234
92680,22068.393534163057
78992,16293.395552515256
107596,21492.40663510428
77206,14157.272747114752
82743,11367.39511208807
83701,14402.298694115972
99165,10372.378199421943
94432,21998.714139001786
86548,13320.346443797825
76397,20603.628968917885
100070,6312.860033266048
103513,7918.444639768273
80091,18888.17391311605
76782,22175.202502032655
100886,11203.350350007553
103951,7720.531223648685
87351,17215.12846888823
85974,17616.920447670913
79314,21776.261786895477
102475,12369.018864473248
101614,7137.459446459324
99033,9882.430212297682
97666,12565.001423454887
99253,9433.79902649954
91658,20500.763257114595
82007,18349.547148129022
76687,52734.108585575734
83921,12191.037415354158
92186,25247.766748350346
85865,13260.634866926135
78521,9994.87470596628
77902,14640.064238910816
101697,14100.519132256759
98102,10305.738732872987
88037,10839.013343171633
87226,5195.695738660259
107492,8092.224797545945
100723,8691.232139106254
78581,14900.546668133644
104777,11107.388171916178
95606,15466.250206633002
101145,7394.227907217599
98544,10863.562648143048
96417,22748.282834719954
102714,10753.13629467557
85830,10360.388189326159
80541,26265.166911134973
88142,14254.516968606707
95553,30130.232015683003
107711,3898.1955823933386
82572,9991.942170293716
77820,55016.90232872847
94456,17971.76953331949
90433,5830.945923380751
78161,29491.345365439833
98322,32876.651039608565
101884,9680.015059956912
98723,10034.608462405913
100828,10198.057113524488
100612,13175.059384891458
78754,16522.22397314546
95053,53826.25130657993
87293,9618.568358475079
83679,15714.191774415542
102810,7408.798003421179
103021,14824.919410391274
90497,14897.124223396986
106798,11951.621632296752
96234,13381.047301628074
97962,8301.44322989548
81585,10689.75017296277
101255,7759.505318614777
95824,17693.133816698886
97053,14946.41230191692
106657,23269.357966489846
107453,19161.81473269622
77979,14494.353445890583
93717,18986.885101520635
100424,9140.314348740168
105579,24863.38812869178
85608,18341.04339234373
107878,24920.743984189594
83229,15691.574635273775
95478,28003.281770622314
104405,21616.272344323294
86681,5995.589823086033
81901,16447.743085239734
77806,14375.57153280813
102650,10550.877761401094
80845,22371.156787045966
77445,17061.600795317107
79206,30906.196754595043
105219,18245.50826835395
82665,4191.444706847317
79532,26567.35124609476
98125,6398.37738394154
77147,17970.386033377596
84836,9797.698664421103
105376,18201.648884662693
77343,29894.40685435445
108114,15867.729882125546
94994,12242.044311140318
88610,6191.117126948885
99609,7251.7680522457795
107243,21469.494806123537
98829,14519.099015784308
85362,15365.563742190603
87409,10995.65810147614
95322,24489.089672545266
86185,10449.537017398941
81792,31826.030447769826
84113,10943.406126626822
86139,15373.675440961642
84719,14811.166854950025
85120,14551.995282756017
101693,5435.988446456562
77413,20889.918052001532
77179,18948.899364901037
91580,52023.840152885234
84116,11746.896941863632
93025,53149.41538315831
105224,8430.684356107982
102854,11648.569901386229
76237,22006.78053483297
105595,21417.18043865692
80155,35416.67779980063
92056,26829.37028816955
103229,15563.941240183094
98783,11738.492511320313
106357,9071.987492045126
92305,30302.659403570797
96312,9456.69439182977
86890,8084.526096133467
93354,14200.143172468574
86898,11938.512246018494
76058,18133.33839423848
90555,8587.000768154756
107136,10826.630001727586
107052,29915.967108425863
76384,47743.977751734084
101670,13814.735638517084
102438,10701.10066547338
81063,17921.44071104505
88254,11556.026992828047
87041,9496.961610697348
84909,8424.903812080063
79053,20767.644189527724
88187,9532.594799921328
85814,11507.36197252103
106396,18996.7123189589
90460,15564.656489312052
79261,17652.799103141686
105167,10821.190731537767
84047,17809.90157721891
96771,12953.67039720096
91074,50486.496299712264
92357,26710.25931606242
99588,8770.317414011715
78138,32435.93229152101
94328,16976.34845446874
92019,12898.613753245301
77557,23959.55794848776
83024,16066.95615916825
94888,13397.937751919493
94193,29030.90030646952
97909,18251.823371257156
79111,43017.71568879275
97936,13736.287982451171
95276,38047.174658546515
107815,16285.05681944464
92806,21998.714139001786
91317,20426.629917410748
89507,20512.0291641186
97462,18015.630125229683
93693,16827.882349633353
81331,27108.182158829888
77260,49147.007662658754
105287,13154.158328896541
86064,5415.92507657732
94906,28096.12850095557
94965,17935.261770741978
105863,7577.152911181221
96962,11381.760711605917
82573,15599.014974925416
83271,9921.646153325943
94624,10593.160895568844
105014,23813.449862469155
99965,10753.13629467557
98009,11957.21511191026
108442,10660.691225626791
78211,31475.420611576148
87609,4407.614134043209
95639,15340.713054597212
83389,12341.116204648113
84086,16521.415187174967
105956,10772.33494103661
108384,5263.021919842541
99053,8076.6948100821455
85503,9843.33523452512
100879,5935.3256045010285
102238,16577.427220331545
107311,18885.95465304378
90740,8127.071412948503
96463,26583.496803824994
96521,28099.03696638399
100020,8180.17607266108
86048,16838.319389091484
90310,16154.71859050318
95810,12758.811695628616
106809,6670.286676197143
90420,13691.013418656028
77189,23240.084760523267
103940,10821.453583822418
99054,17248.552103142367
86669,15639.136996737992
108226,8996.474182443071
107731,15688.75121624383
102410,7168.0761588015785
107012,10306.333127655113
85117,6251.238004376755
89298,8678.461908966974
80880,17635.32673244546
86954,11838.222911094254
100029,14773.392237788628
98943,11170.768344673334
81089,31388.96787611263
89148,11313.008235704909
98024,9833.562946416656
84621,15633.561386641824
98748,22644.330667786886
106824,18627.993459199006
106049,21175.057404172378
108266,17201.98166289219
98763,5010.552284771975
100238,9914.22034465975
107279,11029.513035084703
78188,51382.85049818673
90443,14873.568359354596
95384,5431.859458245298
98928,21637.9698900603
83992,8677.73546266933
94914,19452.31791439025
92340,14771.281842481985
77677,13185.417332746187
90840,16106.40045517272
106434,33112.411982165824
83736,17268.66595371229
90022,13228.206755980786
87633,2590.3427408253137
101312,14177.410135042275
92614,25505.162471119933
79410,11365.505001704323
83220,10092.413153409128
96064,11008.692414500023
96470,9679.410771584848
77247,9492.853729091057
102732,16314.289522219968
92569,22997.23792098016
103467,11677.376680473546
102976,7790.2217238435
87220,18220.96290625638
82183,14724.56905157232
88173,11860.57702032203
94227,23522.34596681648
83048,16381.397922177139
85320,16294.628268045015
90217,14918.848106828289
97112,14576.734566454288
78246,10270.290506419033
82000,21642.45958757452
79672,12144.981604887404
93499,21067.631872444297
103355,7634.324104944658
93334,29407.821032756758
77302,14537.00025686982
87100,15722.207962344006
92568,40812.89610833105
102148,7680.906560591539
81098,21757.48680553259
77544,31067.521625770427
92644,30543.890782440136
95996,28138.69882209233
79138,14852.47250208596
97082,30465.337901213952
85843,8556.078308251255
103831,11159.991203809954
78047,26749.56898914375
99184,12323.306032882585
83023,7501.305789175086
100629,7185.343813517082
106087,15209.692610026852
87161,13597.50771167806
97572,9859.253248321622
86106,18109.66909204195
90163,13735.24666751317
95623,41277.18082889467
104349,14516.383413970712
84422,9041.592524414624
107061,10234.516821171019
78175,36833.37614892349
87468,11917.382979443908
87136,12473.419020349573
84238,9355.030247179431
85432,11214.10991857451
85363,19061.724602022798
105017,9482.73914482253
80633,29622.14483668528
82273,28805.51529148103
76668,21398.77812754175
100970,13680.234859314849
104985,10202.112411609069
76457,18674.124429586835
102241,8721.741098767921
90884,8627.33241737703
79706,22773.9919268604
92608,21061.782034195094
86284,10946.877832605764
103990,10658.154485499623
106152,17536.993597519133
97553,17917.770625176217
106477,9180.780027623034
78423,24035.952867926477
82766,17287.643546834563
77477,50777.193954770475
97680,12031.19018198127
96346,13771.446065718474
104141,17733.9629480151
80807,24368.005721294794
100442,11424.113425891801
107029,18540.451602753936
90213,6884.820730234302
88434,18705.461481745297
96441,10976.97094457374
80102,14495.459957629744
105520,29853.853429921448
78279,31219.632330431017
95023,9888.479196825083
76739,21011.258575198353
76776,32232.53660700348
89754,22615.501305464673
92585,15641.25969822546
83197,8964.975722818095
99947,13338.478657952348
108399,12826.391650502095
99140,8238.38766686963
91454,10748.375651949867
104130,8295.879347354185
108320,12826.121607562887
93440,29760.043262768504
105567,14540.573123942317
89460,7779.796065236474
79662,25896.184209353032
88491,15656.269030306745
77034,17415.731400866098
90404,17920.127720908386
76014,11924.897701003778
104971,9888.98097194941
92516,13432.161683467408
86856,9151.892612161182
90648,18432.220742483947
97201,10840.30778917667
79186,21283.84691126588
98204,9299.714993855683
82568,26240.87626521493
97595,6270.095352598657
101703,10300.20377060679
84202,9381.268641615981
97310,6932.800998722441
105498,14742.712766891895
78896,34920.18069648179
106029,15739.095139456662
90047,13869.569402797988
83277,19625.909332871324
103503,12739.202219026489
104327,19740.359382780065
78026,34094.355136786435
80909,21408.755432827602
85733,8561.958065354054
103986,12402.10190922065
103236,15521.560275176325
94181,24400.697026629954
78518,23249.994139354145
88239,8918.431719171376
94503,49044.696596720525
76074,14502.265671664092
94424,19688.795981607895
97663,19086.450182439057
82357,21249.19928371763
92631,26697.753813946787
95482,52132.212675484414
90697,14673.273429325493
78798,20009.460512549733
103348,13727.158965765228
83659,11263.532068363935
91108,14110.704486717003
77916,15280.088880815812
106086,18569.27767769061
81928,23027.87667365616
108406,9564.525442255032
89731,15492.33402252115
106178,12507.416090634244
107719,22327.69808611677
90633,17965.36027832778
100003,2177.881181518
98978,19383.193523413876
88009,15018.237066729262
96631,13836.759254165376
93628,19910.60659352717
87288,10232.872093036878
82057,27757.700854085688
82925,14965.271753217774
100038,9428.106168569328
78420,16149.601473806393
96271,7746.843377484135
97966,13734.882374011608
96110,8949.394613245544
80393,13509.96659343287
78706,18178.34227128284
107484,19567.161435950522
103084,10984.33475334265
99792,7166.871676708243
93476,36162.87110220351
88975,10959.921897054166
83981,14523.641684376236
79492,16321.328293894649
76802,30275.370498808174
83781,6159.244590338922
95719,28118.99792004547
106177,26145.570313033415
80626,30074.958819000956
76158,13227.754366183042
91434,18627.75161578129
80463,23876.74163360063
86263,9701.475945385344
107666,21993.392536735875
94262,22373.169572058592
103501,14757.963062548053
89996,16305.41385888245
87306,8865.542636805234
82265,15980.302172314301
106825,16388.17843668647
98851,17901.588534340623
80547,26473.117638113537
100440,10817.169886572801
103194,13660.821593143502
90394,31814.002071652216
86111,6675.529201520858
88528,20128.332905647927
86857,10641.308649689756
78099,8360.827167843923
92331,19338.9854207902
96016,17939.15424880408
91750,27058.017739631152
92459,21902.65542743429
107321,24783.837169644205
87091,10338.83796946008
97925,3773.2047597056653
81737,16439.60860058552
99093,9267.18806525778
99531,11135.226621688838
84423,11013.861751325343
76406,21974.624524415085
107350,19062.16212321909
76326,50577.385096626116
84338,24109.27088573277
76577,23846.726618753917
95385,12758.811695628616
90391,17559.720728179815
107624,22857.167334320267
99241,6197.542226657993
80248,20600.03167365141
85295,16294.628268045015
96343,9781.046513576352
80926,12345.90274701776
94027,20324.284943887527
79544,18945.893384614905
84425,10602.517562848263
105264,12184.973759688819
82643,7367.468976566403
93474,13164.700455872793
107072,9260.954036207413
83519,4192.751206390592
85962,17312.338668165845
96932,30157.24186222852
100759,10357.08695758487
107022,6865.623385256782
77012,34608.742126856385
100651,8081.207012248958
89430,21250.287696153035
88981,15996.305104356601
95740,22709.521336907204
101954,15050.560787039558
103408,6391.002865240251
81304,10731.685185401862
108421,22115.511337299835
93532,20904.809421787115
101576,13714.859189975334
79931,19761.369661105684
108176,11782.06151013653
84455,18130.33923167787
106797,28395.532664476374
76513,20637.20933017516
89674,16530.271513030173
77722,22756.748983375153
84754,18064.961412561235
106492,10585.568246998078
99242,7983.018977300869
107569,11890.147294879313
94320,18749.605415995604
82637,10079.998675290088
96550,18773.278738347803
105480,19809.44055944027
100624,5766.881308923398
89114,11832.984276914991
100866,6553.52247030882
81896,15934.793111056531
102689,16526.080766132814
97911,12003.123012754451
97099,6756.939107756767
92071,20551.68262300744
95849,42054.56852061571
102903,10507.047411261923
103725,15311.766808137134
101176,11758.439110599973
103887,10489.850896546663
80921,25913.07140532508
92266,20943.631149697674
106467,8169.171262209673
92139,24067.11820339589
106826,28847.979299280465
88193,13724.016070958804
106211,13760.228910355772
88612,15662.261385285212
89179,16369.660905580784
80004,25842.03782797119
98225,8866.788323404797
99856,20952.327266281725
87150,23835.334767129647
94786,28794.57848314523
98471,18805.02301777998
103319,12683.59709555757
89393,7788.947758103381
85789,15862.852438399732
97761,18298.455497001676
101800,11062.65835611064
91588,29441.297211164736
76096,10317.925494702275
77378,20879.082108368668
105010,17759.77762563943
93587,29334.246012628202
90171,7936.573095533059
90438,7889.160034776265
91148,17703.203772703346
91323,28880.713467859427
98577,9228.787131673696
77741,15338.658805682322
87789,15671.388864108627
94742,30000.899573714276
78295,8217.054628583324
104797,6902.986791589039
77425,11432.671444292591
96208,18501.024687577516
100731,10348.734605771628
93163,35590.44067310912
85915,8250.332178260107
89993,10449.79589166271
99626,23987.607173073895
78228,21311.222189800385
78779,12217.307007203184
78654,18481.871285327376
82947,20221.753959604353
99479,6047.259093886734
90585,15009.48710800994
79933,21830.06287120297
79287,22087.602989111976
92899,27973.535425964357
93755,26486.23740883316
92117,30507.35899528614
102417,10514.690425096967
106587,27269.043725288924
108201,40164.92994183952
88442,6707.620395143236
82673,10346.04319292578
104223,11114.244482465858
86036,5325.892041324769
93425,25800.259450459675
96693,10178.579055256892
82050,35272.443516449974
99460,7138.998576312438
81829,32712.360399430298
83925,11939.467554868112
94041,31522.620060036712
82035,16279.393334494784
107368,8721.479480679955
105591,27515.793179772023
107782,9532.414907309885
96340,14041.635416650517
97566,8259.097008850584
91719,14179.66476005657
79210,15939.290494067687
89898,9289.038568586593
106642,11753.855640220912
93485,19156.73092924953
98774,12120.872164449744
90967,19307.051336246193
89550,17457.046517305378
99247,8675.709474907733
99897,6888.466806066057
91394,23809.33379450871
88135,5345.693618787024
84111,17436.671160322054
91479,27985.813114984594
82622,7857.885208028401
104106,27406.551001014537
77050,30149.470229672777
105631,11014.44516287663
86427,6750.755954727925
93552,37225.55731577665
81830,35435.25750987057
82034,18724.373674667488
105857,19664.296093645033
91623,19908.768012010558
87886,16721.881120914146
78123,3438.0474223708493
101951,8780.920723535792
97543,9920.74441491198
79462,48017.05593615287
90234,6002.981044438644
81860,21874.92598248436
87045,5211.7149027977175
107162,13559.22319784991
90414,14664.781265270996
78353,28506.62776522575
90940,20650.917685686803
104123,25270.074757412352
88330,10083.103066921793
84769,8036.033223405534
108396,20524.85998380192
89556,9166.260092474793
91348,12320.947949924104
107687,17842.98181083257
90777,15117.147664916407
104801,23383.286128166183
82951,13188.902499466847
106440,18359.152934323385
83562,9077.533982266154
95283,21384.992592868584
84042,9257.217974726593
97883,11731.052604852523
101997,8244.930750790636
82566,10328.58323365539
87497,11969.302623170754
79697,12685.805463394327
85723,18632.117233227516
103511,12631.38413487791
101075,11103.737946464596
108424,11296.683208382288
102011,13510.310936005726
90054,12507.912024388701
105933,15565.12534545578
83807,15444.679349617203
77338,29354.33055942207
96060,7445.666781832217
103133,10622.196912182504
76548,17469.587559079762
79177,23664.06469584569
88937,13841.314253246646
105216,9673.62167001689
80415,12506.017556121855
89404,4555.101303456159
99503,12396.169090365562
102640,16094.858349856362
108003,30230.94865851981
78038,12606.774748120586
96267,21949.272081065094
106361,26997.98537097866
90046,5509.150771431375
81034,21949.7426720776
77832,21509.22285611315
76482,12116.44136009222
103687,9129.468059692957
104148,16541.37580310996
96008,9526.58110253493
77464,28907.774961024203
83612,16359.405561952828
88727,16310.07333939994
92881,20790.835867055815
78787,34665.45868148207
92593,14373.463289196643
93216,12809.87274039336
108447,8524.41341277939
91746,30348.123269087013
78670,16603.48372000785
93142,28646.41041465253
103515,11788.145191591
101254,12226.561505295906
103532,11414.099422173611
95650,22576.83531440744
100251,13753.428466773705
82597,9617.556618621697
83045,8345.314507273984
95764,23262.734536342476
83685,9555.492327115313
108088,17712.43537898149
99800,9059.948825448493
104273,10615.717246461814
86860,7142.6605567928245
103756,7735.3400659202
90038,8923.007180018229
81692,11211.039219934722
76875,12117.0850750415
82474,9738.607677930298
84165,10696.73450663531
92416,20120.596033747333
76486,14744.359603060684
83332,16348.030544445008
86362,6626.46647950716
99000,14122.990104784105
79474,10479.23697731894
81625,18442.257605140097
84416,10904.134512152701
107026,42437.663480345356
78888,27209.613332028573
91402,13481.344489903571
104996,14467.752719978125
108161,21879.447012331806
95547,19341.832012519124
81861,13313.544355749247
77574,34900.79337589145
88480,9487.774752144715
78311,29963.279858394108
79130,27365.302796689633
86087,21011.17745945774
96083,8879.916935821044
102730,5320.775456827387
93459,29577.16268951669
103121,7097.136318503485
106519,11767.76329924613
90685,10049.812412560068
95357,14467.13991531048
104263,3926.9323670410763
92978,26398.668896005474
85290,11878.27233428037
90632,7518.902562585407
105283,15099.262516272716
77070,18953.4287213988
97304,18839.513512162775
97350,23670.304204829532
88499,8686.6951568037
88773,17138.42893946717
97413,10917.42336220112
97795,14485.345679906026
102571,5143.788239977633
100395,9157.22323675533
83692,18011.465917569967
88058,10406.973644219976
88108,19881.153944874244
89818,6336.348389062786
84732,11665.271997262758
79794,14694.809375707375
103320,6156.257830548136
91794,14420.025010091118
83061,16432.58667462976
88593,13393.05058455001
100252,8682.844153227881
87177,7140.321914237948
108018,8758.511944749835
102667,15628.449483710396
77541,13190.581813606164
78985,33397.78000228761
96495,13601.177676140906
91698,18539.852932612495
80282,19488.43885874533
92825,28184.956627416566
92684,25401.540489085783
93840,39061.54592102316
85266,6123.93436306196
96656,10196.894715758175
87600,10904.134512152701
106994,7735.622635774296
101405,13236.1243180449
86756,2906.1554654426077
91439,13218.262830243011
85088,9222.629717143343
93892,16076.967004538501
108240,19175.352529371306
91934,26257.683054595902
79263,21273.982784884418
99012,13481.354175014647
99507,18599.800133402903
104775,13708.806193442857
76783,20518.933392446503
98630,6162.907695348624
105799,11956.88193964381
79687,17768.86042801055
102242,10421.28114790343
104987,15233.85012659696
76197,15715.365162813147
79819,40539.370932428596
105059,15566.178733715136
103748,7768.020542557909
104789,21132.38714905542
107740,19758.772029948093
94310,19260.956779354354
95974,23760.4681896768
78991,27581.324791564617
85346,11942.042711223217
104905,20551.659965336188
84858,8306.625352159534
95021,22844.597059504933
79234,48400.93687161432
93929,28520.456477718126
93964,21393.74817690308
102327,16556.5158405359
93930,41190.46022958992
94220,37128.53608321706
97355,16600.018339787144
101356,11777.842977877286
80132,48476.09811269756
96537,9743.301926257833
95767,10484.491065321772
102780,12204.954580212348
98549,5349.576762892043
91031,30370.783365895524
91922,20154.428979819462
92327,19163.313804000896
101273,7676.123265703073
83564,9619.991392895838
93121,15990.283356556378
91848,23024.809202388595
99112,12634.532765240147
79484,20935.888391155604
83792,12207.51146121518
88337,20802.845570664573
98896,5825.97354585011
82576,19535.352044756488
85186,10704.129835583457
103570,7462.166458740096
94806,26737.85789144556
107394,8649.624303492667
106891,8531.191908699919
77508,33272.356369166395
78851,44014.393968385324
81113,22901.86389814494
85437,12134.05193191681
82280,10730.390567365148
85886,15614.300669956161
79625,24998.4808753242
95239,39510.360308220275
82313,50720.95702993157
90789,19980.471348048697
92484,20721.684460678003
88349,6563.359414041797
87936,2518.1714517624755
96057,9992.38325444987
102286,9811.885763170394
97187,9103.418875888985
85499,8671.133876487427
104015,15317.236522948913
99732,12120.872164449744
87915,11803.458342324806
81687,11726.043012108346
86009,21145.64728784204
97444,10789.761662898622
102004,15639.236025508857
104458,8025.400103873738
98519,7201.71452784801
82785,14959.200321513117
103479,19490.545869092144
100675,12767.633636296126
102764,8223.492265454206
84770,11583.33993319942
106124,6883.876013529566
103447,8000.510639096403
101681,13443.716173672186
97714,15949.903183330027
101446,13668.16030759894
108526,15941.952943749813
92403,17080.70257101028
76218,56898.55359090331
81456,9990.57260071251
81297,31335.235006842955
90637,16003.608660911528
90327,8209.439913946237
95775,14220.164341275511
89328,10016.49153420054
76281,11428.652051102124
105285,22606.063034712122
97967,15380.092056723088
103677,6729.8826917528595
89371,16641.675338242057
93864,9411.977834462128
103191,6813.145455901998
84138,16238.990109424374
88931,25935.04060049583
83174,11280.47197987557
96700,16616.618090707743
90557,7250.899931313427
106224,18487.64204156553
76032,15022.757475250517
93904,11978.307429043978
83233,9826.916656548536
97166,14170.339198753014
107008,11966.375016409273
98411,7788.377807750932
76898,15244.454136437036
77335,22345.68690361225
103661,13352.579540219103
89251,19392.0060953148
107278,10797.840760321551
76306,23411.586367266977
95821,32774.996523432346
93738,26996.861929155413
102085,15211.217992764454
87697,14591.329117954856
95925,17504.472345461247
86432,15679.518761975622
77843,9364.336141490661
91784,21572.59782796815
101658,17361.10483161359
77139,29572.006190316362
82509,9777.38264090808
92105,26110.853557322072
89714,11930.574110348449
104701,16601.866220577638
96529,12904.01810817168
86466,13548.001155679636
91745,13334.318182632083
89336,12316.338226263233
77392,3788.5519684930077
107821,24874.634955410962
96431,8291.58415242528
96177,9659.606006554492
103091,7097.136318503485
91003,19539.321754232995
95781,19302.892024543045
96216,12923.638187218576
78178,48328.61079892232
108259,18888.289516815694
81909,8289.805302519226
87054,9155.116439068926
95949,19151.480316885725
84912,15702.620035825672
106750,9938.817681136827
105535,8644.145831739565
104790,10042.030282822716
82394,36444.712642596205
85536,10226.173214987322
88663,10159.818742805903
95114,19918.11959808795
87720,9251.025391079607
105355,6781.955039634006
82633,10010.255434478679
77178,17590.971393386346
82650,10910.186835320163
88354,17235.816621542002
91594,13747.498943774706
106838,30383.080507996434
92201,27603.916729287586
86903,17590.24642965625
91790,32368.286805549462
89435,20497.297967414797
106192,10533.878248955778
100291,7553.604026224279
80263,18467.974685424393
105259,6543.060024042771
90581,13082.535771371573
82168,15076.083855047542
78900,21968.23252076836
92927,20692.10140446592
86035,12953.911117563895
82812,5841.115839360793
90960,15683.144181058591
80564,30719.98343938914
88136,12750.89589118467
81598,10813.065430532242
84515,18866.50598489019
76559,21116.814135941004
85602,13192.377015440294
87221,18560.94211145164
103271,6088.806576311318
94627,7135.711909321757
79016,17251.318300888935
89875,17042.229592077783
89037,16565.872242825146
100203,6358.113531683872
86521,7296.5627949611035
100287,7169.461580146082
100028,9359.487854212406
99993,13096.068842913888
89572,16624.43469080022
89439,15163.800845335276
105686,9510.748295260071
92939,16180.676170455388
94055,27100.986100292146
80380,24021.26212561184
99967,5019.044556259413
95543,14899.07354181658
97455,11311.212174236665
77160,13577.747542941555
105212,20173.10683319687
100236,9898.335473028808
107291,10791.375727790577
104571,9272.513247461053
107474,14073.340861402407
93115,40527.36667477932
92068,23200.30727499185
101225,12209.621534425549
87087,12605.083024407573
98133,13893.921484779226
108494,22667.02105731893
93501,27361.46066412614
99785,9820.72325446321
99377,10352.049818437134
104791,21785.820497881024
95521,22847.412705632414
98752,23886.075978768044
100191,6237.716324103641
86298,10743.294967844331
85617,9439.054892581687
101651,13339.641084989626
93014,15990.283356556378
89934,8633.82783867777
85334,14293.629559271232
97879,15753.44263116855
79690,21619.925128943105
108126,19091.91508805271
77117,45505.8530844749
99027,16387.897247653083
102822,12323.101022022198
80603,14594.816961908035
98014,6565.654298362939
77131,47267.8298232736
93449,20909.868631853325
96996,17954.03401764186
86682,6475.421046291811
88766,2550.6789760532706
89860,5185.774387931912
103646,7305.929348003701
97690,18414.74590914657
101168,8783.424230865254
106415,7759.959510980905
83711,20130.51837122089
87996,12171.267176288095
79855,16288.975655327145
105266,15316.265960182645
92717,41127.54556053382
88833,13882.268056245863
100290,4918.751232564991
79845,12861.60893415673
102781,16591.058862079033
80780,26738.087298291568
95643,19599.59240497202
90478,6058.567111964421
78919,44286.49456752619
87599,19539.86231697629
83576,12773.594859727616
97582,23310.9126079812
98560,2912.903561756591
94839,17182.991395094657
79584,32498.787931679224
95009,38983.77011215348
86194,9842.05433557571
81291,17103.151444974694
108264,7738.887894524087
91618,27084.6809965672
103987,2266.6095902005954
98687,8193.443239766893
89683,9029.46612331429
80178,13784.012931329169
85041,9138.93288335768
85795,8213.197338509532
92667,26398.268665415053
88648,10010.349182711352
81003,21435.980445997033
89530,9803.022247182094
89343,18773.948009983247
84383,11172.262388779627
95447,20804.541915853115
103195,12451.693084103603
87916,9463.868577136072
79701,10479.483637346519
78939,34097.93098741467
90700,7567.284826844673
92770,24706.59929937734
108076,30194.047626182197
76716,21937.343142368878
94223,16896.68813959754
97551,21346.728288530012
92126,30686.61665022406
92616,28499.409673597365
101680,11690.61598747756
91237,33225.329576721284
105108,11818.975045864667
96867,7645.461639355751
89088,13499.043337876645
92402,20313.131022441234
94049,19508.981850791763
86720,10004.684641790684
100554,14675.872807674512
102551,13393.244410140478
88297,9946.923219335114
85365,9936.178345661265
82994,7415.709015272995
79914,13272.75137148459
108258,17367.340582648365
76068,15394.948129081058
82252,10689.75017296277
85769,18258.40768042018
90927,38883.76594483762
106917,14543.184373436254
97051,8219.162870477418
89757,7480.400683120909
90517,8340.093142638934
100679,5847.168098473947
102698,12736.94036331548
76935,15557.078885294695
94802,28605.587458966158
106017,27095.953510273914
105400,10411.146576792928
107120,14362.89492590327
102046,10154.1152145682
90067,12483.627621491127
82781,13270.771461589553
95277,47298.16272315854
95689,22901.487415023246
105027,20096.596578008917
85236,15670.522505050423
97380,17312.81106481776
100285,20408.861051026586
98812,11656.67807751374
96265,23733.36520417269
101336,9761.53311873105
107335,17589.629070206614
96385,12779.299096424173
78322,36152.68738632758
91805,43449.29914203173
106808,14911.338637180233
91272,25698.173926530548
97409,9454.992538169747
84801,13163.721286520115
84783,16801.180697396037
78594,23529.331500152504
84618,11537.75745750314
95162,15937.380249874677
87803,13916.215321787706
92565,14846.105704237114
107155,19003.285958584504
93075,25370.037052338907
102973,9311.50228635719
89247,7214.500052649312
79555,26780.838629269
90326,20908.642318161073
107169,17774.508528730734
79268,19198.11854020271
99954,10494.85923846988
80374,25986.224399082654
101695,5052.5575860333065
91260,48887.1939656044
78376,21040.258182774614
105554,11055.922450634875
106897,16853.593392916
88890,21387.460953274287
85043,9184.220101076966
90014,16106.40045517272
99924,9919.82777125338
102210,12600.391019318782
102041,11253.662320087207
78082,53180.589878935694
106653,9044.086418645918
85042,6882.669445447968
90502,14771.104491420521
87396,17299.1987245266
92489,19861.504022203542
76383,13836.956151431596
82522,10672.063714225305
89906,16315.487073033572
103260,8028.793158028413
78162,12519.854052609395
102594,8481.406933130878
103841,7700.915925186925
78789,20427.61515634776
106717,10651.201625790934
88775,7055.812385491794
88109,12967.689346485327
87997,16297.858551289151
88027,17548.011130309365
93890,13910.670257443759
94101,20007.40850569936
102675,6381.140846943483
101475,10963.027418138747
80558,9497.307754081157
87171,7723.834655611465
88266,10722.739814843571
101850,15212.663328842626
99649,16555.79408711935
105512,13255.56015110635
102290,11540.075016376188
80390,20781.16834308747
90266,6590.535070481954
84938,10006.336485649297
93151,50143.025923706846
95267,31441.279070664154
92188,22419.01873646281
80014,22719.09708732223
103390,11927.54839667015
77627,23890.087462312993
104741,6850.5567510070405
107297,10011.407772884386
93101,24078.948887889837
94142,19086.316674846763
93814,24607.192213274317
92300,32529.571231327776
89616,10121.688095437696
102876,10548.50112860968
106731,22230.041754947855
97653,12731.78088468689
86484,9351.274637744367
97041,10699.35378716808
88263,18117.43309231573
79035,17951.683879277058
85171,21181.036207794667
99949,10496.504654846403
97528,8540.180110307469
89333,7287.999015602777
108420,32037.00039609914
103545,12476.272435250345
87578,10948.673169297992
89794,8496.870991230971
78220,22081.676673270205
86074,10108.045373212184
82330,17583.528933804162
77108,12340.663986873802
90682,19931.806531773633
105643,39760.15047858577
104819,31483.485476911123
98722,4741.320318012807
82464,12244.446349317554
80687,26429.13945814021
101340,6244.20644478068
86763,16085.57503433867
103549,6753.240001542096
85520,10796.374917781604
95658,38653.49844733014
98745,19285.117950790936
102751,8062.925553994849
86044,17972.650729680983
87791,7133.275052135764
85907,9350.284411177909
82976,17133.07063852415
87738,17508.721650513722
96035,10800.692051339127
88577,14861.710365021612
87932,7024.016063265714
100197,14875.105013988155
87983,18756.11467767583
83455,16063.283938371618
100627,9098.440735350945
108491,7260.985715521294
103896,3751.528247435149
100166,15432.301521714457
84224,18136.716769831346
82279,13971.436449577111
102695,9643.759827280785
91730,13753.627249333835
91520,16688.58989782899
93441,22969.544970934792
104061,14885.61758560434
85328,14643.388298464628
78431,12433.658204917065
89987,11103.14289274926
89785,8701.232141197192
87524,8447.967093942761
105313,19833.083025188465
97204,24721.821536662108
81190,24164.08196056999
106185,25281.932775124857
90483,11651.755279841205
85436,12510.287957091068
89422,13731.824485202522
94943,22496.163639757247
84834,10171.552397033174
104864,11622.820499825053
104593,18083.63614606983
97614,8105.655020167016
105794,10489.365177416204
87647,16670.05018194702
79445,23502.353962780355
86179,10456.740037737123
80653,30653.266586314985
86987,8921.587249735656
94399,13648.003651845833
85016,7871.634192819752
97822,9479.323048260854
78119,17796.339744544708
100744,7101.979129413478
105979,10489.365177416204
99994,8388.510981569407
100774,12138.629529695721
92935,20677.757673599746
98288,12491.654465488977
76583,14059.836579727278
83919,11263.532068363935
81696,38796.922057248215
82491,16547.975542665226
105912,7855.585127980426
81324,20120.88065852046
76616,27648.610196757836
77437,27634.465976134456
87372,10814.89244708415
92668,25728.262191439884
89936,7225.624211644978
103228,12180.46822608188
97587,10123.359466439986
101465,13220.999401226927
83831,10215.668474882637
106127,16740.805187881037
81306,32720.246663182465
90977,17952.82782301805
104439,17521.36066894414
93212,14659.080558758664
102209,9433.776654357704
100072,9478.90159305843
82518,13211.065937787933
103988,5051.397151418249
89788,7126.423174696373
81061,18457.99503270794
102430,6756.735227964525
97938,6825.18972692383
82243,27060.903200735378
98210,14364.837051629285
108342,21084.11195147552
83764,10693.629602943874
106233,15581.378035438915
99659,7942.951724872359
99142,10938.91941388827
98655,11471.70785248741
108449,16512.38054823714
104515,10519.62184201866
97931,10771.918960400086
100995,8954.786120163837
96070,22844.39658132695
76333,13668.28537518346
106307,11497.631320397564
92092,18107.605170576408
78883,9035.120640478242
94921,28706.6373839118
78172,36097.7295168012
96430,24527.831510355143
82844,8546.006947325719
82378,5799.86217087295
105297,20035.382855620566
95050,25518.325329736537
93124,17707.20347686288
80112,21276.073111045655
86478,9319.792090245963
83917,9713.7781161426
100721,12715.930611722368
94123,31611.710302946358
100693,12713.974397515241
106688,8526.891794111314
102131,11447.328619368707
99935,7628.012445896963
102108,7900.5945992031875
82729,3562.9675102885462
77495,16336.064539818271
98827,11633.318591330695
97526,18719.790530578186
104954,8662.758183894657
78155,20477.837483659663
79469,11741.836463368307
98055,11690.923490875706
102443,8625.034345297869
91468,23121.508912488527
96944,12270.378302551067
90974,19776.38171058248
97294,8610.083509546317
98347,7109.633862490603
96505,16298.746413456278
100542,14793.07462234874
79348,19162.48379313577
95285,22811.320518296394
103440,9204.202326632812
91432,24432.648296794832
84815,13211.065937787933
88959,18025.87658736794
96017,24505.50408953172
105760,10187.929711183207
102874,10653.358831684547
103528,4524.008601257952
87558,10993.849833863032
95691,21416.696652958264
106122,22655.50159916253
92479,7752.438556650071
106673,5449.991614284188
108143,29970.377065471235
88298,9839.79150787525
102149,16213.35061802924
87765,16206.118749560275
90258,10877.536451459478
96940,8898.542620206967
108032,7653.3586445942265
77733,20887.36574698977
90186,7238.914401849847
94702,17011.37193557738
95120,28596.107060624254
91144,13261.848072267843
103053,8395.155869928358
99408,13567.65464683937
79533,31009.89789501783
99369,9900.651431640146
105062,16184.639782838298
102029,12746.046758887123
96368,20322.23307208119
101066,11574.11341444119
100088,6035.1297770802785
84869,16499.447894093395
100736,15521.560275176325
85981,15456.716317205151
98872,12521.594197253364
84037,9163.118917341426
89217,11363.975052269276
89775,20787.268609423554
88379,21778.45092437428
80011,23981.46285806416
80836,21107.858276644783
105215,12278.077480065358
93719,38086.67853120293
107968,16308.967313722123
98967,8978.874411110173
85591,16380.699283586595
80478,10577.702343442297
92882,17731.729874606735
89721,10030.753388428315
101878,7976.870531584863
102301,9765.608981966852
101408,7296.070021104083
81446,12198.640859097857
100045,10656.87657589406
82986,13956.047814068887
78772,22850.17036564902
78208,21451.843520648355
81689,10911.852769066114
96791,15533.716671990567
79141,13035.796659287096
84271,15817.852547688834
94879,16726.34655663348
107759,11469.839354566213
83675,9212.506475180298
88258,13640.700425652574
96976,17611.533604540877
92824,16053.667577224878
98414,7677.308080985011
85028,10430.996837005592
97506,8638.10620014988
92767,24691.659693361904
100210,14842.494980847925
84470,12036.902712305053
90627,7099.200851229496
98768,4728.288195349707
105263,10091.02528981249
81662,33783.21793088739
93787,15322.822512992027
82688,8968.835593265288
88923,8980.659352243261
97463,9540.018117939933
93008,14588.937556536264
86807,9324.538420532404
79997,22342.440302348255
106742,18010.011994861725
94777,11498.392894440722
86594,18705.966800485345
82991,17229.413436234114
102203,7861.450039142338
103539,14654.430891569213
96264,17693.83869973013
77721,14246.056359313914
107801,14033.708514523663
99511,9569.939752005726
92801,21225.86491953558
82658,6588.316135642932
91732,15968.195519477897
76557,22136.18272933708
91314,37642.15862889566
82198,15303.239606346824
100607,15092.794932366774
80984,12029.055174797975
77901,13834.97249946146
95736,17322.516820921395
86809,18305.659111396304
78288,18207.529478378223
101339,10623.623011689695
87249,8588.399502742774
82143,32935.21915191624
83850,15496.209450925715
106952,12901.379326220356
106504,27532.231971057
87341,14525.077888147203
94165,75679.93209432448
79986,24029.75488021736
97235,12150.520217860181
84860,10097.126178113438
94913,20677.757673599746
82439,7871.634192819752
83066,9587.450025391894
76993,27748.871483863884
88803,18226.215534726012
77506,25705.0712874228
76456,19366.798435796412
84599,7397.968223776233
76680,23983.180486785637
78685,33196.42522679144
80310,17957.027479697193
107412,27458.51284918704
89792,5308.756661591811
87421,13850.844859395
88821,12307.217310701597
101930,8008.972025005452
105822,11225.26496179237
97642,18843.048529039632
107339,10451.96687485626
76550,20618.02592233386
88272,4905.131736705233
85777,7007.898110774917
104995,14496.057339580602
82640,7444.961130674115
80887,11982.104205475976
105022,18337.26763927345
79920,18760.433013546655
96724,13929.055969837722
87654,11605.358838162954
80242,30801.601836124817
103464,10661.431867060972
99537,10092.285096124495
92524,28801.608534396066
83634,13500.852803289312
77597,16038.955630524377
87830,18430.05338628145
87700,17903.66875110723
86513,9355.030247179431
92891,11707.200441955125
79513,12652.673470466289
101087,13884.454713033436
85729,9550.499290333883
107672,27589.445195205837
77549,34659.76164678051
94307,23074.733878281462
84500,13290.902236651149
98867,8038.0027807731
103039,11992.575641631904
91192,29600.511581099516
82205,12217.395173421504
100369,10321.174525477247
107529,14640.19748814147
106073,14407.214978420297
87934,8678.461908966974
99978,14498.411068676054
97512,19487.437515263406
78085,22572.288430342905
83329,8840.707171006312
106679,20304.236256930777
102680,8954.786120163837
100260,17883.172416186433
98100,19796.50545565981
79452,52133.60217794163
94814,24555.22636820508
83431,10234.96734964502
102298,4019.7866170204998
86411,9684.259864168085
105783,12843.093443758784
79588,19459.017842777263
77976,10043.632839632537
103387,14772.397748564283
93070,40210.95834028979
108393,22034.94667144381
105094,16532.30072244301
101152,8139.683401394582
87464,11537.31551027544
92410,31063.937706215445
102395,7993.746623170372
98531,13034.247484016863
89945,10382.969236018498
102454,15764.364756771134
104729,15091.250866749488
89493,11105.68408720186
92058,25385.854285119847
93884,15985.014642128395
87594,7502.437571623589
100891,12444.407036619747
81535,22705.91346268093
80847,30078.608899766856
90120,9574.18712774245
76004,19991.370063391136
76670,16424.43440883149
82018,6447.128584423574
90007,16071.263316783197
76604,12976.896742232022
88324,7837.860918930859
84260,13857.108267907313
104662,18268.627153690148
80740,22536.38132903222
94973,16865.77617119712
89099,26300.932888082752
89528,16075.505638146717
87947,20548.07300138975
76967,25616.140041286646
94126,22788.07840380811
92187,44603.13990949367
104140,8164.220401439297
80573,14935.609193136492
99372,12889.698995995108
79790,26116.579149528858
94392,24202.72888913318
103573,9851.946589708725
96538,10190.983572893341
96774,22198.13015222251
83631,13640.700425652574
89532,9699.587947286915
83991,18134.18069905884
95769,26339.037371988903
83263,16085.57503433867
87065,10235.731847806372
107642,14325.472976314502
85968,9062.648903981984
77321,16878.316177788525
79237,24719.75977870567
98975,24940.06078978827
95590,24127.574921423817
104906,15381.189356703308
103289,12238.618202293916
82134,18761.067840784468
108432,15764.166839815733
79361,16423.10213768157
79283,15686.040937308097
108270,10467.055236108674
100333,6502.631536410974
89059,8317.57947427157
96852,7065.94595357645
89651,18723.051632567753
82856,5408.65453447723
103072,17958.796532756205
108315,15342.680121849504
95664,17948.333081253873
87882,19867.301511753907
81682,25024.579112223513
102981,4448.129930483623
104776,8730.533499589148
97621,20307.709014133565
100451,10967.429818878934
94393,38983.347032822
87416,13533.265973014155
105999,8896.143858826797
91075,5359.492771203236
104390,15222.327075848294
78471,59125.44546182607
91077,12971.677508642148
81733,16544.018298304647
81475,21083.59263595544
89546,15303.982900993335
81968,17152.604741182913
82201,19707.871911918144
100703,15844.368500562005
108173,9066.120436090856
99283,2329.2389216053652
88618,8191.8207347068665
77172,17714.679741959713
105813,13256.26067553513
85410,9062.818803640625
77665,12395.461245369434
106427,12489.164681650045
100684,8438.349380177404
77682,116138.40785037309
106196,3620.186295099032
88627,24277.57653585713
108029,14569.319334062124
80142,22389.300600535586
101534,13512.93694542518
106737,19407.547962190354
84776,8079.861456078187
100686,7448.841109858827
100393,14856.359143951833
95593,19215.388942812224
106482,26998.200242081537
82594,18066.73176303697
95052,19076.1466628636
77581,31653.182324768957
105894,16241.703493935353
98981,19828.36313936413
103791,9734.972458125794
89035,17947.140763676638
78988,50537.73479447259
102284,5673.897554193943
78961,19838.42703676003
100824,11062.65835611064
80563,19036.918509813207
106006,24264.559924135112
98874,5921.460965561124
92004,26995.64146956477
76541,9333.125000822
76087,10408.191986988624
96383,9048.552542049272
89403,10927.592865893977
85502,11031.805248584935
78453,17031.029683354864
105672,9448.908528292326
94086,30318.483311619148
103223,11442.033676588795
106894,3787.9041585892037
104079,14931.762453891031
76659,47372.54625610014
78970,11932.61440533501
94467,11319.8505747885
106317,10771.223266753737
90990,19710.042226457106
85168,15872.162131828716
85329,18767.498250332403
90573,17174.00757272038
87552,7491.29848751805
106650,9321.693871976406
97658,11768.391099592334
103443,10130.495956843291
108293,10412.464931108172
106230,15206.85514587607
90762,4976.7299626543345
90385,12471.078299463921
92892,27636.883852455685
87166,10743.294967844331
88217,17365.041456889867
107357,12259.349768107186
104588,14930.668251610508
106711,24168.114561056464
82117,28427.4370281567
76811,23180.124401751396
96629,13446.41320669594
82497,13717.737022428095
105204,10042.030282822716
92020,22108.62025260813
103534,11563.348276310415
87801,12284.800066935495
76388,20268.18678954203
101512,6570.0168436398435
88523,13397.606472600106
82847,20594.354215033305
96295,22606.493406767466
104555,13923.414731587536
82459,8097.617160468644
88896,11519.761712436413
98912,18561.277365254587
87904,11746.896941863632
97899,8486.168364032299
84404,11084.839326221758
83628,35876.32755809633
98240,7340.779775659152
77405,54691.81800042232
95241,19682.413743703288
86588,14410.854236843066
100568,6874.167239225291
103330,10361.77644369012
88168,31332.0903825963
99695,7542.265268863912
105415,29141.74538545501
108291,8968.418283472613
82483,18632.18799016806
76215,12061.50929650428
95883,10404.80485042817
93944,17001.51155592957
80545,13532.080392845844
87133,13282.68998835832
107929,14637.34570631071
103594,10499.223251689045
98090,2491.651174013748
85950,7585.202668829909
97817,22198.601444334956
80349,11951.364117678368
92065,27448.610133606893
81419,22042.578680092527
103547,14971.397456117971
82647,17196.325183953493
103287,6985.05265724704
92620,22507.501023736168
97818,13966.3410426216
94762,16012.41906583579
86986,14281.890506005206
80244,14381.431044492443
81808,32982.28261242021
101955,13510.310936005726
100277,7619.249118206587
97433,10423.38118472808
101701,11645.020455652633
88891,17768.75575703013
97998,8879.88062188037
84676,6203.519765362455
85102,11554.945053740847
95997,22646.858144558613
108269,18893.55812511267
101745,11716.557623556377
94167,23267.72425598236
100965,2178.902210209556
96695,6637.486767014851
84077,9883.39847032227
95666,31280.86962235116
93525,23657.993744773
86442,10092.413153409128
98856,15391.32190925647
102762,12159.984140241555
91868,23517.295192821453
85895,8710.256497140093
83837,10430.987231185558
97933,23839.879168520583
77159,42975.562626155275
86267,13359.121069490615
102669,2521.507863846663
99058,27854.10642044354
83648,17813.720208006467
90586,16653.164168805637
96303,11896.308432424625
91599,27515.861090306815
104830,13995.356307985916
103867,10753.13629467557
103352,8161.13535594441
85911,10334.345696534356
86215,8802.352986433514
100026,9862.72998258692
87347,9054.791029723923
95363,16616.279246999286
105922,26515.41845156052
100582,10981.125076214546
90707,13228.206755980786
89442,11218.910831045414
107455,12328.089581104192
79441,37600.321289451575
99119,12772.87453997744
84855,12106.135654715514
95694,22847.412705632414
98802,20411.187502345503
93759,23367.12383074157
100855,2356.6031823573626
93601,30573.631787582606
103425,8535.757732774828
79810,31635.130694263025
106082,11264.175049647987
96555,10374.10951098601
76273,15229.928244374165
81265,12073.487879116978
76722,21526.98750035347
87080,9279.20036075261
85477,14071.954831258307
100688,7837.095453000721
101612,7319.933787009543
107135,9337.350664471558
82754,7086.868478452525
77167,16091.720620632692
95627,36102.02223657499
77685,21064.71607097917
81835,20545.962584478468
108459,13648.400077996186
99976,20180.045962876924
77873,15279.986459225827
91574,18912.69786859955
98487,13295.189119273047
101067,5538.125270217897
86888,16546.443739114835
79051,21122.2818437149
105704,15209.692610026852
93009,22578.12988446752
79182,27445.005061141415
77226,19967.134814456782
83439,10645.117897734744
106093,17723.602186880562
85243,17057.621173056286
77181,16634.72067957381
85451,15869.142100707348
76412,45647.296922261135
87990,18121.792064860398
82077,31786.221379488943
86289,17772.751177925336
81566,21683.972295163334
82864,10728.612066632342
99130,9468.20439495642
96176,13445.884120699016
102269,8407.133516720662
91841,23479.132596953896
76041,21722.625115865943
104840,18595.429505934997
106253,18892.425348396715
98245,23451.903383402932
77039,21269.917045536757
100730,7746.777494730005
87739,5352.513347852113
107559,11764.881977069253
103282,11338.295775798912
76646,28230.332714906704
80252,12345.90274701776
103895,8419.24128169727
92491,24900.58959154739
89765,15222.448203834385
106652,17388.47612544467
88005,8565.003546343467
99470,9830.169328961389
77069,18268.018472815656
77955,26039.102323922503
90809,7411.921548116348
91610,21491.72814023804
102774,11617.76344238821
78231,9279.177487648258
101171,7888.305513350401
94420,9590.003419074392
91378,24820.65287552208
82771,10998.036798006497
99918,2795.0932732916854
103574,14526.923964607196
86799,13397.606472600106
94318,17200.278907980064
76950,26546.760130216593
101720,9052.128869374894
106698,21579.773183506524
103488,11058.794447215358
99153,17703.51868681761
104945,20578.19643360311
82708,16675.474702505002
80674,19070.877448815834
84122,11132.637608731095
100375,2805.766135009246
89456,15649.620794666691
82974,13506.817712476863
104716,25494.281929295394
88124,15688.049244208436
101244,9576.69616889407
82069,18899.272951189523
98606,16693.004118621386
94412,29110.333488035474
106030,25264.653911869762
89877,7332.004701099271
83349,15726.74555445177
84253,8656.577136895432
79774,21141.90168699862
87259,10682.723229753361
81587,8936.255370143115
94407,19152.73981180836
105889,13316.475382804554
90829,14370.170996678293
90286,8271.356524558643
90162,12912.047860179333
86022,13153.744065510477
108101,22782.931812182607
76814,13948.659925293347
106162,21461.439237084443
106605,16434.00208559552
99590,12310.02473360509
102676,11856.862900627926
107658,10845.684863975112
82396,13807.653340280209
108051,23370.56160227493
92955,26865.047126439043
83520,9780.812838342548
80338,16495.910568721632
89312,6675.529201520858
80751,29526.19841173131
90622,6930.750959758816
79431,22249.983572978657
82870,11854.365400729079
106446,21261.644991885005
96223,9405.93911528775
100491,6666.10038969082
90125,32053.602052345403
107869,17257.49901640026
78278,27821.4398682379
104244,12430.507746826976
93810,25333.22928383187
90911,26868.81075314947
81869,29690.71505217637
100472,15913.779876762035
101927,13271.886607169376
99713,18602.14778020954
108184,13299.66134436404
99764,7282.027013799968
101286,16280.015178108886
106534,8433.171262094682
77461,11605.737820416287
108272,11173.46149893786
106010,22344.645036854952
89193,12244.682159593529
87761,10283.784852258124
88154,12782.629300753073
97789,11518.018950699177
98271,7445.646165145703
84160,16570.332912645525
80752,10570.288095779979
106107,19037.94782883198
87260,10594.236372894993
76549,3390.77401288533
106619,9459.906998813802
93849,27706.004383213094
96045,19400.667290804908
98306,8509.365888260487
91896,41814.37611188962
94048,19765.044427730536
104918,9697.623986683682
97720,8079.727195261712
97482,8664.778982309
94156,22131.010626727846
96469,8907.75250434486
96918,18487.978048749734
97241,7799.800782614735
78150,12386.289187006325
77808,34487.82177361713
103265,9554.251790362661
99485,7092.736019085685
77860,14340.712501766991
83834,17402.44789220688
82565,5582.919622972791
104344,30324.515407126837
88984,9214.77479844538
92161,18544.73878555412
102199,18649.847673542354
103723,10102.773379013479
94677,19875.014949597626
104806,11786.26352617299
87148,15639.136996737992
78411,19629.49578832258
97856,12247.636028605617
80535,21245.093658178466
90156,10411.987457573758
82176,22551.579676954345
76790,10722.934251218621
91762,31898.405389754153
78650,31182.61742599755
82763,16280.121282013097
82678,10849.448963222485
100137,24008.664136636296
78365,30111.039483522385
88768,10733.326303344182
80346,23862.89364037654
106682,17810.60098854874
97171,21139.340789000165
81701,16068.003022392179
84073,11585.284756156349
79549,6642.7447498184765
100269,6990.537195358431
78466,30844.159089905806
80489,9208.384027834605
100009,10984.33475334265
78769,12851.410079038593
96821,20897.575541971528
107253,9208.484664011767
76045,11828.574470903559
85567,17088.99119711768
104651,9484.488023186894
94428,12017.39740069125
90549,16754.31966875912
100940,11652.005254905192
105608,18458.041789793595
105280,10563.085724341741
92200,16530.338227458327
91082,5506.381023952875
77298,24991.383212995752
99432,9693.846504233547
80426,7391.778532627344
100817,8066.192208063421
98552,13828.574875292206
102428,8499.934631635246
100978,9425.863845890211
96371,13885.273724213017
84334,7627.498492690947
90196,6642.561754946703
102540,11260.767013974184
96914,6744.165037745743
100895,9152.2791133012
105296,24994.78579878342
101888,5859.672922391564
104077,6795.813799757447
94267,31404.365742728747
96803,21506.926731022817
88905,8737.53364321569
106132,8878.716227268353
104388,11643.698512043005
92704,20085.716317942093
86345,20068.419080390908
98326,51992.64536673152
98572,27805.71588693249
98754,24983.772980484846
77794,11810.07753552421
101082,6503.985480020472
98455,12337.644150706741
95796,17413.034143815872
98861,19508.599307155102
87570,2569.414009622796
91904,20954.65718433123
84147,14410.854236843066
79470,29176.06997585826
100012,7939.62875790518
78698,19658.16404195781
84929,12077.49179173911
97808,13795.75273210313
85299,8724.803775523333
91297,53559.78836690274
100772,6507.855755395532
88500,7634.071203032158
86077,19101.390712701887
91891,18114.207451728074
81059,24298.166174874063
91023,26921.55801134659
94693,29057.075622281754
83779,13583.54584204984
102323,7592.86620819454
86078,10077.126900045552
85595,18124.442516424973
78582,24911.239030458702
82311,32889.93699028764
107228,25663.818726976417
90613,15202.694347732615
102643,9671.905640633351
87044,16216.467172038369
94680,22882.050122521116
86222,16216.071611935595
92844,23321.40841045963
107625,3149.0244264876774
98155,6740.7923022735395
95145,13604.077433288014
79545,16494.382916995757
86312,7111.112380045076
106466,11781.200824475318
102721,6874.167239225291
82720,7947.281638583113
89908,13415.61831755197
86593,4781.411992906942
86930,7759.109668509193
80460,15319.642281830449
85235,19223.028282546016
103331,13260.685447893728
96526,20862.628709613975
93359,16622.955192622365
104761,10845.684863975112
76684,34291.14041936567
76697,20967.839822832517
92488,20053.59264788984
107148,20684.431212018386
100685,8484.881335401336
79407,21854.6735040218
90983,20937.681319275765
80435,13150.683362328484
106658,23617.1591655044
76894,33408.38718338932
77367,16263.776834904425
80301,38255.41422367612
81032,18157.678883892553
107900,39077.514600455055
83046,13439.345303525655
102331,12238.473833282476
94376,10619.939116967613
83559,11770.240648238214
103509,12589.266090038056
76553,18913.571821769427
85897,10019.560122799972
91644,16434.986216393114
101598,19223.584294106182
89707,11559.288069397197
106964,14548.845829393696
86117,8615.813552404294
100179,12853.453722006354
98605,27176.953427996123
99719,8892.53141528825
96764,18871.656844450372
97262,9236.979541752225
79645,23450.548677643623
85785,13070.816452271516
103444,7238.195295219072
105639,14272.233585064003
106379,23413.844355157024
94283,11892.903524297952
80195,15622.466839874322
84709,17632.514940356872
106270,17877.87344450727
106321,28745.52220899878
102975,10423.562066726134
77231,39073.8980112118
82488,7268.715960552446
100406,13463.74678614116
79606,10041.830268318841
81036,14365.886760330064
95806,28629.393884664885
97217,17399.27825883199
93696,24486.972465804636
84438,9156.517025609048
108083,14535.216230716394
94109,29963.423901922484
81873,23718.41148344538
83535,10089.762297476109
108253,9334.039698326627
103572,6569.812095649471
97782,21119.263745140823
85759,16172.884332909372
101313,8755.514799646871
98905,13287.34310354152
96344,19883.729413893623
79144,14070.403070612665
93593,10571.30024578435
99886,10193.382509979034
96085,8326.578323555912
91717,25257.869487467942
100170,13714.859189975334
101760,16094.858349856362
104762,29883.323133817612
94364,16694.734770378614
81819,18629.913291883015
88720,12053.941642014997
76810,18772.51313201365
91505,31463.485788404974
91740,30646.441669763622
107115,30588.915938048343
79860,19980.95219730344
103392,9370.478103116715
107926,7962.132832449915
98206,12007.03211009592
91551,43532.342288500346
100331,12749.765200487576
76115,22894.35031982195
82255,15954.001843051366
104007,19498.090796449895
77667,7334.147926477033
97247,12615.923900072587
104182,42962.73884379419
84802,11538.402943619283
82517,5188.776439907074
79978,36382.27573829872
104400,31644.694333984244
98809,14079.074441196473
96889,18047.27908211246
106291,26057.674067790613
99347,9514.127004067122
101462,7010.360971344952
92841,30222.523768090625
78210,66728.74544524135
90440,17026.95893522114
84119,10927.168240905896
96872,12014.351525859951
99411,7261.312892809093
88399,15157.7146552849
93645,17756.0029300125
106472,12275.190557186279
93223,17962.828654841265
100761,8412.363177439658
84396,9646.815609222052
81694,23164.023687135566
91499,51865.46349840979
86428,2962.3270725916145
95718,16900.64073345643
102532,8195.919805525418
101976,8073.185436483882
101696,9263.829055728578
98887,6763.598308188543
88660,16581.259520968157
88640,15218.7648547912
84379,13583.411907382922
84581,16303.934483125207
102278,9311.8765306127
87590,10567.256796962476
105244,22284.77393157486
85140,19099.43654981488
100212,6359.78522974951
82463,9565.019762813312
89649,12456.447186756115
105119,20156.121576437432
101138,10732.696933599147
97613,12737.273832585402
106323,11922.378033052817
102910,8430.750975817988
106664,17283.293855485226
78285,19829.617376359474
90102,11055.657993352517
96386,7635.290314231148
90800,7946.978643275889
98566,20545.68213571361
101815,13674.262711328422
101798,13725.605849416384
97728,13502.33170716506
99174,12581.446394785069
94250,19180.528479422235
88827,10258.051494029549
105493,9201.063870655082
77991,27808.541286002594
106003,11732.482218844856
102938,14136.790619747997
80815,18447.43732912903
102775,13474.272657516833
106108,9256.750348817874
86213,13000.901215129947
97119,17589.31169606112
90341,16657.229810180674
81713,24466.00868096604
99887,6942.203229100975
80067,47463.57939488483
104710,23540.976347200747
99374,10176.040212720307
102685,9631.219056298261
88454,9838.327682393734
88121,17024.217356683297
104607,14072.200551787857
108321,16025.515854670304
100788,15796.293554885055
79504,20940.571561659428
108273,18000.505935796904
94291,28520.065087238792
92974,19673.337313944925
98506,7497.817284117159
92238,24019.140543453654
101214,7684.381927225218
92872,22811.320518296394
92412,15170.06363612543
99487,30367.68726886865
95246,31102.071187012392
83843,10086.719907490466
77705,18362.74879491669
82903,16680.11746770827
99335,14901.024619081081
83112,13009.360301614997
82946,11347.497292841903
105777,14607.146018376778
87013,10575.926505123369
96752,8941.386248489172
106136,19803.77412695988
79867,32515.489108487443
84377,11235.395165572809
100807,15394.276375591948
77327,34791.68831619556
90531,15262.962743976037
80907,9828.507483883888
84019,16974.609647425958
90542,16071.263316783197
77431,11014.503364734303
100648,13768.726428241745
86836,10092.798731674951
85657,9838.327682393734
104881,20673.371034514752
87108,2906.1554654426077
103909,14591.390678312222
101363,10938.877765841547
83894,9839.79150787525
87239,16201.559913258883
99880,7282.027013799968
101105,9329.506905182288
103682,10356.260025672773
84580,18902.25422894522
103278,4989.123550014735
81972,9921.363819976736
96088,6683.541509972292
89815,8264.16576752212
83189,13378.960217365036
93790,31595.476687574668
86893,7144.81776237344
85632,7828.682058979652
84891,7738.495591084549
81765,25736.98967009125
104808,11195.884968359363
78274,21652.47705525035
104323,14538.343549578423
104215,24642.944445698657
83258,15582.147173707366
85415,8927.621474636508
76352,16357.856991822417
105843,25282.063433350442
79923,8738.076643503438
86788,19111.325911382555
106140,11654.554939179152
107298,15409.556543064638
80097,70817.56216977163
84584,8371.50248160039
97123,11931.969608327372
82024,60534.3282531595
80482,24382.53307962089
85092,13953.056449127916
107615,14440.590078920519
83158,18464.889035395594
98377,10797.021612417519
101038,9264.054127787802
86398,10885.797253951125
93257,19741.37692655619
76372,22702.86450927622
91976,26869.192160008763
89914,32404.15163204241
102249,9885.990158854276
92223,20554.191929768025
96162,8466.649450108087
78476,38949.500681733356
84032,20264.78717109092
87790,9576.953157017331
99047,6837.754926260674
85743,15691.574635273775
100359,7500.872000169404
105381,20605.251924082328
87011,11473.228456216373
106016,24011.035325556953
104246,17910.523935814777
98535,4736.596187416165
101636,7283.903801940273
86057,18141.091884346115
103082,7500.879018018531
98076,6593.293083134699
83514,8421.62177698737
103770,7672.803624150928
81344,18053.894258398315
95622,34022.53779907215
103797,1768.373975611967
93056,25228.763476316977
78395,18948.571362876828
89628,8272.48187874497
103060,4301.147746406447
76440,20691.519181447944
91172,27524.97676893998
92399,27387.02157428476
93498,27266.546608162884
88211,6089.675323952566
101974,6163.112446983101
92110,13944.424723620818
108282,10626.918562739382
91046,16783.058945551235
87325,16992.5560009024
91442,18166.419184727933
105058,8782.952753661137
83755,9576.953157017331
84596,10474.77484924254
86642,8017.428815529228
104884,33979.34083468739
99464,11970.197106492977
76380,17977.66916130668
84398,8601.93233398317
86695,13393.05058455001
84967,17091.57106063937
91413,40828.67041747435
104536,19731.95962007978
103653,11610.6002756628
82660,7642.20889996576
96278,16808.575917857826
104281,9247.662455805152
96493,12282.549469115642
84816,17412.822972627586
96248,8073.716645538652
84910,14474.004119157406
76150,36952.98936251224
84168,8521.630240745655
91284,21303.88821805905
95359,16028.592828707056
99809,18150.48199816604
97478,11951.774486292401
90354,6954.981901154022
76268,20643.329457371918
99017,5725.53527049962
92966,20934.469643450237
98031,9220.425716097969
102949,10154.1152145682
96793,9635.108260879535
88706,7529.199785748911
100609,9176.998808949722
89116,8065.140010401548
85861,7097.886077197124
81217,21710.498317903603
93134,24102.896110916306
93383,22137.131445927535
108417,7398.872941726364
84549,10689.216187025839
97741,18972.441488181907
82038,25054.380584220242
104696,12642.088836512665
102985,10736.851898975921
76015,29871.90012040595
89233,5352.513347852113
107693,8709.978683423718
79543,15757.081876975431
88941,11939.37500090859
107133,18599.460556846727
84262,8977.768330266741
80022,13692.210321230838
92947,4495.576713181955
106355,23874.397392638763
84561,7255.605881091877
98987,19655.799966505238
106383,20588.31758656228
81784,10190.025454219494
100364,12550.365193388221
107310,41310.287874757116
95690,30623.007639222466
76393,30039.244231626126
99698,9749.799269288436
92142,29326.500327152724
83931,17928.426460654646
89216,7637.953957059266
78447,12935.318415499964
88380,16032.949015583463
106609,10785.538762986132
87906,16521.15538510054
107946,11020.0313625873
98084,13317.564791146737
86920,14013.246862276314
96738,12438.394132200958
90639,11242.698304907582
85170,26217.345742655732
78613,22428.767495543645
105247,16458.792185977516
90641,9644.903778623298
103803,10618.080746979296
101871,7333.501225014278
84737,9155.576747005092
88357,15504.675036940647
76060,21667.092036332448
96081,7112.660075697087
95771,19435.817948258737
90465,11858.504381117142
105795,7695.855928186587
99716,9529.296377857047
86627,9624.982311941527
76452,32286.63207612895
106972,17466.781903691117
85032,12939.162203683267
92339,22216.69683223266
92906,29613.31292149571
107476,25325.172394807134
98693,8639.950154507887
100745,14789.287577325404
93962,28574.213276138988
87071,25908.32126075639
78456,12563.624458219723
98616,8495.124070380796
89502,14628.927059586144
84812,17197.417003282895
99278,10405.36783066522
106760,29691.448670021015
93843,17575.13827482502
89686,11429.28474470388
89459,13978.369645566057
86882,19217.040187611372
89055,13489.122275462752
103280,8516.204612091906
82388,13077.77600973036
84322,19738.545183990693
99763,9624.549500119389
89240,8376.472793823588
89369,7893.650038244043
97845,8998.35646829674
98505,23572.65194752641
83594,9828.270893441855
76879,21285.531722959284
107542,9584.57434524033
80047,19781.65938201631
103396,10427.673944012748
91511,24970.76709662092
103680,8238.744281889287
90952,30317.326684709522
80329,28181.760379667303
95213,14461.537211228648
93454,17444.22530764266
98790,13767.620138751417
90991,49739.93826335371
103576,16048.979583368025
95054,16194.706441244434
91254,41190.46022958992
78354,30392.133068867013
82354,8597.225136173092
88849,10928.594083514245
89577,2629.4170786027676
92417,19230.1642323113
87390,20568.80376672776
90610,14552.015084799417
76083,28980.5976639434
81716,14297.912237734789
91781,32210.380738320793
90138,20462.336744336448
82651,8631.097059330881
97872,7772.660923962001
84809,15753.03574753042
107232,14163.382441065882
82070,14039.49119709479
98299,21406.14493618548
108152,9989.13153846437
81894,14051.585066461206
92170,26902.30250193102
76815,16041.640345816306
85318,16280.121282013097
101609,13814.735638517084
85681,8900.929206794408
90628,4585.6708531515615
81278,10143.999644595537
85022,11038.022532135632
106237,8956.569004478071
99060,13627.937124823555
97068,20191.75177266927
81590,25765.57538861782
87125,7202.819268289222
86034,5515.712551461779
92154,16047.174423897113
94085,18506.91307873879
84555,18132.147811861098
96138,17941.391190014638
87289,16094.01776784475
96099,19051.34671813977
92408,16709.035186951245
79885,25988.614614178397
77403,22304.93634395329
78502,36853.765229653465
101012,16094.858349856362
87470,10805.526403600723
85394,16647.105220250953
90467,15386.125865235874
101768,17920.567841150027
82421,13147.21332263408
85707,17445.643541793754
90630,17042.229592077783
83619,10238.12079162134
102793,9790.540764054655
78299,18784.89374426378
108074,9667.1793660337
80894,48051.138192820974
107622,9511.847009409137
89930,13659.629748236519
105194,20244.603232104513
87228,8253.01903985337
87821,21269.51695383188
79921,16657.683536406425
85109,16850.610232193103
104039,6644.695225146844
103523,15642.59399101965
84724,9877.489015464194
101351,10156.166942167125
76444,29782.968717188654
108202,1392.6451916851768
92774,40948.09753240009
97279,12608.175494265002
94079,14492.055009352953
101938,5910.0246466197905
105071,22090.389217387055
91761,49819.02178702712
79296,28313.447875109934
100769,10664.621117473154
88597,11381.987563800718
85935,10191.370546310536
100302,14506.722898847633
89081,19442.425812124875
86282,6752.185714666252
107202,8491.004586390565
101999,8733.318945122293
77135,20738.656941735717
99417,10204.584897688976
90406,19787.992706509165
94752,14316.79416484036
83342,10998.527609181112
98973,18464.302078398785
79768,31574.662898613446
77192,10027.691078646349
80500,12722.371592747346
76835,35228.25698610901
86983,12687.831897790267
97069,25306.30896962394
97193,9781.046513576352
105073,16338.754189629277
108405,6679.001006700955
90739,13692.972450170768
100079,19490.545869092144
97513,18108.68732519089
108004,30477.653154173626
100330,10772.120178558956
88508,18332.559680171285
81325,27102.676579795036
105920,16766.271520727685
81530,8623.95152050611
86776,10580.954205748383
80384,11992.9652862175
105020,18169.490149855334
104228,12994.579781154902
103926,5877.2144766282345
92044,30115.642903915785
107049,8216.859607133107
107408,19630.82804281136
97280,14160.406615899843
84121,24198.01080292779
107517,16696.594522011404
81847,11075.67709256278
93671,15929.944741590398
81276,22511.908123041205
105034,21558.26826320414
82559,16050.967750559415
97468,25190.3724105804
101227,8029.768276484848
84614,13452.120656479286
76259,19980.312071463122
81329,37316.7318612203
91999,25907.88370031974
83557,13933.740885268111
82819,8916.198957257393
83735,10848.404394693684
103607,6502.631536410974
93256,26024.64933309393
89255,13258.38234695879
102147,8813.348882793689
86853,13279.398841787526
76266,14908.70755862733
85025,18227.03522293207
79566,21337.0704751924
95663,21406.174010039613
96600,9147.133121918245
99798,6123.937202461838
96922,15139.769946034789
76888,43549.0312384341
78701,28190.276601563626
108246,11993.13092531823
102309,10664.621117473154
89158,15848.091105321113
95309,19302.37031588345
90997,29732.324725438735
88930,15427.982282167171
86235,16953.743065084796
86159,8604.5976353248
101049,13185.72738984702
81773,30011.41635353497
81389,25735.294931816257
88802,10784.895348939734
85702,10288.541721190644
98780,24499.989448162876
84786,16413.890963032747
85683,9873.78797085455
77857,25899.36162061608
88429,16698.750849017688
102069,10817.169886572801
104862,12671.32497983596
108204,21462.93465013411
105476,9903.257632933564
91778,22989.73014658129
100851,11542.42703888434
82960,16459.191219144494
84799,17960.678407472973
86912,11393.846456002786
101533,4715.867245901664
90657,9374.461044352787
88912,11269.307241170773
86715,16128.19612307342
87508,17424.97099529277
87984,9404.73814552891
94852,12647.35784571077
94905,20383.40192709064
76632,22185.539243062718
84100,6752.185714666252
95802,11482.142722298626
93740,42119.90766468981
98565,10322.907110309441
104153,9765.31000723518
82480,6923.927292401466
100660,10154.1152145682
76089,27130.80761412055
104329,7421.658324335185
76434,20286.606861862252
84061,16138.245610777389
92097,16836.66178498462
96236,9750.214878834535
78908,10515.798602323737
104602,12457.478923506531
102750,15323.263162195353
103394,14752.844390648603
88113,8670.769315447087
95654,26729.762451038358
86372,10561.139717802425
103110,13002.623401998479
88378,16668.0835923003
97704,7610.049711482677
90821,15786.666913785299
84901,24098.210608512574
93956,17322.516820921395
96320,30471.648866947646
81148,22242.093675702516
96461,20720.22261268448
84615,10948.922881313654
108104,23569.909406791496
78039,18858.193712292992
91425,28273.835149140923
77044,12836.631540596369
83049,17341.805248795732
99803,20124.83022524334
77693,22287.238129486337
95508,41814.37611188962
101593,11145.271618487235
101499,6225.747589213542
88319,18151.319836126724
107344,35214.24426699034
88590,7524.090912841105
102740,7381.980117224654
85931,12695.900933500388
77210,21957.48672329406
104732,15360.244575834191
101802,9699.748907605519
106071,10646.846183857062
107867,9584.903101452797
103449,4481.536151705316
79433,27933.0915832676
94897,44072.64475138443
79851,18663.69630464885
103779,7053.85571666341
84206,7108.922864242047
101707,7720.098567645899
90924,14981.415294649156
92910,30388.33426299209
95774,42280.988840388745
78551,42270.650690706556
97038,12049.673469487254
107852,13476.503290080802
87639,7863.505836553067
89958,19583.107206573735
77096,14480.275036190842
80491,20707.31791415115
97835,10001.305113390883
88697,8487.085425816396
78196,50066.36686708955
100662,9979.342839164774
93739,8850.604895554065
101433,11587.50589925535
79620,11330.149456365125
98914,8830.661148278452
86750,10262.066477898548
99223,8973.401765649822
100046,5587.41446946598
77452,29231.671274979577
104703,14019.257211275228
98198,9062.55376403509
104049,18339.031384858023
102264,11668.967289981965
104967,16648.419022866645
82009,19333.99871755095
79345,14655.706699555234
76063,31088.430461562588
92506,18461.288645801593
105509,7709.156903514674
87958,12307.217310701597
104150,18912.79431714629
76395,20570.952336978742
92933,23834.83344204387
105564,10325.28403193415
101877,16234.119019240141
97863,9154.826285501242
98886,23300.1501397724
108166,24403.999140421114
84870,17765.987656800397
105095,15764.166839815733
91461,21226.769153265628
89581,7238.914401849847
79917,7325.487598654409
86396,10759.795055523586
77190,24432.1191424992
81287,10874.708850095829
103138,11464.65893864793
87123,10712.14763111747
103793,11305.008890783118
93077,20507.85293181754
107545,32037.678228014163
99055,8973.401765649822
101183,8024.799833386162
100713,8193.474161932074
94948,25030.711832529243
104333,4938.419012406396
99987,7737.602253020005
85251,10804.813732850835
78966,12425.757241687013
106038,20161.945819556433
80139,23053.998246929204
86167,12368.141660595757
99261,12542.618178079787
92352,12971.825758371293
106505,20749.86609357655
100845,10953.013067337379
99620,12190.063505268748
99159,16912.410368145553
106476,22140.889320927585
98980,21034.773385227985
93289,19076.822691723566
108209,12466.53608665128
83126,9643.895038457369
100563,6462.438316719834
105255,8927.466445968574
94179,20439.27247069716
90552,8434.209109985963
91267,9929.720983989271
96812,11727.702216833186
88257,19589.21117654168
88718,12233.058651224113
83854,17228.876074995107
94902,16733.852148106187
92523,13644.921842690188
89821,14435.61954821396
95400,49435.74323129228
84369,10061.573703350161
104199,10841.95324563641
82116,25359.994660795528
100708,11995.04436505999
82790,13910.598879756928
81821,16388.2820252108
88277,13378.522300124578
81500,37445.59886626961
86835,16081.334114048843
79378,33596.56180378359
91295,28022.182901860844
91973,27473.937047183343
104856,15728.111590413815
77543,19153.936902335354
108162,8658.737293428705
91217,40527.36667477932
87896,18044.352242559362
98107,9017.834485789659
100169,10753.13629467557
90709,9481.348423795624
80086,33377.113265186286
81299,32441.923372548354
96112,20184.346488077837
103775,7095.834895388956
95669,31049.613843083902
78443,14059.822937484523
83136,14678.29224500407
103945,6704.886932522215
93010,26384.79834904885
91906,25952.709649106775
85113,11718.780567845717
79454,18349.548633103735
95079,48021.343550798505
77330,51260.96969556871
83798,12684.638337132581
90237,7828.192473174904
90782,8281.627356428298
93557,24223.157935370764
80716,19779.057919784573
103222,8591.9295909623
88529,7614.748175066246
79327,18840.684293117672
103525,5852.730889907668
77294,13838.10258005891
86934,5814.511569938061
83687,10086.961988666846
101179,11248.314972014416
86285,15540.898107245917
108225,31881.802623136777
79458,19961.502773574543
79962,26606.73018346562
77878,28913.608465030477
79980,28685.264592535736
78111,22385.568073643968
96878,20123.743253826528
91368,26493.841170618893
85298,6799.619573192433
85082,17553.03159805459
91369,21665.025724887855
96485,23064.32887442435
77644,13277.441394394313
87187,16580.854440655803
108438,17993.697790579372
83884,16451.847217482024
79694,13896.626013573012
83581,17381.505946561567
89661,17052.67884561513
91756,15692.299486698563
94344,14761.736450656144
104700,26867.41786899061
82382,32833.51779809939
107594,38510.47251258675
78751,23239.685139666177
80127,12125.133953452478
99586,11640.508566601457
79871,16602.691065601426
107372,17780.21506895786
108028,26666.151153041697
85904,13096.295878235545
102788,13710.950159496639
99942,13046.937589968213
107103,14362.89492590327
84087,7460.940230800654
97292,11119.4425622061
104542,15386.695669862427
94429,23153.689851581374
86335,15753.185122356881
82367,13073.716289441181
86457,14909.339222368344
107346,13529.627315244144
77766,57396.51086965552
94768,40428.2542765992
84426,17205.551558930176
104173,16467.047069377204
80165,31778.22424550745
80521,23603.121672191573
95028,30150.94425162901
77278,35753.102838546765
104940,20248.408753349544
76864,24462.244036543132
87845,8964.975722818095
86391,14638.36165374238
85488,2091.588163541792
87274,17977.697163658984
102371,8230.671296773373
77811,14568.068985418055
80166,25296.981036677338
85693,7736.505270288963
86192,17548.740134581032
104128,19567.168815164903
76805,12640.290500983447
76360,14132.182890762191
100706,5099.916959480363
101318,13363.850593876601
99579,19663.44686251972
77331,24448.35404899933
107340,12829.764653992743
90662,20696.394594575795
83565,7029.818618469405
89664,19513.275124862736
78421,21622.125731617318
85006,9005.763536115352
93876,32213.54482974614
97786,17609.024510665575
96174,25505.914589723918
87729,8978.028828866498
83280,11636.740451185651
102207,14444.761336809506
100949,6748.5654912370555
105703,13740.968446944753
100936,4653.533770672375
80419,30714.377059212242
85990,8284.213667335958
107505,22572.159303191143
81337,14273.345812598063
93683,32758.795965814334
94646,28412.343268198732
93987,18515.019668575398
80512,15951.590798309466
76113,20312.660823628623
106835,6654.606049965918
100428,13809.953631707469
105624,27599.881085210774
89652,12040.67444567299
95108,24079.19600586445
99206,11370.877371128565
76036,18478.7408889352
86230,9200.960830992704
84454,20121.01678217223
79349,14281.774835075237
85609,10686.055781327852
77345,14790.417032794381
78726,46534.629137424534
94445,30213.1259025923
107695,8113.319119751489
106991,16346.866222366421
79308,11867.039252120821
86486,9754.941331206242
80429,38037.36661374277
87107,17413.50802382986
80582,14026.84294303697
90386,9752.710952581727
98363,10880.52592529299
76705,21158.46604249506
104824,6850.5567510070405
104154,1392.6451916851768
91270,18264.83213715081
83116,10463.52116795089
105710,7373.165676121661
95042,18027.01939990481
88001,14497.640722056238
85212,10587.427275815598
91875,21150.525316463936
108248,8634.843587401507
106378,14335.46057630493
89950,19086.806774660785
108165,7417.4461137886365
83958,13396.359786295372
101582,5967.400197191752
106377,14948.06332275525
104057,9588.358614597553
92245,32520.247710756263
91187,29030.90030646952
88022,17281.42408626891
92561,18136.487290910613
96757,10871.945687316576
104597,31114.18724294244
101485,9433.57119586768
88381,7926.696526092028
103776,8065.816580328895
91215,28507.339977933087
103022,13496.823803052597
101933,11917.367167457498
93174,32203.73348271534
105945,8256.287138347072
78879,18538.958445251086
82065,10669.034123151629
99235,25519.75367141328
81250,23607.85175216729
98942,21482.01809190614
82966,17264.555149741023
81141,20524.98929213354
101325,16775.12661638396
82470,9169.297590610391
79063,31654.45793732197
95324,38259.08831957034
86407,6605.979237889738
94026,97214.27438908556
106390,11429.970679065606
105069,20302.072885038782
88045,17219.576333049812
85356,13734.573000711585
80298,23881.649665892972
78479,9964.800113103325
98197,18591.387010941486
76490,24208.61627960484
77678,30810.29070347255
87021,15480.712149381568
107215,19993.991050057244
81404,19457.072021256135
84641,13724.940619839523
96328,21448.292784183617
83845,16195.511752195443
102745,7394.9873502455575
105081,9712.384960081627
92135,16171.783109330974
105888,22964.404308590518
103985,8333.308400454684
92091,15351.241643318486
88090,18133.91195521729
106712,10578.23596555696
83446,16661.05032934851
84263,10672.063714225305
87277,10143.03563498424
90625,7238.914401849847
79466,19541.314331655754
77287,7987.942634320092
91628,17354.117709105467
89171,20491.70338448766
78750,21510.16940327922
77085,27854.65527234301
80877,22722.391381444344
76526,26788.08210886267
81085,25475.51276466943
107918,10875.833043568777
89072,7864.911379828338
103832,11404.331632621957
90495,7802.027254766296
100430,7380.402137343835
94346,11892.195897758527
94350,19462.405236569342
85431,9823.283934182757
105851,20227.17766635286
106969,15832.038297795434
95370,14199.054554202776
94611,19888.458454016123
79129,4982.033634234094
76596,23810.983554021586
93211,22640.716927140475
102753,11775.097212652776
98370,18427.812797436363
90773,12456.447186756115
98298,12457.660238746255
98150,7581.027924857814
101220,12182.998962231763
80802,30536.555098590674
91398,18360.079709785863
86010,18143.363931834054
81267,36397.617806800794
79745,16952.415352453536
105864,21531.383900179382
99245,17724.109159207965
77308,16266.366190978802
85341,12791.845848809719
78845,12690.155210570056
78542,13492.49459946363
95408,20078.610006485556
99562,7579.893283798613
82748,15543.243336352753
79419,32340.6833529153
107846,12576.677658700879
90929,19736.731056197397
77964,20860.270264671908
95902,22999.556809023532
105576,9504.106468340438
94067,26218.92790438156
82322,15252.138382048057
94533,13542.38003510976
102326,10337.7511394355
97048,8411.178748924129
84908,11313.103918302048
81143,18053.848617901276
90090,9855.925401770024
93029,21171.89090189324
85943,15674.326321260247
95392,19503.347146487456
107057,15034.82605836136
89067,9320.850047150148
85202,20977.4340326684
81457,37827.22425603568
77074,12534.600414983646
94378,21491.72814023804
78921,15136.451387317164
80414,25662.569016853107
78653,15424.624531021836
87185,16981.67786166268
103928,9464.6094379247
77930,16216.360234658483
93057,28991.709996891113
81986,25712.231685526447
87505,13227.606347015479
104258,3229.37917657193
100795,9548.865232582333
82702,17017.917444255967
98156,13085.006538905502
81155,27242.516358936777
82204,11632.654982411752
79859,16021.70921801097
79501,35168.87136147394
78998,16788.781024615568
93846,8357.475228368323
83490,15702.620035825672
81890,30961.178709936798
78672,18921.534204217973
79310,20799.709218827353
81889,35683.70976837532
84975,12131.657238363337
104001,19343.657868444796
90374,24285.51490030958
76586,53822.765885550114
80099,27080.071829571425
78984,25790.086094775565
76198,15798.600609773932
106595,19573.379978896122
78327,17317.6505683228
88954,10187.607815175665
94710,41188.03702528499
82380,5508.148434796537
95780,28711.732528066143
80440,53881.66501325935
103715,10996.450795243016
94371,25706.3804762217
105793,21499.26164490142
104941,10442.864104424654
77499,12186.549432213907
79776,16203.16655319879
102456,6790.8277349183045
87034,7821.917637578066
98570,12854.498516810278
86294,11597.965364287224
86579,12978.353005962017
78767,27940.738698694375
101407,8152.603955724811
90427,9801.730732796059
86604,13122.568809915021
104481,6586.524824473609
102055,8550.979922199907
76565,30803.136249046085
101769,6195.189853166129
86849,7878.65812411539
89128,11535.630858193124
77119,10457.736370290953
94623,25146.43002532782
94988,24515.65094734166
107071,14160.423370081462
106724,11806.254165850021
79938,20536.01783107125
98217,13857.518505743355
96660,19919.571465949448
82817,11399.706568503987
89810,8674.018570031583
108212,11091.676046552493
82851,19001.871533547564
106739,18862.51393543448
98224,20272.973240215866
79457,30019.914174518897
87381,10039.08960164135
89127,5787.909499780339
79388,25606.718320952667
100705,6122.00265462353
106385,12349.904127047868
76142,26715.505217100603
79007,16173.41037258749
95972,45476.47910185849
100737,7674.943510315325
81958,27799.69610840355
100805,8302.136418036087
81226,11294.18863204924
94857,19391.14212271496
103193,9746.763185400581
80622,25803.218231202416
92116,18514.614591186146
108228,8840.277982600328
84744,10910.186835320163
90654,16279.264635749962
90551,18157.776806542042
78428,29334.840052487318
80781,30773.080011205202
87118,31262.11305022715
90187,10561.203273524749
76110,11113.23209059968
81102,20020.820022208765
89957,10330.321125417113
103585,8151.530718681924
95786,25760.4138630191
90883,7946.137491266705
94705,49745.0659924841
98890,17118.725834019304
91766,37458.96475182352
95207,10940.142009018298
77002,13494.346118051815
98428,17951.201090160743
85456,13168.622256015353
102472,17267.191336960386
83021,9907.948709062708
94063,15492.658726168836
94665,31697.649649963725
81432,23406.696265945888
79825,29025.22418583241
95008,27122.012444459753
104634,26958.297889892194
89960,8215.866191607785
99162,10415.905454323007
99269,8660.25440469332
102221,7620.843590944084
88075,16065.694138173518
86981,9831.718063338441
97144,9505.489754015536
95073,24742.538414238184
107794,10990.031621707187
82837,9221.257704293706
76265,27889.213998932326
102416,13848.35258799183
106292,25111.62573769926
94162,26564.415178086223
85715,8445.544621829125
108484,24990.106142142628
103120,7828.4663533998555
98178,7782.1299954312
92208,9860.760437343992
82800,13854.51512255352
86660,11659.629210353893
94811,19076.1466628636
95020,11707.200441955125
103339,5922.188380220752
76719,15958.708743970694
106391,9937.421865008357
95855,40607.11146640936
107989,15168.001499020578
82154,22560.3339598031
77767,16750.729948132222
102776,13961.970334205324
79642,30914.918677190253
77306,17335.58996155074
98007,13703.450995779504
105538,15834.08469484882
84076,15677.33760624321
77749,28038.223910120952
95734,20721.684460678003
80602,20548.299470016147
100988,13773.43379871655
83690,11902.383636626719
84882,14113.233764773371
101699,8497.798950678543
86025,14782.770603716524
104331,21803.344218985345
93789,16561.468788348073
100427,11392.180950406962
89980,5458.517656736706
92989,20980.82721383617
96820,9323.696381540982
76354,20439.367571428975
93143,58820.52661307257
95045,23639.072877789222
78135,13043.953091497304
85841,10607.848374757288
105453,15308.171060117817
86843,11654.426194412372
76450,51078.83719330997
94878,41561.97643429839
85792,16146.557711811503
92518,17580.677312930573
91382,21631.615636992956
91966,40630.504722664184
95486,19252.69474803142
108090,19548.739815272937
83588,3538.0868744352156
101240,7206.70520193899
79797,24337.07176544368
101978,14216.390096219713
77559,10059.612737689304
84171,8980.659352243261
84012,11544.385179838288
78716,21378.072259711837
100485,9058.53387029588
98908,9055.650333215312
93238,31780.105603930642
95809,24691.659693361904
107070,24217.62850831238
102546,7926.137793403409
104507,25278.150851665967
92943,30697.916223198397
90241,8001.970623148599
79542,23726.24714118954
82510,9547.906060674644
93255,25515.75651908888
96559,12150.899187362918
108483,18870.12099088753
82288,22648.933204804733
104480,10943.862950222418
92328,29875.575239207963
95793,31469.49488498618
105673,13842.205739443796
95841,15477.276016163918
98338,7694.984387593154
103579,6144.869696364237
76861,21830.778805045178
84414,5478.302681518203
102508,6388.558352223918
83622,8981.54836179984
98822,10973.455630613582
86291,9575.835115125892
84831,9014.631005706093
82626,10458.524508709806
105508,14987.459375733157
77130,29736.62310067489
94652,28069.25202912108
83243,9054.222042035015
80908,54103.21806643591
106139,14586.232166270098
91617,20309.797795966584
83524,13592.191304049873
94486,26703.19077617131
106044,9871.314470008527
87195,10384.821472360942
77450,21182.086468211724
99239,12044.36670399006
104813,21568.973369203217
108254,7646.752272857023
105150,13851.181817685347
88390,8197.046163579751
97902,19992.372772625586
101186,8408.480094075296
79116,24361.06608780701
77214,22386.615416839668
79298,9653.338127533923
91370,25332.686088060145
84827,12211.620542155046
107282,9707.054587388411
97678,7671.72181694322
93570,14895.699324020332
77654,14422.334720819197
77227,22209.589333957865
106789,17896.71680826344
78869,19838.42703676003
76531,15273.831282089026
83469,9738.607677930298
92278,23294.020274772214
105949,11938.792033843616
89026,21185.72839384423
102066,11151.3170092541
96352,14593.535938991798
77819,34911.28407701708
79655,27971.386773042
84059,12224.218445761762
96541,10327.025392111744
89319,7252.507222272743
107795,9517.888099962396
96961,21148.178311936324
78158,21617.383953388693
77428,27086.1286301466
101125,9489.574154586475
95105,17690.71035906104
80306,10661.962383720023
88903,10785.598431254424
80574,18663.662853938025
76321,28016.84737376395
88786,27438.546361921035
95682,17955.214183374093
103135,14171.469991904036
84241,13536.182277345988
77809,12967.666851993088
92926,35595.016064704134
105895,27248.257140802012
86247,2550.6789760532706
103470,11497.840918868698
98865,23477.01969137038
107363,26199.218742386343
76516,23660.545819670086
96506,12051.866850068473
106306,12697.250675195923
89093,13640.700425652574
108123,10579.86012223052
83510,6534.955428274905
86792,18582.116628560045
99984,14786.441583808495
76508,22761.84058112959
86580,10246.4272203837
88428,10964.165608878879
103922,16327.387959742096
96703,25540.682348617025
107626,18150.394223188763
90100,7159.486681583564
101987,9017.955744848248
88615,12144.281258949113
100138,11763.544829695531
83743,7412.100358837708
82321,13986.350061957757
88594,8226.106390667286
93842,51325.6422371974
89350,11854.007889590383
87643,15427.982282167171
105892,11634.095065773941
105711,15078.329196637309
95657,27282.756872770908
96330,17983.20642465731
96906,12119.507509152869
82247,18983.349682092503
97125,6806.078779723451
101306,11477.864008897111
96708,15716.688399958932
77250,16619.933128615496
95451,20001.419831130934
99405,12982.44746820027
94758,18705.057517576093
101101,9285.788887265515
77643,30074.860593958045
90209,12664.291245424523
90312,13294.593372037367
93955,19488.36409416883
76334,22781.96830029177
85190,13734.573000711585
97992,7211.847504087952
92748,57879.409529978
79843,21996.75428799142
88769,10903.711530500315
97453,14920.34295570291
82550,8964.975722818095
90775,11639.502472781069
88190,10076.870365120849
100712,16554.059229723458
77237,33196.42522679144
78997,25700.625058020694
105656,20061.84725705071
93368,23725.007307757973
93469,13141.24964525572
98426,8184.4541892643965
96832,9378.424801934883
85322,13514.50586511263
97139,12000.518530870393
78678,19332.90638660043
97821,14630.931831992113
95410,13802.124966179977
107358,16404.338031958378
96750,5828.258679211459
102529,5704.410440196114
76433,15848.810189206748
101626,10145.454900100802
77790,18537.447980602
82932,11838.222911094254
89517,6828.914935991673
82905,13133.698965166484
88552,8141.449725495907
103006,13083.444646303931
88811,16665.52533509843
101734,9659.539155540657
99230,18985.240730119738
106537,19267.246644589646
107114,17612.785572104505
98513,15356.43389537754
92795,27733.320587694045
98563,13481.354175014647
78599,5252.713486802191
78911,20982.36326264189
84652,13270.771461589553
91014,26476.76575510665
90901,15866.059183357633
82041,39707.36932426463
79218,29834.13759174802
107371,43282.630499665334
94767,21016.023964560572
91910,56364.45717263541
103462,7097.136318503485
77125,18966.556198675622
95567,51491.77376053537
95039,24266.230427541563
85065,12446.173870360382
78252,20468.19394894294
89580,15983.914189847595
96742,7112.660075697087
79876,40485.95367055324
94674,21637.320153967496
107822,14048.405825059413
92586,16924.312354192556
78107,20976.259373894478
91241,24608.91453774365
79077,10741.08673716406
86212,11731.209562226642
107527,16824.57571780202
88056,8753.28582568608
108480,13597.938363224603
77620,10609.301679743081
97188,20953.620752479663
94979,20416.877661028997
105541,17044.400121782528
105852,21241.895835147367
99182,20331.34974559126
91355,39375.35755342462
88516,10970.696253322687
76101,23939.20411031699
87097,7235.613288276844
96299,9161.638442796793
100944,9832.197699840644
83995,4857.832929206578
100407,5618.800940331545
88255,9518.076841313847
93935,21254.238242986463
95442,26089.80864031052
93571,28191.189280265215
78642,56820.93448306001
94545,27347.695936121356
97746,7943.735890986943
96419,24859.200244944375
102851,12188.025379475726
102356,9209.682340824373
94962,25796.057092342384
89175,12841.318271633216
104139,10373.98632202784
103395,11538.394831584876
97017,6628.537819051294
101358,8646.371575537589
107417,10873.507797780683
97977,11599.441954048003
86765,16926.728062717637
95743,25632.345173377347
97804,18765.126415132952
87010,5525.77104028308
86791,9210.765895419572
97486,13100.955743373284
81124,18777.90202116121
105391,20134.253735147868
90275,7848.831854853765
104855,5284.467075500431
82804,15310.816405033738
94810,17651.369979763098
79517,40916.312442357725
101826,12255.227244391495
89848,19358.13973207521
90432,11561.678508960444
83070,11313.103918302048
78270,11493.309844886819
99275,14747.04837259804
92424,26837.701551629907
103334,12044.624546959665
79160,20381.901110114424
98830,29103.096571344988
87956,11967.521999042512
84523,19236.259455336425
78157,14999.220975560964
79460,20402.605912023686
81918,15020.626970341644
98433,20010.12991109888
104582,10256.42342651874
80046,42983.58414000682
82135,19308.4237687045
89685,14444.48232704968
100990,12633.062805262349
85624,16048.37715189531
88293,9700.018821843994
82215,11294.18863204924
91261,31431.233292109086
78018,11003.153904476681
78266,16832.40592472341
101074,7642.759437959447
97075,19994.58305459753
81806,14444.529232696435
80743,20417.181967272874
95234,20576.84500801248
100410,19223.584294106182
106840,21375.553562928697
89637,6215.735777161454
85382,7697.533937735962
83832,15495.570734615309
108331,7695.30156968072
82026,15910.295700948678
108448,10391.169622889636
90028,15679.42919290716
107663,26339.966114955278
107477,14764.612761277904
93709,13222.81055431574
91327,37246.29024788556
98548,3973.9832046576594
79064,13297.506399481168
100670,7532.000509709447
96494,10833.007873380871
89974,4664.6974526797485
96107,10951.131153369675
78151,21423.763556860526
79304,19446.11067502611
92842,47432.01830851359
87813,10235.106102514883
88762,18044.352242559362
90399,16414.010412551448
78756,26359.71673071558
94019,54418.58990333426
82073,13074.799864873408
91846,27660.952888427495
97414,28508.251728494168
92758,17917.901668920218
101342,12296.368849363998
105987,21136.26675204517
81349,12612.727441213268
103712,13496.823803052597
83627,13741.987326788618
95247,13448.164829882217
92833,15372.025332890615
104587,16334.084149199021
93265,21868.96939764562
90518,13836.663813402523
104256,20869.913924274813
80882,20143.11511678339
108148,12002.546263074348
81385,13458.22841261429
87860,9565.747404324378
107638,13021.212015544794
103947,15953.463267121677
91049,45068.140249007585
97916,6335.422274876944
95433,22845.193516013675
95871,36275.90816510451
85779,9277.867942933255
103360,3800.602539023309
80203,26081.88518199814
88511,10939.933286833812
101672,11815.30834634763
82992,3041.6221328275606
103889,10985.96909096877
103630,7359.472256257791
103366,14122.712021321948
97200,8291.58415242528
104563,10510.01975680773
85824,8918.431719171376
91924,10101.911336838288
96499,13558.393429839605
99026,15509.516760414148
81965,27174.426586681027
91604,22577.53720459049
77552,29739.98126093948
93750,29852.882032399204
78941,33124.71609186161
102717,9797.933325887132
100534,12158.175149204999
99036,23957.50250862372
101961,6374.347359220098
76940,16116.816198920194
106310,17893.626952604394
81520,32138.482623780703
91800,6212.890774568577
95707,18016.18906406928
96395,10413.57302074477
90505,20038.37496626476
95284,17375.195606088055
98094,22148.091807485467
97884,10380.905654780125
98933,10692.777750598947
77664,35884.96360232034
93941,24037.9705064409
87812,18145.567541991604
81266,21310.438320393092
103825,8818.019303803983
99494,7086.016436763757
91256,12130.266585633208
91703,19242.797820611802
99971,5870.259518435748
76631,22006.78053483297
103612,3107.948375073933
98611,4405.69599711283
94591,25563.860318955707
80518,26533.875720117794
94000,30359.752963629
85010,16451.847217482024
87369,8678.461908966974
86714,9642.497149768444
79985,12382.46769816386
88051,3250.4367395599666
97065,6756.939107756767
91307,19102.476278739043
98365,9380.083927631995
76522,49652.96771101961
96638,18604.55548300378
79703,12982.072593895009
83107,10576.33377485944
79104,18365.364934213445
93563,32210.806799456695
82599,8037.52156255931
83486,12742.274308553342
92895,17267.148324766204
108343,30563.631644348075
101774,7016.164369703727
82612,18148.36872514699
86861,7307.779735079354
101902,17267.65027299215
82973,10362.811321857916
89872,5930.599143436216
105616,13032.930788593385
84876,14058.249663910385
105133,10801.294493892636
98877,21344.342714696064
98515,23240.91442685535
98327,10712.109262255679
106633,12746.090530571493
82505,17490.189135092576
105007,11419.081207911519
97269,9563.040302346955
78140,15049.402029516681
82318,15956.505721392326
92993,22754.021260919042
97743,13150.203582687602
87763,9165.674040729113
104942,12154.485370023345
92045,17513.585181737417
97767,28894.40378431566
108348,20415.212467226607
89665,20049.552699134285
96862,8423.423605253613
78597,10231.648149707475
107574,25045.07115979053
94460,17782.269519417252
86944,7821.357865759758
104505,30076.274791052852
94837,30749.942792628368
84576,8259.444203518557
82427,6987.530038140161
80054,26780.200559974885
103504,15549.890826263007
101400,14644.614016867836
95904,24703.8198201313
99877,9051.91689874665
87554,8200.844500709367
81180,17479.93420690277
101239,13695.080639516933
94258,36563.28899107332
82942,13270.771461589553
101204,7019.318880502024
98516,15187.984773584467
86925,9470.576164469274
104724,6990.072701715235
84627,11672.326438642096
90133,11668.84920613097
100320,16326.66081882347
88358,15945.233656219303
94280,12265.866825846204
95334,18077.35966998227
95899,26463.174509804885
87270,17506.29655253386
80723,19036.345309275257
80469,11239.885794718699
80280,19424.27879063127
79493,10702.966939913409
92221,15886.038102738084
88547,11251.516087104674
97994,8948.554093270119
100047,10835.113856631808
96172,6153.176841792496
88933,10667.65564367999
107059,12359.481081437752
104280,21622.75486012681
94714,21022.152921663757
88671,23844.311614357775
102414,13990.997287318129
78051,39346.26506985359
89512,9725.284271772536
98524,8702.286623586702
88047,9098.90207943021
84441,9655.507661072976
78156,23369.181775951867
78648,14564.608238720002
78364,13208.920642658804
86764,13992.733185843268
78495,23713.911475123063
94609,15709.169276690693
83449,11295.107113113794
102392,10593.418129412708
102455,15073.387872282286
83713,14520.873311481451
97475,11535.180639773762
93371,17021.079699283426
94199,32571.372425389203
85023,10093.992850901135
95338,13234.892447891869
90965,41218.391707399926
77195,76397.27188641287
81875,14973.985234798743
104416,14587.382745793904
87203,15149.304444888003
91239,24843.204216555372
78127,13958.416364311102
98386,16411.916423285234
96497,10494.095252729416
83232,14240.072531803102
107692,30315.534722718246
100734,7672.062443058789
78271,34529.76137694037
100136,11412.621596917423
86004,20580.653253413573
77776,28374.576252601786
84950,8400.14542171728
84323,9740.58350201662
87033,17525.161022306933
94088,21185.737855573014
100594,14445.93125532914
103071,8500.165892320014
89791,10531.398421290582
97852,9781.85287859676
105601,11213.577016804265
82003,15329.051119577009
84872,16380.090307982331
82701,15842.00517384873
92469,31505.197408779426
92873,22099.77698138277
82114,28110.23518782842
101316,8516.204612091906
85697,11942.537694628403
100885,7995.185346608759
95305,20230.29644474278
93741,12867.316819518948
76178,20896.498835213148
84999,18464.889035395594
104143,21879.447012331806
105483,9797.673557955297
86136,10324.465150409025
99292,17778.288230470862
95024,23825.007976501936
107831,9237.270344167138
95035,36182.80894902297
86842,18109.66909204195
79511,50073.1663107823
99852,8375.443694061105
92478,20423.517775750977
93704,17678.59368134263
101664,11388.038105532101
76931,37141.960250972385
81674,17752.432848640463
102597,8719.13636741173
100630,5604.191911193253
76978,29408.278270397357
102490,9456.551459337652
100842,6974.896949835821
102990,3926.4241841815447
105412,10576.233525062464
78744,23297.27733098029
76082,14023.95235340051
82773,13711.308084121385
107285,17966.00110718265
85211,13634.665893861966
101093,6613.660461316582
96626,18509.568106375453
103089,5574.280159010147
98149,2821.5960923849343
89290,8559.678663408942
104295,9739.815652896343
106958,29204.78471856898
102661,10615.915890809152
84082,10365.884328296412
88521,23427.934897647232
78312,41117.27605449499
85481,8638.610917450997
88961,11732.140981446197
96432,29753.751560663193
77539,9972.242243517503
88374,16085.57503433867
102919,5683.7442513330725
94335,15444.702659525601
85305,8273.951917213197
96360,11640.874119798726
85471,8964.004167695708
104566,9312.654223367008
102100,9916.02924617302
80170,13495.84890853172
103347,13913.453947810325
87487,39546.22165282864
84090,14949.897105347043
100034,18054.227725609147
86825,16661.05032934851
80018,48333.085501593676
102611,14202.459721980324
102665,9892.092988471095
92920,20957.838003931014
89381,6764.568922978325
105151,17209.466224213465
84039,16878.139354169307
102217,7611.221436448383
102388,10524.83757778703
98820,17862.026231296582
100665,10548.169751785215
90384,32840.76747322997
92859,10029.989002577702
106356,9442.395656235241
104723,14018.971409296448
93244,36804.251070489605
77449,23579.038011264096
107911,12158.285369009263
81721,27618.80463212542
85237,8273.951917213197
87601,18204.24023502811
98578,12501.811564400403
80704,32818.318100091434
89078,7030.202080835485
92042,9884.924190198604
100450,11477.864008897111
95304,7752.438556650071
76023,17350.76837144476
90609,13011.424214349974
95170,19928.361378284793
96870,10063.043636200262
107247,28021.757988808866
100484,10136.232766418208
77659,32654.055245342082
79832,30000.83633279517
91419,3877.66874830728
80371,19852.373055817254
83386,15691.574635273775
103919,9681.184383199636
95201,12414.654261091486
84155,17779.738647659735
90743,9751.165852201886
104381,20044.853787724016
89097,7111.762843282206
102033,4650.347015059661
91725,23192.294522575936
92999,17394.133547591424
95835,19475.50499965915
102206,10045.982972154365
101763,7004.66429516441
81377,15649.348771830504
105683,13070.645807747893
91033,32309.798084861824
103314,9782.062962436494
105070,10051.764117053479
86950,8827.765838065203
79171,22231.258816098143
81227,18756.07483961002
80197,14845.86746215956
92037,24984.77680542698
84688,12655.308846888589
101952,7764.397561438247
88604,18769.55792500101
104058,19973.110240869257
106274,8095.733126598667
84985,11438.658279489404
99085,7264.687558071032
80801,16422.8576328691
80233,24528.410344034808
81000,41365.58643777219
89057,16294.628268045015
98382,10004.111163577407
106493,31698.207306117823
95057,20397.926767435452
84556,9234.095233657912
103037,16048.979583368025
92174,22529.425559724867
90920,14001.740028412813
93409,32041.353031738057
87113,22497.478423779827
104981,41956.30893294111
104556,13679.893847552863
92782,19203.098789391315
90546,7061.4561327033525
105506,14022.828851826773
84787,11324.259665482889
100399,10221.70595461023
105911,9524.080828924773
101920,10429.966028583613
89224,13438.62029931476
106787,28268.168680328665
83083,4007.3439767006844
102399,7010.360971344952
77196,4928.214444573255
104889,6435.271957244423
79598,10252.869331295622
100540,7602.3157371398665
107792,56135.34419817904
85758,13397.606472600106
79333,16952.986443967777
99351,12465.02704978364
86706,7903.463645696861
89547,15980.111211891668
88092,17547.081532499466
90348,10977.094027122057
96125,16517.393377759265
86921,16402.263429368173
76903,34248.16123122294
95539,11115.664517103705
89841,15470.610859371081
102771,12238.473833282476
87174,13016.131441404097
81975,50333.682821992654
95289,16129.803716992528
77318,28959.726399418458
76955,13932.008412271782
80996,51962.155638891236
87707,4867.591029340321
84519,5986.650913165782
96833,19023.779071856377
97584,7006.52432068796
104697,12231.020135940833
85510,7691.912924752664
79758,32610.55700757959
99502,5902.965273002278
80725,18624.09844965367
104108,10367.264010819204
107802,21448.164430481276
84871,12447.849763294102
85817,8770.419835556164
95473,8413.436066573533
85629,16475.01416668596
99641,7280.056935333039
82356,13658.805085223012
96335,23357.31757914868
103623,10229.607941408323
84233,9360.576543894957
93708,13742.164690368478
97947,12338.509346405113
84368,17744.32393301856
92108,10533.613284742416
86099,15365.248530407782
95173,24177.803164105626
78389,26316.650903612164
106219,13905.729508641367
88823,15771.177374121453
95608,30916.34741659928
95876,31565.644918575155
86433,13683.637701022788
95515,20375.460488727254
97503,17321.14371491866
89163,14375.084410099029
106479,19003.044040675617
83722,18254.11944793459
80644,23244.692015809545
86002,20769.78687587045
86783,11529.700931108026
91928,29151.924417700146
102142,12849.243055716626
106024,24428.41637501073
76022,16230.425324252054
95221,14362.050912574841
105051,20286.09017164999
99939,9834.682156922412
103202,7137.522574949687
104770,25592.700585868883
88396,8485.711910474833
93666,26124.608546199095
100763,8522.939911288187
96842,12343.07455678945
78807,28848.704891472862
85559,10797.5292671263
84384,20071.536931092352
95619,27638.123784083295
104008,25329.59584539641
98379,6516.564768253359
90476,9855.439195286777
88845,9838.327682393734
80296,9223.657485313615
88294,13491.55952020418
86733,10519.637696757014
101515,7963.558963415068
107440,10671.586562857967
81834,28096.274419516034
94764,25871.53571747725
94968,20290.592684445182
88218,16119.460439912533
87863,10385.871587233769
104019,10671.727219120294
103369,8525.060618624742
106979,5780.534596652413
89717,5959.468453256405
94504,5026.485585444623
85722,10719.90848019753
85311,10760.216826571064
103162,9009.3610411475
79834,31151.39785528655
102283,8270.618484175378
102686,10648.611066337267
85834,11170.617892394352
83633,10487.952413055093
101178,6287.641142997672
102859,19959.911583111207
97691,17660.72835664039
99575,10232.078830342807
81921,11925.797842666549
88114,12134.504567974098
100101,9714.626990023417
101736,13638.559571478581
92763,16896.864945013258
93514,29383.05673426091
86322,13949.876285626313
84924,16177.239350795711
85898,8621.488696105494
93419,28468.899210863532
88784,11323.166270323816
95012,46241.8856683223
81858,20748.13228012569
101610,11615.705666662127
99190,9564.729213749473
87530,8792.945599178116
86979,14213.864128734966
77670,4059.2803261649947
81123,11699.211612731691
81724,10520.347062629025
77870,11486.412908939465
84193,15164.458048098468
105928,15759.22927599968
97607,19032.89147055069
96063,25563.394337089496
77962,14411.975496102534
81560,30011.41635353497
100204,10715.74251636254
89185,15972.86190678365
91744,14770.139187952389
91470,27955.67025941728
78412,10488.466759238212
96222,17293.68137672451
95148,25956.36597555284
106039,12827.942578603055
79352,10947.255929511506
96602,6756.939107756767
102798,9832.372619909478
107301,26198.042518200822
96147,16453.503771602464
87382,16373.19891729664
79907,22652.8242517919
102924,8546.920646989076
78012,21492.346264841726
78333,18063.13142499188
105989,22610.74720354134
90607,16858.042789659117
86110,12233.767992000634
81540,23384.16239632347
77937,19804.36064043999
84630,17339.37847575162
80988,46237.39108037386
92519,25680.873540954464
95795,10902.743208047636
86837,5967.602956296398
82642,17023.09134799619
86017,11238.871078783279
84772,15470.768156001253
103962,11183.895065260032
106264,9213.436227590166
84934,20627.067685716996
91598,32285.69431792678
104102,10185.473243793933
81261,5532.937076253744
78425,21901.44978481303
96508,9648.041371931555
98668,17758.342049422386
93948,31880.6581100701
82909,15240.913190999394
91514,22057.89869622326
100969,5913.386508458204
102102,5309.270820669622
103465,9322.260753519584
95072,20079.84364392271
87535,30970.621711631688
107564,6861.307911187711
103297,6255.795793851875
106528,9890.21091178104
83748,10373.365952037375
98195,6888.466806066057
102113,15827.00330215584
94277,12667.436812581156
93160,18189.928568198557
92063,23058.449679498543
81037,12035.247079836605
92602,52104.7531845279
93096,18459.81093130626
97243,10604.088650955078
78019,15800.091246378663
107604,8534.45514867123
101438,16326.66081882347
86439,8895.059226118638
82300,20456.3691948881
105142,15130.990574648815
84429,6306.674911002627
98958,7680.123154914317
92197,22540.843809330396
82096,25979.25048955758
81536,27393.535400407447
101623,14180.297815072632
85596,10366.270799604015
90600,10367.383051290466
80089,48476.09811269756
87224,9857.879814491873
87685,19785.015535713177
90958,29024.53598425416
81004,19553.619502042955
91667,19911.21687394583
77877,22566.308904693775
90956,22091.455382111653
87744,13329.043404802671
96817,10970.602555478174
97163,11112.59091042043
102517,12501.90754501756
83356,6199.324575928427
89415,9271.981794634627
100153,8460.256884743725
96024,18506.232661908954
92043,33103.00609497275
100495,7736.034703633783
79653,20413.25631109061
88149,16131.661594544408
98022,20871.04570925655
84983,20700.20363445807
98394,19486.280387355626
78062,16199.677356579481
83656,16139.109125155563
93963,54544.83470704713
81988,30905.8195752656
95992,28181.500684575738
82620,11167.566436101586
82149,15609.49997672665
106199,10326.925404881098
107884,23554.655612294595
106607,17401.84617086775
84212,2859.5753557322
88234,15827.950655814397
96712,19807.44295133346
101058,15982.857464167324
81149,27447.64099569217
92670,20887.959257872848
101383,10457.26524613408
82563,13290.902236651149
100600,15760.183580029068
90826,10098.612567293192
102364,9300.674402169614
80759,29419.150297276607
79628,16453.728103562556
86113,18434.216719171767
96607,9608.275105755225
96462,18721.304661652503
88668,16917.53194835605
85575,18408.16059202493
97718,9275.541378316826
107322,29775.71976437634
79948,51268.78388309492
84361,19707.407210566787
77092,21961.70010029064
82359,22130.56517965529
87495,17074.819553272104
102966,14400.908566137501
104309,16089.728818044592
106312,25081.097741413574
85152,11827.137147976415
80835,11288.313786864806
99488,8943.826787331684
101023,9768.215900161871
82295,20932.060242642223
94330,22754.3105196108
96446,20913.755510862517
99608,12090.72418570788
108305,15464.197145178805
106512,19893.151454857307
104003,9049.549096549828
103550,12194.55792117558
86253,6802.221914612145
88355,9132.524325759758
101629,11715.076105224936
101460,5511.914778623874
87820,10974.074208925547
83140,12059.998528680724
89804,11591.39835420904
101738,13175.059384891458
101121,14793.07462234874
81810,41878.7044110412
102106,6312.331603937579
80437,8789.4086714708
101463,11357.435572931092
97919,7757.731956206565
107407,22173.4454786208
76258,25697.14057790214
100626,18889.23424344827
92755,21998.714139001786
102655,8333.630624342108
89223,17549.784726913353
95180,51641.39402518792
96372,6998.594968594804
84089,10995.65810147614
82203,35349.85656079432
98785,7401.122607091616
95930,19752.373616617268
92151,19549.83801480177
105149,14743.0706429916
104517,7649.531760414282
85727,10544.450328003066
104769,12263.173263990948
106796,19452.757336134346
79021,16597.937245886817
86121,9901.761749660945
103139,8147.152619115891
87918,8650.34443801262
80634,47016.98045165024
103033,6886.049056768629
80019,15043.095045311944
108035,20197.330531938045
77891,8152.16493008151
95749,24339.024899606935
86617,7685.603547448127
77709,10678.992132679985
77952,13746.50992288932
97083,12407.938844771299
78040,16570.319512009293
96041,25097.876917405694
101843,8140.507614088786
103016,10036.312752047515
86049,11538.706855372548
98228,8490.000031035072
90554,6930.750959758816
103311,4524.008601257952
80418,19255.77536882189
81866,48587.00321988588
101259,10362.917189131338
92909,26091.109898388262
79034,31478.18123809687
77129,13397.257599917937
99018,10108.305464230858
107391,12521.417450866416
108170,16259.979338512037
80664,27048.740403370226
94438,43621.777389768526
100436,10524.907482124714
107031,13015.750712214956
103954,9476.30204700927
78892,13844.861283343555
88505,15393.634626468456
103329,11182.339758542674
88345,13092.818041550798
105950,9895.113829498252
98331,7186.58617547181
77666,22298.887442937015
95383,18159.913728426203
108535,13955.51814972034
78705,13001.59052819938
79597,11906.525317474772
97585,25280.50778383388
93832,24559.871506109048
97348,10790.802704942382
87291,17154.159124448008
96291,15194.158621071705
84851,11799.545722376079
105338,24144.32672081054
84514,9238.680674143192
105830,23701.05494148256
78819,11516.297496130492
79728,54749.16701905633
105993,21873.079795357065
104822,24150.257807104776
101141,10619.231099097975
82728,7238.235259109657
83273,3538.2068186167667
107233,14447.228179567705
81943,42697.7070371179
105637,23762.92442295787
81203,13743.939308750252
95127,31516.665758809053
79994,32921.479626635075
96025,20833.600730175604
97390,29553.691659527984
107522,18276.807322592726
99674,3495.895309589702
83001,19738.545183990693
94573,19384.373824971542
91983,29391.189627249754
89935,15968.933824527563
83115,8737.377167739356
108439,18153.733212353312
82297,16024.613691825416
96542,12352.637480248419
78269,55602.6661903822
104124,11228.973115357696
90435,13068.497524379361
97520,19475.57643442801
85468,6105.935211057054
83566,10462.715179282577
106890,31122.0201595392
98124,6898.122692521407
85866,11913.533092122485
104379,24755.81359287841
99616,8268.030519800936
77346,27937.706496712733
83668,7685.603547448127
94488,25153.663781292646
87494,8964.975722818095
84099,11750.610353581273
78345,14314.982120134731
95626,17423.400658509054
91044,21298.894319319963
91343,19419.665609696924
99823,8633.954164616665
97197,15082.980568400586
76399,23310.798503080256
95484,35747.35429301952
89728,20659.05536012278
93866,12720.676766381604
94053,26347.90847124079
103190,12057.69619365849
76312,17331.65187928137
79453,24567.604922540777
99956,13118.084609329588
96811,32642.05226543491
100537,13576.747540275566
98142,3129.1428071932874
106900,16589.449443052024
89474,7296.130650011597
76696,12542.740980005714
87479,13696.489129216756
84806,9884.583410515585
85385,28446.683902658995
93372,48154.938557893656
92860,23705.63927848331
105267,27901.111747671406
86951,9159.821253075072
79622,8516.652304284984
95103,20439.27247069716
87138,10725.644261824491
91912,17322.516820921395
78932,16817.985176108312
106494,12423.333706701947
91645,24948.36671444412
76102,20045.78482177097
79636,22246.506074039553
99416,12060.626218382213
95715,32743.737970452687
81323,23742.741526366888
96273,9526.261114101617
95585,22112.602761825172
91885,23116.341269963657
80762,26108.00074427559
79167,9267.462476559036
87173,11167.566436101586
92719,25265.834654796494
87482,7487.897196453924
95215,22063.288378703266
104054,28831.90032065276
103066,9745.935429246116
102449,9794.60351703349
93985,24012.48052678611
99869,16732.738318364605
88347,13718.837576636395
77208,11660.442858824206
79376,14837.416469521273
98451,8963.134532917542
88983,16765.188055430575
106464,10821.190731537767
89146,17165.155877055073
105833,9957.574479738536
79242,23116.156769337347
107738,10644.525859879106
77626,14265.54664948882
77415,16669.58318212056
82458,9643.658935971684
80995,25482.05015354864
98434,11889.519679233728
106938,22553.42726136735
102349,11315.496081016494
85791,15794.588926624147
103622,10012.314084637741
108149,9525.84007004037
86450,20249.590661880444
107252,13605.634256369569
76034,9217.66748182349
82259,29807.140339896625
76581,31039.436992055675
95499,26921.09988826905
76648,49924.87729947546
75992,23654.309129249934
81407,17974.088855415124
105954,17340.78147731631
97001,9359.942651688683
96179,10036.228895639193
77616,19556.293921659708
108142,20311.90804013271
89107,8074.306167813278
108236,22405.10703937903
92520,19257.81322762622
93186,14006.208238593757
96171,12628.133457446156
78460,12797.367790180944
85417,13724.016070958804
100064,11360.742790011755
92393,16556.58925031226
83360,16702.324904266134
103935,11412.621596917423
106977,13740.968446944753
107965,14972.526817749083
91921,21108.309467956788
105002,9478.588405231176
93968,23725.007307757973
83088,6718.668326602567
92707,25811.976804280603
89001,17015.929322403306
95856,24854.98470374632
88962,19856.741478560216
99828,12291.399399404163
87980,10587.427275815598
103861,14902.64914136341
90588,11486.930185323803
91508,28679.32025824449
86131,8417.523238178133
97249,9038.36679328745
88232,14914.420851609066
78451,29127.303947114066
79773,18221.528436351917
82873,7976.776828675101
104116,19973.110240869257
83673,21207.161839803255
77622,32568.83252314366
94936,18546.152083666424
93795,19006.63065402364
96084,7896.59365195889
105406,13738.071903884069
102280,11211.730784672794
83867,17229.413436234114
83621,17583.85305060808
98536,6822.574536940481
101889,7622.0495608956835
84479,12098.174733618247
77956,17218.5443499978
99484,4615.631955682308
82140,10701.310764120168
79005,36645.04928241833
77513,23823.171564154716
92211,23494.423789046537
85245,10827.397327124116
92239,21005.60201971847
97205,4739.537624213479
84822,9440.757844214808
104413,10928.028598710902
98704,22977.430344440727
76724,17304.99820508704
101457,10643.757378047465
85487,18094.637655465096
107392,8436.195769182812
90712,13659.629748236519
105823,7609.685691776509
100345,12301.122734770144
104219,13756.045737021648
90297,6417.112850902723
77122,32421.5368229783
104805,24439.21000653289
94490,32774.996523432346
99948,7758.377523294742
103562,16626.858669811052
93378,14151.386433861755
92288,15010.510109905441
78059,8714.083322001125
96096,13945.116442043816
95732,11478.657827643012
87817,6590.14055106342
101084,9898.335473028808
90506,7573.509466563602
95676,16302.040554180883
90249,13557.432660050748
95932,37953.072050035735
103254,11026.60858743002
99286,7309.383290952631
84918,13261.099913731563
97397,8248.931481194639
88837,11533.794501560684
99212,23420.556535133677
86421,13302.337774178815
78337,29169.90336961856
76020,29165.974355837337
88038,10516.61933851964
91409,15677.186956943562
95205,9108.250408098742
108031,9497.827979992742
105386,9812.121763871546
100613,14235.849416502982
95685,22738.666786628604
78731,11924.897701003778
87310,16974.609647425958
101113,11396.879619375011
89077,10164.497182594952
96672,19601.03942359152
86775,4382.265995965885
79262,26635.08639528169
104469,12756.304305181011
98351,8522.648824319474
80728,18763.37163272741
97386,17309.61518783265
97417,16475.13518043156
93911,22292.801526552656
99842,6779.935215719115
97191,17662.427487054385
103152,6689.859317966015
100093,10457.897041191727
104319,14844.60191347876
78419,24104.278275970657
106929,9524.080828924773
107427,10971.27175179072
93578,20332.651216941944
103404,7544.486299400244
77844,22576.52217380388
98068,13894.490073991221
95709,43415.90653250058
87946,15732.610290626813
76391,41208.888041448285
87096,12402.925057536127
77186,25850.03071992448
90698,13171.225618602051
93367,25156.18049218422
83133,11214.67884132978
97840,12282.966154011401
87605,14339.544232060949
78472,22870.504805039862
100925,5017.028078909419
99596,20709.474622585072
86081,8147.100496793025
105725,10678.699006716872
94362,17083.445183364616
88579,10429.896986983398
86705,12462.961460571734
80813,16435.08239133898
78885,9164.698770204275
95548,9622.473216714907
82342,27331.16208921124
77011,16304.35907039239
83904,10662.575178140492
105485,11274.178120453476
107922,14578.32498521135
90200,7014.049100800246
104534,10809.176683417754
88664,11398.010680847889
100499,7035.666689243306
101035,15433.966479376404
90482,15222.448203834385
108068,8581.231400989327
81709,31221.27750266971
97618,8509.801526888845
101931,10016.886420203678
100284,7611.221436448383
101027,15419.903217532026
96674,12422.50974884295
84856,15658.744614087913
105326,30197.68004893195
102491,11604.131103964435
97616,13494.050698772002
100667,15820.404380504919
108197,11055.976436665116
94844,29086.983962263243
104934,15573.782371524507
94116,28149.46504911375
76214,21718.190431568484
90916,22042.05799842383
106013,12683.45786251946
103429,15521.560275176325
93335,16087.655753199915
99260,16387.897247653083
97043,13663.796907484844
77925,57746.441107964645
86716,15701.340021870332
82230,11771.168083010432
77567,64331.990039647826
108496,32034.516769209007
104871,22537.43548210225
77957,11126.321950928197
96401,14629.950244039452
88284,11680.800372590822
86845,7303.486904709497
101349,4922.587902689687
77015,15259.156071682115
94471,19772.884326064348
108380,21217.431404284613
92533,32226.515556109865
77756,14239.469748233068
76035,21493.28911971383
75973,9966.233873543177
94675,9950.61929962206
79435,20314.435849353333
106542,22183.1688050086
96546,14798.346509635237
95946,19927.536093005172
93188,25984.605239798457
78117,17850.18218569738
102180,6831.813941836198
81825,16689.3726941433
90050,8147.966327477988
79638,21502.769376553322
87579,12813.359792614372
108103,18162.645804734922
76578,19382.74753591977
79112,16756.830570103826
95959,22216.135871658535
78244,19763.077047035033
77851,32381.482302430733
87052,17174.41358369322
88538,18436.293194803886
79011,24521.39988639883
96381,19528.41549188834
105358,14760.861310399849
92876,18869.375197217683
87699,6012.084086854189
90203,16106.40045517272
77001,18259.18880543164
97974,7631.316353386585
89985,7780.146434254394
97810,10297.79360225261
107459,9484.488023186894
104861,16964.154527696683
82516,9574.920042158106
83497,10797.5292671263
80194,56134.02651634451
85730,9694.201749153315
77914,26326.95905912287
88779,16521.415187174967
88366,9360.183289808336
104300,13381.118291447334
84300,11959.708302168265
79422,4733.049192164524
94910,27621.98660329007
108386,27239.097781957014
92708,3570.531203366306
90802,22152.033082572285
104397,22541.893943271843
98039,13854.181574193313
107887,22427.37165029197
105290,11138.165506070605
102575,20604.07837442597
105040,9186.920814312178
98430,10009.792202351146
80499,22562.78269819555
101694,12728.512147984226
76386,29690.563487237592
98181,12008.07066518582
85340,15788.677982521642
90766,16205.141892669813
93472,17809.12664823655
79927,27985.575233724747
80854,20368.368205582337
100180,9924.10766475399
84437,2859.5753557322
83358,6465.551810843643
93108,21303.88821805905
104330,11832.264420790174
103518,8723.42585313639
89006,15701.427040036864
101611,5691.311580482838
92226,22152.795545667217
84798,8996.686856268425
92840,10128.610442141702
106054,13107.813341922521
78261,30587.951780432566
76071,14987.349420355187
92246,23482.978681306013
92296,15750.079665480569
89469,11240.133553792188
98079,12353.679322833816
81294,11332.427130759841
96301,4496.716325731221
83888,11241.354461426037
87403,8822.599628604992
92192,30077.168309418248
107592,16521.801869772844
77496,15857.856361372476
97447,29614.471307707838
103131,9658.130290786154
104590,22871.596908193853
97597,9934.475772522885
82167,21869.06740504603
91027,26909.673605156728
78607,34234.235731449735
99587,10948.295936733997
93937,32191.713120252105
100307,11747.591963798444
107613,17442.874188476893
99773,13778.644974108814
90044,8538.490608540267
85578,17873.07190996659
77103,11821.21537184364
91386,24756.906453081625
98955,15919.879398450963
95927,19974.92942180858
103188,6203.713417482079
77389,69540.29608468634
81822,10702.966939913409
90768,28122.246137513343
77594,13179.458595999284
107085,16440.038347738002
87692,10814.921722807021
77813,8512.850917625588
81414,15002.978769369956
102900,8781.871330723776
83150,17192.51475959272
92414,29048.724955102083
105321,9622.537135440378
92658,28783.867809064293
87160,9306.21118725557
107827,14634.45701217671
105790,18150.394223188763
87463,18634.879397628196
91532,48123.164471901524
77459,23050.727371644272
81593,12198.608829366674
103719,11412.884339864519
102291,8235.865327857553
77211,22331.083565483113
92956,20287.049778853652
86578,15584.787386587792
85882,13103.428447028318
82082,18058.948086558034
91811,30293.265369507626
82036,29700.86083724878
76773,18034.983188142
99406,10313.666558925981
102289,9458.147360020484
94402,20908.408437158207
98621,8147.2638823309
96476,12766.6145474464
93410,13754.283994799109
84989,16097.55368241096
85123,16565.872242825146
88492,17828.570836802668
95128,25873.033728028007
93047,15329.904741872399
84587,13709.618001690062
94856,25989.812714325646
92247,22471.69541364159
101052,13814.735638517084
82940,5141.3707576915485
97756,11128.261487707698
98444,21716.83869997034
77869,11600.230778572635
96694,11841.939551274552
107101,12117.98844739933
88276,10797.5292671263
84648,13533.265973014155
88011,11821.774851438278
97951,17226.45881873904
77288,23152.09052886903
104937,7669.650040526779
81621,11332.602559602778
82049,32797.4612128187
98553,9703.870814849228
105056,30603.978678719006
80914,33695.74879506334
82440,17219.386479491735
94927,25159.537362535935
84303,11728.504298479202
85533,10979.994923013031
97576,11581.580509793539
82216,19982.07630213185
84279,17850.30735041006
80976,12789.863179067575
106097,21874.67809955878
83074,13042.952319097429
87581,12443.83181092379
97210,17345.655967483955
90785,10764.332194517148
99434,14325.09589731267
89600,19611.75231331384
103809,13026.379326028902
92260,9245.48916905901
89667,8294.513285648658
99310,6259.4616857503315
90375,20258.14156198
89468,12479.161659285983
94940,23805.040727896758
97747,6110.036579124059
97570,8989.8755707202
105994,23942.723854879005
93145,14646.692456230643
94100,16877.761709271213
103226,11942.97411687467
100167,13758.8561956925
98138,10367.208597951323
101043,7772.945259111777
82078,18313.608885230966
104748,10745.23643717504
103881,14254.854427186
86774,20380.711228121105
89857,8806.448983336806
97150,12462.550847487955
107683,16053.92275097958
83708,20514.877869410473
78775,12764.062101328771
104200,23502.315208655284
107581,12718.292958029024
99756,7146.641727375474
90210,16354.719711533618
78027,29593.109947743673
97012,12914.412500148943
104010,9716.891418744575
100639,11658.208653891332
93792,13037.056074032183
85574,17318.666133729566
105066,7819.730439387964
97307,10932.962664828478
77243,43410.710301444546
100661,10796.859994109009
80825,19887.684285390744
85856,12708.813234430827
85793,9254.548056369029
107091,19140.24329479218
85836,23770.329958306025
83887,10662.741130972141
84721,17125.7781242113
77636,5622.611209492523
76905,43469.041770874464
104895,14075.416427702397
86377,15996.305104356601
83076,14999.638310260638
90124,4267.674619172285
105661,12324.531514692662
91631,6082.240764084084
79760,50912.95928741736
100714,6839.4024334673395
99231,17758.342049422386
82805,16668.39133874887
80714,26874.490524476227
93820,23689.220581295645
85373,8614.504892217234
95562,31402.950911709646
91723,30911.28328792008
91501,26103.990300624857
91222,15010.510109905441
97984,27840.154176085773
95047,49297.1327215421
101181,5823.396817975603
88389,9695.296955970089
86999,28463.580557841222
85255,19624.832860426544
79093,15049.455499488307
82409,18176.655442662923
103128,11260.2570979916
107027,13623.938211731433
108081,13954.066723581724
85698,21660.21402428011
84249,21135.468985038377
101719,7138.552751262788
88643,7653.366925037129
80972,18848.59459267294
106047,17973.386671993816
86779,4455.303930726774
78587,30835.673232030742
90179,12658.582927684749
90972,9298.340039211986
78609,21996.80582883969
98324,8285.145161882607
76446,50777.193954770475
86829,13349.611081557727
87796,11105.861150391536
83650,16369.660905580784
81411,11741.924557261062
81963,29566.45236670936
96782,19975.74724717568
89718,8848.90540851639
95518,19938.879118949837
107293,9653.104711210692
99739,9932.894046487747
103956,12148.442994093324
85946,17323.29619051451
88532,17827.733411632813
85713,8581.70801909074
78184,20353.4533535128
100234,6562.941906039203
107715,9784.206841183217
106150,14663.69587697283
77266,13753.75666433059
91067,18774.60928510822
80869,21024.08327818561
81462,12262.174584821842
83382,7821.357865759758
92915,18382.981757551945
81139,16044.832647158259
96523,12108.645892571458
107090,29574.38195866816
108117,20032.40542853035
91742,4338.883685042361
98340,12874.671211274182
88371,16024.042768369964
101031,6027.9221827047
108430,34793.273573497565
77740,28294.006197309933
87861,10798.984338339713
84746,9961.203828818872
81252,27572.390487556007
81933,15957.708088805903
92153,20534.642273366575
95485,17235.35123301938
97686,13044.038673847064
107452,14596.951618672041
95477,25090.05948055319
95752,32613.38621855007
99499,6452.787037844717
81223,14844.620220476485
83589,27574.90430549794
81497,27295.611584836694
95884,23370.277060987606
87806,10430.758110601375
92330,19836.700057282385
84558,13014.195084840094
82990,9838.327682393734
90851,6116.54558875922
96997,27243.95446455183
90278,13445.54116104375
82417,10423.546778269332
100247,7768.848559456652
82239,26445.44726434063
76975,19824.676411930963
102948,9704.197580507684
96929,11915.553199194841
107088,13973.600429145457
94670,12842.117362224522
89862,5004.849986488511
94506,12754.225149558632
97696,8989.708307681045
82696,21992.847814241442
103767,12741.849757724109
105307,11235.492192809934
106510,28695.496935211788
88316,15698.103110599784
94321,19752.373616617268
96595,17785.867643409918
83223,8521.061955659961
85551,11919.670533422108
96007,10817.834878402708
90296,9470.113606211502
97407,11258.189173029617
93071,16846.07180095453
97275,5660.4551306621015
86827,5550.064106727727
99759,6884.454484777484
106689,20368.286552009497
103062,7163.243577889085
99657,12906.231924669113
93428,28142.08370988845
88504,17926.13666740756
87359,10812.520214582375
81906,15934.349642867357
107446,9900.584570671703
78926,40722.12139282349
97871,6687.761516916219
94202,14047.132807900858
101216,12517.84797369417
89614,14108.263868350721
82929,7616.580134643637
78710,16067.65011606186
104966,22369.487753786118
88410,13412.30365970054
94382,19941.237318628806
106319,42945.79244391763
91212,17954.80655879192
103584,10415.236296061748
107593,9897.20438340713
100069,14556.297177261356
97293,10249.401067073382
97085,5468.96471944011
78830,16315.50025890094
80409,13326.700153755468
81079,34522.33568408634
90437,7036.013935277614
104169,30996.684664146618
83432,14477.074035308236
86630,15564.438635174376
100678,6006.1272619488645
92564,23744.72649441859
86007,9943.343444407212
84102,8259.444203518557
85324,21852.367560062015
92796,12313.413117345197
78277,27864.07382997761
91813,13477.613946377307
107896,21996.51687337671
80598,22586.435370405405
93630,21302.57092124391
98016,13865.479212498176
79518,50041.051424219055
104016,9735.50573326857
90069,19719.5995580182
108485,8181.754914784189
105556,30001.166716142987
107276,20599.48862347955
86409,16680.2781468403
98131,12304.237645937237
95165,15849.499792546027
92954,18768.45987471917
108363,7561.606102077832
107775,15746.08588659027
98806,6579.862224148334
82105,17397.40245471926
95777,14066.515293648768
78794,21437.138499695295
77994,34506.61648929149
90061,6924.236363303367
98353,14420.719370382703
86777,12147.247687092926
107107,8680.258149634603
99207,11191.491420998518
92441,26253.72833231429
81253,21276.073111045655
82071,22311.631537668916
86304,9620.303157624136
78529,4933.2814728691055
100606,9095.769534651843
108524,21128.337956005118
87772,19761.5999249967
83062,15838.28639502268
106197,18806.91990208665
105773,27479.656891190833
79317,21655.014175537708
103930,6502.631536410974
77486,36048.88648310332
76154,33006.39725296106
89324,6031.267553026333
98354,13041.213072796778
108349,8125.753254686373
108146,8923.567814560452
77826,20812.722595328272
91078,20081.795918388016
78136,23859.452951628657
107463,26527.154998984955
100749,15953.463267121677
77223,70377.72835850068
92513,20412.03297680971
99409,8508.0594127339
94380,26466.76431070675
84791,9721.41569643914
86042,16128.19612307342
79939,32000.908737616563
83953,18923.10310825277
103754,11396.879619375011
86091,12474.296715156175
83114,9920.356889245446
80956,13628.667224301813
96276,8140.172982516881
89799,17965.36027832778
87919,8515.64426676604
84054,18306.337477272253
102856,8124.536194276872
105645,10467.055236108674
81207,21313.594102217223
79629,22216.789047109578
97211,18879.631270119826
86631,5967.602956296398
93438,31780.105603930642
96983,18275.552845535654
93914,25166.035796902866
98470,9809.087451636417
76650,11815.826463501193
96428,31201.246977362633
84958,17144.867028803794
81064,12805.789066262181
82469,12580.218612935389
102139,12158.175149204999
97800,9699.794702188063
98474,6604.97137803412
107944,11767.76329924613
97401,7321.133360516507
108476,10933.82800725901
103189,8404.44720560148
82987,10263.747745606704
80903,30289.27177636147
90854,10474.910497712035
95644,37831.79387931229
98728,9665.596006766418
94370,17923.227610848342
84537,13107.023466832929
89358,11961.743233942942
76221,11934.394540156973
84935,16726.843179040312
107676,12094.722985839868
103154,10104.78525273526
82600,17240.63177704302
104290,18370.12768300258
79972,19713.75572328945
89202,21010.016077901517
97253,9242.174158490192
97358,8740.057527633719
106932,10923.69052194508
101140,6660.144619457442
100650,8317.811956791536
99817,16560.361022917205
80953,19511.47546637589
93851,17016.58246389857
89574,4632.364215888724
91092,15010.510109905441
78214,26870.91026180254
80283,16223.891786828599
93158,17190.957411887703
78562,51878.094484702735
108498,13708.806193442857
100223,5173.1036635753935
76976,9958.988402377938
81119,25539.7685309785
97369,25288.616371926226
95721,23390.913457932707
82271,17310.1961842032
102837,10985.96909096877
94761,22022.288000398185
89200,10147.046158546857
102690,8954.786120163837
101274,11615.541126641408
107682,23012.796492706315
108276,13831.177942808135
99011,12618.748200482043
94484,13288.535951504286
106033,21542.026688653154
89123,11798.554882613818
88740,8823.32072438046
90951,27105.62255403064
103812,5852.608892573995
100056,10321.42539113872
100691,11561.790261453705
88394,15777.488733307713
97620,8232.149110101864
107955,8199.666117988547
98144,18376.64989746806
106325,21777.2435077672
92867,44753.20368014163
85204,7736.97334951185
87062,19186.48281836878
81539,18332.652693048483
92009,31659.961861057167
108224,13756.045737021648
101686,11960.989419703477
98557,10100.037490568973
101594,12378.091905559582
100647,2411.4450779273293
102401,9620.099296761897
86093,10558.36449685488
85837,13915.930529571635
86260,15692.138622630076
79830,34643.95032872933
100041,9095.060497198932
92230,20270.569950637568
94661,19653.193953514583
79450,20535.64402735047
101374,7123.329674450424
76983,34172.69820627587
99673,20545.861689735666
81336,16817.260299412173
100376,10067.780369474829
92756,25875.567601573723
87725,13659.950795040233
84541,21149.66857864919
82284,39371.98161850783
89479,7143.805361442703
93259,118097.26413445419
105648,7385.0334590874645
99099,9751.490845850114
104543,22839.596655033187
108474,23370.56160227493
76907,21221.419393705906
93652,27985.813114984594
100967,4200.871729839834
94331,14868.718184446936
106381,8656.196925362523
83170,10797.5292671263
102953,9497.39059413988
103590,10622.196912182504
77316,18322.986932836746
84682,20793.80462990025
84524,13824.400556934072
76747,18808.495365696846
99049,9882.430212297682
105881,18777.20051592746
90833,6732.771662991676
108079,13810.845719404724
107295,13768.951136607839
77121,15457.318932285878
78927,37450.284262923466
103048,8750.617701610214
86216,14098.662856613844
88448,16052.058401308612
86219,15524.764473648398
87181,8420.0301423682
98755,8262.769477688242
76443,13043.30999791079
101149,7306.36649144219
104315,24254.02532315994
108345,9798.808518664178
100156,8316.177225851807
107263,15730.17259775829
83935,4967.552086046378
90584,7789.246127804376
105733,13413.80995060842
88332,12461.845541846305
81979,23448.97474532145
91864,43955.99178861521
106847,10727.930595444222
95136,16683.13256962231
96991,9253.311859988422
105905,10798.142254162947
102080,7575.765923350787
98072,7658.31424043433
103711,9755.743095582333
92213,17268.443992468718
106898,9494.082175822265
85333,14536.030873228054
84559,10835.383370310772
95428,30104.305041456275
101003,15477.625042715812
87773,3041.6221328275606
100739,8586.579266082343
99885,12766.788391333906
106647,10917.03565592951
98019,9653.087250252443
92212,24277.690608877198
100786,11922.075737792089
85518,15447.222786099654
89849,10894.485289562965
76149,14568.903947117004
97490,7112.660075697087
87476,9471.775415182168
83248,18688.038391548078
99352,9356.717173069888
90736,9238.3423850177
77596,20952.564484319
77209,5079.486765913926
82308,12997.259036190806
78207,19488.0055039073
104041,11896.171658529287
81125,16426.95460272347
81691,35075.69922610735
94459,10294.083244210296
79977,14896.99701995249
96530,18411.680758971932
78367,22975.907170313967
108100,34962.96503434269
104510,10093.181188125138
81891,11239.799396348728
97087,12876.01065621699
88161,9802.608394653105
101097,9930.623743274105
81742,21297.62335689595
78409,10035.380226732403
107496,18637.248803569633
99326,7220.955244267378
78535,9579.685120693022
106164,21237.215906505022
79719,24602.94794245032
90418,8802.296052061512
85844,11353.572603792345
86639,10318.7625205294
83745,6096.296143444007
77300,57565.88045321279
87702,10801.185310416933
82586,10416.0936101519
83769,10762.919160929456
81708,31553.567345270436
90224,11928.984287153811
100063,7864.120305376714
79249,11867.039252120821
78719,31250.45768099483
97287,9014.884841902469
84267,19544.336181218805
84056,8955.991047212892
101164,11363.428576534396
85826,17302.950320393626
93793,27136.860766875012
90945,24947.33680207944
98991,9797.181835231164
79647,15319.621359360375
96794,12230.158349363543
83984,15040.13988753352
96688,9218.872436441825
79838,18214.491838175858
105671,9843.754527636329
87438,13471.769061009198
85859,16085.57503433867
91639,16622.955192622365
81134,43383.5064726489
99992,16485.86675504006
91262,27352.314589706268
81417,29706.21774870907
90783,20075.992892630245
88898,16084.188557639744
76241,12253.544391625997
76491,17456.448208541486
83132,16280.121282013097
97757,15054.444285458452
91753,35283.96051634687
82333,25885.3104032884
88295,10709.87352304093
98314,10437.833707162994
86172,9371.413212825322
78331,24253.02465348273
81996,26814.47330410455
83315,2859.5753557322
92376,14885.027497894283
103058,12284.99227145957
102215,12455.28677173336
104225,28492.194236997086
76910,16384.84492002005
88657,11915.093274926028
104943,19140.80318372779
86434,14341.320240110152
79432,14461.198267647853
103103,13824.549967715815
91456,38857.07675652982
89465,14370.170996678293
107774,9974.97428819721
80938,26694.44726547566
94883,17394.08154655344
94135,26425.429510742422
78747,17027.795717192606
76240,21131.12444734519
95820,39499.43380978479
79092,24335.640286951293
84393,9880.508226177046
94391,37564.391254368806
77183,20684.02853525385
105612,7661.046021263866
89046,10134.923115245787
90878,23678.48883418393
77058,15211.022699757294
84468,9477.617833677128
76713,23172.61529775343
85568,11583.33993319942
82191,21130.590509434514
84825,18464.281660086996
79009,59348.97040901066
93908,25653.906571287873
91135,25180.812342215093
94603,21497.28124294026
105887,24874.885639485252
103196,10130.872987874876
87544,13317.940454260635
99605,15048.205739547657
101660,10753.13629467557
100671,9244.817741962883
97839,27734.054515988482
77742,36294.271887508585
106144,8335.833916292624
79681,29211.994438856094
98764,9014.836340072756
98200,10484.481247352667
82652,9025.221513491646
83599,9068.298784356755
97776,12943.884975553645
83403,12742.274308553342
77472,34994.562385761616
79535,25707.289599910855
82632,14853.9911457142
98612,12397.109189609422
76103,22638.750498332538
94824,25090.05948055319
87424,23199.99335694919
79193,19778.375477323894
80853,14650.66138598306
87885,10859.111205314475
80891,26327.90098543894
77149,22109.72442206625
91012,14244.198989424698
99259,7779.9624539405095
81555,25941.91365022718
93917,29444.073636863657
88089,17986.52225823163
100704,9167.057831698208
77798,31186.34403865088
87342,11705.879338866442
96013,10866.028219399841
93380,25560.8723865685
84040,13258.38234695879
88600,17552.715581035587
76133,16031.145562816699
94842,19870.788719220207
98184,6259.4616857503315
88767,16603.709106016227
98741,23240.91442685535
81739,11543.363955212837
91321,28499.720413964485
108030,23668.92410146315
77680,16191.871705484551
78189,26335.9030406482
82302,24825.38073854145
78968,19619.876468611343
101390,4761.670300398926
95491,15719.543910440309
101687,5535.74580142498
76371,17484.1018915958
100151,12471.149440364736
92147,21006.75320728547
103385,17071.684812064796
86960,17594.501612829667
89563,20434.203075961133
98013,6649.374625921981
103747,4701.625722965811
107681,14702.002615204476
82686,7919.917454220161
79913,11379.320803576557
96545,21622.656047325196
98278,11655.856886388909
88916,13397.606472600106
104733,11587.50464430043
103529,9927.56230522344
100642,15521.560275176325
97860,9601.381200958505
88870,15629.05476536336
97563,19452.349986394554
97081,11896.308432424625
89544,7946.978643275889
96332,11500.381036767729
97064,7073.446110134787
81916,31855.086633170504
82148,61961.1286370224
102447,4376.349409063174
103111,9263.829055728578
85058,10597.486437129382
76422,20529.141650724607
94546,16299.793095106896
96769,10576.041921826958
95364,12720.676766381604
101118,13306.52471921089
107644,17472.481264851685
104650,8658.737293428705
97300,9151.538614416115
104069,10830.589928182379
84700,14122.837870843687
97122,12004.439736190703
89878,19693.575945145312
82579,18966.594218184528
107967,8581.169858545525
82494,3041.5774247086492
104872,15216.843195958862
76339,21937.343142368878
90676,6924.236363303367
83780,15186.251114083523
94444,25080.75247078984
83532,3441.452394707985
103380,7167.289171724449
90941,34727.43785849001
99845,18552.393487730347
98053,12077.958470135874
77863,50337.14064213085
81107,23140.97283296454
81176,29103.739408717043
93196,58373.407334567455
102895,5329.950377354807
107093,19594.074642173724
106566,44081.98564751402
88893,10204.10698913202
81939,51186.10412342569
98833,7764.782917005093
102812,6170.413141924329
95766,22722.56055434096
83556,18149.147160989778
96725,9498.010956522718
104649,6625.3050703578565
98466,14709.405853450628
77661,25910.331465504732
99882,19134.103030846858
82646,10458.578046434608
94874,19454.00644108568
92800,13013.701544168372
80265,28498.836137321563
80587,33270.55504839417
92298,26156.24654516397
99023,23781.043111587685
88098,10550.134745929803
100928,14058.891464960769
106437,14011.843779277107
83122,10672.063714225305
86614,10349.748687629632
105454,19675.659411102042
89282,22672.012225476094
103136,9370.478103116715
104899,24359.484900162697
92041,32486.30193185296
80795,15225.898045395985
103043,9927.56230522344
90842,20707.72722644267
103070,7044.230945279464
91523,28332.92181449661
76427,23598.233437235696
86188,18706.34155244515
105618,35369.67761538168
82931,8726.954880632418
76137,11766.023078811782
88017,14691.856501448474
82713,10783.883834943883
76155,13689.392899624581
101057,8954.036543650001
94699,39017.58895897154
106794,19245.472827396636
97000,20252.242992027637
90986,23050.734083291514
92785,5733.429733945194
79156,16139.523267298855
107616,20140.105997529103
84264,3159.994474436239
93932,17870.92027633983
102956,11054.161511178752
79715,21809.08301483734
82329,20210.84624582831
86636,11774.400689262
94479,28057.7106318402
84998,10187.607815175665
83835,9636.639485091357
106823,9666.089523073137
80760,19149.605462238487
83060,17690.15797281535
85872,9657.546480330459
76227,16186.43173500504
103460,7460.8964160075175
96989,13536.337656158757
107858,13951.230988006448
80447,10493.143901616379
108267,7656.939613595764
86584,15004.960633591714
96426,16800.071761440588
86696,17896.769409884222
88252,10797.5292671263
91515,54554.67957086361
98357,9907.207576530824
92439,24983.111556891068
92341,29695.72671446977
84739,9542.523226773917
76906,26738.864619891923
100027,9033.684608715279
102225,13814.735638517084
88476,13965.88468682942
81778,24361.994983204466
103266,16577.427220331545
87660,16558.06648933221
89634,6575.004306082906
93577,30384.87074964788
92450,19599.59240497202
99404,13264.36278800407
107936,12376.631901627019
86174,3441.452394707985
98273,9433.79902649954
99007,23992.297416388807
81615,16965.58365379675
91236,17634.694143746743
96984,17524.002770546864
92538,31697.649649963725
87039,2978.530291326828
84235,14396.36665152174
77010,18646.900528583355
106727,4138.824136168532
102933,7680.906560591539
80821,8758.278773675742
81969,17109.457388347422
93088,26786.429246587035
107004,13987.55551958789
79330,29554.45511064671
80388,24256.031732548814
97494,17280.34319848037
107144,20777.40988364779
93860,18851.848013635405
94845,15505.003015317554
79152,21917.73541995376
95032,21276.34563039863
108333,10915.559716648671
76925,24099.540727784322
93278,59918.22341773561
98608,7234.236846776196
87236,8573.376947287372
79320,25877.370475882475
83893,12579.674927762297
80973,17302.79928393221
97659,6958.896657390697
102063,9050.288850212013
96324,9787.512736133394
101184,10039.826377996638
97392,25190.3724105804
94094,16285.006412660021
95219,16219.496008780903
85048,18255.331550632596
94887,22335.709703956516
88002,17505.486025979342
99157,9546.150201848139
102746,10559.835167152665
89164,12773.594859727616
101079,14509.186703022959
94124,11449.154096363616
100161,12782.635634806544
84658,16663.667707440243
105603,15381.123014783894
90963,19073.779769584227
85012,16780.183199401457
108298,15074.75703281304
104080,3406.0052690596763
91850,36622.34738130773
102713,3912.4821647573085
83295,10939.933286833812
107847,11832.748466509222
105847,12497.426854283287
87143,16269.093645563233
106090,16843.604062653594
88925,9128.786372976074
106297,19945.65977097176
96596,12943.237181285525
99233,6730.743087735529
103321,15585.231317096546
82479,13747.177753577449
102734,16853.458550117328
107461,28492.194236997086
103237,13769.425398113119
85581,19943.490281060444
99196,6645.493322092242
79178,16266.67012012438
84339,16061.26879447788
92764,18550.265605122728
85498,16845.757408835587
100622,8504.268964546327
106518,30798.691730899343
82821,11205.113617264105
97628,21461.42764775125
90763,8545.599859098773
91567,24614.559913540208
107462,7962.452090634866
95833,23321.345711503327
102479,15521.560275176325
97555,12555.356001939974
80881,11398.470304951814
84016,16215.616498488036
94051,12531.898338065967
76277,21507.652415406377
88676,6495.910176094099
102566,11502.386840403618
88564,15652.932521675562
95048,25311.760032746406
82166,12695.749391287805
86227,25496.99831931186
83738,9433.533245018936
103684,11857.6628870297
79893,19201.630281782473
100634,8851.92983417371
96392,17224.18372407205
96311,19224.63067719226
85015,14147.526089259196
83050,18002.02252560933
81925,30752.78563694538
106187,10640.116974951585
83863,12114.225471568785
82048,29044.453802278826
100962,13246.851796353032
91587,17797.7162307292
104915,18328.228637485496
98779,17683.440776123323
96698,7549.031454869397
84701,10083.42323738578
92986,25152.939812844153
77112,24180.626364937958
90774,9611.841112439632
88520,9253.345038620242
88281,15876.151252299327
91388,24817.889185273536
76441,30567.93626392949
98643,15927.31317802733
97850,15258.736406542057
98344,3024.5900732853397
99441,13609.650141768974
80230,28943.59990148458
106370,10630.092070120803
88901,10672.063714225305
76590,12841.15541908767
94998,14016.663202177235
77283,34159.7075826821
104065,26066.450292758847
107919,12771.822409596194
103743,5559.0245762910035
100503,6993.014145743173
81273,13274.306848135297
81878,9728.244277261972
79224,28975.0495738838
90254,5301.163468769576
82712,9150.584298257034
98113,8508.0594127339
104562,14426.244141585194
103014,9256.295900826639
107299,25439.92803229466
99799,5677.048164413951
87952,3038.075625151085
101836,9614.333332327442
104896,24303.22639694272
107665,13924.53482504679
96182,25013.09112808298
84731,22049.887777289598
85565,13112.916207238213
83237,10052.20980891344
80785,23667.51448498781
81935,38376.034476697765
90932,41497.284428331135
99204,14850.302245624736
78802,27198.82588124571
105421,16715.590684754457
81831,12047.627813077728
100016,7699.877850872581
76262,33254.56492038212
85286,11866.851648504211
78629,15145.781085785287
79451,13684.794852906984
91132,45389.254230152095
88726,12043.867773522119
89928,15375.396604134492
84672,15612.691525349517
102127,9794.60351703349
78630,16961.569174170298
105874,11305.240040840434
81491,15096.5956042843
108085,18307.100155723172
99711,8207.4423336676
95713,26294.436108898837
79499,12099.48764854123
88373,7146.771986238791
106412,18761.72083149224
86000,9840.708316239217
77849,16717.253666583718
102224,14780.109988854108
90591,7892.702224198382
78511,16139.523267298855
83611,16765.188055430575
95316,10532.26440566271
85207,7315.788717343717
86755,13353.894875619028
91361,22005.300828397565
88107,6824.852682352109
99468,4866.6352502772015
101776,11897.69982862365
97132,5512.878882099938
106405,12189.257483712783
83804,13014.195084840094
104093,20196.584412251676
81897,26312.359563655256
97522,12282.023667095786
78569,29527.10480505535
96486,30564.58756887522
99636,8055.378621392611
80770,34794.51241834798
91534,24613.277488409378
80461,28682.07988798171
102345,5848.318732152795
95431,30480.766214216368
76350,8409.751499864165
76330,16158.015730618854
101604,11305.008890783118
99303,14003.451152264588
106266,16652.236892884008
84697,18599.896352717016
86296,9222.629717143343
90658,14973.519929592265
102954,9317.699394701229
106174,23071.981489069854
81510,23381.447750801435
89222,14170.932511624704
104391,14701.151295105947
76573,14188.446350383385
78060,13272.177976014704
85030,18576.82674249301
105478,21616.272344323294
83477,11200.158996372717
101134,10297.598900050429
103096,7830.0119208447795
99391,11187.112315644159
94614,15914.816301545136
100110,7314.311516146456
81782,28277.684450239656
90292,8775.563514767631
86357,7920.728646916741
76157,10578.754713047145
80325,22409.142245702515
88991,15623.44884835358
83117,20106.188469549284
90513,16013.5019449049
82037,13187.74812743124
90066,9683.305173683619
92814,43637.4624969876
93991,38011.62416823739
100121,13735.336636707922
104495,10607.809851684471
105953,12126.247795090954
108089,10265.720266820004
84778,20806.8390076366
100753,13707.489133101717
107832,27033.279215059363
92190,13291.349444388608
82029,16038.547289845554
97914,10077.795805172189
105776,18021.979451525425
95402,14678.688485281042
99097,11341.897634881028
105043,9133.382419812273
106998,12564.651151986418
99567,11699.909402225301
85421,7124.910123606966
99161,12289.627852984144
89951,6629.954845004198
81358,27851.7305151927
100373,9792.186455966488
80291,41206.93720445694
88545,10229.327074661911
92994,19842.684513426237
90248,24312.817770896436
78625,22911.424889592177
81990,34432.216458613715
103075,8191.167941169927
98639,7548.149971162898
103368,15173.819928933062
95427,12755.211362151793
84503,6480.824577395491
82446,7974.150773885872
97175,12577.649904953252
101777,8295.576350420117
76086,13310.871604883778
106347,13405.843941474282
76445,47743.977751734084
97649,11193.29428684118
99273,23652.941211997488
98864,12322.625556860678
98037,21038.652463259932
107264,22307.508470383676
100104,10648.611066337267
81842,18298.528657085357
81839,12439.241366380007
100608,12670.560485521715
106588,8420.399299672983
107466,30679.875364800777
86092,13710.295603035096
92204,26326.521979512723
107905,41828.01452846334
76821,18973.644586592276
81022,11726.043012108346
105727,33137.53900937458
80544,50563.35504272044
93388,16243.716463366693
93775,18738.0841208647
93733,22801.2432606998
108177,17794.34137983906
79746,27022.865827530146
89285,15141.31315887514
100243,9944.097136253931
107171,19190.557514937158
93444,13391.513826398203
107421,13495.499537895417
94071,24401.453202362347
92195,37816.08621396937
76108,16070.016400044464
100603,8901.723332983267
95800,12469.452932545622
90708,13293.376883366589
102701,11305.008890783118
97732,12614.75761292326
102574,9207.560775862028
92237,31358.508288194458
94192,36954.0402858772
88219,8085.206452542765
88910,13489.122275462752
100811,13448.763092969997
103288,7790.801056882256
100370,9797.561310354675
102544,14660.095690857006
107473,6911.714305687846
106926,10280.196371463075
92514,20213.246230900466
78557,12816.078493920606
99091,16073.57463954387
96487,10915.438020823163
86252,13751.957553332917
84763,7024.426342390228
82531,16558.06648933221
79012,15311.466525208896
97078,16256.012559311252
96824,6122.179852688177
79970,21434.937063747017
98057,17394.747754223034
105947,21666.364231662534
82539,14420.120411633823
105816,20287.921620290614
93800,19251.275771653014
87079,8095.752636259554
87453,11502.720650870371
92855,17054.852046729015
95805,19245.54523214431
76398,25697.14057790214
90724,14370.170996678293
102196,8299.353712824925
97661,10639.480462443962
105475,12885.650891402302
81241,12152.255323787376
91106,21089.669853513275
89543,25121.635662326375
94403,19054.784194061125
80666,16285.455628222991
99769,10644.04485564025
102351,8965.103893702773
102941,13081.000464755673
82783,19753.707249368206
78504,27551.376108133903
94715,20221.04458740445
92180,24573.84926992021
103904,11253.662320087207
102921,8279.344846269152
99685,13793.956199407256
93048,19136.47090424241
82988,21449.083277696656
93279,31356.127461435233
80084,31254.24870865128
101966,10879.04232286112
94667,28462.860760917632
76298,13261.149417071903
87379,15826.568477115576
94212,15074.990120707087
81333,17347.825311314617
85998,14382.825984662113
90198,8963.87439939679
87823,10815.42547816372
103530,13382.438914938008
106243,8991.101828737743
81208,16522.019655910546
105153,8753.849196239036
104103,23470.00599655611
89555,24274.892185374018
106042,19186.368365002763
78170,37010.71735882881
107675,14760.653025680944
106705,14070.696522180637
89953,7034.70386401046
101934,11986.673583238713
104727,25112.97172893567
87327,14152.906103599284
103247,12726.893398819122
84673,11836.427556251725
107520,43855.03415214016
76626,20409.959228879634
98638,9398.618185111358
102060,7696.733601896376
83635,20839.64309111744
94566,44171.9742219355
79207,38191.00684379109
98700,18880.036980063178
86563,16814.697814956002
86891,16689.332649625067
85278,7106.252278993437
91817,30604.861295462288
99473,9369.711094420916
102489,5360.044576153944
89191,14651.243272839696
101746,13819.647426055008
84538,11967.521999042512
78072,26167.69128388304
99832,12337.346805870648
103475,14452.895134867154
101016,15521.560275176325
100280,8132.686957080559
96067,9091.01964753235
104086,18461.465994520393
77248,18220.79224049766
104269,19919.87577172523
89495,7285.940053876863
81340,35565.331223292626
80277,19146.810735363135
76683,32288.617411454437
94847,13391.513826398203
99029,16395.745233718248
85874,14355.582605216929
78105,21263.501444384696
94978,21042.14608544681
101666,8485.956016615384
100757,6860.229588915545
86704,8273.951917213197
91205,27204.546757726635
95762,11698.373540062177
93641,20957.90668774368
87073,21312.48788146179
102433,10320.732547883137
104382,20374.7247663238
108060,7914.805046314653
107387,23540.976347200747
85027,12251.623548150696
86014,18516.55035221171
102602,12353.848272017562
107255,18573.407776760632
84269,12289.47633803956
85885,6483.453368179747
92843,13309.00895151678
107862,11607.845819816137
98781,23806.87697569134
106119,19377.943988919138
101872,10935.828775408188
87865,19892.52117853523
84803,9078.539407036693
88438,10266.94906641859
80105,20397.83503002139
80595,21810.991609938173
76539,10131.949279128301
107236,9848.351568282751
84946,11664.858970111158
93772,24464.994823093675
87793,15793.177872270806
104843,8930.95183447186
92234,18992.429067481786
89467,13665.729915587091
100145,15247.343244415897
93382,54113.97245313797
101891,14904.913398216388
81354,20448.207038783752
99309,12595.121294682858
81431,15395.915620523318
102073,9544.261018415853
88468,17784.24628912806
101873,13814.735638517084
88120,13258.38234695879
105714,5050.885945431658
106015,9812.121763871546
86707,15985.303115617506
93107,19869.442707152422
89230,13719.444514032302
100875,8294.126524708432
82920,8609.52451188435
98114,12085.555862606168
87262,9478.087247005327
104436,9719.564672046703
85404,7106.252278993437
96189,14825.603184930445
93408,35755.05780612248
92789,57233.554418979395
77768,30882.939212542806
99414,19795.53434953366
82807,19152.452308848973
88996,12898.131885221028
90305,6823.58646147156
77030,15807.459585809685
86129,7724.950380763173
83660,13249.9146786817
78602,24329.53110392927
83672,8342.556722857265
105105,26796.237169194046
78704,34900.51651653916
80789,49785.85054244952
96633,15592.645543338702
86132,11974.512991766644
81619,45921.89472405691
104645,23366.039170200736
103853,6095.540473213469
96259,11722.443453454081
104677,18975.67855395306
76418,22139.965769867813
103593,10313.109229301961
84886,10797.5292671263
80773,9972.545417370122
94688,19976.91396010245
103823,7356.815369653895
98757,19025.254125238313
78516,9986.944152160855
80596,10861.429746455315
102855,13153.221339982425
95957,17641.28975772889
86440,10841.76158755068
95030,26424.973734693674
101874,14523.249483750007
84585,10035.284083895362
76257,12260.499104652084
76971,19705.922997441987
94070,26305.34326784284
106041,28963.493341814326
87346,14707.993939017442
80993,27544.179374478117
105309,19567.161435950522
92622,20217.20176307779
94582,34875.20326623546
83334,12324.779665349428
98922,6915.295285141124
77691,13824.377750108815
95469,13764.55235014898
90587,7692.3029154437545
107411,9508.194067865126
97489,9820.815774729346
105719,17921.977921664802
89534,10760.826005278801
80741,28648.372984084956
105737,14334.983177610115
99043,17838.60605306498
80254,14232.946435894704
83172,13944.037400097297
101830,9862.72998258692
80506,7367.350519067331
105763,13436.410847777719
92507,21108.309467956788
101742,8535.757732774828
106547,32706.24280332699
98619,16677.26828847704
83503,11849.393243663468
80565,10744.187565489137
83013,14140.955117950663
85721,11470.856918798814
87556,9988.769260674371
84442,7212.472369284602
79634,6718.26172657571
97497,5913.1569768192585
84325,11374.375663258443
81399,9390.285608805525
96361,11787.94457889458
101973,3109.6280284727186
78352,13482.072640730721
96564,13734.496736140638
94669,27023.03594451274
76655,45372.42687169108
76084,16250.196737280861
93215,18494.257014478953
105802,11950.331036929525
89981,6290.974758587943
84315,18162.112698131248
83297,17503.248235990963
93291,30995.51513220172
92128,27887.148252021765
101550,9679.713498027353
79384,14344.429047654803
103643,10209.762789185761
88482,6646.745715304781
79950,26880.46974146422
79519,27937.95830883464
80376,18212.17838789997
83366,13987.939574736709
92250,27329.73278136561
87368,13206.741785093593
77347,15969.479041440001
107935,7285.7819407476645
95765,26493.841170618893
91877,31463.485788404974
97574,7801.476090520147
95192,13424.491184552451
80288,24107.70638160344
96795,11147.409741655507
80851,28383.52247059282
93753,27651.041731547153
99782,4733.942247261103
83153,19459.112588952103
78634,11081.14952368614
99463,15494.452480841146
81675,19624.510759638328
83093,12446.889202108154
82993,9763.598098286266
86972,15698.103110599784
100455,10494.85923846988
92692,25630.331523407855
79761,35168.66912738685
90624,13878.29683504259
93517,25263.239554675303
99893,7492.900205637162
85441,10318.7625205294
91552,20824.185209447514
81031,15634.131234205564
82232,3717.698720138155
80062,26453.496216814623
104764,17158.326088752405
83572,7638.245281036201
100100,17920.567841150027
96649,14910.346612944964
99860,3121.7040557528917
81915,24375.901191646535
96284,7819.647936107292
89243,7908.054962187473
95051,17438.75442583482
101507,11931.836530104873
108257,27300.005015000534
90558,20542.48298899526
96913,16180.199617325734
76621,24126.8119680416
99801,12176.393914649443
95155,14509.126780331948
96739,15707.044633438933
90592,11358.749338143069
83307,12074.17866315216
101154,8193.236801125959
88229,10827.211453150056
106301,12779.66536645866
82193,20936.631575008618
101153,9921.121983202518
107721,15097.41800152232
104792,9575.967812773908
92322,25771.744480548565
99316,13338.0715590668
86404,11680.800372590822
79624,26732.602646955565
87122,15145.507134773781
96046,15031.616802335238
83384,9868.972919550934
79657,13512.05749815173
86605,9852.024276130463
91883,15056.935965381466
100473,10495.344014687504
96611,12725.522490808879
89102,4605.85921440869
103838,9784.191182125536
78454,19692.175495797754
89761,11858.504381117142
106275,11826.592240275795
77831,38992.86000651096
82876,13934.188596051072
96899,8531.786531699625
99945,12345.094611525958
83505,16665.222639860265
96841,8004.809826242934
94189,24268.550604201348
85020,9995.508703171856
101456,13072.187216479024
94155,30373.747337307068
77575,18636.912992041212
97904,17485.170219650394
102523,5564.849710907461
107541,18981.94685198518
87223,9174.03305545789
94975,10402.681716277904
104630,12271.194147492171
102538,6780.5997293494775
90345,6897.942950379592
90170,7665.601692265499
79448,21418.559868750388
100139,11696.879261813383
97457,20763.1490406696
76291,48014.05724925796
83987,13438.62029931476
106283,42901.579478866406
101864,7291.377560164922
95757,19462.414312091394
107668,17014.896710376164
96696,10878.372430290214
83094,16308.611830960439
89521,8475.66137789003
98998,7766.464835629722
97028,9262.776398767617
95291,27680.75460701763
94443,22266.82057621802
102182,10508.312895789444
81794,19467.780232463785
105003,27323.11285464687
83041,12217.321958537295
107213,9102.115982515033
104467,11412.086245320514
93950,27775.52025004129
103790,7786.431174792766
89125,9965.085646075751
80748,25891.57257728141
84795,19251.89851668333
91105,23688.31180077795
86086,15044.950216889121
88522,12103.706664849351
84472,11399.706568503987
99289,16568.079081257467
88050,15867.433221353564
98087,6796.2621714344405
95839,29399.569002596232
76057,26687.37471658651
89619,8305.91972271846
86471,12045.023474248625
97685,7172.135289792604
79824,31799.477213328984
91710,26392.726313061514
104474,30245.841591472526
104157,42439.12371501874
95117,32572.391786667493
96337,8271.641094198063
107562,12651.638252073068
107286,17595.182757630577
101251,8315.578468462487
97688,7359.037974633169
86405,7618.093229803295
97631,14258.481020102165
92981,34678.707170145186
79580,26358.274918196166
91562,13049.43627587724
87048,15996.305104356601
96103,29781.07152703999
101854,10736.455905570992
82126,17772.75744521178
105443,29955.265015657176
77293,42789.16606359723
108262,14259.730556453353
107157,10542.186808585071
99717,13879.1468759903
93208,24019.140543453654
81353,17076.72647021171
81790,15159.504396823779
82153,14331.522906257831
97223,14199.382213136601
82088,35806.70057205307
102996,10502.479674033017
100023,8024.293901293298
84333,17001.683096109482
102506,7015.510857081843
95753,26024.64933309393
77116,10077.309801538357
84459,8405.820932861841
91453,11815.814707821899
76524,49187.04839941429
83249,13354.140691145638
102313,5887.757009113841
90456,9985.977939361152
94635,27987.19270306159
101187,6512.452336267175
100776,13886.286273662905
84563,8888.10790342664
107706,14337.692430739186
78776,34135.997669638855
77019,29171.94107895568
76122,25986.879705310923
79042,18196.69343422347
101851,9498.180841342906
84657,10209.709953244728
76067,20606.631780708005
83598,5613.945091008505
96003,9784.39276782259
77817,20738.656941735717
76887,34244.65281883044
85766,7947.575945882121
105836,21879.92186040327
92443,51638.60966133713
98875,27898.58995036883
94808,20746.719927212405
99490,7680.123154914317
77469,10667.470128823647
105148,5376.832733286396
91649,16876.45730400566
107040,27521.0111415571
96074,24865.957074448972
100656,8088.105235185044
90366,15028.102128094757
93981,15364.440899181263
80858,12711.39072533978
90070,9321.456885379506
86606,10600.690387664545
104521,9218.357766491454
83071,13522.306811558548
101956,8590.21068535151
83846,6731.283841962097
100982,14141.681630109806
102610,8140.3422092966475
97828,14404.763832035274
99450,6535.022994470198
87521,7456.433879991098
96065,25214.76757592795
88306,10001.304519462346
96325,12282.966154011401
95801,28334.277162567
104248,19359.960042421375
98652,12807.919664970319
103877,12571.99845153139
107470,20184.66895479224
96801,13954.336529119635
99595,27295.94213389802
86094,17813.720208006467
80874,23911.70124123194
94606,21204.550764710864
96127,17946.05934046088
100687,8824.329930101232
81118,25623.941135507477
84405,12249.225125526129
83257,17232.596768337542
81541,19147.436542891985
77940,10767.448083455303
101270,9955.15844287589
85349,15379.921381401924
92315,12886.422149489568
108360,11020.0313625873
77607,30448.690127342576
95640,14795.656845653919
98143,11036.74862904617
102200,9374.9555708846
83375,11945.688070254793
102178,6510.219239152713
97500,27076.160936515193
85782,8371.955519761746
96049,6317.62290197287
102744,14774.981766911564
102560,17571.44429209386
79010,17513.243930303233
85644,9054.791029723923
76595,15007.09235518161
82219,19493.730423955596
76899,21660.190219012202
85663,20652.42486731394
92737,16528.94111734908
106758,3880.4444008251494
94625,22419.20885868771
96472,25271.6474802041
104250,14015.908994455363
86303,20822.27360442043
107881,40670.96534364678
101517,9162.61000523898
89988,15466.644012915669
92689,28137.528785672337
99002,11187.949404973635
90734,13141.28868879741
91013,42757.634128739
102056,13452.039613911249
106641,17170.670166195203
100391,6488.8827788406015
77305,12628.010249307665
85197,30823.657278522212
81122,18271.86508355847
91088,26494.21628907362
107377,15643.395989840948
86495,9897.240710824915
78661,12788.250518048195
77687,12047.887837814735
98480,10999.24886824851
101537,6790.289346806707
78032,13011.705610517325
92374,15325.990702993276
82010,17253.16728037877
84496,12341.116204648113
98337,8904.299039828738
99520,8368.260351135783
98452,22978.60889339873
79828,24737.215733314926
77151,21537.813679773975
84095,16022.185714832456
83491,10969.32361829674
102170,8516.204612091906
88063,13434.00371975927
90214,16328.683794413504
91980,24666.48155628121
96573,22309.148081824405
105573,32043.38610825635
86880,13039.264689362775
100420,8244.369470496413
86053,9673.10460545951
84481,19238.532077719938
86088,7138.521610791404
83553,11868.973258054117
101328,11860.36915500814
105352,10666.780217178048
100532,13021.584317129253
98052,6803.513601519396
83818,9046.205246095255
99576,6810.689464787515
91026,14788.438282299083
92445,26049.008660774824
106934,7759.959510980905
78791,18304.655558816357
93664,26860.029881692357
76923,25440.221242397514
81335,19026.788228576963
105969,27114.549596566667
92701,24687.99025892805
98070,8417.286524651097
100423,10652.57673934316
92335,28844.3948299527
92370,32332.385978633734
100177,7323.588064021773
100125,6168.505420780735
82358,22684.81286951808
85557,4974.12401928623
102609,7362.114623328813
77612,12421.535439447616
81173,50662.62704868164
93689,13769.820846963801
89219,6017.962252724539
94659,12250.030634931645
82424,9464.527188424085
92367,24718.602734877582
95828,12232.40304822813
87894,7773.5722821298605
88621,10138.722701774323
104992,21430.38174143387
98567,8708.496153104721
106250,9155.72686335691
102235,7436.893130681556
94841,24665.348255414356
105496,12277.479908127274
90019,7310.1983232921475
95575,28683.501164077217
98437,8830.661148278452
90907,14532.557118689292
83289,9355.030247179431
77938,17631.89372063462
98791,12016.185587725207
104254,22022.826905407324
104311,26294.876166428712
96753,15070.645271081481
77998,24958.310885212974
101102,9372.232470231891
102836,6280.646923745638
85330,16427.316963717967
108511,14152.086692380823
89527,15919.269481280911
87734,17181.278629103523
87110,2859.5753557322
80936,13616.561465723962
80100,16132.093350758112
86546,9493.66492518344
104949,22287.439449333757
83654,18836.53610748879
96736,8595.09284815673
91898,25392.088888577047
90221,16056.356532457368
96356,14348.28898599248
78901,18138.25821016891
91469,17954.80655879192
106591,30976.605099782453
77763,25047.436302214977
89604,7255.342548205831
90001,10361.127678340954
89947,12216.477140665018
108218,13747.6733058486
82927,10209.709953244728
107140,13627.61840519316
95013,28376.09526835159
104979,9317.795304815698
90521,14901.75437622229
108465,23012.949306100698
106606,9575.706361609604
82999,15688.049244208436
93784,18605.831788086125
82680,12548.120319449397
100796,15112.6513736206
96230,19145.899048441897
89110,7286.717626175147
88152,10743.294967844331
101403,8071.710432024068
77566,22219.54675633519
86366,15603.366108588416
80356,28554.495126395545
83500,21837.648165182643
76673,14713.899933243296
100256,16275.858290224764
101335,15786.636479963412
83416,8910.169038015387
104983,12804.109559973427
107300,23221.104601448686
87350,5228.09730665075
107106,19335.56436293478
90550,9652.630687659726
80002,25798.172787490774
90827,11202.878028214289
97480,30176.197671926326
88160,9877.489015464194
88467,5921.762348701072
98500,7577.939518117547
86587,19263.021463916724
76737,15898.092412683634
79089,16894.265206154654
93153,20937.681319275765
80315,18687.78604460231
76731,33765.94940808095
94243,26013.345710547837
82571,12028.05942968767
86896,2859.5753557322
88404,8900.78537148719
108530,25190.733922937205
100573,7646.39273726277
102888,12393.925559417992
76011,31248.85717940899
79586,46512.64078198669
85620,3841.2473942896936
93470,20646.91139203844
98335,8669.36765618226
87826,12558.76311999573
94743,20679.653826185666
81247,14867.873468670045
91376,23285.10631120969
83451,21269.3187896462
83176,11132.637608731095
78867,33208.20671302042
96786,8973.134585809072
81019,27907.25792912625
97316,7662.279632287769
80560,19248.357355892567
88535,8644.307751260418
94281,27313.76940142008
94309,19597.838867752504
93404,32774.996523432346
85218,16080.03796433648
82697,15222.250389003508
94919,25482.431914768473
80829,15117.958596481536
84671,15603.366108588416
108043,14853.230549758422
105111,25398.17922721672
76997,13209.154646955682
83545,13204.392839382886
82274,22781.95390859277
100513,10244.979632473705
93471,36704.77812921261
91627,41971.23246178291
78780,48846.92455724883
90005,20506.097503674417
104234,7616.370616597486
100798,8434.290556762144
101322,10604.999819644945
81807,21821.4072748854
84469,10214.80805145567
94701,21128.002639281276
96119,12579.402080555818
104478,7422.213038375972
100116,9575.570258256254
85151,15249.456650192906
106970,9803.238105592454
106570,43246.92955025624
101472,5864.326947617641
98101,19433.920193050762
76225,12287.721195951406
82833,7017.192440455367
81055,7596.275277764101
100048,11979.04396132402
90519,32096.661968163105
76484,17704.89832550137
101898,13027.19564329523
81741,33773.511530221775
90441,7678.497800765544
108314,14108.194788483446
97881,3024.5900732853397
79306,23291.099389097355
107116,16343.156804827326
98899,13946.930384692461
99975,7167.289171724449
84378,9911.144383001209
101661,10156.166942167125
100239,10833.771857721467
80035,22294.492707430283
85033,9214.77479844538
76723,10138.166835631364
107773,9519.521995705643
105937,11726.357486178871
78321,17444.517297127815
82047,45434.3128953706
95113,16971.740420162405
84907,10337.685795240732
107479,17506.721376448266
99770,15513.834900632915
86815,16617.526632739027
101558,12855.572959442712
102258,13921.9014149807
95963,18558.96694622513
91995,9958.764556820272
82913,20548.650510318756
101968,9318.123816999867
105332,16951.804290935877
108213,15354.45995765039
83825,10414.495558715433
77438,20665.50064526148
95768,43567.29486217509
83195,20698.123849593416
104287,11607.38555628951
103213,12343.106462021784
92744,15797.236133876879
81351,29197.86473042693
91555,16578.16287823677
84546,11719.417037059384
81270,11881.341649878774
98294,8908.075726165125
94278,18427.60089646357
103537,13696.514405564852
104284,19530.258918934273
76635,17562.431762171385
76676,27028.391719687133
98118,8784.806238534293
79440,47323.18837505757
78969,28063.814612141647
76500,13877.038738586674
106027,16634.634842975654
84604,10267.040820982893
97498,9483.527858295944
92641,48675.06644474594
98216,9845.30056182613
102453,7800.381580045167
96270,11764.636352853797
78777,21275.194293807337
93169,10630.711575162877
87621,17466.437320222016
76876,23280.315376983726
83561,17813.720208006467
84296,14050.736510299705
92355,32210.806799456695
90302,19975.534126760707
91387,14354.911717398043
89854,16106.949260724708
106305,20558.124286043465
98703,9056.220098870757
97929,19506.438061265842
105575,14025.768749082974
79052,17972.878759361756
82362,25671.243080242275
85625,16808.917594226383
90792,13973.240225431695
98488,10003.64093571452
106795,10708.267135157295
91666,24673.040722102804
101528,6073.658995155721
94739,11979.271859317425
80961,9910.318569055857
91988,7746.37463457147
80335,28833.603565469723
77505,17737.33671463169
93280,15595.599728877565
91630,13490.013779806879
85422,10429.896986983398
104986,12591.091336623449
92176,49341.080778272706
89861,8494.684652399297
84435,15547.47356742966
100381,15278.185312263933
85651,11167.566436101586
96525,18343.067967882853
91383,19807.2643673403
99177,7646.909980919244
85842,29288.286992535468
79658,24160.12747623081
84332,21316.884048821164
101621,7305.317792018163
94509,20607.7581741887
87175,17197.417003282895
89394,12500.854842027851
91163,28544.752981316095
107771,16576.22605747126
99551,5604.610959202401
87537,16280.121282013097
76726,16567.091069748672
106637,45261.26471826974
85583,12737.222044369306
84617,8615.813552404294
86419,7594.946402877082
80036,34889.79280306608
83956,16811.23809324551
106663,10176.69047639945
98368,6702.986834436729
80217,11121.412973046843
98528,9009.724205466491
92746,32571.476827504568
78042,19063.045666752885
87314,17948.45151694222
78148,18253.874599855422
101574,12661.92174868177
84789,13430.851423296062
81056,8301.400824961373
91483,16568.065472609982
97869,13333.151225642572
89084,17240.63177704302
90398,16309.046768236529
91038,25187.59123974295
80326,57351.8234587403
88665,7754.831377071066
99793,11842.303311160154
107218,11767.76329924613
97438,11221.839096861484
82375,7488.641056532077
103211,5741.067448020826
83430,16661.05032934851
83717,8405.820932861841
95607,23443.281695927366
99653,8422.521970250547
77072,19052.182694062674
95300,13334.318182632083
86090,18709.40141818003
90553,20916.327600801837
90690,14074.763737751286
93608,16080.473202978568
96059,10426.476606252345
105488,16549.83956160152
102403,11357.390151664353
105357,11549.988955891557
81201,19192.435360990414
100092,14226.04167821745
105800,10819.351257791192
103658,5957.252104622107
82416,6799.619573192433
93007,23922.06259178522
103850,12202.840274264918
97328,12643.47726540416
99167,7754.7945230758605
92788,30598.32600049331
90228,15179.37898380943
105015,22856.870000754352
77838,12066.301412163022
88672,6162.572579769614
86881,10376.456093688665
90515,8989.007468967773
92777,37267.815232503985
103455,10051.237875552753
97286,27617.77436388885
104633,20671.956960675965
83548,10282.637829186546
80980,21890.734387651577
87954,17267.231631445575
89975,6805.620774000774
83762,16065.95794707906
90615,8414.77526120032
76755,8711.881698187615
103371,10502.92995796166
102703,10632.287176790058
83856,3549.725490478103
105099,8628.987064093715
79080,20051.547235024846
83898,7252.578888940017
88241,11073.88719651192
89549,15162.117119993718
79740,9476.635952158282
81937,28580.57333209784
99084,14877.95722676169
106967,19755.996125745452
80358,46345.854652346214
97694,12544.764906482134
87454,9839.79150787525
101943,15312.140779063573
105586,7860.019441966688
105651,18323.010920337267
84667,6752.185714666252
99050,9862.086156583922
81245,23083.19869598187
78547,21937.343142368878
82473,24372.306914589044
85978,6831.519125335355
88385,9627.854765084014
95452,14151.386433861755
98159,6734.175378921005
107952,10391.169622889636
107265,7421.479465751672
99744,7674.041808260175
107450,17960.984619501505
108280,10456.824034222835
85684,8047.716271915497
90660,7256.282920134655
107627,13971.431639590153
93896,23093.168153170118
105931,20474.02360795837
107160,10200.87648763211
94644,18136.487290910613
100057,12460.612741245204
85053,10696.590017235565
77037,31065.399280730348
81281,11304.99190739438
101247,11149.006850263995
92031,29653.347720294765
83306,11636.740451185651
82079,17912.179880809894
85936,12924.714828083248
90480,6867.989700371799
92696,20845.35083352827
105467,18934.27709264807
89682,6999.330167874816
76305,30712.090350244864
79665,27345.660532538146
82839,10556.280444211992
93076,18503.08089078757
104369,20915.745877519348
107999,9847.79540157406
83787,14534.33302809864
92554,30629.920842429423
99110,20543.401922625017
82707,7116.854061620802
80261,12984.08010280433
102365,9118.596384265444
82760,15933.256966000912
81142,33406.12333294132
88411,15203.405703936638
97734,12045.421908327718
81604,38783.24781272247
84705,18461.31503779676
104661,12915.478925497657
87897,13016.131441404097
84651,8271.58872033992
82294,26925.22701267396
100689,6772.692550406682
105236,7932.81545179269
77656,13188.918736245105
94054,25791.237761759454
96367,27923.221875348605
99913,16295.291779760972
77083,19954.88528554976
104849,20173.393263584327
98172,7504.214515783797
98043,14756.962229383045
90979,20832.870338305245
93136,37674.2767187398
88750,8266.568179721924
88471,7701.637293806556
93720,21477.114226143654
76649,12598.727214197792
99291,6096.727917589634
89267,5646.28090941858
108244,9103.28051339808
95194,26942.101139434966
103998,30197.68004893195
103782,8488.91870778512
101502,11823.301074112702
85961,9890.535639955913
99073,13108.185522016009
106535,17774.508528730734
96594,8445.07929019125
76156,40066.33389000145
85484,8429.225603872363
79139,12844.6445920619
96730,13868.332360733311
101796,16089.572395908564
78809,33249.0181533264
101193,6095.540473213469
96275,11599.400587789578
98321,9183.125034881843
77928,10448.248338180621
78328,29059.161457838356
103527,10388.885784151264
89266,10288.053753282731
99074,8020.158268825982
97952,12842.10348914855
88220,13404.300898678934
90223,22321.103643714032
76506,27415.676749098526
104498,22709.169939842017
84634,17395.323614302975
106803,24374.97761182967
80608,14499.705919547123
78715,13061.361448641052
89962,20226.99317072486
88958,12355.912293507854
98941,14940.800540167951
80707,18516.833403966062
105934,9719.71879380268
106190,19143.915857552758
107803,24776.66514027544
87945,17167.333125075686
96859,7591.994843403338
84495,12075.502313452016
79965,34664.1946665491
89496,8978.7315539707
101195,10538.219274686619
97209,6802.232684595748
101751,15521.560275176325
101541,9350.580136017914
96051,13323.98108030623
85075,6489.216670425708
77118,30087.54026459311
80487,11832.423583542639
106184,10840.176570042126
96374,3747.793636747974
91702,18647.31257956007
77517,22018.7635709074
98188,12644.201129926227
91641,21544.7798815646
94607,24614.559913540208
86769,9779.470885816098
80484,55853.390247939824
86964,9502.407339090747
103086,7405.2194535543795
84257,13014.195084840094
91852,17667.28419919101
87431,17165.155877055073
80439,25546.134266149304
90405,14254.013364587638
97647,7880.7142810637715
108071,14549.121010173005
101911,19618.01539365326
82293,7509.956471491575
93627,9606.4841383748
92080,30751.97334096378
88291,9900.64084565966
97591,19227.785680779438
94632,13655.415890967568
79572,23628.194398800373
100727,13015.136366366147
77760,18008.87712845822
80267,26952.47149020363
106167,27735.437825596786
93339,22022.579339040305
98727,10352.049818437134
106765,19514.6540456332
106746,43287.150374961246
80012,26681.360310211767
86651,9565.747404324378
106616,11280.12743912195
88617,7993.647366740908
78380,13993.90388944315
102380,10910.666137649707
102093,15213.780746509932
79049,42761.707586912424
104933,15563.234931375682
81578,23083.95400985562
82296,30023.805143817204
102256,9797.561310354675
83868,18535.528816735223
101459,10287.927114016962
85014,6125.124344970616
90820,10869.248084492801
83173,7717.694061894493
91252,44039.48876290554
102307,8259.904448155836
95153,20085.358336207806
99149,8345.77010617534
76130,13260.640403154779
80049,25420.325800416675
84353,13267.553955537966
79550,9451.444473636884
106113,30954.704398395803
82182,18095.711025041623
99898,12234.203197569379
94685,28609.69029804931
108125,17611.70678196697
76144,14587.70531836829
82087,16431.153264507797
96666,8125.429690072788
105109,25854.35686090399
94341,36686.63467268224
80039,24303.478539558575
91350,21359.033886607136
99415,9818.589912231413
85832,16233.999215866346
94022,11858.37496986728
104332,22426.760602096954
89367,9470.576164469274
101420,9574.061764755994
99401,25082.618730419767
79179,23710.412476945203
81603,16085.515956546495
94068,20423.931251686194
98185,10873.828384167196
99646,6260.9000399516435
83218,17186.58738056686
84593,11566.384539411172
93040,16680.230041085888
104544,14368.55949594075
98735,14976.259653300074
86524,7328.711666350675
102541,13391.202733792723
88339,12562.9780620294
92750,25997.332322917566
101882,8024.046095948057
78793,18676.25862479866
100625,12397.933262232198
91791,20626.469692222516
98604,8661.003478336943
107903,12638.748216902877
108450,8382.433254817863
101903,7116.818334978843
96190,20586.90301652809
77299,17237.78333125733
96588,24566.887032304563
80932,65866.29653029433
81221,37811.87297812028
107383,12473.181119552957
92815,27456.978336210494
98724,13337.593665282693
101984,11368.081235424226
85939,12326.181928245596
91597,27630.167600323206
82514,9126.423753492765
88788,9977.711981554346
101131,11717.575603380052
82614,21135.468985038377
101646,12065.005345905085
87641,15114.637232869585
103855,13229.25160574198
96901,24030.942882797168
101942,20573.716299242864
92415,29185.146873598715
96467,10796.051706010314
104656,32062.807787094414
84104,17413.50802382986
96685,24785.594149609704
93816,25817.531286904286
104925,7972.9885458019435
82086,19703.259539391613
93855,20088.54999035474
85411,15886.05662216057
88743,15150.247788925364
107201,8514.219856401918
91771,14470.97078172506
81001,25287.27450848021
90074,8774.264286082762
82791,7127.02081810106
102636,2343.1626494975158
102722,13610.704877253289
94571,30439.384711762286
103852,8797.159436832137
81514,14875.091259367175
99997,7185.343813517082
85808,9035.146290481945
95355,10667.842994768289
101928,7313.707765128711
98862,7412.006125022929
87759,7719.396297132742
101810,8051.403860817208
104902,42732.57452297195
101361,12138.629529695721
81707,18712.90520358293
84482,19666.912612646865
87358,8437.687487125286
103589,10361.880864122717
103675,15073.863987994244
76652,16528.13931807953
104101,13409.39942363881
94807,16894.900248331072
77325,11045.583570780766
79875,21283.55462156837
83034,13547.992221232289
94997,26050.212313312604
85209,10063.415643747356
88344,11198.618545831901
98849,8356.525393095983
80527,34270.90661876758
87245,17318.47793086777
83783,15972.86190678365
96515,10055.490147658944
95110,22826.651599600293
92177,31720.317545577665
94690,24607.192213274317
80340,13974.431324835607
80211,20849.6396429164
87440,10160.531563531194
97742,8436.248315136863
86586,19194.140362739003
98006,8351.041380394885
87613,10092.413153409128
76521,25439.19552941723
105734,16415.35288312926
87925,6834.0895442299825
94634,18162.41889084222
102227,6765.9907102609095
85292,8677.73546266933
76921,8852.115600408855
95158,21336.782814328588
95582,22886.156129063536
105636,24918.27412559202
92793,18437.789426638545
80981,41634.60905959947
76421,15944.713507824445
87182,8445.952006605163
93677,21483.04640351858
92969,20834.73696212047
95005,15879.773881394542
85337,9471.775415182168
90477,15250.281058068964
83508,6094.234358316855
96886,13358.259248049071
104112,15354.45995765039
93923,28465.862282489492
83338,7007.780267815416
77100,23563.273231747404
103801,10753.13629467557
77772,25159.69478233589
94352,22210.04686718218
78360,22137.562573322448
89986,10166.766701908122
97654,6430.6619385639615
90295,18432.220742483947
89180,15232.820223955541
82039,23700.080445158197
79485,15079.666657473268
87606,7268.596452841983
99574,5931.323502275406
92198,41027.79950590353
83529,19892.52117853523
83789,16288.020046084996
106137,21865.71941955678
81731,23915.348602641614
82668,9830.439316007392
95865,33949.43135607189
103389,9029.334707188122
98482,9537.511720332832
83775,12226.037263250892
98846,23209.211943553262
79233,14218.942156126152
93254,32501.94259587567
84246,10095.494716301679
101996,14058.891464960769
96237,14404.763832035274
104216,14596.951618672041
105667,24598.856941653157
78813,13444.821219537444
99270,8789.815205214089
78588,19247.57256007303
105552,12743.63332966788
97164,19636.138827391536
84342,14798.4301937591
103688,20039.201539635746
77484,9648.503665811286
94326,10712.408838810028
81254,44336.10636294221
90674,12514.884019333065
104261,10411.146576792928
106636,17041.36516953439
83188,20805.741695820572
93725,19076.1466628636
91349,35854.84897889937
106973,10467.055236108674
89671,6990.971583750518
92830,23922.511042360275
105964,17449.140605681627
89696,24847.23505745039
99813,9065.173767121201
108159,40453.10436214449
84988,16063.283938371618
84921,11849.393243663468
93609,28408.651842636566
105751,12137.990904031038
92102,30628.183855258736
83130,18508.33891014619
91136,25710.75100829832
78276,8346.628567131085
108370,24141.149322557256
100384,10812.526113488797
84940,10628.696915134538
91942,43366.72454503579
94454,35868.96043754953
100909,6006.464451358794
87701,17467.297606703672
104798,19365.883107106114
95263,23381.118699052047
87121,10125.332527818062
93095,19546.731212066017
85642,13014.195084840094
92656,14506.297743024163
95617,41389.08462265066
78219,13078.913560415926
104179,17702.00911671712
106438,20064.193746563855
87196,9660.33040111514
90335,15195.639265505422
82059,19193.772075959358
92365,20937.810407563447
98309,8833.29688531109
77684,12818.622054527983
89823,11356.723099017856
76689,19793.660274912767
98279,20400.31998523689
99892,9375.219290191146
77342,34575.484718079795
81074,61974.5838201144
101487,12446.28308086141
79070,12948.862171549377
95231,29499.579505095622
102572,2891.6711242493375
99529,11768.163674789843
105996,9779.706158857327
100780,7684.381927225218
106814,11990.89151737014
85545,15714.191774415542
79630,20141.804266978106
91145,34026.96002939059
84823,5495.873604212866
84954,11214.67884132978
96658,12261.114810180079
91360,28068.8594718167
90452,13665.729915587091
101820,5731.0234754513085
81605,20995.194342342133
95895,25829.56361279888
99378,7177.674435866576
89327,16228.406201024452
97326,7574.324100028412
100777,9368.74706000092
87405,13397.634784316042
97627,20056.508058702453
107458,13143.81340029153
79060,17241.466127584485
96136,11989.606638044046
98257,8593.331187512487
102335,8235.161471573498
77850,10828.61957933058
102160,9169.598761420404
102379,3436.228862825634
104579,9498.868546537064
105614,17566.01452801327
100113,11110.611240051776
91032,21208.42308192317
84428,5901.799266846009
95075,12823.930421584944
103736,8816.184514740376
86290,14052.243732246745
81511,33228.42862491665
90680,16106.40045517272
108256,16184.639782838298
104529,20672.123497647506
105190,8484.152569320002
83963,14775.726591519588
82386,58762.73865784238
96710,6317.62290197287
83474,6744.614395321202
85539,9310.746692343375
106439,18276.807322592726
102158,9769.350698622764
88822,13014.195084840094
100881,8878.478474673402
76677,47656.44811294617
90178,7889.160034776265
93735,12199.862684812599
84662,11398.010680847889
106182,12811.112761845341
83398,11836.25100668258
87992,13939.866787459883
87968,8868.869923538832
103912,17185.219587968368
93375,20069.50214020266
101226,6837.183871045268
77949,29929.3982428544
85607,6447.692270250616
79522,22842.200858506305
77739,9799.7135257988
83123,6227.265929796815
98241,13103.53634301921
85653,14162.928415700104
103346,11363.428576534396
93933,24629.419520251886
103652,9325.569347670831
101032,16094.858349856362
95245,42054.56852061571
87397,10797.5292671263
104051,9313.618539497917
88815,13333.024060456753
78834,42775.671216207986
86348,11354.016456396075
102205,11435.239761733043
85638,7602.456303609773
84036,12975.884424723645
103627,10125.371351760818
86641,10650.155698759414
76954,19840.60062026554
96042,16056.09216235861
79230,20139.7477872691
81240,22747.868711773866
98464,14049.783438808048
93761,21907.79494625527
86239,16295.063387415139
106231,21633.660965001152
94092,28859.425900220944
93651,31702.64174638672
102239,13363.987705170492
108216,19762.828432053542
87035,13145.730313069456
77754,23811.659564913818
102892,9945.42599845656
104205,8485.23235630533
89539,6911.16148013564
94276,19023.05470935268
78405,12537.65086550774
82829,11022.416116209755
96653,12233.420380409038
107768,10256.665095757287
82557,10694.346833810248
79190,14157.790722001262
83639,20175.011802243578
106302,25866.577853519648
83161,8571.043989324833
101839,15579.415399800766
76769,45086.89317805229
92536,30604.861295462288
105981,10887.868928369518
89644,14872.685508813986
95175,24607.192213274317
95837,25649.273297993215
81282,29243.17225473663
92231,43297.002217921756
85287,15434.40994111621
82582,11978.595070315865
82666,14675.74346075907
75999,17294.584626918437
81738,17288.471329261647
87020,11346.215754381969
93066,30115.642903915785
88496,6635.098536291994
93297,49309.31884700337
82044,17402.895117624277
81673,25672.31543228441
102694,7706.577647542677
89509,9723.837867415337
95965,32469.22193878638
106101,19854.226227339434
83569,8609.52451188435
104718,23363.17760646399
99492,21447.77898745514
81091,62525.04487151909
91028,21356.034831457077
87981,10583.109381358647
91801,17171.87981102232
102243,6792.635859719151
82445,11059.581495384484
104094,5947.531283142035
94745,33079.044757889875
90106,13973.240225431695
89015,8213.197338509532
93183,18043.33685126954
84610,2906.1554654426077
77055,21842.88138694307
79194,16111.267480926663
91155,27587.65250071107
86569,13016.380080522615
82485,7246.194216768165
88760,9457.489068343308
105923,7409.111111672381
78686,37625.44953163915
88814,7529.199785748911
82320,18543.65609572145
102937,10292.579181036986
87116,9300.271131999407
90494,8632.999441721166
106037,11261.704746466803
81698,36883.82183777111
108120,21853.25603375654
107501,14676.079604814628
76407,22273.15114953206
98601,11187.112315644159
107872,14043.779830245154
78176,19032.701186204355
93534,50387.4919650331
91839,11031.013832097624
106436,17805.283458260987
82935,17186.58738056686
84674,16689.332649625067
83479,14317.683262230556
105047,21389.072521360777
103698,6862.0792064543975
99614,13027.717378601958
84726,9342.511509944707
84695,7541.867475208209
91147,25284.203439609566
87076,17828.02109159143
106200,4562.624482437613
94496,21228.62322143368
105826,12744.124623573154
94976,15193.7886229596
86380,11573.479301270447
79211,9903.160363358344
83213,10974.99289048866
84355,10784.895348939734
108034,26649.342988752862
106948,9900.584570671703
94995,31702.64174638672
101963,6855.031671149249
106550,14596.951618672041
85682,11528.787447407922
98174,13447.238067572585
105423,11026.929438395722
77341,14085.415185839933
83563,13253.722287956778
80177,26822.27790955503
88183,13345.831400786936
77520,19027.875247014512
96601,13042.145570990593
91964,26039.785737168626
86685,11969.302623170754
83039,15789.472739973722
97785,8703.227226124687
95814,15199.291905347576
83452,15990.158799433832
84518,15634.411796612587
102194,5060.542691889614
85247,11399.706568503987
85418,6101.327533832614
77908,10616.507045864395
92033,20894.686119370795
80872,14059.040262311804
86635,10495.814521718703
79420,28182.744702335996
98251,16387.897247653083
77158,25326.040344781377
89969,10004.96266673033
85928,9268.371585064118
91375,49061.55569135163
80568,20018.94838637321
91041,20113.439927621108
89322,2768.6697037116114
88057,11231.677628575677
89486,7138.885993332761
105977,15472.962447619531
88167,11783.49316122259
81115,43875.575286856474
91486,13468.678075040218
100782,16717.75635954068
89320,14341.320240110152
79784,15839.729104813747
89096,15698.103110599784
78264,10043.632839632537
97581,20701.564337864882
79576,31450.486539317295
89259,10116.560177720867
106745,8925.431991275549
92013,23963.190687938866
86678,14178.79042607488
102324,13661.165562356335
77632,34598.56321984822
106887,10801.294493892636
78950,21421.825836586828
88191,10094.884085219079
88247,9466.896661207726
94345,13396.49869461805
95349,18305.284024278084
93901,39626.70306373497
100074,9222.531867112126
85164,9053.25292284152
106172,22627.099197632397
108479,16231.977478982903
101908,13574.031452626134
87385,20731.41634435745
81494,9945.073408244569
81977,7615.724563417862
108330,12677.967972965549
80073,16640.38832904797
98716,11111.445943608167
104170,9260.941436062258
103992,13203.392835019044
105540,18790.81178567666
75987,14794.795820202304
99496,9774.837002666512
78765,35388.29687171615
98564,7472.928752044517
81895,18806.655293027972
100955,12183.096351343667
77153,51712.03489519869
103888,7841.623177834645
105921,15182.13104709237
99660,12619.798491790834
78579,28824.474449537433
87023,15838.28639502268
95879,16502.967139189208
100433,10405.43953999581
83011,13948.378959880358
103255,9967.069379004593
75978,22726.708567542177
102295,9329.528665599131
92099,12317.243906902135
80985,25640.332285893637
99556,8867.794309003857
97124,9190.000143450894
81386,26197.581695931814
92818,26664.871887798985
76413,5875.761242511976
99585,17275.665916195994
98093,13659.385730090764
87527,7842.141842146159
77911,30102.571568673146
85090,16432.58667462976
80843,15038.237806902485
107096,9643.498278428702
88042,14357.766767800851
83948,32411.61389223984
93242,28707.196020426585
83677,9920.248253114738
92864,11729.704819364322
100323,10753.13629467557
81042,17650.73293571514
89663,10394.303536089996
85381,10281.930254366745
96699,13089.881021099513
92422,30967.817281408275
96880,10910.793365848465
88530,9808.252798221636
81438,28795.299372140973
83484,5713.588224463489
83637,17107.12603830584
89092,12968.291955049684
93732,22845.193516013675
92925,19886.535901665105
105183,11831.868113240567
98369,8577.554373526913
100868,8029.768276484848
82430,13730.228069305069
97604,10030.860822084493
85474,18668.826928637307
90978,14178.468146870986
97258,18944.40277559394
106720,9008.732579179252
89418,10987.953609576018
83154,8749.38436538589
98671,17158.59511783718
105356,19052.94123328392
88880,15753.185122356881
84275,12151.70444580347
93184,10579.742918875952
99811,19589.768519347723
96995,12417.671518674799
89700,6925.863309589435
99390,26844.070642086783
100504,10209.278543367427
80427,8715.846236136666
105125,23707.124751052364
105652,14107.773757621058
82706,7118.027016676811
97831,13898.0197759269
79865,39116.64403922493
78586,14489.883116545254
85926,7458.427401581602
83961,16956.566514852275
96313,16420.977449235546
77556,30107.546147624707
108155,21468.242265209043
77590,26303.46056519711
90192,15390.702052803565
88094,10396.453287665714
86737,18272.29995972844
107509,20180.91866740578
96960,24530.20764836794
85495,26057.09256906731
80902,19306.451005805997
87998,10010.255434478679
93672,19106.912997998315
101245,17483.755634141176
85802,22498.39386623945
76378,23672.000145934486
92576,26363.515253124475
80096,17520.127191115433
103064,4955.755767768663
101782,13995.399825104438
84729,14823.229988079434
78010,17627.48206284537
76995,12520.518467579648
83407,11845.905895889886
86858,8981.251616506703
92623,22912.051482056966
107680,21174.199834225918
77324,14417.879556104872
92312,16584.607980767858
95266,16881.507972969106
86907,13014.195084840094
98403,10107.359185265825
77236,23929.25607656542
98098,12213.29444671606
100392,7308.987136491411
80696,11526.377433126907
100083,12908.254402015857
107500,33536.39318470228
98415,12728.665272643659
89111,20809.0440546294
97813,12927.71114721725
86818,10651.081198522505
76368,18368.82846311754
92461,19144.77045543651
79280,19397.84579497739
94481,14352.162252581296
85233,12361.89233774358
87051,10380.466018866266
97596,23093.308664910677
84911,2388.6967055150612
84923,16835.761428466354
100105,10221.885381771608
100360,9532.163573291376
87548,17813.720208006467
106839,12433.5252057483
97625,11153.364771597437
87757,13383.125962576927
91686,19568.65839342852
98789,13431.271597701296
101190,7145.249537592538
88070,6752.185714666252
93252,18289.085926062497
99741,17480.3440342408
104820,8335.833916292624
88169,12686.933491763255
77198,9900.468994839144
93558,31888.619248779072
82381,18933.5849070564
99874,11393.418509054321
80727,22238.561736308387
93762,26690.74605442797
82928,8077.6144359032205
82083,28487.228354288596
102681,9333.955147759712
84592,6940.285602791842
90373,31966.910525406573
100741,12223.070643935043
80833,11426.899774339166
91415,21618.476301105788
98086,11768.163674789843
88138,12542.047890562762
86387,16323.954427214254
95134,61306.90181288137
86392,16318.736616548536
91440,23212.253611416527
79877,14689.703254036149
85439,12495.136692345697
88629,11668.987134405841
90541,15566.358463050963
94365,19270.136884110245
105625,41828.01452846334
100340,14057.872002712034
78761,19900.71889414613
89066,10650.155698759414
92418,27958.750813898994
90530,11207.948447660177
91595,28057.7106318402
101516,7108.74218487174
93518,14899.07354181658
93676,13947.91408136866
77432,27221.18250088392
94585,14678.060623192996
96358,6692.639682028922
78159,28153.246476546974
93872,11060.387645764713
86968,10939.97758446978
76425,22323.26849189641
91431,24012.289418188964
79862,22043.867621426
86839,13893.123440043988
100378,11877.990328539838
87028,8852.497044358097
81612,20699.598574595486
80822,21273.982784884418
79272,61870.048791148634
76037,33415.37457385037
94336,12149.803904354583
95900,22216.69683223266
89645,7790.452663275568
88068,3000.858240231372
78067,27754.82964285801
107703,14407.276770296266
106822,13315.930908602584
82155,5287.505034133232
91564,38625.278546117945
107241,14793.229273846442
79829,27905.046625903466
82574,6175.09452287715
93529,30840.767293052122
86196,12223.437671981957
88887,13795.684561541515
103822,10521.883493485293
97431,22014.701916600916
80655,20310.84626486936
104352,8731.058444577635
95983,44095.981690097586
90231,9000.512242596124
91426,28801.608534396066
96804,12998.942134335453
91789,20167.1991233836
91063,31347.003516648372
95672,27249.100673958208
89669,8005.851773129701
105177,26992.527843138367
83317,5972.27782948682
86083,14179.006654184279
98558,9887.762054496612
98497,15358.082500610839
107910,10403.772825324186
101650,12747.908170448782
98157,13213.285086770911
99234,21335.342578832988
91943,26871.305578003652
99237,6655.136039436378
86413,17043.533105668987
85589,9126.423753492765
83028,11304.711424156509
84633,17456.709338154113
76000,13622.435342324945
100519,8696.751324547082
86940,6635.313201334933
93162,25390.35310258277
98061,8158.727268031758
99205,20568.931277478376
86507,7828.682058979652
91613,27215.144463643464
85308,9554.732339481632
105270,21877.905617634937
90212,5636.219017104323
94127,10959.931579882876
99422,19941.603695935413
105583,10571.671302037248
81264,28163.743577046494
96205,7010.00619701926
105242,27527.720926036014
91770,21092.383131287
101725,13543.631967050138
108296,24380.76408770922
82556,12335.145770624318
93282,12032.611190859105
90749,23346.513930883568
101708,10754.071984468164
98952,10051.922108851693
84008,7452.594160553
104420,25597.36453024121
96406,7963.990605117953
83723,23651.801340689875
97143,28119.185108823847
97025,13888.026206704577
81322,70986.28026918373
102314,8925.708382201125
79427,7684.917287102882
107605,27203.383838416234
87036,7118.579896847413
91115,50455.33856101211
107095,23820.905750952392
86726,7167.6026129233505
89311,14542.743915779874
85612,6928.485838268132
78297,13638.063938385432
87140,15410.215341414532
99815,12008.07066518582
99814,10989.779349156215
79285,27087.504352742577
100846,13785.43033104279
83155,12644.944364980545
94858,25418.484050836596
85781,15020.11654589484
92914,21993.02092638454
98443,19088.05328221749
92134,14389.370708563805
102425,11228.385895748454
100338,7313.707765128711
75995,12988.717968874482
96586,6756.939107756767
76467,11885.19345283559
79386,25304.675786806827
87549,9477.617833677128
79953,14065.842419513529
85516,6659.393065695066
102251,15904.612720727459
86747,13840.926634030031
96255,9075.952939079749
102580,3800.93404417152
97573,12375.775397807201
92803,15570.911081235445
103185,13444.254668243228
93477,20439.27247069716
90488,16327.404693081398
103256,12117.759218118834
98259,9352.057774918138
79168,26219.961559581836
101416,10506.13771755509
84088,10354.685695287739
105807,23568.73465837971
107132,12138.288210690163
101505,13984.165399334308
96102,16408.11525866996
80342,21579.41720728709
83221,7521.4190237455405
87186,16937.895210562976
89162,16736.71792358958
100282,8060.575654258536
95292,26179.47960823576
95878,43113.356509101744
81326,13476.782251524468
88518,7750.375796060849
108243,23471.034125100316
108026,6901.719188764364
96751,10712.352494567001
90571,12483.627621491127
76767,21145.491005498887
87910,10647.74182770048
108470,12226.35625765533
82634,6274.811430904956
92666,28606.190325409312
96690,16941.59623934955
102493,6352.331223191167
99491,21081.505660941526
94959,18327.786179514733
79015,42584.1176052037
93400,20143.174484544685
90577,19993.27255558921
83608,5967.602956296398
101527,8710.94581114904
99227,8611.511480594949
105333,13561.003489607605
98720,8725.183211592199
83359,4359.280764927019
95498,15937.380249874677
101019,13221.318322541665
86045,10718.313644875281
87546,10659.09591979824
87526,2569.414009622796
83304,14774.06249367761
81244,22585.638658317035
76248,22191.39054745125
90107,10288.812194694334
82584,8016.668480735758
97783,6662.591118473852
79048,12736.9116113706
94531,18891.79884310428
83872,7293.787086362816
95726,24341.784242942198
107362,8380.095712447719
88562,6301.276612790117
105680,8109.477206283873
77859,12271.867801442117
82802,10928.138758016305
100220,6070.643874322725
80149,22611.77421864322
78826,6113.356096273409
92081,20578.906712412172
90008,22291.560033982918
86319,12829.163007049048
93624,27080.989008066557
92325,25250.863636745024
87857,18705.461481745297
84996,8515.64426676604
105536,8260.424117500552
86209,11690.271682623747
96095,20769.17261903733
78426,22323.26849189641
80287,17373.995580700936
98154,7027.803550047362
84049,17118.237825813598
99005,13451.59961280465
101228,9116.741132958681
79488,42315.5934149421
95378,30226.30029550442
81740,19220.29204497204
101394,13283.485418078617
102736,8942.475190757992
75993,61014.48586075757
102322,7615.284907131234
106248,9683.051665029738
94377,26104.3044351283
102281,7296.070021104083
99028,9882.430212297682
88725,10696.590017235565
101290,8204.418692753174
101436,16895.234289286665
107395,13265.262396420487
83696,11862.768108937682
87319,11282.396005893439
77845,8594.735272413149
94163,10998.984596293101
89778,15697.990367776427
81251,10480.020856783553
88855,7063.005770544306
99680,9010.566120497984
94593,19270.136884110245
79028,41651.48261888986
100784,8061.3373620296015
90856,16139.152440519745
76836,22821.89927645793
105944,14235.694426334554
76844,14622.465038720999
85377,9791.434852526196
102613,10532.812654908483
105832,18564.983340202045
105173,13210.873736019077
107270,7887.36252950611
104605,18803.59722042381
93776,26100.774499657244
98145,15214.41725016895
105384,6225.836587495899
83797,12646.584050418016
78439,10778.33612539303
84850,18143.451203734498
81348,16594.521676914042
81586,57941.33363434204
97554,3189.448264337066
96691,6403.597440819371
100073,13806.354029237847
89195,10728.064903427403
95919,17322.516820921395
78872,8718.632076549486
91100,27459.386842253814
80008,15363.192503300561
89155,6020.305669893672
79002,5460.94501379756
80103,23458.094688683694
95722,25947.233451741024
92248,31152.74443985179
104759,11805.924192224105
101435,14340.997895803757
95367,27051.37479370223
93611,31941.791434381146
95610,28465.862282489492
87950,12498.693175867762
78095,22795.085912556457
78646,16162.66203316747
82091,20476.896738289877
103774,14922.119345614961
102660,7121.088603896901
92256,25540.92461347277
102733,13714.859189975334
95698,16932.499737845683
103008,11738.180842849795
76310,35982.405537602055
102230,9339.467518678899
108434,5460.741150341468
103325,6997.170812338014
89871,10694.620887076078
84888,11767.996418299992
94838,14148.41715936377
83744,5347.851937815735
89112,13913.965928705224
102043,10573.55530131956
105254,11946.002001246783
77814,23122.32867630043
92390,10240.976989151322
106879,17469.44969326634
77049,17254.50650945603
84476,12304.71036411053
81372,28191.471283341605
90236,7233.496816097298
92132,18378.03098693928
92240,19394.95131650307
95286,24637.070569404143
101750,10132.637038729625
88817,17189.794840089187
81131,21764.50723396923
84244,11653.339658664116
100801,8661.909192928797
95844,20679.852235954728
83870,10471.545076904506
88723,10900.155580363495
81243,23073.984995491162
100385,11192.220119747482
104717,18398.52609101355
91235,13572.91240779174
96520,9408.74398623359
93381,33155.01634227499
80691,32674.029763015653
92000,29431.79050638719
107035,28031.95643084876
102138,12330.55379917626
84605,8248.485231533448
79297,42511.60651741434
106336,24815.138459737693
94253,25907.25612674122
79716,20712.31423715806
83444,8010.0344392011075
106618,11391.073563802467
96175,18242.836184396565
103007,10778.977644374861
83413,11261.042395044244
87204,14406.033230920373
102288,8143.132141504074
80637,22633.91278821599
102156,7757.540590907491
99444,5763.504169841345
88292,14696.856159246467
88382,22727.11998926299
83149,15524.764473648398
96173,15298.072020666426
104005,18913.236503468972
78097,16579.438132144085
79949,21608.7127892689
93089,32787.220535684966
86142,10948.922881313654
79736,11842.074271998892
76052,23272.880571943922
80534,13169.502160330281
86998,11436.163881262146
92690,26070.16513547546
88656,9038.936713362207
94395,22216.69683223266
98447,7144.022559754244
97701,16137.243283478174
92140,16107.819989694615
100562,7356.815369653895
90947,13781.94969559545
101174,8443.653445647898
82150,37703.66258439196
82220,13414.60151651039
99327,3323.09718821362
98695,17684.76145862149
81373,15911.67169029792
92571,11213.115393950482
99568,7518.480932597337
80774,31329.73395132967
88548,15114.637232869585
89214,16303.934483125207
104968,16801.314859314723
76079,19285.58888335459
106643,16956.583437399957
98760,12731.878472050304
79377,19329.477430177034
92075,33336.30824919429
83689,15715.532322393447
89321,8910.522886066128
101772,7687.8247805669935
82498,13837.198984743236
100293,9832.372619909478
82360,23154.283953607268
98921,13379.766630453083
78949,31997.00122685719
77501,15398.153512796489
93322,25315.98276266418
85827,7729.295125535828
76428,17869.310065475504
105249,20862.375610731167
93940,27553.48133336558
85259,14498.953751781357
95570,32212.569946139778
87993,7864.792655088115
99558,7283.892984025474
91277,21059.69584562644
93825,20844.369531828477
107121,29224.500894647623
104959,16787.752541975147
96364,13472.856962995644
106601,17934.55568672493
106375,21460.3093314154
79619,11212.069259913544
76473,16557.342879735876
88184,11378.636683036035
92530,23037.143895896086
100669,9603.347494229543
97656,16157.705979203467
78071,29483.603034233252
89316,9065.604945160549
95061,22238.419288364985
86189,11621.325787841812
89553,16831.67590013883
93106,24223.348257687292
92968,14365.452590257055
84025,24573.45671651326
107972,10292.681708663547
100646,6945.237037458353
94107,48973.96658082725
93865,15226.976880209
96199,19464.178925632674
107397,23297.869905574673
100882,12347.982796999391
104739,14748.956402717664
85360,18018.94490911182
85630,17402.44789220688
91862,25575.626944669628
107207,23003.346763238224
97162,6746.475320810066
80025,32635.155088720538
102082,10341.117307926606
85267,8065.140010401548
101929,14153.378217594724
101500,9614.880840312862
79709,17418.736827018987
93972,13398.240529119787
103035,11134.250488966465
99214,10792.81847434753
90020,15456.844876458976
93078,17601.83425728946
91474,24816.250381180194
104931,16725.709101114677
78728,26390.340474976943
79185,13883.475785080407
103871,6878.149119085653
91303,34716.87626684918
103205,17452.042738610282
102796,10640.831457718423
84381,5455.9935290563735
80694,3788.7131683400357
88412,19694.283289101557
87437,7663.013474568423
81938,23096.82640143941
87557,8077.747298625214
84227,17192.159512730253
94972,27575.44832931297
101329,13336.629608217883
80069,30701.03894670134
82432,5779.431322884553
103399,9858.48484769023
77538,25833.279236383823
83684,11035.918312731194
101430,7331.832385699618
104322,17740.50486920968
106856,13766.178314716133
83084,9184.985824432262
102179,9349.958317992683
91752,22935.61794961862
102244,10228.00775647663
100903,7452.962190289956
87128,13325.34160920785
104654,26515.435740827754
98265,4871.845046654903
101764,8274.23130243065
77753,11366.48430157153
93483,34385.798428474285
85586,6824.852682352109
83436,37854.660476147656
80395,15806.300994244431
78652,19879.578183984417
92985,12573.76497471945
87343,11505.163561979927
94390,30736.243356760595
94485,37253.63839786233
79564,19251.465182875218
106104,27590.361028299445
84557,11734.152273683634
105524,22840.584172866726
96622,23545.689916428193
85389,12443.565501560372
78029,52473.14927037892
107904,15487.494883586278
80526,40916.312442357725
102233,5842.549670039917
86058,11394.27968852479
76614,28563.874669396908
81334,66657.12535456147
95043,24521.035470387593
80400,15633.969424027135
100114,12422.89572973988
92049,25109.345841261984
104070,8154.584466409914
95487,10943.897386637616
80402,23676.432627017806
102682,12093.862354141707
79747,13785.176069547437
97331,17146.600629133743
92573,28801.608534396066
81827,18027.49304881297
99721,6051.077000528356
87560,20425.141029079852
101447,11314.657798908
89027,10010.349182711352
100905,9208.238644789886
86467,12403.464944132016
90523,8134.324757586149
77588,23250.123907849862
79946,25761.133234392135
94096,23087.31884151252
106481,9280.322069188636
100694,16027.34747180264
91176,60239.10945478523
106878,6719.31941468079
99871,17937.53113163057
77534,11238.787902172417
102006,9741.732392610078
93356,23178.28573013197
85788,10010.194462027803
97108,18519.47541650021
93129,18730.545788465148
95168,43603.562907444844
96578,10710.751279483238
79570,12556.219603374224
96604,15124.706800093738
76367,7504.034269833193
105065,12803.460074379318
90635,17654.75650884722
107221,11356.377234786678
80375,12203.925984490641
94421,21529.391926682096
104009,9587.692071175265
84804,13510.29472418704
92074,28011.594084130447
103678,6418.711914929499
102350,18306.813658371262
81690,15441.100786270446
101817,9743.90013759678
108275,24258.65485243954
78030,16215.6986635
91570,22561.1477759863
96746,7908.320368048558
89748,20575.186372140306
107889,19325.72027777804
88402,17549.22274969853
107789,16352.596147836843
108061,23629.6471321191
105143,15958.346227374905
107488,24032.79450989096
100812,12336.456699446
97830,11099.988212255763
100664,13175.059384891458
80071,26483.900175116567
104550,13563.29153749291
99466,9645.173391461874
93777,15396.183585344314
108105,10576.233525062464
90322,8348.28353984359
101860,13097.80166182174
104129,9120.916799387745
77381,15038.19576171579
76946,35898.16759449417
91556,15351.241643318486
87190,9678.10287893527
107647,20266.64107464141
84177,12126.870777044558
93266,29681.133584977993
107341,13192.828517667756
92693,28082.15704560302
101292,9363.847566227023
79651,17532.787631534058
81654,13834.567611430752
89688,3036.1030485737533
107423,13902.009314644449
86626,13434.00371975927
101633,16989.723232277367
83827,11214.10991857451
106678,14967.272508855327
93756,28459.17042016468
84185,27573.56981251615
94867,19446.147076395006
101062,10786.428215904738
76567,31584.182567598364
80522,18328.427955316074
101932,9735.24897824814
86016,13632.36489655845
98609,15423.190122307291
84081,10434.266207066465
78446,11570.202918235442
82074,20903.69100900901
108374,30173.765939953
77895,24239.179971827394
93416,18034.267370140053
89357,10429.44685782934
106786,9897.20438340713
102766,13307.618578843347
82233,12692.41693190805
84115,9912.831364078353
98073,10854.381613370606
106198,8032.933536418127
100335,14849.16456484845
82169,16962.438243252895
101191,9463.725416209218
94584,13720.21211695606
81980,18308.223225692473
93574,38378.205831578234
76934,33362.317821948534
104181,21120.3048285203
85205,13192.377015440294
101304,11984.624145227051
77927,46046.74035377349
82028,25482.05015354864
87191,24137.39677619607
77713,13532.056781100577
100414,4697.810678209252
94287,20896.487779835163
97941,9320.808200820387
93702,27571.08218370136
91433,26703.19077617131
92420,21338.11529266618
88433,16509.17242694687
91656,36476.96065500353
94313,29459.644428266667
91218,13733.287521049542
104418,16766.64398411638
86375,10034.937208833577
97556,13687.460370702793
94514,48322.00111877013
79165,34990.14006862426
81780,15732.054803721763
105424,17616.416972549683
77427,11254.584091409457
78626,20144.60959647172
85465,11717.022441489304
87616,10288.541721190644
101667,12191.576377652753
84226,13513.334715410529
104737,18428.97501541494
95041,34255.91349002141
84070,12391.907890129576
79071,16135.289985068037
98688,8787.00945144279
91104,36463.64092199413
95301,17380.19915088776
82795,6101.327533832614
76606,19437.248771512346
94708,23199.311957151593
82934,7184.927814738074
101243,4291.299288700592
94629,25797.305351733597
88235,13709.432802767775
78913,51283.89372534554
94480,25390.022526506775
77005,16807.058927862494
95511,22593.56901788137
88879,13053.129751453758
78396,11962.939200199215
99977,12830.819538968046
87602,14874.871772422377
105439,15597.601678054081
91094,19329.868272507065
103575,6672.3409348106925
102840,6515.861931575248
105367,10585.568246998078
91884,20891.427657562803
84572,10551.017937905264
96544,7771.925744758175
94082,32254.51852102881
95510,13252.782017230365
85718,7988.032271531691
92527,20522.066740904622
78855,13772.13785752202
107521,18579.29161758525
98876,5258.468793828152
98440,14988.669439021236
98714,10465.231787051998
100643,13982.108891317994
89570,6828.914935991673
94168,34097.135979009356
93299,22060.60512424518
96033,19775.539023906007
93742,19100.92946672109
89946,14028.252231296228
107741,3338.579682546173
77268,18123.754400272264
84848,11581.96461826027
92323,33588.73822494935
82181,31007.580206695555
102252,6781.871552015127
100240,9968.882952102265
90422,15421.5887477507
103145,11333.76200449446
83333,10376.358083380928
97103,33154.878781226595
107379,30732.60902759288
94694,24401.453202362347
97339,32741.572324485733
93104,25889.981566794693
88194,10125.332527818062
81954,21579.41720728709
96391,17128.7473245699
76563,12038.359011157581
97630,19150.36022024422
80201,26933.290808386413
87854,3888.083212952558
102312,10496.420747994074
93848,23431.178410748435
82542,5174.412472301984
102300,16853.458550117328
97229,11338.085905785001
98907,24417.19531092485
81238,12780.575114902189
101377,10483.354337316812
79109,13356.467409142471
88044,5115.824079375791
91950,31364.77187208808
103403,8214.149644512121
87611,9884.583410515585
98169,15709.442297268704
84352,13529.173619383264
91787,18818.252557202028
85668,8130.464341482559
91287,17851.518017478527
80289,16791.365504579393
80647,22634.495696314596
90612,23708.37194800871
84941,13897.091805405784
85955,10279.291754088175
95019,12201.02379558064
92685,18382.981757551945
87156,7961.035040238214
98300,17670.48363145881
80737,21590.44967560775
92849,26493.841170618893
87490,5253.6500865854
106168,19150.899058967025
87014,18044.829318836135
95822,18445.28968718934
76797,13801.391715373977
88416,19536.320349357942
99974,9892.092988471095
79248,8936.255370143115
93969,44309.72722669518
104746,23218.968129456418
101092,19219.365434150568
104076,19246.79287891604
99087,7559.718207055052
93808,24370.62449706029
80849,30260.87580530378
93870,38320.53603374901
97218,8937.851845195282
85690,13724.016070958804
82581,15060.856741000196
81062,13989.943686925775
98925,15057.622592593772
98116,7613.423857420037
78229,14407.876805863327
77717,3547.9740843365494
92227,25698.173926530548
97525,7925.390170454029
92015,13091.746739830101
93168,17661.139769642097
76841,21390.371707086524
94920,12445.45771467865
95188,12511.431603252064
91909,44196.13243186089
104631,12125.196654842026
91186,21547.092185695456
100465,12158.175149204999
79253,18197.45412070752
97133,9787.512736133394
84758,9787.033544373082
83113,9025.221513491646
92012,25894.75465094507
97730,10253.984030814463
89579,15952.776396987438
89670,9299.439647203617
98105,12581.446394785069
79497,21185.786001964123
85954,13333.024060456753
90314,5724.3270711895175
81052,6642.7447498184765
78531,15506.376039081286
97791,12625.18526353288
77746,23475.659883962
105318,20170.466398456458
96956,9615.154400806437
84493,10365.526324039993
102164,7976.870531584863
84640,16545.94959215412
83292,14770.819108584745
80446,30558.470235400317
106883,20388.66445955795
96822,12082.13849415866
99282,10194.582879840807
94359,12014.208873790434
105084,24435.24522052388
85908,13640.700425652574
106431,15216.843195958862
97313,18562.1237671888
101268,6507.237918929773
77989,17501.78275712204
87682,19410.46350619304
106611,34157.90160393194
107890,10154.835624806434
79578,21134.323668153724
92372,30390.45195453006
93915,21630.232269959797
85425,8963.763915222595
80577,9351.979091943676
87561,14803.173956215447
82120,17418.736827018987
91633,19052.878030748765
96970,9218.872436441825
103356,10459.062535919616
89416,15013.196771164707
101155,8977.927794776055
104222,20105.472509639807
76104,17971.018934663247
108362,11767.76329924613
80616,42125.34527958646
98659,7263.516612148249
76470,28947.645323195313
86501,5211.7149027977175
103166,7420.731567331072
80799,7181.181722879873
103699,12506.121608330053
97005,20029.708718592043
89375,8700.428105608236
89434,9674.812192211115
103114,7565.866560275295
99021,24546.305870675187
85368,6153.700433605195
98207,8593.331187512487
88420,11717.022441489304
86225,11815.60577143902
107761,42963.37825854018
83146,17764.72912319177
97834,9688.488867196284
95729,29008.055966027838
95480,48324.95645842935
76736,25220.74453774866
103683,11955.852481526248
96410,22455.89007852022
101570,8535.757732774828
81039,11712.520332861326
82813,17701.407198100274
88704,16189.275387577627
77926,16847.487879114546
89560,14873.458817885818
98902,12030.323945913233
105164,29012.954551905324
108109,11703.365341302346
84480,12307.013376383482
98239,8608.496479129339
82385,32921.479626635075
91637,29395.744871233568
85732,8424.903812080063
90790,6481.931823138477
90251,6823.58646147156
101246,7992.78276321436
92962,22244.475316777785
75988,22537.848053691585
106880,19478.624229283552
89844,14303.950981885417
79925,15365.723684811355
76282,19187.875806503922
85648,6217.89629972271
95507,15919.963502282315
96605,22767.603109835658
90201,8488.653588363957
93506,24210.65581967854
78490,11863.408252449863
106831,16473.455761947163
78101,13771.784622370948
93059,41190.46022958992
106820,9997.826488546274
80839,24133.70729466655
76695,14807.776283796473
107678,10579.86012223052
77084,10847.202153407787
107856,13786.204468339785
104446,32239.69935790277
93306,16209.83837661996
76610,31885.855532521382
94451,19140.798738596397
96510,14530.082891786235
84861,18315.76834424118
85787,23357.80302919526
78201,14178.305806162498
83353,13031.455386925149
106485,11140.344863185246
98115,9671.784777042652
83852,13695.396699797013
91320,22409.434574693383
92427,6332.203005980168
83851,17762.912139860728
92011,13731.519331949077
96043,7221.488033330859
93535,24081.243238248386
80183,29605.09891462182
99075,15644.618506973457
107932,13533.074057930957
98968,18625.79800979697
83350,10835.495647573822
77983,18212.727195638596
104722,18974.72029414087
101213,7453.599372074204
99670,8882.103362526821
86163,14616.611957567477
107969,11605.464678235765
77875,16874.11297969527
86254,10069.983541510514
106709,14713.781705188834
79732,24924.268347049445
107841,8757.855934099722
82222,18187.026440716727
82020,16231.108703492
78930,25399.629058623865
93446,13704.17093807243
82880,11437.124818023014
85724,8098.485724918535
97629,25496.616927408322
106635,21879.92186040327
94103,19131.31125780595
83051,12466.82705744248
85087,10948.922881313654
76917,16327.069983079633
95037,33181.56974061303
99867,13172.156896009472
107425,28271.058422396763
85753,18298.220624856338
95099,26024.64933309393
81950,17627.107081775088
87493,12677.625950346994
84035,11268.326139728984
98743,11110.111403665178
84532,9199.413580582186
106827,12456.566045277921
100006,11011.969698667714
108013,22430.08086671787
102898,11574.11341444119
93509,21383.58015656374
89759,8871.035896554797
78191,26709.129200723273
80286,6403.049966918809
105908,21787.44003593631
85325,10978.191259904406
86177,2743.43383953629
86780,15996.305104356601
82738,10088.373247319985
78918,23154.687355088263
79161,34070.02126782999
84004,8539.099684396015
92541,32044.465346620207
86047,13149.485067261185
106538,15263.932134525674
96648,5911.548093419045
101018,8253.383173443479
97019,22555.1102800733
105288,9401.12292647894
103441,12112.224146660177
84757,16689.332649625067
107069,10070.042148202781
108356,27089.507626350936
84436,9839.79150787525
79898,21108.618476073865
84703,18396.13339350057
101219,16426.450122686805
99858,12181.92139736721
77333,8862.689191655765
81923,13511.83454051602
85116,14547.689894213545
106149,13791.08794156598
91228,21118.566696039987
91512,19052.116046269857
80878,21928.42574584072
91229,27350.35862126409
99181,7268.657671559138
97944,24176.04839304856
78314,15116.290663006297
103087,5261.321124762187
98170,6426.3657062223665
86475,7487.317394216932
76501,20738.656941735717
87632,16628.651294795727
78342,21648.06253108549
99723,12339.547636591367
87620,16296.946718186635
108111,34402.16259432082
89385,9732.741849271824
78604,12097.958316703942
87199,15674.326321260247
106661,13592.097420367065
98162,7395.624041866076
95522,15715.505647320973
76276,6551.4017451562995
80135,24649.71839568382
98199,7263.516612148249
97771,8885.216040519912
80509,46217.317980041786
80570,32883.36176881366
102070,14671.080907934615
87513,13066.172687896553
92822,15692.299486698563
85443,10407.37056465122
107258,19046.088459010734
90876,20918.59395876577
105021,20109.996477250537
106246,7703.204145235328
102213,12469.137356715264
102502,7572.679420731983
97859,12902.635111538984
90858,15694.109914842873
103900,6666.538675774996
101159,5820.680095131152
79882,11675.810240461624
107307,16151.785101776592
91892,13681.756312278023
77992,16225.266868158122
103300,7359.472256257791
76540,39459.985909774776
103225,7034.297265371714
93202,25706.3804762217
106035,10101.533725573372
80459,20758.220270076454
90377,8305.91972271846
94302,23479.132596953896
107598,14803.634303165669
97476,28345.693837031944
96871,17437.338661930953
78543,15465.054639367547
89215,9884.583410515585
87251,15829.728179818005
94113,16725.192143941105
89499,8230.156894607286
104785,12961.847147058088
87775,19141.341105509
91882,24408.759301802253
79256,32658.21562166194
100717,10732.696933599147
104470,10466.49032296236
98732,15651.761390669953
82547,6209.517016179502
83776,8988.24831772347
106546,18981.81966059263
88539,9253.847774868087
83929,16978.635479947156
96026,6391.098210661892
104011,14402.219831791565
76131,16396.28581199194
91826,33336.30824919429
103999,21858.11361857463
82675,17764.522033477453
94439,25908.862656355814
96307,9767.009288007535
78033,14483.313793284333
76854,14614.304671331322
90036,6701.039772613831
103891,10426.285375247457
101263,12206.346194153077
91712,21300.021863062382
80856,19602.86846392357
95058,19430.71356717669
82735,8380.795219625485
82588,22507.542489367082
80775,50753.24075461747
104524,11900.986705357112
98431,9289.173652224325
82272,26032.031342032948
80152,17139.395210817333
99115,10438.694361065554
91591,24406.821218765657
84573,16451.847217482024
96777,9978.427593671695
95331,17798.212255724375
87492,16565.872242825146
78031,19419.587060794223
102367,10742.441995564857
105139,23741.956189247456
101793,10346.273056637041
82312,31080.573783198783
90663,8076.284025413708
97827,20529.967847336466
85812,11672.326438642096
93839,21962.911309985793
92711,19088.98931647193
90705,11881.715755424306
105089,14792.461418202509
97946,19812.498212720468
89744,17904.890205942822
91047,22606.79726793735
101166,6895.105959807699
101641,11942.7443893207
96865,12680.41719558753
76615,13047.848345313938
107736,13698.392886852562
101285,13496.823803052597
87016,13302.337774178815
99919,7400.547018342565
99314,20871.04570925655
80754,28145.260598636174
94215,32910.30175703617
82552,14012.785369001604
79696,38558.96101091796
87903,10064.177020588777
77373,19234.72082751781
76494,19637.17739690268
80003,21955.67684520552
89000,11806.379494502686
93128,25748.516637038938
107992,10905.42057700827
89029,14297.658294517154
105461,20888.196322889424
95945,15769.628867417432
103106,15046.37734760318
96246,22107.4895417736
90428,6956.142011874367
88909,7557.723475776335
85222,12021.702443557611
106888,9401.950247427209
103117,9066.992980503474
93022,22384.04751971945
103375,7608.321150437136
93229,21773.724960814183
85603,8981.371946172574
89869,9652.630687659726
102338,7633.068154525039
82631,13258.38234695879
102687,12587.117118329288
82001,24032.99111064392
80204,26913.059382703894
76279,27901.499068270816
104066,19667.588269002288
85918,5331.969566447326
101590,8347.89284764078
95375,21096.736171749104
77897,12626.44258967311
95209,20239.729823478996
95921,20508.253076903824
105769,7820.693562454139
97833,20864.023619078405
106557,19651.428278586038
80274,16027.281988533221
91786,25546.509332461057
85350,16501.862994535422
96217,15963.22109396947
86429,6882.669445447968
76233,20501.32079876516
98782,9013.981260708077
77064,11724.906532489513
82904,17276.757085140223
101384,10922.025382395948
103541,7684.381927225218
99625,11199.311061889182
89436,17934.47191395139
92889,18756.0754027561
78390,41217.58097066061
80649,19730.145867527182
78894,15871.4350642042
100312,17743.187503681627
78222,21424.69380549187
91392,27017.814634357925
81452,9645.848706572315
97819,2453.8377606866975
105008,10576.233525062464
94993,24834.416640965806
85430,10084.587910033346
94075,50709.21345082603
81246,24396.230057509998
78432,25586.72902747073
89458,12799.59648879979
86520,17440.569565046248
84594,6795.967127038569
87131,8824.813127727546
103493,13476.697772147238
95302,15488.64812645722
105156,18304.03221849021
101489,6813.498214662433
105619,8935.195084733003
81460,26702.46229495424
79311,12818.43328752429
107401,25482.565614674277
106068,16177.567117028475
82033,23056.585497784807
93749,13927.391710474383
80321,24946.209285602028
103609,12156.465750470617
83443,9039.475770890966
79664,21766.6340056747
91263,22516.11426080237
80368,32718.23100796956
82178,16793.019043861117
77812,31132.324648534577
88159,11214.150723313069
107356,10071.239204265541
79312,23918.379448586486
81185,27803.034101962578
103927,11089.401566599656
92977,24466.090616318124
94013,14076.732558752647
78601,18852.587135053836
103250,8750.617701610214
90673,7256.282920134655
92757,28197.95275226263
86876,11848.403764391303
99148,10057.806606703809
77972,11532.030492110076
79854,7571.660556708298
97128,7086.97069146459
108059,13682.92084450028
105613,20153.615881884434
94727,4283.561302102332
104783,7054.256478581414
89446,19814.242189557768
107306,13756.045737021648
94890,22299.75534822419
94080,13233.0049231691
81720,19585.035760613613
105157,20077.989309623397
79438,45274.780652858906
95275,17890.920151469083
86870,11493.431959730457
86336,15753.185122356881
95031,29052.807380672257
76727,32935.44926273976
76416,27648.610196757836
95523,24687.99025892805
76945,11217.161815050544
92733,20824.185209447514
87625,17336.394814507647
105282,15920.414768174802
76798,28595.934241742103
93061,20022.25644783362
99449,6405.606785636411
88177,8824.813127727546
89115,15701.340021870332
97192,9715.933959902704
90003,12216.477140665018
99544,20766.679925855206
95661,27347.695936121356
86502,7269.408849488091
92299,13287.004544344054
92164,36995.8534387953
79415,11415.403849878829
82793,6727.369415310686
96761,9282.120560059684
95372,14539.874516557426
78310,19332.791954662283
84611,12512.740580483573
79039,11800.897782744387
83955,2298.5689444807344
103422,7819.304547380849
98290,12953.73813123994
89786,16402.201553974657
88966,14625.549675742883
91692,14294.858104394634
99720,10873.828384167196
92291,28706.6373839118
104283,19646.284567313687
77907,34303.97380821743
80667,23962.142566317685
83714,11231.69067653441
81499,33982.14609071403
102870,11259.008008820962
84245,16674.844843913183
96709,10850.21289206156
96985,12291.387091457445
79739,25829.045420287905
101167,10664.621117473154
101412,9034.127537389755
97207,11956.066844125207
77022,13304.0883173998
97267,23554.775217793733
89310,9835.255645176832
88525,8286.745498861239
100951,13989.883609155693
105401,8410.502807242943
89558,13710.102079025817
97593,21817.349981771247
91993,19848.11721730335
99362,12319.996994358666
86021,9901.761749660945
80590,30327.813613864244
76881,16403.05297171502
97173,11788.673306778152
100208,14264.225069918839
106111,18043.137170325845
94771,16635.751186819056
86006,9576.953157017331
83246,14087.813823830771
81624,20982.8947905833
97158,11788.673306778152
90839,6273.453043984128
76730,11461.791963654574
95912,29606.306748050563
98742,12733.422754149326
85366,11672.326438642096
88971,10145.486802659245
91073,16810.110751373424
84276,13848.806747420082
93643,30551.40715878726
77674,17948.296414728484
107054,19404.450818952057
76029,11645.031285415349
76703,20764.239075845187
76951,29553.987092763182
92952,25159.537362535935
101165,13674.91111620915
83703,17197.417003282895
102514,11606.774961578363
84274,15526.067277614893
80933,13449.131660019344
89802,15781.547009690525
95459,24630.923377202653
88242,10849.894669708721
80337,18285.237131496855
96758,10570.690330215231
81706,10244.91572189468
92861,27723.654401637916
97057,10539.4280899314
90369,8342.856298977764
77587,16504.762644497536
92265,20729.651803939698
91500,29992.73948877085
105511,20417.21514478559
90137,7548.637526704371
78339,20434.035407433246
90208,7946.978643275889
101548,12585.801737364596
79969,32959.989802344004
83047,7576.592222362623
106469,15282.122364957593
83513,19081.430186961967
79652,10613.73397881412
93970,5650.256879676011
95655,21630.232269959797
93966,12654.03543685767
103174,9718.587012693775
92732,29837.240269754628
104052,15171.58499018228
104427,14418.245141291698
81504,24726.094557270433
85835,8078.79819764433
85265,11866.671398671573
88872,9571.184385123379
81581,28277.53047450544
87525,16558.06648933221
95242,14188.878937356678
84066,9312.18754743396
91130,43001.62467061491
103798,11758.055442716019
79777,11965.279415424888
96975,13039.562729567622
98657,9352.057774918138
89241,12353.83550771692
94846,19112.375426465118
100346,6494.468541113679
102570,8590.21068535151
86462,11403.128158188656
97934,19967.071272841215
96947,8468.354342913832
83667,9172.071046349454
84928,12382.648506136962
107956,7467.848368194986
98949,12497.021340744644
90998,11386.050399336329
97708,12904.01810817168
95416,25550.134750103356
78313,21561.55456607833
78886,22589.81499677552
104031,20021.515595894594
105160,30743.698798111105
103659,11495.874657499442
82200,17897.039299762044
90814,6863.110000945564
85367,10234.96734964502
83180,11441.779845910314
106202,17336.504970171554
78450,17577.12790394385
99063,8709.123201750297
83877,5094.474511765688
103411,7420.55243706138
108533,18574.308939613227
98123,13341.840931430499
106850,12259.857462298382
100148,8010.4307605873055
83012,3873.733270929929
82410,12995.874590516556
81994,12304.371076448353
77099,29145.477038282395
83281,19141.341105509
94288,22629.420178768647
103702,7266.719230540148
105076,11858.305637678159
77642,17323.199035251342
107183,16662.64773046283
106615,13766.178314716133
84149,9806.105404826232
76911,19655.99891710783
104162,8810.443981581591
102563,7642.212234067605
98356,10664.293759709793
90601,15827.560428530933
86307,13013.345275816853
83892,16189.773598681637
86128,11214.67884132978
92836,14802.991431738197
77569,27022.950176727292
108327,17714.71190565134
101953,11934.186959333747
105792,25389.083436039808
97726,3747.793636747974
86652,8598.244671194267
84446,7124.910123606966
96826,14237.598142621211
95460,21681.739239398412
86352,11690.271682623747
106793,12874.628196198664
87778,14013.610496680283
99950,7322.828167517968
104088,14594.662913935546
92232,14746.872738043081
94143,18856.930650456867
87874,7961.630068697222
83793,13258.38234695879
108182,19692.85119778436
102804,8249.137683130672
97509,20058.294262539173
96468,11589.690657820442
85388,15811.27261019376
76856,30235.57249864273
106114,28588.943454416265
92900,25952.984880261116
84771,8522.96409272399
87714,11299.267628259095
80892,21162.256035267936
91592,29326.500327152724
102842,11388.038105532101
107139,21419.32087460478
94334,14316.868080748427
86768,11725.191027329098
103414,12222.393346501558
92179,26229.28258990123
106474,14538.209392795316
86309,9655.400229398922
91109,10008.917961064079
78133,23972.815677600396
76963,15527.101470853962
101391,10588.603817870324
107342,9326.003219030634
105184,27219.13343728298
104693,23103.908403112317
89673,16703.91099298669
103903,10263.891102413812
88947,6487.574803491393
87569,17554.414250235317
76483,34835.23915175823
86102,9935.580616036432
106452,9257.517934450594
107976,18018.14833965087
85216,15994.350097221195
76812,25999.34386884786
90905,21417.558433059956
101716,10209.891445577992
106450,40840.246276841455
79930,6933.23576703228
80812,28938.686328815133
80862,22312.705747318472
103996,20263.370469430803
93119,16047.174423897113
93986,23589.909941847556
90226,15679.42919290716
104841,7349.734386008002
77115,8038.611703507734
82162,46144.94846693324
88176,18004.43049226395
96807,18081.312642002467
87893,16513.63665585291
96864,9601.381200958505
81129,12951.905325613843
94158,15203.62205275661
87268,17173.346567197113
101545,11166.600114073079
80322,15147.123678656562
95591,21266.395449601445
97284,2685.4581645028497
76503,17168.314019667916
102457,7362.114623328813
103358,13511.477356731712
85800,9300.271131999407
77892,12882.731744930577
86918,5345.693618787024
88797,7246.708575431417
101581,5854.337785312561
99941,7943.358986851637
86005,11637.742492904816
92601,22339.795316252745
77922,25880.016273696194
107005,10117.268945486796
92729,19786.525301956055
99740,20987.969360995696
104686,11817.324083626276
87339,10904.134512152701
86577,11315.783737773843
105913,37226.369323038096
87402,15986.752986690137
88287,6805.572958146561
86544,8301.498020818912
87671,16239.313802724526
91204,19749.737164092876
99618,15266.39669141953
93596,19493.744669532538
100194,2094.3333956587926
76820,29176.883674171375
78350,28795.00387247373
91114,19237.543753450096
106403,26697.393278045336
77876,18564.66717282002
92321,15764.74536202626
93803,10842.669795603535
95007,23055.726430868126
93540,20875.51129035562
88267,8028.170740620404
100770,8781.871330723776
79033,37713.443538028114
105481,10569.09209950545
92645,22323.81769333676
91504,16013.944894760554
103374,16326.66081882347
76555,30350.26717664513
106876,20335.185344208207
83008,7121.836988604008
103085,11232.927967564536
108288,23913.298509961725
78153,25752.835118105213
101104,10913.895492960803
86300,18408.11452981274
83596,8265.426800672638
92918,20069.50214020266
96263,13755.08687763305
95845,25905.219888782725
82174,9722.90972946465
95636,30774.605114477017
87859,17335.917597145493
92038,13133.533175620143
97965,12897.11304316302
99236,9125.750731665963
102581,11412.884339864519
88484,9903.322684972598
76734,19368.04761449493
107756,10367.269679077397
100368,16383.802048152731
92542,29751.344205007033
106507,9390.076269978848
94713,11320.373809580697
86830,8938.30055252226
105659,11413.858040355322
103299,10154.1152145682
77388,38895.28465535895
93171,31896.958901797883
95564,23103.41308979365
92209,18830.588250857458
103068,6434.3603690902555
101008,10770.627855708564
101098,10499.223251689045
100297,6757.474816971047
100668,6838.298129172267
83587,12191.960034490434
103730,11430.26608256723
80300,10006.81760299514
90994,32235.148688348232
84749,10777.494689467754
96883,21831.13251017639
83643,25831.66536315275
101307,9369.693730356132
96979,20785.000815300897
96090,16302.677708667688
82603,9355.030247179431
79091,22287.238129486337
101959,11812.775723020419
101554,8726.27190263589
100961,10888.006008275692
82778,9654.734851709938
98924,6536.856716343795
85086,8533.664830596721
89149,7215.357661872858
89443,7798.969768169368
88608,12867.743341562664
108064,22960.20140211398
93913,21590.509067480798
104833,18008.131467184576
88819,7432.4607430768165
105039,20994.428175912755
108163,14540.658016064568
78429,20994.86778497261
100022,8347.425146615413
99243,18611.285341506773
96715,12904.01810817168
88735,21853.712762699284
86496,8521.630240745655
90642,7776.696756308411
98358,5890.024863322735
91268,28086.401550921884
106457,11554.773582968704
87063,12955.981633824264
103942,11793.811727994602
101823,16048.979583368025
104919,4985.236495236515
89192,20758.773908782357
78525,23787.76383963928
82948,12155.00630690271
97364,12527.867090127851
77638,18627.434669072733
94939,16688.846578925957
102799,12040.318766891905
97063,18314.278797233208
84889,13698.53440504084
91197,10499.726067276526
83936,4953.977782549035
88850,8042.963647970098
104781,29312.7247811082
96341,7671.72181694322
77784,18980.83546708492
79500,23025.182027283892
85956,9963.431370466096
80268,9244.699601455437
76575,28829.634700364346
88273,16270.58189381247
96863,8590.66490093484
104149,12819.826367383717
95323,27405.95444613796
108521,13315.930908602584
104891,25825.997246007384
86333,6675.529201520858
97441,30316.503136582116
103963,13258.306613609768
94117,21356.824648920327
106930,20709.37232906694
96478,12647.433032346446
93273,19637.06883138915
90140,5231.905993537207
101752,13060.92353617641
102564,8065.854443024755
89449,9108.470138978362
82080,16007.300005060357
103168,11716.825306351831
92400,18393.6099366289
89829,17261.979030890914
100294,16126.431667351759
101914,12291.428911040048
91223,21406.174010039613
107925,20193.251750042484
108124,7707.659201015119
99736,28530.52208706488
106222,6185.309950607525
96843,6122.179852688177
86576,14098.662856613844
106802,20904.27769081984
101331,7484.92587584859
76847,10630.802085999258
82850,11074.761342541682
107284,18548.595072303415
77599,20212.789348405444
96827,20637.75410708485
76080,17410.808117569904
89213,16664.60508769463
91332,26590.75402189521
91930,24956.6993692073
96005,10889.538426334604
94637,28014.771635899942
76949,12073.483575976888
93336,22577.964737322225
79792,18774.790016021623
94859,24954.851854315773
87815,10855.534178405047
100994,12287.71447561169
103939,7840.7821022167545
91674,25053.214751592604
81166,21251.201428194945
105292,18737.094264801508
76991,48051.376497937206
100176,14922.119345614961
100118,12967.369337245143
94700,19629.78540861503
101432,10032.960853798217
78373,20861.87777913837
82918,14844.083510051052
80619,19774.220850571513
98870,6796.2621714344405
99728,52032.62074826247
100347,14529.085397134544
94871,18120.63433376029
76922,28378.266052535244
102057,5731.384165411986
106406,20841.539681225127
81647,38699.11497715841
86232,4532.7194156384
90976,27619.297473894738
101053,9745.037444994005
87392,10911.95301312628
97377,16497.848542701093
96652,16314.154767166689
88212,11139.151736490665
106859,12138.237729299542
92678,17938.724417905443
99554,7699.850004482479
92531,37950.72692219951
84190,10866.147555673015
98562,9458.131237376096
102014,9629.051077743818
105663,18806.09439179357
88795,8108.503616686242
83227,2778.677693646457
97436,5675.005464510945
101846,8974.322936481407
80332,26168.77991560459
104483,22327.69808611677
97675,9715.464608313614
87703,9056.709536136741
105829,16308.967313722123
97495,12521.727693598254
97230,18509.91251757219
99232,12319.996994358666
108036,6015.808246532275
90470,18491.39253713128
91410,24834.416640965806
87856,9946.438696935205
97072,14013.35784956117
98581,9204.568561180784
96021,18697.82714869835
104873,21967.956427609
82366,17814.604063608676
81093,11923.857564944356
94091,18687.88733980002
105502,23522.003719773922
81212,25102.13667616642
78477,17259.325082299627
86344,9565.822934239866
87337,9105.571003618881
83364,11285.148362266866
105029,17512.048201205467
84927,15162.027234667625
92467,24462.098971653933
77390,25379.425695260412
91159,18763.617457732293
86919,15691.574635273775
87364,16195.511752195443
96009,13996.736453237068
80050,24385.8321457522
97335,19451.01382544015
82533,10182.32076608907
88494,11018.489640846346
101773,5167.152505758705
84410,14861.575654985762
90583,10028.05355752538
97361,7468.761237822762
101276,9576.69616889407
92452,20305.444741271487
107354,8706.562778590425
78584,23494.764822583893
80128,12440.393920573239
88645,12717.12367003916
86622,11039.25754055142
81676,21273.982784884418
107409,27984.707906022355
101162,11517.545090497964
107883,12348.09680675496
84824,11011.775245268984
96253,13581.385176986281
80764,17247.022101614264
105145,18888.149202436733
76292,21395.566423737095
85405,8031.9094337707
105373,24917.844997109427
86540,13220.485324772464
91362,29174.036906852732
90075,11203.167476636207
81886,10594.832206162948
99080,7122.174002517366
105235,15527.002864032374
96437,21949.724889527668
83205,13005.899129985224
94569,29024.53598425416
92687,35452.11711638276
85951,15965.556035161291
84977,8836.07412117487
86143,18951.72216272204
81763,11681.645860235294
92970,26028.74032273121
108286,10633.773983029138
99395,7329.29935356403
81779,22181.517426338265
82131,15758.199693082945
77833,12172.579861591994
91949,53149.41538315831
84571,13330.966307074921
81403,32722.367701712006
86275,11909.716576876128
98103,7387.812788361624
96519,18532.420558301947
102141,14236.48214615348
95016,29638.415927409016
102800,17693.62063297415
102275,9476.30204700927
79437,19562.966767371683
99129,3269.774328543534
102738,12736.170137697463
88502,15673.312395424733
83847,6306.674911002627
82098,21659.06347908039
97608,10845.038159384843
93635,47686.33377293188
107415,16495.449513358566
100604,6340.942746577351
95825,15148.787552344045
89837,8910.020646323805
90563,14421.121154561357
87183,10191.01458937308
82030,16198.730188797323
100952,6255.795793851875
88907,6708.01837716506
108136,17178.941728573514
99824,8175.3722306808495
108052,19562.389367004747
86157,19892.52117853523
95635,25751.45242008603
76024,24008.32318300181
92449,15552.416582668766
101870,17352.4364058765
85896,11124.192410911928
102465,6197.324333192748
80302,14228.016259444725
104316,7787.183116632157
95294,31292.225692136995
106995,42940.60383021892
86510,10297.3738807658
87250,11631.193864335102
86483,21391.48794952246
83417,13670.057163354706
99580,9792.452418189521
84527,8194.440922104308
86193,13877.880907080607
98832,17862.026231296582
89427,13440.63991729787
105172,10411.146576792928
100800,12778.898245370809
81313,14834.24511039794
98110,11370.566994251905
83944,13014.195084840094
91420,21477.114226143654
79842,25511.270500855113
98350,12635.1774692207
104288,21125.647261217044
96086,15235.614383085005
78566,21774.55789902133
84457,16475.01416668596
88685,13380.490338464893
87157,10296.050972171442
82023,24689.68250646753
95492,26593.89162543239
84139,6061.628950848212
89309,19892.52117853523
85676,8228.452153543658
94553,6911.263176601669
90271,6702.096972047794
85678,10315.499347198118
86238,7974.150773885872
104335,14420.15484983636
83609,16280.121282013097
92930,19394.95131650307
101478,7261.005796628071
86537,9557.262223541336
95350,18953.534268216295
89176,12995.874590516556
89383,11399.706568503987
81369,25710.99073690123
96749,6813.70931890478
95414,30628.183855258736
91568,29070.787988565535
92425,28598.052087599677
107079,25663.818726976417
93550,29122.185220015177
78972,22135.399395289653
80719,9770.81831351846
92919,22737.364057654137
84505,11845.132988717742
103401,14089.299465883987
97516,9105.506377320433
91738,15915.434856067961
81664,10654.933656248462
108017,11020.0313625873
94154,16028.592828707056
94015,26137.85417956179
78990,27071.73280105605
100198,8722.278447530534
91258,33608.20192125546
95886,20800.854237565098
80048,45679.007955475034
92615,26257.683054595902
92333,29540.053282272387
85637,6338.584099091642
100681,19695.50018212828
86280,8840.046102053491
88934,11528.787447407922
102926,13082.34174102512
88415,2238.136214141692
108063,15249.382395065548
103273,9945.897198544828
79468,12978.134007838082
91285,16506.669989115497
99111,7164.4199607318
90686,8279.583119651645
77458,22428.767495543645
103540,6690.610393807398
98158,14288.812968974698
80240,33752.7889631113
93032,19052.116046269857
92380,15452.878356694575
91853,20632.188691527113
76049,21260.28912898141
98852,23396.99982827994
79019,12163.341650443514
78009,15298.62769167006
79038,19297.143980752404
106404,10634.922990019295
100619,3867.965961142644
82348,26718.541580060166
83844,8597.687890337855
101370,11120.250181598778
82900,9037.960419540344
77014,21399.093798112877
94704,30518.485353623157
105395,18550.663341527867
92471,27638.123784083295
82964,18637.784765743494
80223,75059.87045851101
83523,11849.393243663468
84395,16552.82891255235
77474,21185.194129557596
94649,10944.239565008947
79826,11063.338182333062
81786,16231.108703492
106749,15596.855998128694
94115,28813.210932788814
103835,6564.642857341194
83617,16501.862994535422
106555,11836.833732323885
86868,10087.90701869717
105245,12298.076044943904
107495,21066.0660842865
79571,38765.74904997194
100328,14837.707955685413
77453,27151.115257023135
91473,23887.163822927738
100493,13642.92264148187
83383,6928.212105322897
96482,17149.76349219261
91509,22003.875300383967
92051,32323.457425962835
82251,14496.96431927641
76054,12129.986012632007
105927,4622.060434836219
89426,12923.29865469548
101006,13914.683646123833
96504,16544.26475360308
89053,17197.417003282895
102578,14902.346651624399
104576,12986.356644112255
94137,19817.294930644493
96387,10970.602555478174
106040,17708.2935534911
79795,11398.470304951814
102216,8460.256884743725
106933,23618.464884682955
87217,13438.588453016133
98953,6593.230662896073
106935,12678.51595172692
108160,10172.829954399249
86220,16765.188055430575
81017,13914.545632416111
90319,7409.587948757005
100847,9640.369307540492
79811,20155.012784018498
82324,31660.587316433943
79204,21377.152662200406
76561,20861.87777913837
90313,10177.566509329752
94271,13704.17093807243
99090,7280.056935333039
106261,13571.153421956971
95699,25800.536874196077
101624,8400.677282407956
92096,10836.220548711204
104402,19374.40081101754
106877,4971.1248609072
95341,27639.361702545903
79252,27847.690547698072
85039,8645.596751692072
95172,19473.12679125198
91340,15378.844002591451
91584,15954.80126151123
104972,14982.95257610547
80896,23060.16086328725
93083,17651.219363534656
90855,8789.361604275597
78320,15532.750161699996
98584,22355.787697374362
97117,16216.57603137115
90267,8069.883235941677
104276,11731.22845332507
93771,16660.023659384082
100654,13615.126366793866
84833,14032.578196011056
79006,28699.43580740525
98734,6888.466806066057
96686,22232.373583516077
81262,9514.65657058782
104374,9587.692071175265
87939,11003.005422493577
85868,10092.413153409128
105505,8314.38210351528
87999,6414.998578763993
84535,10422.241089328789
105765,15294.973610138448
77591,22210.86800611077
83018,8039.858738782323
95281,15528.757297978114
104629,19232.36146993391
80247,18962.264396275506
98202,10920.202683939659
89361,14314.013131458229
86384,10974.99289048866
77923,16303.45765124163
86901,10121.237992845256
101827,13742.470163659773
101756,7768.848559456652
77041,27724.16815545435
97753,9291.722797570821
95848,22996.860250313526
94827,24557.610953888165
78247,35742.17994904862
87132,14018.375006430288
88911,17470.338207293535
88418,11352.728114977868
77238,13101.2416411148
88359,11588.333251612103
78818,10405.220692689787
95395,18327.18224627431
103416,12368.50771844554
84747,13082.290192176475
101608,6570.357778467141
105437,24833.57878417826
76320,15713.784125408903
98937,5395.935287288847
78233,11439.195163474975
82250,16906.374782225357
96164,19470.00676026975
105298,14398.405019655353
85892,17219.386479491735
93834,15464.984450997774
84717,4902.086172873731
104176,10902.18512420488
95319,44560.98803702617
85002,7988.032271531691
91460,28796.595970093287
86992,15496.209450925715
76228,23064.92222354087
105611,10825.341774207956
83256,26203.19208693067
88943,17174.933761088614
77394,32893.18105717491
100873,4932.622286353049
92464,19739.1547341765
89315,14066.093537417964
92773,80842.15572090326
82489,6709.187223890852
76219,16256.854849195057
102904,11995.04436505999
91039,36500.311075587044
104890,24311.180634989687
99922,12265.011866845403
107007,12916.3502755331
90649,6328.473808470819
90166,12337.948282833318
90837,16004.31683257214
84748,11794.121238892849
101034,10532.812654908483
80579,11734.088836390987
103124,13149.737117084005
92022,11411.525267968645
103382,9540.337901416953
104089,20396.777664260553
92089,19617.355648066237
106395,30094.85418447536
76012,19618.230946544274
90152,13393.34174192673
85524,12910.490843126914
95337,25482.431914768473
101744,9293.459153403091
105820,16328.336051933979
100587,2050.7331486885128
95224,31029.452366373265
88607,7752.068613625294
105741,21011.740058748328
100550,10248.038975346532
80543,23193.098801347314
96731,8479.816155282946
94235,33984.679736735336
89536,8232.098411594585
104062,9950.609828996538
79870,9089.266818083157
90961,56348.09025524866
104757,13080.791411229859
78702,10586.702650165804
82823,8738.677184952916
76387,12363.725023946441
83860,8604.881942023529
97853,9053.815385554306
96491,30643.83518989443
93018,16108.594749520717
105464,19567.309511650314
91589,17005.41399207028
81040,12669.599650547974
101726,5123.325754344775
89843,9832.661449024235
82306,18018.342783895558
102706,10609.85506271971
81905,15138.597966780922
99194,14204.849615101008
84038,11870.285278860296
99179,9455.393546910274
107945,12907.703710106269
107187,15217.932614703108
106729,11510.942447142646
76009,18434.41807661794
80160,11728.381637501612
87798,3238.691277546776
106779,10655.237560337537
87694,11257.52980979666
83225,11931.881665101526
82371,25355.083783698345
102154,11336.676375769435
91905,21201.486638015118
91831,19492.43667519006
96829,12680.45341801341
100724,11650.62105070315
98429,13973.663217102461
98046,15519.391725367183
104025,7669.650040526779
104930,17854.03982772835
97711,11047.122351543638
87985,2906.1554654426077
102005,7916.660351992331
93141,31469.49488498618
93564,18857.673964195765
77719,23326.706294865104
99873,10263.457518775922
87053,14525.077888147203
96789,10753.809085627834
107871,20070.77339019031
107192,11029.513035084703
79928,28217.949462457895
107669,19758.772029948093
79401,25976.45148181131
95320,27342.666300873065
94864,30947.365216419188
80654,27512.128823440547
99193,13498.211344283432
84375,10396.59081867009
90211,14125.832545146699
80720,13263.461499817613
91902,16380.776239461204
82275,9823.225435424925
81465,21855.880887525607
93508,24471.456928213458
88780,8082.5062491691115
92268,32195.150005525382
87172,14899.51675309656
106818,8621.923488816208
103457,19856.81122230656
86080,14591.237969639677
107319,16146.410258144715
104533,11958.709335308919
105670,28245.30865344071
81801,23164.023687135566
86611,16280.121282013097
103251,13581.512858908864
95313,36528.84276449464
83324,9774.231413208556
106920,13464.096623603722
93607,19586.23232331796
82902,10020.85250063357
98295,12997.058590674218
99592,7905.283965559534
83209,19639.9939013949
100342,6496.739000142346
100059,6372.023915154915
84964,15782.091649828662
101150,9832.372619909478
80834,14264.413471746335
94660,22000.354896252455
86817,11398.010680847889
82881,15478.260511422428
92477,24607.192213274317
88843,11711.383375431818
88409,13513.334715410529
89464,16324.170954299849
84554,8462.38915092708
107456,21914.006746481118
105815,30816.788182056254
84223,18220.96290625638
77230,40505.93811465619
82653,8812.037990832794
84903,7180.252906894905
96636,11857.1880985401
92293,20074.441606841312
76243,11376.565792822754
78795,23919.132330983426
77946,56820.93448306001
108033,26994.915992834103
89601,13341.374464334644
90606,18432.220742483947
92249,29205.813380870506
92624,18894.66377416308
97695,10653.484722892777
78743,33778.060990340404
99859,18965.539587589006
78302,22264.836169722377
99986,16048.979583368025
81908,12277.5375694555
85440,7521.4190237455405
91412,32179.49848854777
83964,7864.3435035199545
77867,13700.767777745066
98287,10418.56456735234
92675,5026.485585444623
93893,11918.099258682716
93828,31423.100744233383
107502,19385.38316135659
93726,13660.981563317206
93097,13924.637417495383
107762,18531.54457068259
93545,21571.206111083528
89831,14349.584159838632
108065,29672.767294720306
90388,5167.430665337081
82017,24802.489006567583
91025,25777.013238199834
96293,13990.484731115974
99187,8906.055943429164
98283,6362.168705293663
93590,15934.732265975792
105510,9937.421865008357
81365,24170.524864608607
105805,18831.82309282767
95866,53309.50558101741
99079,14716.450086140945
95673,14006.208238593757
99311,19454.22059131339
86145,7489.317958167395
103531,11717.575603380052
108261,24129.564276882378
85582,6241.492270153597
85281,6532.6521013472475
92591,38857.111680736874
97180,32585.653569131584
105998,16545.857929708465
101355,10963.906822661369
104286,43631.73191983393
86703,10004.684641790684
76535,11546.579379907937
86181,10819.083900524724
77004,19480.490179714685
99367,16219.278096114307
106001,25771.488575130737
93179,26110.84277319511
83031,9469.50359932275
86572,19275.088755643967
80350,23932.8543049644
96375,8075.792360661963
102219,7575.765923350787
100942,13723.595934374236
82949,11657.671256674324
104083,28325.79405576774
97140,13703.515999541203
96421,9641.40291474752
87075,13221.293270444306
106419,19491.97562861184
93602,27588.25257206688
77222,11083.642592482915
101712,9463.725416209218
106666,7621.473915957316
87295,14477.074035308236
89044,16816.484091763763
106433,7739.4890834582475
94575,32448.614025205396
107025,9812.121763871546
89318,8624.279446814844
86030,9919.4291647383
103483,10758.926606042081
94536,15443.262860211376
107058,17010.232757360656
87031,10108.017759892098
100119,10646.885360629249
105938,10683.502379944319
89724,20778.036466329555
99480,7445.646165145703
83017,10707.922077786317
108355,5906.413135029903
94711,19053.409706407816
95759,31602.977427678954
105168,13076.106134044157
93791,23998.96934448513
85850,11430.017170667565
102333,8226.868115534453
104407,20898.204342957226
98798,17480.531943442405
89284,7530.671416286276
100823,6251.935743749659
80514,15663.162074850286
105308,16999.41185712042
104612,23871.927951851554
89638,21059.086083085564
93794,13375.25455412422
83933,16071.269707780233
90413,9630.367718356958
98929,9082.175608967504
90959,17637.602816324426
83414,15016.330468065791
82228,19137.67751122564
88669,10886.533279228455
106815,21011.57972712565
84567,10150.792056181795
91328,30774.605114477017
105740,10666.780217178048
96452,8232.149110101864
76038,21242.69976847514
99940,9345.237892688936
102377,15066.741993958089
105229,21350.639279636904
82158,22750.6079947399
104844,18083.63614606983
101203,10157.954316806661
95222,20247.78237626333
89529,19872.127072616215
103230,7100.828546950819
100692,8153.966803192099
99821,16761.348587964454
81086,22987.71081746094
89399,10486.304883690755
102445,6579.381912097531
96444,6071.035919346429
83485,9688.275555889202
93778,36716.92527154575
100464,6173.77467084619
99865,9787.101720349914
100107,16275.858290224764
83973,17219.626264574854
92032,25831.810680613075
94017,14466.481870593772
76046,15145.177539993172
77816,14203.620298494001
76743,32628.31579524064
87201,13014.195084840094
90652,14844.94773909281
103448,13857.735873021084
93642,27487.985175161353
85409,16645.8015578335
99777,6778.648710291842
92216,14993.160015754147
96269,7713.89627978214
94298,19364.5556491995
106667,13951.230988006448
93716,57500.824407248
95754,30642.904498668802
89379,9452.796466214955
95970,21088.26374937274
81911,16980.992867945115
85652,28377.26706978763
107793,15717.209928999333
96389,22585.423369480985
80000,20009.062869002835
104440,11701.817506429898
92029,41629.42472315511
93473,15398.283193297924
90350,19087.895784100536
84947,13915.590563753629
81870,11407.507232695873
79936,12958.327908559106
79910,16886.865146650583
93467,34367.68827089638
80387,26410.576568773722
104360,14806.434267485809
93150,26763.032833806614
79119,22904.281335784774
104462,4863.648448401324
99548,22569.594970036356
104024,29765.935700789603
83480,17895.064718529946
92501,14362.050912574841
86740,10284.169219935991
82165,23275.412472511034
85963,17328.722698559184
79487,14427.21581908773
83245,13980.362326343125
102193,7108.396285080086
95449,24587.611210112
99413,7613.423857420037
77176,18031.166613400343
107260,27231.675616594257
94187,26039.785737168626
85664,16797.204208253603
97886,10996.495018843683
85384,12307.217310701597
81228,22014.79563231691
81930,18807.325311334236
106627,41695.365110485975
88081,18038.330023181312
91651,15683.598795818334
98067,5540.432791266018
100814,11285.603783530394
77028,57397.01337575385
89853,5559.1211812444935
92951,9940.933253269272
96866,24026.24033181725
77498,27261.301506746746
102959,8263.773581656244
103546,13432.977799007287
81127,17952.447495349737
88867,11820.415785014076
90099,8342.856298977764
81637,17391.042554759155
101995,8853.017549287912
92382,38310.87329632008
99078,23985.940743940737
93118,24067.11820339589
91524,13861.103096577792
105674,9483.40545903909
78943,9043.779874518517
99513,13811.039790680328
82972,10930.060348424035
92438,26097.705915110513
76466,22219.54675633519
93315,28149.46504911375
84637,18839.338758755126
91553,14119.282539542775
92093,19490.947474686218
89774,19223.09449878863
86455,9550.646936897776
81999,27437.92843927646
83211,18133.036809296
102893,7015.510857081843
101347,11717.575603380052
102099,15061.766968296526
108532,16766.271520727685
94030,33374.48987261738
87114,6940.285602791842
78523,42926.297696880996
89274,17121.306462229408
103663,6922.425230183533
98104,12657.66266129384
86952,10238.171026342658
93621,14832.391520930229
90898,13374.857520734286
88902,18166.76643514016
99135,20232.517370204052
96645,14134.186044789074
89265,8440.88582707646
88536,16085.57503433867
76788,28711.21849141337
96496,10961.716337321588
83580,13581.827644286419
80060,26504.51772046689
99910,9452.993703781134
94254,25284.662916891186
98982,11459.391434263394
101182,8106.169436959211
104497,23474.00267967501
99215,11534.360323349638
102237,8476.01037567396
105340,21025.29837177816
98398,8177.184952025703
82895,8054.490424720504
84880,7444.961130674115
76633,23825.13700900907
98237,9730.01558528387
93475,15248.41134669503
93644,9601.836271398908
83331,13014.195084840094
94673,45097.69300374162
93774,23622.552965814233
94872,18884.989170326004
104642,30180.032721515418
105806,10208.371030939383
93351,18600.971513830296
99440,20149.442756566827
77434,19861.067342998405
78382,36866.962300919564
76269,23855.625283246656
94221,35920.29093817132
101103,8097.178607680851
92917,26398.668896005474
83521,13192.411643831843
83915,10095.663381975955
93502,16327.800007599402
101013,12649.919785626702
81762,14207.757285860569
106753,17296.623055681874
101173,6353.66361916496
98602,13017.052445585572
105397,12272.949183911242
97067,26072.819714553527
101378,11219.682341183334
101862,16089.572395908564
99039,10956.503125397609
88393,15337.068697497603
106130,18142.382016557003
85828,16664.60508769463
108231,24551.41644817904
104898,16304.912733951862
93112,13561.48518916008
89768,8037.234873566169
84354,15726.74555445177
100168,7642.212234067605
92834,16472.91021629596
99208,10162.813259090739
96108,12749.824755193962
80163,16203.915018290809
105455,11956.95347688325
80323,28580.57333209784
84714,15013.196771164707
92348,22520.795086574133
83603,16767.02864528202
103959,7544.486299400244
106728,13829.674089053831
78696,34775.23579307675
94150,29444.073636863657
105629,25529.1064490604
97037,14663.22948231613
92850,22247.61820072391
88432,9360.576543894957
77436,19095.84553182441
76469,4994.648025312315
102030,6068.987717000023
87669,10612.894893744471
79981,19388.185404074564
99662,12161.499786297174
78260,20327.286499824844
94555,34803.628649306454
84628,11125.789137984693
87955,6228.475971847873
85130,9839.79150787525
76417,29576.881963042386
86241,10621.241999844739
84603,9470.576164469274
76645,18917.799480680565
100195,6822.926959937602
77467,29039.981239496094
98126,19292.368072068577
98081,11702.48210711135
81234,25838.538099097776
87717,9265.01061242039
79724,30728.570186832847
78643,12850.725574095517
93113,28111.852001103296
100597,16778.156865501198
91190,31545.721655785946
89351,11878.27233428037
78056,31059.98308555873
76053,18319.876835067305
104592,12648.25436857271
105891,21252.3775092719
93731,21866.4971455913
90123,6547.22270769918
85669,8008.986233763603
90040,13011.424214349974
103624,7976.870531584863
82545,13527.154250682263
101212,11315.496081016494
76510,11079.068952439029
88673,9596.706859047075
107913,15835.67311756743
76619,22037.50517338613
98461,24008.05435092932
88455,2978.530291326828
94543,23524.64046000655
79082,29312.898893948044
107039,10909.839245855033
99565,12240.420457429602
85597,16128.268806636004
90908,24420.488315525978
103741,11449.239181817222
101177,11825.21692047585
100246,2795.0932732916854
84497,21405.17212815151
79003,12961.291305947438
78075,32776.89342304834
85527,12042.367065301978
99400,8141.458627201937
83118,12049.952887171094
106176,20296.601748437617
79864,22301.15005658334
96609,12291.383635622102
77968,17961.61883952822
105349,10115.955057633286
95787,20295.48488623817
86759,2238.136214141692
80898,12751.991350459912
80948,13942.000938799529
107151,13031.02260565846
85395,9166.100582360124
86612,14661.224431921564
78951,30404.253819912126
79546,15715.815507567084
83345,20802.845570664573
107224,18585.394104826857
104509,14424.931267559628
77088,34700.619649019616
88988,11789.995796110665
79061,24791.815723302487
89758,14516.497345933632
79439,53834.13140107766
96411,13655.786992841242
102234,10615.488143215196
89720,15580.216824424171
99600,10005.209337371605
101235,10407.86856614669
89235,16170.708134625556
96214,32608.4718527527
84205,14424.197351290106
106816,27048.84990784018
90934,24734.034218165238
83597,18885.661593607387
90454,17042.229592077783
82998,12544.2595955512
76772,25657.641152264747
100571,5360.713979274324
76400,28449.481941360547
107381,18628.306399386256
93102,17221.580159291454
97419,8503.807774022187
98844,7771.761430822004
99354,8034.358207440963
90811,14162.0851166552
98152,12706.64665139539
90157,12854.351478642591
102629,14868.803515564456
102111,9764.451871816384
100448,11297.078832470437
106531,11726.106506706123
107493,9197.763717766806
87471,9059.923528241106
83607,10968.122286104159
95488,29324.45437959189
76205,30052.42826581291
95394,21171.89090189324
101050,3656.9228202986587
98680,54797.8076739215
97176,19506.52482792164
104530,15563.234931375682
83396,2930.643829349861
104984,7027.079777344897
102081,8311.844982943125
91955,10694.183956329496
79996,49961.578876780666
107833,16876.32030154812
81342,13526.841125336023
104936,7768.073908385869
97105,13087.842650693194
96834,13436.692939374348
96402,14580.342412758924
106575,9151.490594559968
82857,8215.720448430517
105504,9476.247939406418
88261,11978.595070315865
99175,7779.9624539405095
89160,12767.984130583349
83875,6634.585517053097
104695,14953.575703951916
84189,10586.037165628935
86024,18133.91195521729
98475,7138.998576312438
79856,28509.749141007713
80385,27301.05929703736
78287,24065.51577168003
88807,13724.016070958804
86288,9794.842743124911
107610,16111.281626614527
94375,19810.29990266071
83385,17241.474414394725
96627,11489.520283710615
101257,16870.6946174795
91915,16566.508149446458
97986,17667.31841076555
80806,20237.546267948084
96930,13323.98108030623
89391,13016.131441404097
85423,2557.9178614828984
79397,32281.973703764546
102565,11665.53916396657
85590,13837.138401997265
81920,12121.502996260979
108098,19814.103542669553
91230,54237.179558468495
108021,6435.271957244423
102554,11757.25460279599
84182,11705.431523635792
76770,19312.946693887498
77856,20196.005546541357
94249,18177.46104036871
94729,16321.095152083066
77171,17771.404280829083
107487,22157.622673763803
78766,24066.45164528459
100849,11956.733203523885
97721,15987.843971472766
92837,16319.887804016296
83099,15375.18896168578
102521,8617.072970217141
89738,7519.492862875283
84234,12551.973619179054
107428,14676.079604814628
93895,33009.65333762776
95662,49399.494367014224
80328,17543.349891842587
103054,11385.196088806315
104950,8935.195084733003
93125,28502.4533348761
77393,48318.22932494902
81178,31594.283623573963
77207,30336.765300504638
98648,9313.957309814756
106065,31230.824021208966
85228,12385.617252473246
92787,24408.759301802253
108462,15565.241324717193
102896,11673.484904129613
78301,13148.720825842936
92584,7880.253060349695
96414,12057.649506430942
101267,9078.51888093376
92934,25712.773538968842
80206,11730.39442124558
76657,14991.453018772332
99365,12331.468910873085
96142,30461.99815866104
96484,11523.060413717982
81767,24977.11738457419
84926,9243.089501521463
84961,11352.728114977868
97487,24288.642636510955
86753,9237.5071997916
76410,16440.16920332138
103512,5670.571759119906
91899,23805.452409192098
82404,27169.324960459806
84598,18174.588870882235
95115,21115.508695364744
92544,16143.462125168588
94011,22589.488132223512
77265,24326.42074119848
103378,8186.264070311793
83828,9318.191629112318
106142,24560.839782485054
76564,30409.300114995807
93718,15066.513469205054
81110,17636.710628796784
90753,16675.418471275818
86557,7902.470235715597
90778,8784.266292460161
77313,16919.803711983328
103914,10982.456307359193
86688,13782.076631803875
102878,13352.579540219103
99734,11977.383140447071
91581,28718.318875808138
105434,10411.146576792928
89221,8643.115904228289
84974,15698.103110599784
101055,11522.15693964089
80952,30697.171036948166
80861,14884.013783036977
77446,15270.256824683753
105345,15077.981335176279
95204,17149.4194517053
96228,13443.158381997948
100840,8939.046324083743
90096,4461.233828961382
97213,25931.306153494665
84188,11241.354461426037
96571,25307.800910423946
77068,20013.08418658604
90711,12277.786054341343
89855,11381.74862906052
104858,10101.533725573372
95897,26494.3581634767
81849,20521.08568314821
106143,10480.282385525325
106333,21552.51251869447
107165,23166.522835682204
77133,11950.13675551036
91788,25385.854285119847
91418,19942.512860254752
100158,11269.034243390113
96982,18108.032575751597
81275,29469.565967219853
78741,18065.123547122595
104961,12898.134690394008
89332,7189.325941216667
77546,34072.84222419341
90860,14858.155756690121
79924,13902.79188967834
108433,17119.819415159254
101702,11090.900535808058
79340,33718.117804082176
107333,9891.867805440967
107963,27272.994605444328
89408,9672.983147274099
93686,18648.424980441258
96129,15739.723145519545
106156,28942.41177508561
87515,12192.69753743891
92980,27967.508066510745
83982,8598.736364128117
85504,9941.233382574106
108354,9770.110702449101
97260,12807.598785374783
95437,23594.946186485664
88483,15688.049244208436
87959,20775.231651618837
93858,16953.760566131037
80968,20896.65244136344
85754,13258.415289896675
87723,16111.299693200077
95880,40657.36168937108
106868,9927.09153005779
93138,13227.74640557579
104747,15492.559830356393
94889,22324.501493720316
84681,9397.235772690534
98538,8284.007496720566
77073,27854.49911723643
106730,18682.950874700564
79208,31786.221379488943
100127,12369.617492055573
99655,7909.127111749468
80695,12972.758714753292
96818,12251.19394112767
101382,7852.414892833543
81239,17424.34210617442
91299,25772.613677353125
83005,17552.243432923613
99363,10093.709653290725
76302,21433.99420049549
98317,20285.104586333513
93829,52296.5671595348
94188,22227.60958337554
102190,14998.116764041297
94901,18335.103449640166
80495,28795.299372140973
101373,11636.516062474484
76822,13276.567143030705
105052,18769.765490606696
98580,5921.460965561124
94567,16651.622597148667
95144,14084.303732684237
95559,17290.730197371107
81580,39382.26874448024
106874,21338.540431326033
79121,26577.143986955645
77257,19120.165120395526
87589,14547.689894213545
84579,9713.588492767933
95950,19292.246026008703
92510,17923.227610848342
108139,15767.663331820679
76182,33152.50918244921
88687,13959.634156687254
79244,21262.412019354713
80690,18648.980767446596
86259,15000.656444885226
76977,14130.387940746677
95716,14152.397523043332
97234,13702.635363815854
102608,9369.693730356132
105976,20588.071572557597
86505,8379.98856853607
91220,30292.121387869556
96558,12101.672326205795
87444,11513.536909562226
87498,14689.409091605818
102631,17158.33159297248
82185,18047.621844780253
99403,25980.732860628974
79515,38348.145988785946
99088,10109.940231866256
76226,20819.650390847157
108382,11668.915875547771
85313,15631.976689913334
94499,29917.074758983752
99934,7012.010302458894
82376,16167.85331663941
107765,30641.561831158222
83605,7315.788717343717
77701,15864.318331621356
94028,17830.29521180249
107523,12498.759243787357
90650,20647.55259861522
87414,8873.62069350977
100055,8886.895505196882
90566,11712.500227580938
77944,8690.455188081582
104365,23453.744118947234
100010,12523.23152624435
97116,8549.597624378499
92053,19133.514827789342
89028,14086.531695810067
97021,25400.906204320007
76667,39803.274617609364
88020,10662.741130972141
94877,17415.949786520636
93946,20890.232983523045
107829,20371.834104991256
78257,31438.026376366222
79067,20738.656941735717
77650,34928.146620646534
78087,70754.15769678126
106695,12258.511716701807
94630,7808.757573211707
106256,10546.157782151637
95601,17566.99499959371
105796,17910.432772385768
102585,10157.954316806661
87265,10662.741130972141
81014,34147.826421231264
79536,20393.374325580844
103430,13226.104721883254
95642,30182.996631319176
85927,11845.905895889886
98965,9288.19537868434
82285,22477.511629301585
88076,6980.018731204307
87977,8529.10829802135
93013,20620.377701066252
86356,21471.697081832215
82657,2388.6967055150612
104960,9518.006083097705
84159,14377.898068974504
102831,7284.751049802276
99907,11512.601142435016
95588,18738.0841208647
87604,13014.195084840094
104688,8494.356597372665
78457,28266.818247027142
89007,14037.942121915628
104449,17910.737844414023
97888,21855.047996907575
83178,9863.276633990807
81940,21685.70590801734
103932,9187.062508344376
93309,30385.818440705727
108001,13077.724828886101
104771,8634.843587401507
79382,19376.057761793265
85883,9790.001061369401
106425,12409.970786395701
83165,19404.894061454128
105632,22627.099197632397
77132,29255.522565233285
101743,6825.436454927295
103628,14401.402683381255
90647,32959.90740255415
84997,8177.338147279602
91158,28684.615368415307
102727,7145.17224441177
83926,20644.05688766817
105492,14426.244141585194
84091,6924.709543368619
90093,21889.198872973444
97013,7817.893828023474
97421,12507.744915345402
93503,20631.355081381967
89921,6994.946265650337
94294,28830.757614363956
88049,5958.378079043904
87152,10673.365313210204
100030,10887.870810865645
81887,21330.54037678891
92813,32148.028241933247
103849,10925.818506709755
81370,16721.024782143137
100077,6546.226430249475
96215,16619.980765878976
99477,10048.618612303851
92453,29730.622876612488
79103,23847.921812823348
83988,10268.662983388238
82753,9854.76844644464
88096,18772.33289892301
82591,21715.32857209058
78600,9887.658549515876
96130,14462.06530874527
86532,12913.141486467037
78212,18580.147992566814
103099,9498.949988411207
76517,15451.848860479926
85372,11782.133756770094
87192,10999.296576739735
89912,9072.941799510172
100674,17988.16128348231
78362,17895.16198104117
80234,9894.778113365524
103492,8496.63472941902
91876,18049.997633136274
99906,14769.97448825705
86556,15674.326321260247
95439,21706.04918168568
89552,13381.23358688272
97510,18043.48216120875
77027,23840.917367777394
96651,9399.219340581087
101124,5350.932317604964
81564,25090.56635650428
103834,10988.28661791112
106120,14744.888950516532
108302,12591.790482798326
95258,27967.213351724567
80241,10014.138735597286
103079,17062.545547867907
107671,20181.42320173362
105451,11995.882827474248
100581,7146.345277994176
103200,9282.149682737789
107958,25231.933192130564
80508,15461.181368319485
86519,10672.063714225305
106014,13885.915001973945
88647,8974.774610091068
78370,20352.041257031047
80157,42461.64674428503
78549,31973.177713027904
78346,15395.586475313272
102025,10722.315953571988
102642,12311.420219840207
101566,12818.14681984762
105090,9369.98985200838
102879,12401.91361246818
103116,5122.067048490414
108181,21720.713781020677
90077,8978.144851726265
87209,7744.910999585287
78488,24260.765673141515
80235,48099.698277075964
100754,9073.471983108035
105566,12769.290134172581
92772,20901.126131299232
91123,31243.6014208914
81751,43193.70828933547
97826,31797.03570010189
79668,21162.564345014252
93067,10072.61071385327
102583,10637.069749781129
107690,17747.067093962123
87693,12347.3455588546
80476,10608.792245917804
81846,43919.442247688596
104885,12607.885045911698
97224,14799.310957326095
101301,15377.03427834737
77468,20465.67118925921
102865,14617.737744712804
89933,18164.491119095783
80064,15873.667529727323
102316,6344.333270809401
78861,11203.721878627606
96856,10019.025739686173
80901,32206.022265881416
93880,5788.198694712796
93155,17881.588863713794
95490,28088.84790781436
81179,11732.996527149193
105515,41186.52824225198
93763,32847.678048791146
79292,20221.990701636943
79547,51405.16772133773
76889,16414.596446099073
92884,18625.59535956201
100959,9581.148554516965
103931,10362.402442657256
87109,4841.603209674863
85670,13666.648297497435
106941,17964.908498330587
82237,27943.298329966412
95369,13551.377223148145
104098,8568.74637098467
88392,8400.258012976892
79992,16231.108703492
91429,20690.77509412314
93131,16523.340784305896
102287,9624.885125923582
93988,15704.51660462072
98533,11907.152286687025
82402,30417.229002340628
100838,3434.6639379168682
100418,3619.4109936399877
78723,21848.75179791208
102054,18585.046972613185
103873,7484.299336636035
102429,4315.337213183982
92423,19992.88862577319
100306,11476.522759835283
95398,28458.61440244124
98509,6385.061700840186
76571,22239.83265866703
99096,11604.322784237624
79974,32390.99608377954
86070,9075.371606159968
106407,18486.929703977363
107921,6474.140381529199
99358,6089.090599561472
81645,32712.360399430298
82190,28922.790846676446
104692,23603.045322082173
93221,14677.203994079175
100438,13742.470163659773
91444,19494.609158572057
81053,39319.01489286055
91363,23432.39757981132
106954,20376.461076119504
106654,18774.05457936058
99522,10606.918521247868
87009,16641.172905676034
87909,11120.568375961957
77419,19854.362762730252
97652,19904.33432478895
99779,12943.65700773643
85584,14779.537666524324
91829,18162.234760860712
88101,18130.33923167787
100556,4205.09986638197
90352,7638.740099661894
83282,15736.437483745682
83007,14110.332610918407
108313,11373.035354781032
78810,5004.036485003657
98828,22825.45746123319
96114,6415.371715841635
79191,19962.53399941338
87297,11586.152178238277
95877,14267.817144582797
94139,40948.09753240009
100850,9052.128869374894
94945,57302.364056656304
101089,7738.396456733177
105691,15629.801086992622
80668,14288.109861948516
81214,30951.46583708059
87518,14628.161991699806
105030,16150.950129571796
85923,7217.403302960423
83311,14610.328091781874
98855,9815.152743898292
104159,9272.214152728138
82779,9901.761749660945
107742,10615.717246461814
105468,24894.86968216985
80455,24685.38354648352
86388,19936.76818992296
94821,51925.79647015528
103268,10114.30328031568
102051,7586.550219277293
105353,24920.41995969195
80456,20079.955399932755
100987,10621.553570686956
91198,28596.107060624254
85153,13397.606472600106
103654,17814.072903203756
108172,10403.772825324186
86497,10875.03106991907
105311,8930.234222795936
83207,9253.345038620242
103088,13725.605849416384
80581,21778.19697672157
94590,23370.804474251014
92857,19680.54576139511
104990,20419.489904661466
106022,11118.90497957371
105717,16377.89737230524
93403,31431.124559001717
85166,14043.083334743838
106430,14636.277679423105
99092,19331.000030723662
91093,13808.04778430795
88851,18464.889035395594
98289,25693.248858286923
105096,30119.836443991335
77047,19404.98525478791
104430,18175.620200813206
89790,5084.9740353110155
95496,29550.79344520998
99397,10936.021375249024
98691,7693.856313828355
76750,29401.566133418564
96768,18917.29699943103
99671,10429.419824896951
100893,15521.560275176325
96376,3057.5401271529236
85359,17189.794840089187
85526,17839.04987502049
99471,7040.386655091295
100718,13436.54808907736
100408,6683.668689263689
99396,12870.376200884479
88571,19884.21819174883
82056,33654.45310281543
95339,40948.09753240009
106966,42439.12371501874
87419,15867.433221353564
107951,10217.829475910923
89086,3037.4045065157934
81863,49146.182716677904
85352,7675.615422073233
107573,11770.67651250946
85160,8010.0344392011075
86447,13857.108267907313
85129,15127.525229685565
81978,21199.009712903593
76538,22244.567124344954
96475,14541.05878960495
81872,25813.79371571383
100975,6329.964485088487
89846,8327.85298429812
76813,28571.258323513714
79861,10003.185031227911
85807,10273.395296443048
100520,14058.891464960769
83614,10641.308649689756
101194,15869.904341724083
78639,30417.85774394766
97237,8580.948498823936
106299,11654.904158507656
88307,11212.143521809467
85314,10101.09670004167
105736,14684.89718202354
80065,10199.076484405947
92131,17256.826194447738
88644,18273.965464646444
76738,14668.243173191948
105697,14727.694964257158
87316,9200.960830992704
98209,12754.160814544177
96229,17444.610145963088
100262,5144.398448815779
100999,9111.843559450463
107614,10144.912627797908
80838,26406.158500050842
100986,14705.16829206815
78593,27106.23282866962
100441,5323.493614687702
82682,11735.917437928163
78999,34575.484718079795
93261,14413.668734958188
80075,33930.438149355774
93655,30445.767573159257
100596,17233.409497651246
104232,23978.74261012922
91804,38275.34693591588
77995,15681.40849180215
103787,7112.405172405383
94205,23669.243840229825
85358,8612.405310292796
78658,18347.801112599012
104647,16184.639782838298
76044,21998.792887713273
76998,10657.460816483883
90687,18129.02714166512
88724,22110.345082330346
89881,14064.301208917557
77162,17151.273774577003
105640,14323.967449725948
87663,17325.23374204462
79472,12985.538174750553
105402,9340.580188108383
93024,26856.501674842115
88764,12947.08832707698
102845,13050.158465573686
94779,19053.409706407816
78682,11629.62720662988
95089,47664.05851785651
92437,10432.910248575381
96574,7406.493990659365
80215,5975.239189940468
103217,8523.754482078875
96957,21579.497566930873
77332,15643.242648266298
88904,18179.53877167446
85813,18220.96290625638
90079,19614.859485872516
106345,9736.919935745234
93236,21156.38334408863
77551,28794.447275203263
98682,10643.353564035075
77482,30088.66658196094
106734,22047.47998592919
96167,15430.3276679933
97901,7755.948343744704
88753,19150.97615584379
80085,21803.41836519159
101127,10163.31424313333
89915,8998.951537025447
77818,39140.717723030924
88216,7594.946402877082
88372,14116.551984367157
83811,8834.70685145187
82936,10385.871587233769
89742,6926.610688333786
91673,31114.489379606297
96257,14408.026988779207
87975,14031.804605740024
80305,28148.657294502143
103204,6516.7798928127395
87651,11304.711424156509
97692,21086.86881421257
79587,17826.398633219564
78081,20038.715609192288
90382,25045.03836569101
101784,9927.56230522344
86751,9838.327682393734
83746,7685.284870556478
107367,20862.09588564424
102824,10496.504654846403
88861,10234.96734964502
81296,13763.525813170078
93069,22323.558361730436
87324,24683.702231862342
80156,25982.36493435572
101653,17062.545547867907
106220,9612.852203841076
106598,11437.997619034046
100402,9644.105121111215
76609,25704.247714150908
84956,13794.06171808196
95576,27574.452549007903
99581,8305.916737860724
80485,23277.615459934495
77166,29195.48504714436
76018,11223.857116891693
104735,13462.322947050656
93333,12640.005626905293
99795,9621.56851134367
89839,9341.761053510903
82759,12015.743890856704
78936,24988.735710590034
85749,13734.573000711585
103893,5241.451524095809
80488,17524.597347919458
85554,11208.215630305913
90240,13570.161049052986
106288,17024.445861263623
77948,10733.784358101386
102329,9208.771619676418
100162,12879.26467652201
88576,16765.188055430575
94039,17243.738520912637
94453,22216.69683223266
87879,13302.337774178815
82862,16550.394650856302
102535,15827.00330215584
105231,13929.704871011878
101295,10263.73726532976
103639,17763.523371359763
100996,10275.363790210844
90885,7238.914401849847
98058,6753.550071271127
76405,18321.406712508226
81140,10098.316124320372
106762,3396.6539130725964
77805,18828.342013823163
91903,28011.594084130447
103506,7976.43628566052
99841,10888.70423740188
86237,11419.013911025933
76010,25705.134614362094
90547,16590.891097954
97073,10104.744953187488
96345,19657.70494040292
104803,22750.16055689582
97547,9477.815451835853
80566,28722.875567105963
76686,27806.784196177632
76532,16951.019182946544
95342,16674.197453320816
89227,9375.69929009634
100141,11248.314972014416
78308,21328.356347489815
89064,14303.842938007285
80510,17894.04409052417
88585,13354.173668313946
104610,19273.79130292014
82104,9936.009084962761
82975,12338.496278840425
89065,10916.074400953252
101733,5967.024762446623
96657,16355.634075765744
86410,15692.629093240144
97079,12162.335102816485
99980,7707.687352208787
83405,17616.920447670913
94937,13636.625734523426
88990,11481.000181553554
100897,10145.587416222836
89852,5878.771839477587
79720,16616.321170285948
87573,8097.8636205213725
77570,50162.883985165405
101535,5164.009017055385
106853,29615.84563574698
90614,14133.49459210476
99883,24711.196236357777
90053,15147.295102499886
85345,5977.636922138781
107848,11176.430871678089
93445,29346.47814780481
80275,16014.262080902245
78979,17485.29000510159
102516,14062.673697827544
89258,11381.51442231023
107117,24656.573662087092
106721,8207.396515071061
92982,40616.296593577405
83496,7823.517818402272
81803,68108.50951665956
106993,14992.053350437227
103294,18801.66251989634
94098,13157.975367318588
77532,14036.62492467615
89286,10268.662983388238
89501,8606.24208085167
95186,19076.1466628636
92283,31086.08325471184
95290,19661.3504472994
96893,8838.203728046772
100971,9218.140628723395
78080,27520.380558537712
99131,18242.52751348456
108281,5826.416568133468
100144,7027.261426896967
105273,13618.73329311994
87851,13907.39885645235
108128,10869.969902624409
86420,9197.334520278671
88534,7912.094451708976
91836,16299.200444556685
105068,9742.729753815503
89909,17159.929113913135
83912,17301.363783487843
92078,30098.11279406023
97169,8395.050886195086
89505,7948.617316415824
84000,10569.11503099094
95770,23030.432314948524
96966,6390.919794194174
99958,12741.311005294812
93263,31436.90257244986
85201,5601.19117087537
87858,11492.580133564506
76733,14164.702282099193
95475,18648.501808109275
76959,16324.0103384056
88587,6580.307893316366
106240,9209.266336818617
76297,26846.390706094782
96655,12485.956026159312
97329,6148.810082031591
104459,14596.951618672041
86218,10035.284083895362
92652,27111.70959523965
87708,9921.115008791252
89003,11231.69067653441
77758,8146.39177381294
80355,5507.784074824441
102381,9487.756117948582
102034,18935.784804921703
85449,16318.872373469154
108344,11697.583221326026
103231,11281.404341217663
88619,10084.587910033346
91294,15532.439034304212
91671,40644.33861884205
89398,12871.747340373246
97449,13049.033224514451
90985,19348.094759127842
95931,28546.737203658362
91207,14568.988877736805
93227,43801.67779676594
83380,6906.690546633457
88517,4366.401961735653
94074,25004.207307016473
83286,16190.909294406893
78621,23851.255176535684
78559,30405.946791000166
95517,19076.1466628636
90301,7380.146852763246
86982,16380.090307982331
79155,13075.94461657105
87645,12172.269753474337
94734,19136.47090424241
80776,8870.429641381408
80191,22479.891903960975
81665,23731.576481740805
95409,28041.649325019836
107275,11964.119755838952
88752,7560.975994851333
85344,13864.81573656738
96113,13868.96644203427
89564,12912.85383402978
83351,16664.60508769463
77727,20862.960233970094
105427,12016.565844386807
86511,15334.91872665497
96465,11709.79581376773
81345,27471.07653551433
102204,7515.437287195978
91518,49343.43892577542
103030,7686.037912411208
77586,28119.622534300088
81802,17748.020377014844
97913,20177.414812408864
106159,18949.287897413556
101107,16846.810929388157
77988,26157.618910942318
103558,8407.133516720662
107080,9997.826488546274
103080,7876.668903489523
81729,32266.41064441637
76576,12960.155613483525
81302,28293.84319420601
102815,7015.510857081843
76838,108856.42740350385
100835,7026.6206003753305
92600,24786.385131206087
98836,9793.247058169978
107734,11653.042549206784
103146,8488.519425760986
92838,29612.737709902834
107210,15918.965012614533
87193,7931.723098424067
80803,24045.687982478623
99014,27364.98525466794
81317,14005.96038479955
105975,14567.365418412495
91289,13114.760089991481
102427,8973.854699671334
88770,9232.288642175708
93130,14913.745311080305
91428,30109.73116374043
101880,7723.6760843767415
96317,13654.25309643121
79846,11331.171391179942
76152,29780.388461495295
98591,9538.251946083818
83409,12462.961460571734
98307,6878.931541061115
81931,43794.32093775379
90083,7083.621276975739
77773,15696.851527516428
103635,10348.0960320647
90621,7192.687903097246
91055,19378.516142075354
82011,11042.22677959924
84194,9909.888023673331
107360,20048.362538082944
89868,13659.629748236519
78774,17273.57983510789
98229,12114.513092625484
78895,13876.926386349236
104821,10406.730427840701
88829,18344.46848782168
103561,11237.533890353234
95077,29997.411079627847
77218,15832.025084558092
96894,8533.964690384344
102467,9019.769273464535
80026,14251.096096912177
81904,33879.94328113715
79212,20391.592905063775
76081,26412.04650788844
102446,11499.64358580426
92123,30629.883844415792
99505,19490.57853969292
90701,31807.366925808506
94131,29751.344205007033
98499,9859.60337547295
87292,16623.882346600214
101982,6946.039482433072
79507,16231.108703492
80367,17007.366091728814
87303,9212.071533691123
90939,20606.78031980762
105990,23383.191098551484
93538,30104.305041456275
96747,15082.792548327276
96705,11400.263176846482
79540,23025.182027283892
97104,8659.569506224401
83406,16417.602869103084
105299,11473.5081189146
106722,9966.810183368265
105452,13568.599648104733
87290,8552.205865135058
81467,12714.171158888867
105170,26444.10007308567
93330,17732.562386956753
80272,20273.216939419082
107730,17441.20177975418
96010,19506.64184198365
81845,23369.809356826067
80811,12073.487879116978
83571,13153.691011553905
105322,18010.011994861725
77762,17255.338363633742
102039,7277.441675169377
89712,7643.416950799736
89635,17717.21915942347
95445,29751.561725494255
83168,11197.177534299248
97583,8084.599943534249
90719,13558.495273565451
83437,19191.09456125154
95182,26206.286538784923
85203,18584.48473214936
103788,11653.738933915845
82303,14744.850895414691
75983,34990.068199127534
86812,8620.059139350684
81841,28987.462543014703
84828,7738.495591084549
93783,27749.044039824414
107916,24446.68079074502
87430,7881.36503649546
104874,10636.187195159137
93137,17634.982497139576
103047,5501.101226010003
102110,8198.331468594564
91435,17764.298832036155
86558,14068.845385339531
95141,26486.861971237755
101513,6970.779070388275
98883,7217.591201183955
84488,11112.114280386471
77317,27696.780212414324
76345,28626.5215251533
91779,26438.31583463022
76882,13368.034169114437
90888,9801.730732796059
98663,9627.915640670404
95756,18588.10189644514
92853,20445.8932550934
105681,26708.16550702678
100628,8357.947672984179
93663,15867.05890189605
92183,25668.396568835182
87635,18522.915833709943
104386,29820.753233952968
87388,13397.606472600106
77217,21158.104026428602
96722,19510.408641936043
96916,14030.22834973067
77168,51644.017720907286
78963,13860.155318910525
93780,23669.963899829792
91677,26238.01862727551
98082,8798.429802346232
76229,17656.73389435165
92338,26047.093680444053
84178,13411.775857997618
106784,10797.840760321551
90742,3287.494788137306
96034,19299.11514685601
98064,8338.936956603733
96973,17289.46350041303
102048,9263.829055728578
106484,13567.207427240979
105759,13280.425678086109
93589,29334.246012628202
99057,12772.87453997744
80757,13975.252238304234
89636,8463.012647142727
83495,8317.532977449897
85277,13922.014828149442
91843,35655.84394512292
107118,28854.198938775226
100387,13543.631967050138
81885,26088.25295689896
105369,18300.902755273994
103588,7542.38010074336
89859,19284.41600898941
99533,10390.426092091142
107533,16532.30072244301
103667,7498.092231544553
92303,24316.381806712478
98400,9946.629367178255
107283,10952.352273236073
77352,29772.729776528067
83662,17086.662659320304
79661,25198.545011942195
102007,12587.337768904505
97793,12109.987177869027
106968,21102.625199075414
91632,23070.297316986223
79763,31831.724593911546
84785,9782.80286851111
92155,15921.458373978561
76625,27734.61461776001
107370,10119.92182134472
87638,8150.556442100251
96040,9195.316535282658
97299,15479.177238873684
81301,20112.31583476359
83192,17209.814638580046
105291,41714.451281463684
87135,13381.526494787924
75985,30635.378550609825
82125,7386.533462926313
87636,10587.208088350606
78783,31335.91768947633
78662,7085.971938129598
87134,16321.89812724462
89451,7460.6497714313455
100098,10753.13629467557
88589,8227.14732028627
85831,15572.512350288825
101724,9881.755157208334
107345,19806.64012583399
88336,12101.93894365754
105588,11708.12004903745
95273,20739.33464412903
101163,8853.420916539586
77479,9371.275705253638
80339,23908.517722756096
86561,10627.452951289122
90365,14010.973511221386
78103,15500.080051073417
98617,11066.364923034118
77621,34955.128037021
91901,24739.61396440929
93087,19277.11598704664
82739,13280.32874603524
100953,7756.530123296034
80117,19135.94533307844
84174,8427.854274215888
106828,18167.000142071698
90803,17787.22417892328
85910,11492.580133564506
89576,9520.384702945057
106572,21000.300960750574
88570,21209.65696274976
95066,23178.91139592018
101114,7445.074432246255
90936,19990.021570918372
99197,8175.3722306808495
106363,8714.121116069937
106495,12096.58965408238
77516,9021.505546687735
88093,4574.815717270342
95483,13917.548259962352
93513,71706.85844057932
102348,6443.844147144876
104779,11868.835536503222
90381,16097.552931309727
90866,18181.63561460367
76005,28852.11147803417
83160,18396.13339350057
105547,14259.730556453353
102598,10759.28697212517
104485,20209.53780494676
88186,6336.561755145133
100958,6335.118164657887
93967,29842.72886710054
93296,18387.39963110035
102906,12451.693084103603
96380,14114.947090744412
93298,26493.841170618893
84722,15038.776060402244
76718,20326.076470453896
80056,26974.5728086734
78850,17620.16463537483
100715,8904.785671073905
97058,23417.80997445058
85906,13354.463780242646
102477,7634.887753320863
78624,49568.42345380473
104387,17714.269104628565
104252,11677.484659852007
94178,16247.498573902476
106337,24144.32672081054
105385,16473.455761947163
83119,8275.945394434837
76930,15820.991141601084
78083,27966.092488139515
97868,24751.122019037266
81081,8397.924886299983
102325,8030.489354010678
83604,13459.756535940316
107825,5844.325199232517
105577,23738.274465169692
107308,8420.296821686748
103876,14704.697865424272
97378,22435.452891264853
89508,9891.422989939263
86933,11205.113617264105
100033,10663.983025926607
84820,14972.187012808632
88884,12868.439953331033
105458,5907.1575166049215
103164,9219.118617976706
101838,6309.97332668358
97811,26880.126666724635
93826,24629.419520251886
86364,6766.528694060961
95317,27198.26623744178
80613,15251.841867394762
78372,32564.756836061413
83283,15566.795998700207
93249,29697.578967151712
104303,23595.515151922948
87973,23770.329958306025
89997,8116.9935842339755
103013,7261.005796628071
85570,10832.559545032575
102979,6039.765923362366
78598,8865.60350212117
101402,6790.8277349183045
87313,5494.770335639546
95505,17433.10664593449
79319,20388.60142171896
95230,31345.99937988838
91808,19891.35633330016
98678,9725.704483773936
84270,14410.423919502611
84932,9557.206825441259
92433,16894.840188244743
95944,19136.47090424241
101180,13707.489133101717
82624,18006.84735794447
80920,22354.281371505527
99771,9227.016259223179
86425,16559.865320872974
92191,18822.546136851088
85940,11805.709454719874
97391,14841.406808562724
101341,6963.6471768437
76066,19611.525197761097
93226,20276.23184021836
108367,10164.348971698817
83144,9152.954476473813
82764,10010.255434478679
85112,18130.33923167787
97167,12681.42620662805
105808,9780.210019289234
108416,26738.083511124274
94695,37316.956602342216
100332,12531.567263692177
102829,7965.976120642595
83817,6587.017174610874
92304,26867.23318991327
104385,8706.817369565562
77858,25299.543531828844
104454,11899.92867786472
100292,13706.220794693812
88759,16896.45478001919
81746,16733.927578086306
98246,6850.377603266456
96680,9273.175676174535
84163,7122.496194610068
98135,12319.296520486445
75975,29479.61325687651
92064,14169.662460403884
78732,20197.006147901757
99528,15733.601383301266
97651,8158.287719967452
88195,10063.45356891757
85398,16114.195806216636
105940,9525.84007004037
83822,8576.936976383846
79148,20303.191418596587
101011,10595.943790198195
91642,26493.841170618893
92277,30875.804299445477
78438,13405.479836910881
103126,7575.765923350787
90247,16279.264635749962
105738,13935.823362231733
91585,22943.2389785951
99313,7098.722822843043
78484,10719.215986873178
91221,44484.533782492195
102068,16048.979583368025
103027,14877.811617544281
79594,33654.131180826254
78290,23085.120694074518
83059,11940.085813480668
94542,20721.684460678003
80450,16840.01876420116
86055,12997.965285566568
77128,22780.88653675385
78459,23625.714853531714
106614,8076.12494409659
100580,9200.09839671715
79200,18115.149027738586
90988,17119.13971005564
95354,58816.48911989913
95524,19351.963025737205
89514,24362.600142259274
100494,7855.422064568521
80365,28403.229546418013
100498,6297.364925393953
94820,23392.347481353478
95203,16091.730751426192
84845,14389.410791685461
103726,9807.916775750298
78164,9492.853729091057
85894,7926.696526092028
83974,11313.103918302048
100042,7244.040177222714
82641,16303.934483125207
89331,10280.166699089319
104138,20402.5444732382
84136,16085.57503433867
93037,22681.846952846117
88791,11614.623745429613
102077,10941.953736668436
81882,21270.523372320637
98035,9671.784777042652
108194,21979.370008005004
101297,8747.368559609897
98938,12769.603450306004
98486,9533.225638199943
83293,9128.175489375972
96404,12372.143731771315
90115,16097.552931309727
100205,6789.686705870568
81271,15412.885798579888
99430,9254.520472572196
106622,18445.436516461225
80213,23040.251619497143
106624,19054.77600383288
89907,9138.967246217237
92178,14098.507018978331
94849,32164.499541907375
83585,7691.912924752664
85742,9062.648903981984
98510,11039.376033895118
95629,31150.956767263415
86114,10934.182855878922
104028,23218.968129456418
78862,14469.940580360853
100720,15953.463267121677
97302,6348.503701107044
76761,15147.099013423413
97918,24008.05435092932
95704,10621.78090963952
108116,41426.039032218694
101381,9477.787770850127
95542,16628.69190523719
89609,16773.26278284125
79374,14467.91948233526
97399,12711.690524968295
79350,13050.7811638069
101700,10228.53754148156
76556,19858.15630545122
85945,9565.747404324378
92706,23371.224098919683
98698,12304.237645937237
98683,12016.185587725207
95706,30016.13545955428
91170,31185.88699292499
89870,7138.885993332761
105665,22474.145080168502
76774,17299.846481253877
106996,11554.773582968704
100111,14875.105013988155
85146,10328.58323365539
87623,10327.346193164616
106125,16511.924991388176
81146,17910.97467868592
82472,14873.313584095
106621,15531.123941954169
92229,18010.19159154877
100574,9760.875605337196
93325,21517.6035311348
88820,11956.716693504564
95448,25784.304557420408
94293,5038.356040085769
83682,16664.60508769463
82826,7582.7866672025075
78729,16109.397127644865
82431,9888.996843463676
105701,27178.431815277614
90828,14670.128073198151
88782,17575.93230571631
90765,20604.126826865304
89779,14220.231822036665
93973,28538.299400930286
82915,11393.40698351909
107131,22439.785245746567
78143,34708.19768961345
101557,14204.317437782658
81060,20776.619548548322
88032,16625.747855944916
102913,10449.722517309081
84050,8266.605198457692
97797,12269.156541922175
99183,4380.583518028826
81588,25926.73283000243
89819,20860.652328471744
86947,13175.519741562928
107568,23809.972439154266
92085,14406.857263976784
101729,10496.30279430542
89417,14088.228613785672
89797,8066.484078085279
89349,11611.461869172697
86040,10871.093149997927
85454,10462.907665000332
78374,26123.126327091468
84084,8957.782300207033
88370,11797.91874504172
99555,22994.583723296622
91675,51959.578099428894
87112,10297.58909171942
96235,16543.610585729784
98203,7261.312892809093
77675,6781.3223548979695
98775,7937.653748759404
81614,26987.956450964833
102391,11815.30834634763
77097,24643.279308760662
80494,27615.59134083453
91050,28145.035284784604
90412,6640.469680221323
106318,14753.274655732479
88976,18396.13339350057
95898,25212.268715912785
107839,22995.84007862604
83737,8869.296854053622
99929,13494.889532024154
85736,15131.897495494502
100856,10365.100286598637
85708,14098.662856613844
90131,9774.80588448169
94568,19167.268367345623
96466,25259.64602056371
100117,12191.576377652753
87585,7255.605881091877
79106,11902.196183356475
80237,21400.391495027176
91302,24757.646794697073
83945,15172.84050111206
80650,23911.134368815427
95104,20099.347349711144
96677,5794.161455372036
100682,11055.93738335086
94464,18674.128518167232
89293,13154.90943667488
102107,6907.53179341984
92219,28644.327932563032
87853,15720.011163190982
95391,20494.63673807504
102232,10337.696386047544
83035,8448.872278237299
80636,11773.898860500261
105398,21601.184238028163
103291,10156.166942167125
78340,15421.160747658769
107130,13315.930908602584
85694,12060.613745770292
89901,7256.282920134655
101501,20326.14459234355
92797,48073.44810428955
90279,10270.993029821428
92115,28178.772026416413
105910,11889.536022706849
105226,16403.459178424415
94797,25414.266684307433
88857,16172.514451878807
91374,20023.913181544434
106841,17420.98485105111
90283,15259.583773992526
95421,23379.842369927395
102374,4455.245126428648
93581,23188.160397865227
77463,37335.73613209195
94949,20903.416579353947
79220,20078.588349169408
82822,21095.6641696873
107897,6559.713198603904
77398,49328.26922946746
99943,14294.880298258347
101334,6790.666904082722
78664,16718.12667589492
98917,24722.840333799853
98320,12797.48816183437
86414,12481.99253458544
106690,14154.05280293055
103656,10367.194645572736
82816,16067.36768767141
92595,19373.56204582948
89058,9852.024276130463
90981,39828.047678320916
84545,26357.90020663058
85121,10530.701574238026
86786,8443.39223808813
104318,10090.807765517711
101816,9876.398025728864
85525,8835.084628969447
79169,21035.741183658807
90473,8338.331706373814
76459,30850.875450377996
91881,19017.4614907759
76343,14701.282232414032
99475,3855.731969861793
76756,19571.23175869779
105158,8430.684356107982
82355,29739.813456700165
102382,11017.01260872864
102739,10409.199111510188
95595,29194.635720624527
92655,20576.519037080274
93230,21753.41445023569
92502,27089.44988760468
78020,12085.261970510348
76077,17422.051272896093
107845,8243.978081473131
94272,50055.7536545955
89239,17215.12846888823
81657,24230.658397152427
79605,18835.669713762618
92466,26996.212815979856
89062,22265.74196035297
91866,21108.443029483686
87629,6237.657304609349
94495,19142.51127355693
108301,9484.488023186894
97893,15176.08880240394
88636,11690.271682623747
76642,13544.741895344048
97723,6753.539814220311
99689,10255.680359303109
98669,9317.823835031677
107547,30021.55990393292
107324,20122.841434898295
96837,6089.31298682174
87607,7003.87547515497
77412,27227.083995038207
87012,11439.614622066549
106509,26220.777551493993
96290,14092.13122097216
98997,16636.903908851153
80784,14258.707923372856
79231,16759.87345635506
99071,12758.645457839055
95343,61544.35885247557
106067,19898.48719921361
99385,25612.968606895032
108247,25692.965285983137
92030,42469.20897048417
106907,18299.161459749157
83305,10438.730464540607
77537,10888.262293001493
94191,29407.66376115925
106218,10801.948594841624
90895,17361.448899682717
87733,13541.108427356377
85938,11318.723873286392
92778,18279.46674230922
104351,25943.67120725781
98023,31098.971308004366
100496,10626.879587565962
99703,20049.345891911136
97963,6014.973221670596
107514,14202.751393529154
90147,17026.95893522114
78976,20702.17200679339
87951,16729.587322327126
87689,19110.477887321416
95720,32301.839074910007
81362,13948.113424166024
88028,8631.097059330881
101241,13939.387693208155
77282,20563.822280222757
87318,11919.670533422108
95832,14717.080926426866
93146,21837.87556599863
105053,30042.327647201466
106782,23696.579632398774
95641,24771.854931751164
101467,9300.124778905843
78487,18856.434133310162
97221,9569.92160630866
88550,12462.92299409737
102969,11572.3782869014
91727,31123.924692576573
102790,10215.819400812521
90218,10372.501579424492
95243,50488.32729834141
101112,7951.312652704944
85231,10212.948132246183
108368,17529.529740954833
84764,6660.897137256347
104560,22479.269878833966
88854,9418.794628739113
96342,24992.477506726296
97363,12856.43697418447
87222,9801.517094571305
85750,13211.065937787933
99457,10203.354333653764
105834,12448.075367495308
81230,13836.971795330583
89905,6814.9887605882905
99107,11977.383140447071
97725,27520.872908296482
103383,7807.2051349824205
101881,9832.372619909478
79274,35213.83791439757
106126,17564.873429839605
88014,8174.04107007572
81379,23126.32658957994
76685,11610.543305905725
81756,32751.291078058242
80382,20324.60437397427
87661,10718.891768941798
103160,14287.195073127588
81893,31970.64909217392
103538,12648.037908870825
101780,9014.825245365995
81384,17090.206495247847
106350,27922.96471189732
92907,18676.971681168445
99538,13650.88763320724
79214,17518.398713938794
101909,8928.032347785564
107864,15921.341259283128
100524,10524.83757778703
84466,12436.059623026704
105389,21498.966248105215
95621,15694.076643967104
85294,5872.786531956292
101831,12337.023689397622
104539,19285.96528244175
97418,26989.13394965808
84417,13822.924285162422
87082,8659.498169357521
90484,19846.921020167843
94455,23701.33963889856
88204,12204.243821266286
102964,10473.964187013686
83265,11816.601595211336
79644,27183.93963917311
103662,11535.168349009547
98160,18914.391048445737
86602,18827.65002018693
96773,18389.902049367112
106258,19337.980952628128
93161,26398.668896005474
84913,10348.733726238015
93566,26894.910608354174
99048,8896.969855877276
105009,18752.327236207057
78907,13047.801361815751
86767,13873.318327863082
91280,34325.642991505105
80284,9622.455237143968
90664,12389.836126278116
82570,12200.939040504381
97344,6388.34491155936
107585,17142.838855561396
88462,12174.586942898388
97190,8105.6331101346195
105578,7363.25735845263
100275,9983.7919444744
101818,4820.808356924614
96900,14146.665927439548
107149,19392.230156365084
92413,32774.996523432346
79385,32703.486202892676
86389,10576.92620695685
95212,24338.705079127525
76373,20312.660823628623
78959,23229.83106066946
88737,5878.433413899674
92016,38182.917768558254
86224,21257.947287968665
82578,10138.722701774323
97155,9282.034671064004
107701,15225.461266875565
100516,6135.791222985967
100278,15490.5699185126
88637,16229.598976746536
82527,11167.566436101586
84753,7948.542890492061
103714,11004.774132513698
100322,12816.598305212703
86770,11755.330386817222
81754,32531.186709130416
88214,10394.246199115123
104113,13985.716793008736
104421,5394.569162803963
97736,8540.180110307469
103535,7361.4801955246385
83206,16647.105220250953
106330,9791.630815315375
102339,12618.877751707927
87709,11967.521999042512
76492,23044.890009668605
77728,19685.222205242488
80481,18930.841753045686
103158,8516.204612091906
88892,12954.298449359061
100388,10794.578400457012
92082,29185.478124277302
81236,27719.77766018995
77042,13000.25351989399
91157,28997.812276307326
84392,16676.564470992238
93436,27468.737825463384
106487,22370.48479445089
76638,12355.01468956162
100756,16461.61956454893
89769,7913.085131536332
107047,27421.99654472485
107482,12194.530740986944
77672,49070.05944502331
88137,8826.418096643485
94234,48253.26409157922
100690,8336.97817060127
104730,16911.515374129598
80889,48152.5653939546
83038,7605.627508198809
78952,12138.92089141514
108324,25877.245589950304
89723,15029.986430089812
84963,7843.081557034506
82834,17165.155877055073
84141,12559.107996738076
94870,25541.15488219354
97980,19933.688766180116
84101,11346.318957249969
103187,9810.767720527847
89617,11362.732394999804
107178,9227.397593084685
92448,26124.608546199095
105739,12777.568305329161
94934,17588.231311736174
106422,8571.731113785903
84357,7525.57898171204
81219,16042.277928548241
96165,9015.108085314601
89437,7948.656317379366
107434,24459.642051538904
104751,14295.583269504887
79869,42936.17932254267
108255,20090.32899481639
93706,16751.519431090626
77694,25811.73462989085
106112,33872.55558092805
79750,22060.078765204726
92715,26419.96295008579
91183,22525.673790068337
104425,15175.285185201206
91695,19060.791238459147
107783,22979.014594817592
80023,29149.554810623853
106551,11929.765696868946
88253,27367.187443094193
89867,15751.421759257802
83678,16380.090307982331
105660,17165.7027496049
88202,10258.051494029549
95119,27128.18690990732
108260,12832.640526195948
83078,8100.334664540597
82345,19819.08166073694
83217,9751.493029210447
87850,12517.0402348968
81035,44213.09165557998
79575,30435.33289164256
91737,17067.06452978469
87829,15996.305104356601
83729,10369.94754466992
85611,15671.388864108627
98402,7109.633862490603
92385,11898.13371692016
86408,11786.597001235747
86059,19004.644711763704
95741,47408.22957883427
86739,9214.77479844538
78929,25272.65245663612
83842,6475.421046291811
87907,11393.902361448041
88079,15895.88547453168
85643,11525.183856943224
81382,19968.059993549243
83493,9229.834548378167
93460,38259.08831957034
80412,31647.62185532775
88171,9112.933625696045
99783,10532.388102644829
102777,9708.544772232966
80663,32921.479626635075
77531,11079.068952439029
86865,19281.526387953243
78461,20747.31206005299
107352,24876.673340158304
94120,10077.464704179847
79496,20956.382733262006
80515,36670.21174960643
91344,37238.35333721858
79373,34091.13476629219
96220,9920.411503157055
93246,52999.45683651847
106908,10203.729884619745
78245,37280.114906170485
94731,16875.557422220627
90402,8828.279651422361
76206,51928.41455204959
98559,10114.662418869246
88796,13290.902236651149
85816,17088.477925957777
92649,31621.75148953979
101935,10811.998477997682
105463,20829.678290197906
87365,8225.02544900183
95227,28862.833897756424
93234,13231.586727658101
85937,17743.2209667283
101266,12289.597522101054
99571,10265.986325864453
85700,6089.675323952566
107102,10538.23546402095
89204,8265.243660790178
107013,9210.26106917407
89174,13436.589249252782
105413,15188.740742112097
97676,6713.682827496967
97236,6691.578915489017
103159,15508.908186015786
86515,14319.509509799165
95748,18213.97952719716
103941,16259.196079088117
86393,12074.17866315216
100154,7141.231271723268
96775,14777.800893175889
85975,14482.81822258591
80620,17557.49658507968
91545,22194.70699239704
90512,8936.790395125323
98423,12960.439628951939
98191,12516.216769126579
92713,53984.67422449355
106242,17990.562021782738
96941,8777.048230561371
91711,16124.6148741858
93194,21347.05719526225
84431,17463.539184822108
106092,10732.68165816863
77699,10735.010846645508
107042,22522.255768024068
94581,119691.67608656715
94719,28144.278887182827
103203,9773.423089655764
90527,15152.81233089185
105553,9891.867805440967
86257,14652.388095486012
108539,8747.002476049242
80580,18544.303396368116
100564,7711.039944236052
107330,15143.605786342829
91726,19033.100399174094
102084,9582.520732944047
87088,11608.288568612199
106757,32960.99989112309
77040,12638.044896940586
83253,11719.417037059384
87231,5418.680757137793
86913,6649.824395988031
100372,6273.023386958356
104194,24793.523608588897
91979,11434.72893811268
82139,16531.134403938246
82434,10296.050972171442
95418,23737.778965227124
76862,28920.360427154985
76939,12488.28556292821
86454,17110.5614221967
98632,24093.872757087964
77936,30132.063306418397
85823,10101.09670004167
88035,13776.004672025718
90469,6604.461919964401
77882,29162.535401814333
91663,18662.677716885297
84326,19546.195181517658
107834,13895.798867199226
102220,13496.823803052597
105246,9321.843106894814
107828,21050.82492965973
78808,9648.622944285944
87428,14025.966784013266
83186,10717.57405608146
83578,12816.658059363135
76948,17143.053609595
78241,14384.990722844044
79743,34093.68003841176
105523,6943.075680612422
90957,14077.095803134203
100382,10198.057113524488
76105,15562.261853014163
86104,6826.579407658897
101922,12967.369337245143
76554,18891.428260783312
106985,21722.501122203645
85689,12224.218445761762
85008,15459.699733315232
91965,18180.81158992252
76366,32854.89333861519
86191,14924.59653396551
99663,6828.443264698882
96285,9477.80953695211
104099,19092.779383779813
99056,9171.334048470335
84374,8857.331716749433
106354,24128.88232781847
93698,50427.83931099085
96634,8673.480121158756
84156,8179.974924363947
108084,23086.744843306707
87399,13709.618001690062
105466,26436.61358665563
80586,25788.071944221378
92580,9488.217838574725
101845,3810.4968138859044
84566,10615.542886899359
90141,6970.1115222984445
108378,11906.068148671233
98277,3628.3979558930905
95092,39852.487432191774
104064,22655.50159916253
107637,9666.089523073137
97365,14843.628727050547
96955,11791.552809610499
95760,15492.167066810329
95872,23377.16633037621
96240,16560.15702777139
88163,17373.722304565796
100611,16995.648493427838
78881,22386.615416839668
101061,15429.792600174627
107426,11865.227871348085
84044,12596.718299729539
104552,7142.358434628028
94780,11184.517895863399
91863,62166.25866395888
100864,8854.916249503218
81237,17744.325993012593
82136,19257.672107737748
95905,13664.136873015044
106384,4323.014132324014
104293,20675.321659628833
81454,18858.53465336387
107302,23407.435039265147
104291,20186.67489418578
82868,14113.233764773371
97858,16544.722751844965
105855,17310.11866782038
93166,16847.538519305825
94741,29502.00407848586
90290,14219.79556569979
89573,7571.088242719071
78623,11167.808356165286
98815,10482.361823534064
108391,8132.03811243238
84762,9901.761749660945
91318,21757.91516370479
79163,17110.090528959085
95977,18506.91307873879
85867,10354.122204062785
88322,9959.49081931342
79623,23697.3318542163
98269,9211.423559454173
99650,9042.743720603215
107902,10378.449858306547
105941,10398.744983836054
81949,11250.651834090131
79343,24508.91505542458
107578,18660.62712282186
99489,7083.900247537996
85577,21360.6753282701
96815,9983.793164825254
101625,15521.560275176325
77737,15281.333566198837
104092,31970.449172405155
100181,11550.707312011373
104928,6966.63984943654
98913,6889.245566558941
91602,36027.11353653841
83876,20730.75305015798
89307,8720.206599675397
94093,27873.339067562236
90665,7008.168974334823
89424,14545.66048859159
89966,15539.747954374054
87512,15335.207235655122
93925,17702.539931602132
92819,44400.830210226646
93100,30330.74217359808
84387,12048.720270214539
102337,10646.885360629249
96351,9326.319121252345
84790,10412.235601628247
82257,10286.393236894437
99957,15413.056102744962
88917,14140.955117950663
95068,32456.774336451148
84509,15504.092618062465
91624,29920.660884148514
97851,13446.41320669594
88699,14600.347215338537
100216,9026.962222505943
103752,15062.50527355796
86444,14525.077888147203
96692,12529.955462177375
99855,9478.480475611845
80299,32674.029763015653
106960,6540.961537411007
97471,17703.46086234718
84560,6670.677840266771
102670,9554.251790362661
89279,9552.705756010726
101965,13899.94450238946
97569,14578.110002367179
79614,25977.936901332734
91772,27488.75998989804
85007,12264.749368274455
106561,17400.90585723453
75994,22616.490004022748
79691,33628.01982605461
89364,17379.8467762531
78875,13289.030003003194
107066,30197.68004893195
81507,28331.610180132135
95249,21182.363273822717
87015,7762.529118149865
91324,16932.499737845683
76752,8561.581258184911
102171,13245.50394199922
101910,14179.7351212965
103619,14671.811498025167
100128,9179.832367325174
79404,26712.680711961402
93180,29261.237121511065
98208,16424.109818229404
79595,20448.207038783752
80232,28239.709507027485
80698,26713.455474067425
77442,10922.71584835592
89295,10791.488288688975
107982,9532.404874297568
104260,9049.549096549828
107081,6435.271957244423
84397,19410.76061877178
76341,12173.062838903887
105837,21125.647261217044
87758,17323.29619051451
89085,9715.684624720225
85464,6218.9943043271205
108404,9679.444333786472
87357,8480.902808072327
96567,11966.700999083658
106723,6121.523914701343
102198,7041.2566420544445
97673,10904.727044563173
94078,19154.56787812569
107507,10019.130093455984
97681,6090.767315354662
80033,5532.937076253744
86656,16661.05032934851
77797,19280.28187529927
107699,20152.497239745466
86945,10225.819017073543
105222,4389.508506333051
104904,12438.164334138177
79731,11921.751648547599
79205,29626.375684505023
94275,50208.504134680414
83219,11746.896941863632
93926,29988.631999458434
77804,20107.86647383245
84512,16755.331355659506
77215,11924.897701003778
95226,26050.811732270093
102992,5989.094604042104
98108,11779.825196005775
80629,12703.281383746475
98788,14500.18076992694
84971,9738.778568656937
97484,11498.53212217511
87887,10975.469920113366
104294,42879.90983086009
84316,8880.90575448339
105685,23413.752526636665
84866,2778.677693646457
108412,24160.6008288042
83463,16282.025499038868
105005,16608.4958756684
94134,14666.320856885523
87832,9505.961756683342
106089,9277.35457692739
90745,6932.666720643966
93579,10943.897386637616
77750,31335.758587063065
101618,6060.586321364884
101148,10483.834793830709
91084,17004.0186912798
87106,14703.772850288859
89045,9008.30723763164
100365,11091.933377151845
107100,19030.6647162324
89836,15522.886349498198
90463,10235.524882186839
95908,27820.00234415983
105700,7207.270618361934
93105,23547.22279050614
83244,16840.331626156796
97603,13985.636216714884
93616,24687.99025892805
94245,22327.360209351
90752,15618.19261214834
99594,13401.182895500728
93068,35593.045826101596
88443,11398.010680847889
92592,22728.066473424118
99796,13474.797252782822
101588,6690.610393807398
89633,9448.82155843628
99577,17331.271003920865
97165,4733.952233439263
95686,13612.936689503553
79266,25966.244716072375
76351,23414.662084875134
87457,8644.695972178033
90220,11362.732394999804
87855,7616.820773338341
79818,19967.986649464918
91024,23581.008373708748
97908,12304.237645937237
101556,10561.34948206645
89750,8194.043720040008
107781,20250.60981366377
94151,10618.496173253963
103214,11240.895736574405
89012,5954.238067958816
80997,24357.10185537561
90002,15651.593545263268
88243,16050.967750559415
77631,20037.10671258404
76185,40505.93811465619
102767,14195.528936608569
96776,22228.93486319733
107630,8993.056580530794
97550,10474.838616836258
91871,16441.41027624802
84499,14243.23268397271
94523,24378.32511825177
95467,23367.12383074157
91735,17957.36405346276
89874,13756.489616821738
90168,7574.665441742971
76765,13226.907096413059
92590,26398.668896005474
100529,4346.805035674436
99330,6267.150379392112
92566,28013.7297596465
85303,18872.06454689865
108401,10070.586821001889
107621,9205.05810900468
80471,17683.56711367005
85478,11120.379629046522
78386,22277.34030637018
105016,16274.842353549577
76807,18070.31239161017
85036,4822.04093452778
85428,10752.531624019006
85783,9534.583766627222
88510,11845.132988717742
89262,20686.928475036635
89136,10908.252863951158
77193,54741.475416782574
88928,7303.486904709497
85930,16540.661478828402
93387,23993.199692914597
87348,10797.5292671263
106766,10976.556842311826
94358,16041.644248574803
81582,12383.286176021877
87880,8918.431719171376
80554,31287.093233648397
103295,10753.13629467557
86265,7341.703058443134
85650,5302.5177020355395
78496,9999.964281226758
90155,5424.490926114066
108366,17695.434675917026
95435,14579.441162378094
83433,18612.020810666287
97917,12326.13282857155
80755,17126.443552785826
106070,8314.38210351528
80354,18710.07934158454
98453,8355.194434844378
100106,11652.005254905192
90408,20369.489701941235
83615,20775.231651618837
82425,17240.63177704302
101993,9921.121983202518
94522,26096.39182935154
84782,9883.39847032227
108223,12847.585216604773
96160,9103.202483755013
98432,12948.941560535617
105363,9103.263157347332
100535,5918.905783466867
86591,6437.940762864039
104667,20600.135868975376
90913,19610.36251355985
88935,12961.465986096095
104570,12433.788363454018
83610,13211.065937787933
92006,4469.7141012466245
86169,18178.602997640297
82827,6890.049195362301
86592,10870.054923046495
87212,10607.848374757288
97120,13127.5248521964
77359,15702.466392637165
104752,17891.550982200944
97296,5600.553466075873
76528,19023.93829950111
94678,16742.83143088118
92677,17065.54969453175
79068,16391.39369490467
79258,14842.260756079071
85903,19127.11913638063
85139,15672.7866555808
93427,18783.765579170064
83820,8728.717696862563
77286,25879.305330089584
99210,7217.899643636677
87068,11313.103918302048
83423,7230.327148343795
104277,13510.159527994898
90679,14550.261907675755
87218,15751.706052015357
85604,7841.704553111866
81045,29381.27399387858
99525,10355.675087454525
102332,9858.4741671252
81248,19123.976987176884
94626,35608.043305986335
102031,5614.3671728964655
99240,20160.101738260648
104198,7709.547067288941
103296,2413.524917696171
105530,20890.512241113654
77830,13794.215774171422
107707,42308.276824935274
99875,51023.93155682757
107727,9957.574479738536
86279,10751.865359942
78738,18192.81876877321
77514,17159.93453033808
83235,9429.320117863774
96964,6417.804855739201
95157,25805.966423761474
84407,7293.787086362816
107930,14516.814394068168
100103,16048.979583368025
97895,13591.797740691341
96823,24866.65277455321
85448,8597.844995570116
99246,13798.740137973447
100586,16554.059229723458
84536,8918.431719171376
79744,13553.819427400229
89433,7082.9157718918295
93466,17424.12573315489
80628,36824.56695274717
105144,25054.079763312267
87407,14293.629559271232
106295,27036.29488184639
84239,19820.15409570835
89362,11019.842672577835
85099,10143.320169045099
88071,4836.0085383732
87696,10885.797253951125
102512,9788.075651367568
95911,25759.462144943227
85069,6323.129871606589
77710,27383.65316740702
106234,18338.307237412086
96338,9251.30054312851
76534,30823.064674903468
91330,14051.246499071287
99229,11974.053401998914
79318,14218.549911006892
87465,15811.27261019376
85327,17629.58180389918
85601,17438.74641969811
84287,18865.08584777041
99523,11022.934891940153
85692,10380.466018866266
101573,5971.459201772123
97295,7893.411774538642
106567,7952.955413366135
76031,9318.247703237357
96219,20184.86871512791
103153,9937.494374181026
91126,31325.420677556573
106188,22840.510464699855
79174,15032.895739301804
102013,9536.881571849079
104603,13014.291593942238
94006,20791.32598545705
108326,12796.47404384153
78483,27940.738698694375
85801,12935.5704238719
93295,21444.88073877136
107744,12499.36459402084
100171,5618.800940331545
106558,8409.648096393163
100806,10529.844721850704
87732,14271.195458329395
96227,29178.502413085436
92111,20739.33464412903
86147,10384.770521201539
89519,15522.337814825549
95271,27535.68681261922
95264,26065.955671161024
102294,15521.560275176325
81966,13937.263287269243
103012,14820.122420271486
106989,10323.26933561997
96772,15487.504154964003
102972,10140.712088513474
96306,32585.653569131584
108418,25320.348020323436
78045,14008.70861471985
88095,21237.798423014276
107561,20699.8700667028
81795,7726.270128076154
106736,19843.672038714565
89308,19892.52117853523
92852,26956.102146646852
79486,14275.840736616386
102942,8700.472118986212
104342,13563.265299784121
92242,31080.42211803126
107000,14684.89718202354
101869,11639.933638663751
103744,9736.758610485635
92316,19923.388840312877
100386,10179.510538289915
93123,57947.31004380276
79755,65485.13395794818
103598,13392.318454665643
85309,15299.656792154428
99062,5830.096125857687
106747,25764.409929807487
86675,15316.22691125606
78833,13383.945301991618
77194,15923.058648512239
100977,10508.44705136869
80837,22498.41281059662
89253,18698.73751306772
99368,15756.351636168052
82058,4326.829976051247
88519,15392.791199651476
91242,29218.65782222721
80897,24906.809897307052
80505,11038.25344691787
77645,29464.770619573686
100818,12513.098257827049
101021,8408.480094075296
80028,34765.17860721248
105669,15794.34759639403
105092,4649.841131732514
85973,10980.172315459675
101110,17342.20841325724
87926,18265.17867724323
102411,17869.56365729723
86210,12035.765198313751
106999,10242.130147924236
86228,10864.531931433197
89278,12993.941247481293
85460,14674.932889208063
100527,5123.325754344775
88852,10360.388189326159
105762,16606.16854152071
100149,17092.156379280725
80290,20227.41352007571
85953,8111.576555259619
81492,16110.237751221504
76831,17902.692705551493
106123,18259.922803721263
81945,32753.400305697192
96796,23244.08180795289
83848,16912.035754341847
76568,19504.263417660015
84777,5797.345023807899
85159,11814.562749114082
86943,11366.974247721631
85719,12348.717668188505
90325,2629.4170786027676
102061,9349.958317992683
77924,21112.807826924993
85093,8867.860412542215
101892,15651.775405928336
100848,12558.137938908894
98725,27278.77714194568
83883,7560.975994851333
90754,7801.919506139097
83803,7141.314495528604
78486,12875.798040651072
82705,9913.032618062254
81532,46995.5344615636
108285,26968.480798475048
83833,10578.445525499055
98263,21544.305929584756
87000,14349.746371515483
80673,22486.4249151808
78206,27533.91429041376
105718,7976.541255483301
93533,21488.615296842167
92133,29444.073636863657
91065,23347.687806517675
87899,20649.872879257815
98017,21373.238301361693
99570,8322.117963148643
85188,17245.635878062993
101319,7375.97147583641
100142,11763.544829695531
100019,8488.251836687676
96598,11215.09843459749
81397,24613.175064285115
89238,21425.282156989244
95758,19302.37031588345
91540,16028.13315812739
88474,8932.539365738203
83465,9016.075012338657
103092,11533.255224736946
84968,15093.33064278589
77523,21289.92038924032
93366,41501.809229508086
90815,8094.643955402529
86902,8635.928057533607
98479,6307.669259533657
81068,40128.79603078748
93005,12503.461047716504
79216,23225.11065048425
87027,11849.393243663468
97332,15663.331580586548
76700,27188.646390150985
92098,22943.2389785951
90564,15538.816715043771
85106,16843.10154349469
107907,20197.658021799758
84142,6695.223225843989
76304,27028.828280463742
83000,9901.761749660945
89782,14542.388765575026
76184,5479.962492023712
107539,11021.81707705732
78236,31244.610813314583
82316,19587.52395900581
106526,10204.698736722064
94138,21146.431699647062
87340,15524.510961632379
79516,19678.094803279673
77411,25326.207467578563
86680,9646.815609222052
95225,16381.237835753778
92224,29139.369455097833
94791,18679.14248118036
102989,10356.188995631212
80765,18175.281786099767
85393,22109.859225713884
104860,19475.087617042318
102484,13246.851796353032
103672,10987.497947846221
82448,13695.22240034386
85479,6124.605248876093
94775,26024.64933309393
98729,22569.594970036356
76893,18708.42131710674
88144,11567.732018747954
92369,12629.103275603997
80841,23688.340238497196
76791,17668.541210282663
91845,15484.792663152566
86949,9901.761749660945
103913,18306.813658371262
85869,10585.356572650617
76426,14527.156963243235
85214,21388.18661364527
95332,22636.10292522251
85821,12347.64973063191
79430,20472.787427548505
104573,10488.95244458205
105788,16337.690660640577
104867,13194.757138225234
106367,26457.795130603678
108241,15293.645727191888
76913,39494.89183387276
78712,35331.5596862394
87769,9666.56137194529
80169,19599.28741988164
102028,8533.554772750156
102001,11281.074809075662
107798,41310.287874757116
80044,47445.807412695125
93757,18043.33685126954
104233,21842.76604336281
84195,7596.2108031516345
84096,8390.338042233168
82336,18776.762681228767
90423,19947.42579173032
81769,17277.504405085674
79650,14315.735620172143
84837,18397.964526543357
106303,9433.486368533831
98551,26125.245610044934
100452,10753.13629467557
81161,23751.266243734222
101116,7805.170515899678
93465,17466.669264087075
92749,43837.697472854896
86281,17785.29849189119
95586,12340.698817395278
78235,26497.91823514073
102754,9511.113481563456
100017,9316.91943987757
102637,14938.930518928757
98192,12143.80857881414
96683,17556.499266678882
103968,10197.260658306639
89159,20850.898270956466
77752,18368.027062143585
78526,22315.585189920588
108387,22344.732012479628
78659,25581.902151082486
77013,20612.427801172016
106480,15553.570100505267
93920,26056.909726022808
92912,19130.074115338764
79044,30305.060834243952
96831,7640.502675196423
83502,9705.363405851356
99420,2574.593174436739
93785,12363.3623382057
83739,18836.53610748879
87018,20982.79689160173
93773,29024.53598425416
101674,9413.560607495652
91655,25833.79125728213
104412,4932.766026178097
91636,25284.04862959308
91101,16601.310205115344
102437,11217.156757880268
96958,12327.269072263101
83934,11009.868318012834
83372,18464.889035395594
107296,12138.539067759466
104909,19724.77439391246
103886,10002.738073823408
98858,9689.296795037775
86276,11554.945053740847
98148,12591.123111396026
107294,23790.80959903316
81812,36954.22756290984
77997,19596.039371457035
104626,10355.017872593686
102424,10263.73726532976
84992,10699.48720541936
86867,4586.168454318346
93370,23594.946186485664
90804,18322.866699214286
76001,12045.206025172989
85691,11385.337540748398
76328,51259.669083020824
79143,12435.370760365506
91356,7393.839963491015
93553,20923.851474844992
93673,22620.63839430813
108239,10020.339578127485
99923,11343.340392188125
81616,35649.59383383422
94433,26257.322302720757
99985,13116.422137571546
79648,34350.324097001416
91423,41919.3704058205
96581,12251.19394112767
93321,54157.14901101469
89736,15702.757673081
82722,7684.4118399932095
76093,33873.23101193483
82767,9132.79193367459
101615,16048.979583368025
96585,9313.911667335231
81552,17503.81399294114
89656,15722.39326685674
76301,13873.452925089721
80683,42498.944118007654
95638,13643.96351151877
78343,18519.45393043708
81495,24619.735144401417
78517,12260.499104652084
91764,16456.822408714073
87050,22063.849107531503
102877,15447.482395454219
86844,11487.407112923915
94535,14480.613646928528
80871,11462.472078035973
81126,9086.392323746182
77182,18870.58743428759
89335,15753.185122356881
99612,9605.726105458714
89041,9486.43854711094
104165,17086.72151553997
79096,25956.633326738356
76051,23637.308016873594
99599,16257.4558472177
107763,16576.826344941688
106646,16337.690660640577
88985,15130.033325357894
107109,23593.51258916783
85110,16879.29542942037
96907,13150.730931811888
106806,14282.77127621256
105409,10269.400677287103
105449,15172.986213985616
104042,21547.298734885855
101299,11673.636684513354
102434,18621.322985284056
96363,9305.636926697453
93918,12510.09365574074
80842,48617.99199679398
91578,20275.735214265547
90458,25963.15812009042
82186,20654.368379856627
99767,8147.2638823309
96898,30440.16839982881
77755,21721.474593068477
82958,13436.589249252782
89248,6744.907381860162
93452,8624.021713447562
81517,11206.431813590314
77919,29276.12671469926
97110,14294.276018166522
107317,9049.549096549828
106102,9205.05810900468
93034,25433.719970533966
103446,10517.01626458154
82762,27444.090559682783
77365,22395.97909681264
86634,15095.602847014225
93109,31552.881214508758
96094,4926.612389463367
108191,15843.966652714937
82667,10552.790849673793
87953,11522.408106808258
79188,30523.701275441144
84962,11323.166270323816
88377,11137.071280425425
85942,11766.78045716829
88278,13256.664903139972
77743,18098.616842628395
98341,10111.84114565061
101197,4642.250701779362
102838,13299.034966513982
86885,7918.4203637823875
87648,12205.702296217376
78995,20025.16514789797
81374,21642.64773232268
83829,10948.922881313654
86073,14130.154609244535
82848,11131.400714124175
101727,15827.00330215584
89929,9462.106118774478
108534,12433.594111749873
80592,25470.58028885504
96292,13479.043682020389
102569,11875.57102590976
84692,16565.872242825146
84531,8177.338147279602
100173,7735.3400659202
90263,13235.561669318704
88489,11717.022441489304
83941,21181.984418639422
96621,12312.359118318851
88427,12191.960034490434
86625,11232.323075158794
82798,14014.950900879878
86084,6712.642522541008
93058,27128.18690990732
98527,9465.02695750465
99786,12587.791667432673
84132,9576.953157017331
101160,9699.669711150722
80396,32981.108801497554
88132,16077.080818538103
82835,17630.896193207933
82959,12517.157459717684
97225,18383.868240240154
85463,14571.582168081577
96733,9578.288722213023
91820,11820.028396489093
105870,27429.931820063783
83255,16404.0943483225
78899,19456.558095914435
99812,10635.569947999587
85798,11778.048951000717
85452,11746.855743374914
84706,16961.001297695282
104289,21877.50825015217
94785,14547.623423974821
96707,8933.38431687925
92847,25946.852597613975
96054,13168.18266806614
77986,53486.232443444904
103435,8585.952363674276
97008,12725.597450218827
81650,29229.375700860954
76920,22761.84058112959
100479,13934.483625237619
78120,11230.862517884927
84761,3814.0131183108415
95062,25149.142718268482
83102,6690.51189813918
103872,7849.067751428698
103816,8012.585054610603
85672,8642.152543499717
102125,11451.400150195053
86928,18929.59060522545
82814,15563.861874035696
93167,26493.841170618893
97674,8720.489490035143
107400,29539.34736423473
92669,14139.742956091817
78046,23331.9392785233
85703,13887.495022517202
104265,17574.806296607472
107786,13766.178314716133
83707,17515.95432274702
76858,22998.426514071114
94147,21773.496882770247
87307,18007.264790171623
90594,20916.327600801837
91305,30615.957401135147
83302,10037.92818953246
86173,15670.522505050423
95811,20828.53658853919
79868,16732.425959635435
105265,13888.830530203271
107009,9142.66537238019
107281,18481.81233224767
98848,11959.30891311122
84222,13237.320239945257
98808,23684.72737692
94002,32264.243508651976
83985,16733.375548021737
107772,15495.309599934666
86564,11344.909948073293
105241,17247.39751949444
101060,7498.092231544553
104362,24839.620627007447
77441,12165.677095588873
92827,27212.31203901638
86523,16471.67620154813
78695,31591.120756422693
81392,25524.85855567052
104823,27237.69199516342
93521,33317.64192242951
107098,15899.345722359947
106011,25278.150851665967
97032,5244.562971562525
88646,10010.255434478679
82014,27125.800726459183
88034,12749.607469767921
90561,14899.375151716375
107888,12715.429409269327
106249,12785.52000201145
94608,23638.746636429463
78134,17308.609819801928
92898,34523.198454940095
97031,9572.0377219207
85220,13553.840251228155
104973,20722.10436893843
104081,9888.98097194941
89865,6326.556226565411
91706,9303.562742280305
86089,15320.960217565991
98736,15738.807050340181
83238,10037.92818953246
104237,29826.369997667156
106990,9363.284541692406
93432,27343.47008906125
85280,17586.239101044066
79909,15927.095428714452
87698,13016.131441404097
106059,21681.93269892321
91016,15514.610714729131
80180,20197.687265070126
90006,12254.85853162757
78122,21142.527128452683
99672,7785.1087636453485
102297,9807.916775750298
76047,13001.434233648844
106296,15845.36677519566
79989,30914.100674963564
100843,7298.476878571035
89014,18611.471809928855
90568,22775.14568868882
79905,19136.554463716926
90643,14291.36605661614
100729,10524.542385101506
97084,10487.165964174264
100984,11697.546614776997
91475,24432.648296794832
105531,14734.947732406637
78482,11825.166029397315
83254,17480.5227686405
85217,7661.13795324286
102974,12648.037908870825
80040,23866.270828273613
96077,13496.293631293776
89073,9596.706859047075
79118,22873.493446244243
107565,10489.365177416204
93486,17476.405777899898
84670,18974.36623018606
81104,16749.727569964605
97867,17568.36214656656
92897,14665.480828272423
96592,12823.149375828762
97864,13494.050698772002
83369,8079.822410170266
100471,11558.539665720384
87533,10502.482580368525
93111,18462.854656052103
99979,12669.579438168083
103340,15311.283145953334
104434,18848.098771671685
78515,20224.54212090958
82046,49065.95735850613
100572,11672.208686674983
96382,15142.072257242524
97575,9076.621943934912
76210,25647.666908208732
96628,13240.92434760624
98232,9503.416966807985
92457,28153.80085465988
103665,13070.600385288724
107838,16318.530052185337
81165,18323.641712784425
97719,23589.462425990358
80739,17719.792479247244
77593,13259.102325567934
84766,13291.46792292226
97274,13677.337586280762
77281,9752.361384389365
90347,5842.955520944914
77555,19660.337516982992
103246,9985.131502470285
78404,22420.394216330922
107745,23057.968003459788
77017,14174.652328922159
107995,16112.7384395912
80982,22668.42509941748
93844,58559.62825402389
83606,13736.523440169354
86904,11687.953249272232
102616,11973.520091942351
81768,31177.49295939638
81464,14877.113021144241
103309,6512.71751827679
92975,25140.569945676187
96156,14443.273332242556
87770,11399.706568503987
99632,17957.772315722774
89924,7684.906163117937
77573,21371.923119154424
102968,16126.431667351759
77822,18798.739937783055
77725,10467.562057899186
100787,8908.713572287947
78013,32518.78265298751
94440,23046.10458277806
83938,21259.37775299797
81204,20667.76990960266
76519,35039.161787037585
82172,31775.570939219495
103592,5871.108093662032
102003,7357.27824758942
104259,18043.137170325845
81120,17402.587482004397
106207,10488.95244458205
86710,8449.03270253314
94024,62892.61194644991
88164,12309.961264692038
86667,13028.514480251526
98371,13481.354175014647
102344,17920.567841150027
83142,16292.317941523372
92532,27572.54397918633
98345,7909.127111749468
94565,17268.443992468718
106223,14002.480661958163
104831,28971.361717300577
96144,7954.554197013995
106634,13832.19640723975
90623,10361.127678340954
91275,28111.852001103296
91547,15117.94993621914
86390,10325.403968148386
101986,7573.799476654915
102994,6285.046323589896
85291,11717.022441489304
97430,13655.786992841242
106209,17784.137168155557
94798,69716.16901215175
104565,7380.495996344166
93679,16409.63320632775
93960,31059.51074102378
90063,6269.009836575995
80038,30888.767536023806
106513,10708.039990936832
77267,25360.20815901206
91539,29275.40139946754
77973,40945.13813987376
95999,10630.40323115891
78036,22998.426514071114
106191,11255.411922827308
77480,12256.614944278967
82656,9360.576543894957
93916,15703.901845143531
95975,17592.44918831949
81550,14293.981344342466
103221,11956.976291051144
84062,10725.644555814057
81584,13538.77444076965
99564,18440.064629788572
100276,11017.69058462105
81308,16592.88980262416
85519,12510.287957091068
80114,16631.65753153273
83911,13951.913063360471
101879,10424.701566248661
106626,10330.282406847531
89009,12586.624687555779
81989,19789.2958120752
88197,10218.219143880196
93592,28438.77845434861
103290,11322.441103306617
96988,6655.393764924639
106777,23304.916024396876
88922,28544.55865773327
78224,16287.227444256361
79643,58024.127967803084
100066,10154.1152145682
99132,8069.691733962763
100610,7108.74218487174
89409,12053.941642014997
105675,22315.720524060493
93304,26393.865409182974
87662,10643.12874557107
99433,7268.657671559138
100011,11145.271618487235
95327,27059.086131269076
90169,14449.177721665283
103978,11449.299313059873
95238,27098.819619197144
96242,12225.168329773871
107917,12192.743321292852
92639,20086.492593803207
88936,18923.10310825277
102923,12556.552487009993
87883,14527.042631849292
82670,17919.64829972684
104229,27561.042485643873
82031,22865.34449666097
94197,24640.067223883463
93921,21194.308119442943
96030,30440.16839982881
106335,6394.554636386597
80671,15311.001821129501
86723,27787.832234766673
79293,29920.036620732157
97549,18230.0165209278
91837,19103.027999054477
86437,18282.612909440984
107577,24735.479554836442
88419,10287.680500260036
80746,48076.17216657791
82548,17480.5227686405
102711,11199.450573851225
80682,20121.985376760847
93204,33445.62653080023
99582,14294.740388893591
93195,35590.44067310912
89626,24781.59847346358
84713,3400.976733739185
103182,15473.608981193487
96954,23515.376074303895
81758,20605.169783338795
91938,17833.23712748595
92961,14498.549817281882
89533,17606.743669819047
86243,14066.093537417964
104482,16820.710582272877
83198,10479.303401022047
78284,12768.97909340786
101133,14186.0448868205
94339,26398.668896005474
88631,9476.824492592272
84364,14476.126816464619
104341,16239.012902697074
84650,10038.572622393276
91140,25468.078579835008
88889,13178.680923881226
98085,10003.64093571452
78796,14111.223501349377
80524,26961.74851500601
81309,7126.259916119671
87410,12961.465986096095
96810,2371.3452599121565
89982,15938.837392574946
87326,10328.58323365539
79722,15057.962714047644
86367,11398.010680847889
105368,24058.519933219195
92505,27491.307409417484
103000,13177.125011307302
85052,11621.194948641853
76497,54691.81800042232
105312,18901.783416994283
89705,14453.575893529545
104999,23975.84018577428
107876,27922.96471189732
76095,21574.06538867915
96723,18419.539856286654
91593,29058.276659257015
85772,21516.10952433631
107199,8935.195084733003
78256,50777.193954770475
78275,30086.931373741703
87582,19693.762649947523
104231,12159.62957350947
90265,9883.084784277009
81793,17296.52754606428
90526,14445.528752807826
99086,8972.154268953802
92743,19968.283444401546
95412,12214.486131965625
91146,26856.501674842115
95923,20170.786028771992
76021,19748.91167901958
92858,14780.386374446394
90984,36511.63475672724
79158,17937.123005536465
90318,14223.365272655841
91747,18780.96839928665
96641,9983.793164825254
76202,14816.246777656404
101040,12853.453722006354
78797,28333.122499599955
84745,16229.348740773383
76942,11784.971618425823
78980,28691.1412777855
96662,14818.158443188548
107813,28438.96965026805
93431,23758.19354677517
86915,13014.195084840094
105102,30993.55318218285
104447,21038.198889239702
83183,11557.023305820403
78917,14501.241910532535
99336,7497.817284117159
86883,11843.856885969994
104155,14440.590078920519
89989,15561.943691546536
80406,30704.204668455273
103151,12194.55792117558
101077,12593.369008260637
80134,21898.28524800895
79090,28636.70725213544
93482,51790.9900486244
87205,16316.444681663816
81295,42256.128037223745
89726,9542.98487795926
107842,10302.021131752726
100351,10179.510538289915
78392,21203.373380716635
106503,13255.782581793708
103982,8355.740046252642
89276,7705.013651124211
83143,11721.165683478712
106521,21099.738571149242
100841,8872.593671853258
76990,9396.741268201626
108466,17131.66486635413
94285,20775.97718208497
76323,20504.436119575224
90868,21830.8000329617
100631,10984.33475334265
76196,11126.33870048587
98387,15568.478066068674
107494,8641.510557417821
107439,14174.768613326396
101458,18621.322985284056
78473,15444.878002665277
107016,15758.23314768204
102109,9978.050817871415
76537,12960.155613483525
106523,16522.875038903643
86340,11241.354461426037
102486,13379.785171174008
98993,20936.91106755768
79358,8927.65265155302
79906,9457.26069200341
83932,7182.41412163347
95064,4712.936122624208
108339,17592.220633174802
90489,12687.005756048497
107984,22219.111797726167
108096,26923.876912652337
98313,7675.436217909001
79508,17326.673319345442
94289,25121.9543014347
104393,13822.156938004884
108220,10205.106885724605
104795,15498.991837019661
93178,20455.614534082597
106079,42248.67386857199
89584,8269.722526654437
102435,7408.798003421179
91967,48996.74966319988
107618,19711.492342453974
86862,6194.384524938563
87991,10465.624640794184
83618,17768.75575703013
90089,11312.967491149948
90681,15222.448203834385
85562,11969.302623170754
102934,9519.357133050811
78806,30210.65385644493
104615,24743.443366843174
101221,8408.480094075296
107067,29570.17373865079
101807,16122.286157684744
85952,16740.745696728198
99387,31343.716337799244
106135,9880.793817516167
90522,13280.202513975966
80068,28267.667331428172
95046,36585.06545945134
93546,26328.147224015076
97202,24020.391252571662
97567,7425.381412465318
79963,23695.344017710027
84033,17047.88755377762
86538,13058.442928836916
104104,30427.9957932824
98033,6063.730401125509
91989,28153.80085465988
102114,16995.648493427838
102507,8003.338423490336
104663,14742.712766891895
90772,7185.509247622134
102250,7545.441651051069
78758,16213.942097528921
101421,9939.049958305013
86744,12078.496507692327
98916,8390.932265770794
86659,19001.947684031777
79853,30732.276961031926
102463,8260.750071381288
103827,11984.624145227051
106662,23378.435568560755
97291,8803.799033000792
108516,10555.483245710482
101211,9528.37374835747
94947,19968.46060516556
87948,13543.591014076823
83719,20493.72932427143
105186,9727.153747460621
97592,20126.97043593365
79918,38546.62818930737
78137,11799.049928618579
78859,8989.958133746894
86082,10143.320169045099
96316,10781.663518217836
80327,9990.57260071251
81639,9911.373807598973
76145,26941.630467868024
76612,28097.20763514816
99606,18664.96631019732
101120,7871.712539922378
98540,6821.1652636801155
99667,6750.515957975261
81038,35013.247103253736
77521,16747.558267495944
83408,7522.830551645897
86905,9532.77971669637
85997,8192.74743626526
77009,20353.4533535128
103958,10216.324385622278
90392,8196.767263498123
94800,11861.632978039575
84391,5992.0599913636
94843,21879.60255890726
85555,15883.959733555525
101453,7645.911669894467
86686,9628.809410235714
101665,9244.817741962883
101044,5870.364801447296
84230,8621.344523938002
88440,16736.71792358958
103253,6783.6364627461735
102847,12192.267241784863
94381,47619.78513704019
94229,27744.32074526755
76327,36130.302616171495
97717,21669.716442719717
101291,11966.633751079133
81877,14185.76529915184
88927,5211.7149027977175
77137,29629.609121536185
105325,8810.961825551274
79368,61538.42064250098
90769,16683.50784633997
101376,14346.778115447947
88733,11774.50361225317
104519,15372.938995591232
79100,12071.873851345199
85667,9998.508486873405
91111,30053.132685184723
84474,17508.721650513722
102166,7451.622668497043
96711,14876.24151030029
103102,8390.224530816588
102519,2440.2757807695075
92508,16837.964938897494
79560,26168.77991560459
79530,17890.86788081696
103272,7398.735980639687
86935,9263.908069314653
88977,17982.629534395368
92681,13736.571891533034
91978,14253.536847777596
81144,23912.91325098728
98005,13587.543123370695
82716,10830.925710411919
83371,8559.005830854672
95566,19959.19613521522
87240,10193.643175214742
105593,17616.416972549683
85457,11554.846940985239
89803,8832.168873723867
107934,5221.829110111674
94736,38767.37605715833
92865,18558.96694622513
89863,15113.921793266276
101109,11281.79066289167
100755,7993.746623170372
99015,22905.02037906903
98439,8695.881324607872
84150,9946.32202362869
87593,14414.605729561019
83830,8941.349079500274
96778,13618.358296752971
93458,39576.9071946582
103141,9619.411130558034
78576,20934.100353955902
84582,8260.033283224951
84034,12355.839137161916
79223,28843.34333954635
88574,16071.536017898927
95914,18589.743501866713
91830,22571.75775971001
76682,20123.25897731115
76091,22658.376969449313
86187,3414.594586090557
80571,21002.624181652765
78015,21356.595961684074
83392,13125.557991520953
82103,13567.085966939145
93859,22210.04686718218
76290,7492.130025219767
86539,5942.753169608557
81288,18050.475483806495
103599,9262.668605810182
90430,7788.400029878415
89392,14717.398888859818
98963,2737.9706077299757
88846,12622.177547721083
90966,43359.86856186768
97360,7676.280699096715
82496,10076.300082738575
96630,15762.890025581972
81712,16432.608089970396
105871,15154.28898979548
90926,16188.799391892082
81443,16021.386916013415
98173,16001.259114301436
90309,4879.557896499082
92444,19909.855213741597
80136,23664.06469584569
95739,15698.975223671689
89153,20192.471415843447
76376,14280.199725658189
80884,14941.79988349563
87395,16758.87633906155
85338,2991.5276913189705
103345,10714.688815009638
82351,11250.288574242088
94598,36016.138468859055
103500,10636.86922930692
90717,7306.110209442061
79512,16389.882130064616
82283,19699.505959497154
85192,5302.5177020355395
81490,15415.470187702469
94793,24128.157415748843
97046,18070.296600343656
78567,32496.286107252112
106928,11694.159657723172
102478,8106.169436959211
99213,8355.356130336178
101949,5860.951332114759
102151,6340.140618469272
82627,11393.40698351909
90239,7543.529894647258
91840,24724.00443550973
93782,44868.71100876606
97384,12407.938844771299
108322,16264.88342396862
97638,7075.132403455731
101508,17720.67530922521
77475,28011.545823302775
106194,41717.87583321853
76651,18730.365488035324
104133,23413.739116241675
99030,9017.834485789659
81824,19077.146864562426
83167,20828.324885612576
92274,24703.8198201313
86068,10367.89604360656
78912,15738.599473937284
88363,12767.069258477024
97410,11039.263821039736
77823,20957.410880297113
98879,14634.506997562905
77043,12052.110545301519
93902,18091.75564930291
82757,11732.784241248817
90417,18684.500917862017
86645,17769.72707568848
105708,29861.95656796283
79365,21761.205570785696
93456,23509.761072049652
104676,15504.277024902965
92775,22180.63085245949
103789,10985.96909096877
98176,5610.3958254189565
101278,7721.20963313805
86112,16680.39348145669
90579,19646.0822446984
102615,6666.538675774996
97093,24395.744685766796
84373,8688.065709492872
97755,12318.532492175525
100097,10156.166942167125
80866,19945.553056970788
84693,13592.16108444774
103077,4190.378563530988
93079,70599.96065223603
97533,27365.762056285424
94217,12017.39740069125
106019,25727.008735733478
107836,14627.13139588007
84471,13014.195084840094
94600,24275.043977829235
94349,17726.265890478327
95132,27137.922128842692
104772,27234.48151744112
92560,17199.3390377658
101638,8179.319597840223
100523,6516.035638123541
82090,9953.089099225943
95816,18798.00171377731
88689,13113.009622318468
82540,7829.323173203655
81643,13676.543891699097
104880,15315.452161002944
84922,20835.98384499228
97849,8614.17666603917
107366,10679.082278997059
89303,16429.288449208245
76547,43847.97860813369
105055,22631.972835408655
104312,9044.086418645918
106500,28196.510248280527
91096,14317.582703088885
92671,19092.53468900196
95982,18780.646233626045
105012,9803.238105592454
108232,28493.81555230896
84668,9700.30532596642
104903,15857.813406069312
86487,9685.010365329557
102860,5056.56781577329
93205,11639.089207824994
78221,18298.78270505408
91931,31916.261523724417
81589,16260.498800099102
106873,18200.770346429097
89482,13796.911481197216
98459,9045.718132254719
97660,9542.836530292623
96409,13655.786992841242
101480,5344.253275811631
105862,3224.9468727674375
90363,11076.677037106843
96433,10680.466947303681
76970,20962.349712198695
96689,27465.578206783837
88899,12035.046248223784
87559,9503.977957011692
92908,27493.83078476927
105211,9523.781241121209
96729,9108.485823761835
95854,20612.759853540716
93767,15351.241643318486
90545,13564.218175640332
84005,7616.820773338341
77380,21297.296330069854
105877,9837.985394759147
104706,16215.206483420745
89994,9048.239510363359
90227,13967.10065592427
89814,15630.829885696789
102539,6074.163467932992
87753,16032.949015583463
102038,11375.194164330404
76666,18621.731267196043
86698,4752.7651333813
97368,9483.378046418373
79416,21402.72336472468
85147,17211.444098387434
80148,21715.3137061549
96579,12305.901586777698
89817,9662.539951351326
86431,10187.607815175665
103566,3848.2401837103594
89355,9265.01061242039
97349,6794.307341891953
92618,22330.568237117033
98595,14129.658356598477
87502,12118.189692900776
107954,12058.537073518868
81470,34853.6953646782
79848,25065.594682711846
96373,10636.402339113449
79599,26499.05661362481
101454,10621.553570686956
92802,24034.33915064144
82725,8587.282432684926
81084,31759.695841634668
90130,14396.929598825407
91985,13089.521725110419
79528,17891.280407521015
86359,12909.482118665348
95724,20053.59264788984
102527,8500.962205731967
87032,23464.526283600033
78499,13011.705610517325
107980,30510.18689982399
91005,83990.15848919148
100196,18863.580020632064
102797,6772.692550406682
77141,19446.30804253964
92109,48735.975439087415
96501,19538.464404215814
83865,10983.027492294868
79122,30262.598874296953
87979,16352.43231331073
93237,31128.335114902726
99104,12683.079965243549
95095,18660.507415059088
89412,10499.098663539939
77440,14395.319803844908
84127,6280.3549291080735
103842,13460.816576754529
89806,5397.898499820783
98894,7603.216577406803
88126,9442.78334553649
92809,15977.853179497186
106076,13384.62666322813
80110,26519.020344221914
95396,18499.53418734832
103003,12936.63256728488
80123,24688.529941448505
82441,11729.75418051227
89990,20342.608121714697
92936,22032.117300622318
82544,9062.648903981984
91339,43720.48341795658
103929,10186.910524306151
102389,12946.77724337076
91128,24599.223253226155
89752,7431.169158057917
76840,6468.034708125274
96514,10895.716509657132
98706,18021.553524492218
107602,9835.072870184133
103844,9782.572820055297
76375,20287.81036271664
80401,16198.98868002386
79030,27813.046558338312
105766,9903.95331709111
83033,20800.752010546443
92521,14187.5776767908
90836,9883.084784277009
99168,9487.77400395712
86363,11586.892562028082
87320,13272.921231301603
88185,8936.043371810589
79290,19995.186312188638
88091,7745.446266363584
83838,6061.628950848212
88099,6674.838454128332
82824,9698.999748473023
94204,11020.460974762445
107723,11732.081866372144
93691,22438.97421419204
99317,20952.327266281725
107105,12547.874360250538
106351,20997.377124026494
82970,16664.60508769463
107261,8119.079212395312
76679,32191.60759915499
79464,17505.949311057284
91312,28812.563843226813
80546,27536.400824231994
89220,9852.024276130463
91796,27284.607146463153
106360,22904.807170002005
83027,15176.517932691997
81553,17494.516328940783
79124,19724.583958225587
82590,8927.562061345112
107515,17755.19380476664
87964,5826.106663018606
79995,17496.368406341116
101022,10217.889720364043
78580,29341.03708594014
97644,6788.794855808981
87603,18864.874273584148
85091,20263.83556806134
85155,14913.357570044243
78402,10776.755805667803
92603,29213.456334737006
79788,20191.32055850199
107769,21182.380728822714
105117,11931.076347274236
94619,34768.01751767211
76808,21077.245981744687
89229,16153.409177907504
102592,16369.659175988967
84597,7648.109613743017
77146,30669.06370719003
98794,8167.0661405895235
100453,7211.766012798341
84075,13640.700425652574
92090,28575.636688027058
97646,18950.39541147728
84071,10797.5292671263
80924,27282.258714579522
91167,27621.98660329007
92607,17896.697212568928
99654,12275.356261551125
108195,7148.066003452309
95150,30543.890782440136
99921,3774.8933252721386
83768,22378.312399034516
106095,11505.039775998574
79380,28693.648275323627
106671,40593.950438395696
91757,35583.343478608076
84936,17585.526392417683
77970,21917.73541995376
103327,7405.657871542428
102169,9560.31445755777
103207,11510.7111770713
81602,8558.337557008208
79975,37391.46575312857
102385,15474.035659151978
80726,26534.387845405578
106953,15075.037145442273
92929,21623.66962837427
96553,18203.235030307886
79654,10044.359292146231
95376,19980.112793654618
96667,15920.276253468035
83421,10145.419365641137
107579,15012.173025903896
89108,18621.63858866221
79958,25658.376042735974
101980,9237.988766289542
85178,11326.242204743428
100898,9494.627583992926
94926,12466.53631513918
104484,13155.520650880271
80250,35572.1708476867
79639,51268.78388309492
84385,9274.630164426148
98249,17246.20972368605
94803,47755.17762561609
99178,10978.0990789757
99706,21315.54645217336
82493,10853.9438855852
105868,15069.988554471827
98807,10024.258337814914
95529,38877.64123456584
93580,26493.841170618893
91437,35312.70234508407
87804,6217.89629972271
92901,19760.35999403126
77177,34537.66808886645
78856,18135.701120476075
84586,1952.3073401792658
85230,8743.327731047524
83215,12269.644572956171
78610,16653.506738588098
100081,8184.733076061456
105716,13534.643475506158
95022,14948.749399377017
94225,11772.05795718469
106371,11110.476528855337
76850,26361.84167082962
108514,20768.494999291153
80352,47267.12406265198
87930,18338.169660611034
103564,12907.245043216242
79881,46120.582139005826
86736,13609.161245073177
83661,17977.697163658984
98853,29042.357574171518
107158,22234.56430415145
96809,12187.643159950578
84048,16121.407712823137
90608,11134.935727192107
89134,16705.190736128672
99321,10024.35122104842
82452,23492.611835523243
80684,28015.4105110712
99699,10427.958357888992
88449,8502.778821912854
76962,20088.14524442333
105626,15474.275001676828
78655,30868.771030346616
97115,6021.029384735172
94865,15642.103579692834
85675,15918.558183302257
96671,11408.596191883766
93365,26132.53592430914
105188,15619.939439980011
97713,13856.455280791413
98996,9103.808625273707
98329,6387.568609806014
96091,10630.40323115891
101010,9956.315080690825
87169,17470.13433348308
83760,11663.366231775293
98511,18533.160368540804
94233,50640.105763390704
92072,14101.903921995108
79796,20195.35986570729
97619,31495.927642253107
84419,10964.165608878879
101015,13560.166504969453
81132,15932.441322502407
105597,10260.71286607359
99139,12748.375782033367
93116,19316.12976910569
97838,14066.104793561053
76627,18980.83546708492
81785,15462.8771798631
97645,13242.88137109489
78865,20055.64550495807
92152,32776.5194624432
106432,27132.8103924041
81609,23592.53645627416
85585,19011.624429362306
79017,11520.90297787413
105666,9321.843106894814
97664,27760.134264464148
84418,13553.840251228155
102163,8946.973338075775
99675,6817.915193642924
82132,26920.05831400917
89488,10605.35580849257
95516,14625.90925310109
88542,8597.687890337855
81995,16312.95820580214
81065,17224.48889217063
89542,8028.901794830572
87184,22358.2051579197
87194,17440.17100306883
101981,7342.077010193211
105620,9219.199462581608
99094,24043.26425931209
101950,12512.457867608442
93488,31080.42211803126
79632,21855.736421885227
79299,17479.507310128636
85438,11393.902361448041
91006,57087.82368306994
78636,12073.483575976888
98590,12585.449950009128
97735,13104.629913244395
103694,16048.979583368025
97890,12023.607103098271
87646,5969.814346029665
107953,28268.139967852065
103882,7472.566561526857
77900,21324.416884581668
101991,12113.963080902024
90105,6539.261063322128
106516,16668.51320636278
108415,9416.68953498179
78853,9578.006628038494
98196,9637.975841958574
95738,30062.342518628207
89535,20494.334129565985
85467,11472.92770482946
100920,7532.454461305633
97314,9591.226553935718
103461,12430.40871171845
104907,11089.066524392683
92168,21491.72814023804
98077,10623.997131959935
80593,54237.66332778533
76915,14265.920911721141
106919,27272.994605444328
95592,32310.832219848926
105772,8697.006225874404
95614,13661.369879716001
92550,7650.492970527498
92495,27143.913346407324
84341,12172.238059283216
84600,21663.090273128426
92665,16209.83837661996
93922,14846.119158493268
88129,9349.790895950946
82700,12718.272267368893
94492,14586.610683091174
100974,12583.47927536673
106554,11519.609151614775
107785,19606.1691695134
107443,10571.671302037248
105470,8568.74637098467
99750,18788.49345458785
94633,20905.15971257032
99429,7384.876140655634
88790,16413.051374047045
104180,29460.836781214457
104589,31626.863858355184
106704,22428.947977585907
78596,17236.883800339896
102083,6914.525312460283
84507,14652.615680331597
94274,22637.706988009715
92588,13678.866926939136
84344,12004.5613956901
99818,31146.318864111123
76710,26567.909228651748
107923,13067.400496505512
100470,5870.080431695292
102211,18856.543193250607
90030,5054.326041898944
90852,14778.701472373778
90222,9748.912866666486
105952,11967.169681566822
100876,13510.310936005726
98062,13280.315900502483
100478,16094.858349856362
85486,9404.73814552891
98292,7776.4828084039555
86160,10576.654475510917
82468,21584.181164827172
76728,16081.476370260283
97277,20355.292491149008
107553,15829.577808513051
100325,9503.458903977302
91775,36920.558487975126
104326,25408.193004223103
102909,10994.23171470602
82173,27757.16720846803
96281,9648.041371931555
92426,16275.579012313185
97724,10917.945201418634
84057,5551.899193959724
91020,13844.335392795174
100095,17060.55611435895
81655,16704.6699375356
107220,9928.76020093379
91626,30732.292512932876
108469,22696.654950193744
94037,34106.17985704398
83530,6035.738859211012
84542,11346.318957249969
85634,10463.023275289052
91707,48324.95645842935
81934,10395.169880245154
94960,8884.849161394535
105778,19800.88784715582
83841,8265.243660790178
77242,32951.98301835629
104694,8997.75606390341
89706,19889.30634468799
88670,12601.770704279852
102492,6027.454417197304
82971,12674.277029566845
87256,9755.367300255759
84642,17343.326509060822
107437,24941.52514713635
94640,15336.479304528822
96089,12422.064699448865
85018,27594.874905111465
106576,22400.370671444303
104158,9982.264328035557
98002,9173.817075099292
108045,27481.21802624424
105890,10238.968215535317
103298,7768.848559456652
98977,30683.48048758441
100431,15521.560275176325
81100,16150.323313074327
85300,19619.49679355455
77518,18597.69657159827
76712,15654.400097228898
87545,8886.950091172217
86848,14988.836307898451
77647,27352.96801073259
92094,24270.1698592293
78540,8197.412875478913
82957,18489.071217900204
82768,7732.951358922135
95875,14862.648212966433
80705,25537.399528719237
76746,45946.35292302439
93222,18783.765579170064
84494,10924.088477804651
97557,10786.511101852482
104969,20475.117578004247
92998,13208.320318720796
75991,18253.43710322521
78217,17765.699747235805
79176,41566.29318206648
83261,9755.506244542043
81177,24147.273609297965
89681,9676.120217282849
96968,14398.053618643684
82896,9014.631005706093
108357,17575.10453534492
103421,10988.28661791112
87971,11007.617085476839
87170,21211.018362579103
89941,24043.143436142607
104046,21102.165579584707
88894,13290.902236651149
82638,9771.864861640972
79213,14565.088017076092
92902,24792.46762592019
79282,16356.914699566256
86331,12137.324027637167
76336,31907.264708583305
96080,10134.74656828301
86990,17363.11392811661
87762,6251.025164601259
80699,22728.392796373777
84711,9731.285164422454
95297,21205.291380817842
92828,16790.58276908703
77614,21123.63982068785
106565,13026.895927117013
96874,5919.81652297262
77145,15525.222751499288
80473,22925.452901303695
89438,15938.837392574946
98442,22434.434266742264
106213,20312.171896897646
101442,12285.555119738368
79337,24645.268607371167
106021,33470.324485020275
88638,7690.761372313995
77383,11045.583570780766
88452,22545.995659914457
104464,12865.58594367102
82639,10873.255586478901
87305,12116.796870865546
93172,27098.819619197144
98857,27995.0483189792
90873,20792.259029288085
99679,7861.39053646219
78104,15677.319143875007
77770,17597.147056030717
91351,9888.479196825083
83700,11919.670533422108
80548,26484.501956140066
81163,17205.717645718683
84140,18928.383739504574
95479,22764.363411174254
91705,26326.521979512723
97722,13000.402089143905
88383,9944.919001747961
96632,9597.942403976256
76496,13114.626306416138
79062,29611.506239221126
103519,7646.39273726277
87592,8193.221868690527
97668,19639.687693718664
77969,7972.000436226956
97610,27968.56167654458
93889,20651.332984437075
87792,7484.204037838499
95078,21336.782814328588
87575,14450.694224088202
78804,15786.742241922124
84242,9125.675469820515
83462,11136.206310384297
102260,10216.580763508462
102635,17265.434869973236
104460,16887.467764532594
100463,10360.727806176967
77272,18960.950203474655
82246,16725.722774869366
81472,10883.267271403969
82420,13996.811414186808
91586,26493.841170618893
91099,20135.000872764933
103536,10985.6210271638
105169,13172.302652429486
93837,24003.046736572807
93958,17504.219011027923
86124,8468.118229587846
97448,9251.30054312851
83040,7591.715904986262
104713,20160.366948444793
101549,10588.603817870324
96018,8338.80783736218
91089,33576.77493501252
105130,14684.047797157757
84720,9585.800837168483
97182,11969.350983515818
81653,3010.4403334331446
87522,11221.917549429574
92754,15271.331728982354
77510,8964.195482366136
94863,18904.438385048532
108414,12005.477851855041
102393,10496.420747994074
81528,20237.546267948084
78983,29929.3982428544
98051,15095.563545967127
93080,18872.827993741947
92657,16385.153962429573
108070,16388.971663423497
96990,21247.332140518414
83301,17166.948820466165
88459,16226.668483495167
80158,25283.265410617078
106913,29633.86334542246
91119,14389.370708563805
85522,8763.953990104623
87469,9442.78334553649
89620,16814.7063415214
106903,5892.481013691776
104183,13730.09762261187
107015,17302.19492812291
89120,10948.922881313654
80555,28732.06823924682
107037,42279.67553092934
83340,16703.78620433326
86654,11444.098266129256
76116,18847.134678203147
108208,11021.45353234177
99790,12974.827837278046
100950,7981.31427776024
105495,15861.316357234306
85317,13021.165901087345
90114,21342.11295995235
99322,21828.150662981057
77185,23830.190294084972
99412,11068.881582533477
100021,5166.530267447821
106020,12383.340080655058
85234,16413.890963032747
90059,24951.801433960878
106902,9776.681556441034
106871,14767.113469644473
97784,19188.14089855027
96140,26257.16315744429
103840,11605.848125343298
99573,9692.56760662216
81967,16342.54686852314
96124,6991.130310753794
80245,26595.894111908263
90896,34727.487827535384
100257,6770.546762757754
76759,26989.96830594726
87022,13828.42062357278
90758,15718.259076537353
94073,20140.594340450596
104837,13465.525334292895
103025,9892.092988471095
91765,25416.84460268867
88352,13949.876285626313
83826,15698.103110599784
106648,16136.273126262042
102967,16799.869025104468
88989,9838.327682393734
90846,14900.155295646708
90232,12213.294445841724
95262,20860.25268906842
80599,8274.551016739711
93353,20164.748451577463
100230,9927.56230522344
104516,13364.654516607665
76127,16040.164515131384
99603,9913.495326039816
87441,4608.906541965212
98607,6755.621807035022
101385,12444.407036619747
84028,15340.30623704695
99900,11038.685518024686
97880,31073.131204848825
103005,9652.099179662779
99862,6888.276044619822
84899,7085.435911303254
76129,26530.94953420844
107674,27186.478426391706
79058,24804.685229915787
103161,13401.836975934197
77525,22417.82859194779
89366,14595.688197082847
76529,20340.906430344123
78121,53180.589878935694
87960,8515.64426676604
76468,8989.958133746894
104029,16906.136550006388
78294,34908.90013157514
93269,48072.5855365522
76124,18707.68922694947
107551,18772.805172046086
103953,12404.891804764135
103212,9771.09253008485
77337,22713.169563575153
94095,18919.05468835835
95358,23138.450549436133
94772,25187.5346771338
99318,11021.77180158484
96569,18764.749093799997
91669,18441.765824097565
95240,20143.328422428192
79693,23108.65258991421
83100,10712.673452361789
85506,21145.64728784204
93245,22210.04686718218
81444,14638.046178750645
95558,19150.09991027027
105709,15555.636200964203
80796,21696.044270875387
97061,2804.7602536907807
91452,22785.435818784823
88626,15984.707754934556
92700,35137.358940954466
80109,15363.251468010107
103649,11705.614702763298
95545,16119.368331029087
96879,21623.345072371685
94580,10887.467199256844
88361,11865.590421060086
78094,24341.788193482982
82831,17233.196235621785
76965,37609.42027096079
89246,21618.304800572612
91844,24713.943808541815
92122,19641.076732882593
98944,11256.950812777672
101088,8891.83661376784
107119,9879.027631636382
91603,27919.334274351764
83339,13709.618001690062
105408,18381.869529402753
97091,10162.741496045479
93822,17297.922047126503
96950,11574.820463212678
106461,12603.799409239586
79538,28225.40986906074
81813,27036.705571027556
92640,26595.559713099574
107376,21342.610218794754
88834,12499.417224447056
98532,11715.137786008847
94957,20774.106678294727
84884,12993.941247481293
80124,25392.80838754258
92048,29558.999422368845
90244,7077.674023925588
90103,6239.738404719468
108009,5074.068675574182
96435,7547.119551167791
89475,14570.254749106534
86286,6529.011859577456
100193,8563.70072293914
99733,8826.948770585128
100561,13021.584317129253
98626,7396.642758395945
89177,9865.595104999713
80294,12176.878493096574
79134,29531.14845844799
78603,30563.004698585628
108528,16219.660166152693
79147,21043.44626531381
78538,5331.425601558347
105042,21575.81497576219
93560,19098.32155196364
107122,12398.501653253903
107336,11897.06715617207
105831,18682.950874700564
92973,21922.79542977312
79087,13707.584405581889
86806,17176.48700053402
98787,10258.0424305658
99838,11175.567429465935
105442,19274.209772341434
101659,9794.777588622035
95085,26257.683054595902
89893,8451.323870006054
100412,11228.827824700891
78433,12238.259976163934
90887,15250.281058068964
87783,10479.296970054998
105572,11567.142639023517
84065,18272.29995972844
93714,26853.90621978347
96148,11455.097965698247
83771,9077.533982266154
84970,6621.451809411182
88859,2962.3270725916145
104620,26356.839142799017
83749,6794.099790220376
90174,8473.323382641536
93947,29349.640916204295
91462,26189.776558566013
108075,8564.422854448685
79113,25605.29387246034
88445,13864.81573656738
81311,35077.0622949979
100633,9722.622177268504
92904,24603.302827426804
83091,7545.151472928699
104657,16956.096524302593
82910,22593.449322475004
92383,19234.625121545727
93424,8687.183929536073
79891,28452.712214443614
98961,8762.173376847084
81502,30961.65997715041
99035,11965.63187271764
81371,11741.924557261062
87333,11365.911797941002
90353,4850.0354526111805
93258,25488.89317681813
102053,6997.170812338014
86713,8726.954880632418
97203,12512.106511937409
92794,22005.300828397565
84293,15793.177872270806
91672,15606.762947854235
87085,9732.741849271824
99300,37173.15970824419
81242,16275.377498384123
77834,49507.97934074704
86864,15698.103110599784
108332,15729.177755255483
93461,22851.66936251235
85198,43436.178649454596
75974,21103.07202112809
78679,23658.157642327587
97060,14705.57421361316
89300,20610.03585765442
97682,22074.149298248158
86664,6535.050643082418
85169,32091.1206583817
82930,20680.44968476178
104583,20211.62003766303
107212,22114.570492881587
78128,19288.792691123184
101395,13877.41737061143
79984,14326.62848313753
106844,13874.222705227889
76507,14879.95991307598
87935,14339.544232060949
81796,16457.904523634927
92942,19082.11893481906
87848,11544.30976086355
88325,14952.396814636428
91296,14140.932545102258
103415,7039.6229992303115
99038,21444.560715267373
101080,6946.633854922221
102789,9446.938736143276
84656,11205.113617264105
85716,15564.438635174376
90233,7796.333679023744
91097,25823.426427810846
104466,13658.096443964725
85061,11611.461869172697
92535,22058.99983973173
82437,13944.553068098478
104845,9843.869900134487
99353,13904.101166664736
94273,47137.893305647114
84080,17185.128570528486
90877,14367.631731503889
77883,11564.284886446218
106394,19030.561739982568
103042,15637.342567916969
105388,15285.814202453774
93490,16451.396368866255
102852,15432.571341337474
101859,7717.838143424885
108113,15397.216674658453
77290,33008.79676487347
80341,24191.502859134587
84286,5835.114339759495
96187,21221.869261978027
100716,9580.026018905859
99682,7104.487946680248
89827,10641.206776273471
82053,10806.415391815566
101135,9797.561310354675
78574,29479.094763495686
82541,16398.618446617667
94530,32774.996523432346
107277,16372.752345163852
88719,7721.857570389089
95962,28545.824471378324
89249,10696.590017235565
98786,2976.719713490655
83968,2906.1554654426077
85115,9386.758729807469
79741,17496.368406341116
81050,26694.44726547566
106955,11428.295469061051
85572,12995.874590516556
80604,33193.36439405058
106115,15922.837545073302
76213,17416.84474247158
92026,51047.16136122066
91397,18018.660956547443
105916,10482.835782859416
100938,15866.734685984702
102187,8193.474161932074
87434,12078.496507692327
99959,10623.623011689695
83438,13244.66207348329
77840,15601.172926460136
100930,16094.858349856362
94925,18200.364795585767
78494,15129.321312766968
102418,7611.221436448383
77793,3390.77401288533
78383,25573.60895266369
84216,20850.73232450569
82610,7560.975994851333
97544,12624.301013802378
92549,32922.025575775246
80538,37561.50025814039
90890,14015.159021260504
100299,9854.692923439761
89902,7238.931364903559
105561,22803.574119590394
82364,8382.98537791281
78091,9164.698770204275
86023,17339.37847575162
79752,22036.08712194206
106315,10467.055236108674
80934,19595.49320749723
78782,29463.049950516885
76471,26985.283836223043
87418,9897.097585703923
76891,28030.650987658937
102628,5257.6259041656485
89363,9043.952292017168
89237,13949.876285626313
80257,27182.585876613295
102857,5614.3671728964655
76201,41864.42259165204
104887,8725.82150009063
102310,6516.7798928127395
78714,57212.020411930505
89302,9872.441157363448
87676,17312.338668165845
90321,8701.232141197192
85244,14824.552018867185
101913,9244.817741962883
87086,13305.720421430799
81974,28309.788281956764
98075,21373.238301361693
80870,18150.41955442822
81556,37912.74424369791
94722,33336.30824919429
83840,10648.37511115422
100809,11551.20385918423
77101,16512.069237465403
102172,14042.61442654645
86373,19547.27015166619
77540,14707.754269901841
86271,12641.645482851576
77679,26896.634259943894
99807,15317.408700512575
79126,15211.509147820996
86337,13489.122275462752
87496,8039.661289793126
83272,16390.91397783596
103495,15781.100243276409
107915,27352.173664035017
82213,22024.24159524496
99461,9663.84529585409
85797,4952.791685346182
78898,13401.262900803455
86463,18555.785462708154
108138,22114.621017517602
88417,31448.14104293448
78694,41489.65588524591
99802,9245.861456187155
100250,16065.555505780903
83482,12477.73404016864
104457,11494.012003426444
101415,8709.886539520396
101767,15461.943259785201
108250,19189.319711284654
89772,9748.926842163719
91127,15722.006865860476
102887,9832.372619909478
90756,9521.461295469915
107554,22327.69808611677
103731,13506.324304343778
92317,15830.659603469774
86805,11731.961602257532
91722,26084.213274602418
85026,27361.905312687566
77478,16506.371533908827
82027,23272.002012720204
102742,14160.063823648621
80198,15120.46951006709
94907,22857.08903963577
106738,9508.569219509207
99797,6649.374625921981
106456,7092.680354046911
82741,6129.602109423103
79172,27973.834753790306
106696,13765.34720299526
82422,8194.440922104308
83924,11005.311807859416
90599,9608.06006395337
108095,21552.51251869447
91777,18209.400620396587
95001,15317.643678854045
80408,38255.709288587335
87330,16664.60508769463
103361,12905.976858368223
89641,10432.299840860045
90618,14031.854616783745
91679,29172.4157520824
96844,11193.29428684118
94418,21998.714139001786
97002,18371.241602977323
79748,27963.437777824234
96355,10991.089284100768
92347,15988.083165827016
81569,15409.572422292857
106924,30014.93807716443
85270,12522.638678580735
99622,6527.811081765758
106843,5009.687204583794
80147,13526.116789704423
102181,4985.6560659973275
84710,7537.934860822366
85189,11366.788740996233
99281,17607.526091821408
101130,9704.197580507684
91554,21491.72814023804
86116,13028.390655206604
106899,18807.796976256464
84516,15865.39250378993
105422,28915.243174458727
76956,13409.625826225272
84006,7597.790814513919
81453,14505.632371554097
104850,15715.693644069097
90867,5805.46063704941
97154,14315.37383439004
102088,10600.734031680731
96019,19892.640283583132
100300,7391.796298671891
86459,13632.016015436333
99304,10130.679020851572
80630,19244.24771785958
82387,24696.362130516005
91359,22171.364623488986
79123,11705.831534679297
103324,9656.654323439563
101086,13246.851796353032
97170,7915.523466845866
91834,10196.66897567699
85238,7240.126325476439
81942,11540.459228016874
90971,29962.912872871686
87864,16855.009890557816
95296,49868.386641281206
91427,14086.579725744665
93697,17471.78604786531
107694,26603.517857568604
77364,20551.24801112148
102144,5664.953679425768
83410,8712.624883548342
101560,7353.8596696966015
84775,10909.291570877209
103879,9332.936700941258
103933,8199.060184576116
76344,15600.776051612153
82119,17753.99031057698
102130,10337.696386047544
85748,8615.813552404294
93769,21159.328998671812
101775,7387.827544558546
94613,19697.46901204348
104021,28657.067278844363
98175,13511.022926930666
98477,9945.630914103815
78185,15918.230993067315
81576,22240.576922823067
84854,4807.258475833382
98361,12521.594197253364
81390,9727.877332347956
80911,65701.19645512702
89407,31364.74095024226
95981,23005.857632419848
79131,11610.563172960836
96624,12418.226287271124
85131,17821.943694996575
76436,14586.74811920277
94111,16553.429038341532
101518,7951.478507879377
76588,58344.34425427419
82353,27725.63049275726
96186,9688.488867196284
92735,18138.436031757385
87271,16280.121282013097
88968,10599.448995396413
84154,10115.773304165623
93692,28061.699138714845
89484,10337.709960294256
92547,25868.884855909244
78689,13662.003799015793
102058,8446.124329470265
102579,15227.152006087274
105825,9890.21091178104
96154,17148.691913660292
102183,11383.756018406897
85976,8521.458540926007
98679,7401.122607091616
89612,7705.454691515511
107988,17992.627491663843
83362,12327.419559520642
94251,18769.493363907983
97018,12373.716772523067
90329,8908.77519249644
104604,23990.115955050107
83742,8872.338574039788
99447,9129.877468319075
82194,16473.24413018175
108351,21361.967254703894
105314,27890.59486233209
97351,10726.130921446183
105861,15538.545051975716
83010,9013.970551543442
91447,21916.958008061276
87619,8921.20786405359
91870,19561.856101379213
86543,13275.240272034835
91484,14035.96982637393
100659,12757.514336725022
104491,22618.012130009265
100779,13188.774367184596
100935,10165.854606880643
82331,14767.845204227458
105140,25176.9405813407
96349,15126.748250373685
82664,19297.392452591026
104532,8721.479480679955
91854,26734.859886027498
77003,18885.543733593007
85137,6549.015749330907
94577,29310.182870502744
85461,11268.326139728984
77550,14531.93691033031
99095,10312.315562595042
91832,16051.72342163852
85920,20829.8322676349
79766,17862.141267078932
103839,9385.323152382021
98167,15774.69933218004
96684,5176.813370729505
106982,8228.324480152349
93524,29540.287555367464
108310,15182.13104709237
106569,12498.444525569976
98088,26048.142646266715
78890,18316.919582450642
81559,17648.25385449516
105178,19658.218328802974
90578,9374.840608830207
82299,21604.96176396729
103885,11497.840918868698
77488,12087.19761282934
96669,24398.457197675147
78344,28967.2651171973
79405,25892.48580049684
94620,36936.10601812017
96836,15502.839831632262
80212,11680.23124389726
95746,23880.52585459616
77363,30231.259201553497
76866,33834.32495688376
93847,24599.223253226155
105175,27883.61138275195
90010,9375.399581753843
104429,13714.856950264033
91160,30104.305041456275
78906,14334.958424101264
106414,24517.042737151103
86910,10725.644261824491
105882,9716.906251272534
107238,7558.65481259153
77102,20600.245336860124
76704,13062.597407613517
87083,17057.760129369228
79057,29113.65400240638
83270,10356.026182728821
80561,35090.94455155396
88469,2778.677693646457
78768,18499.85431874768
83574,10973.871543854371
76771,30142.838004376372
98589,20411.187502345503
93091,22210.04686718218
108358,11099.910385563217
94601,24603.302827426804
76151,15857.856361372476
87442,11801.261980396343
93531,21592.174302994434
89771,15042.014030767847
85803,18836.53610748879
93147,25002.371522217458
105196,10111.112915615771
76171,28311.52293241188
90616,13866.063616449572
100032,16505.888910125388
92905,38916.358339866354
95696,29261.237121511065
88913,13009.00950401844
101504,9730.293896282341
92241,15255.57963907409
99822,7270.692262533558
87745,9812.876559755086
105827,19231.073511625185
106620,9395.71782649339
93497,23251.412538911543
89250,14092.079130014263
105581,7791.791332255683
91076,13424.2603410503
83506,3777.7459838631357
100635,12592.193923587849
91828,41530.40999379822
76039,14535.21010990039
80685,11370.327909781814
97571,25010.61861142837
87425,9826.916656548536
91662,22831.513690400196
105161,20526.233120002802
81006,36949.581632364054
82888,15594.23210116743
78545,22554.091040467698
102922,7385.6551066586735
96198,10625.647844713125
92979,26044.73490025208
105623,13047.996774457662
82195,13399.326400619215
76760,16579.438132144085
79305,20667.76990960266
107942,12989.972067863204
81981,43343.33605779918
100135,9927.56230522344
84307,8601.391149519799
92628,26438.934838859117
103304,8039.201788181859
89421,9889.314791659648
103645,11220.487883208601
77164,9257.123814763712
88451,17970.892218267425
76488,19403.850335776307
92835,28219.48022475974
80449,12580.201089721844
97408,21651.85628559953
99256,19728.13331991297
86205,7762.529118149865
101002,10421.28114790343
93390,16281.867221506336
101654,7500.872000169404
90595,8029.347403968025
94955,25315.98276266418
93871,25292.417925407226
82164,27449.719476344922
99373,6828.443264698882
90148,20435.5259390267
83210,13489.122275462752
81726,12374.182595591692
78041,21710.404447826215
106229,8239.127853019809
84209,19162.400167239495
92225,27442.68537517521
91878,13929.003383272697
97878,13585.145034796193
77435,14595.943256543718
91180,19139.907499966597
100272,8066.192208063421
94228,21167.16524438145
80549,14314.776336462859
99566,9230.300004495548
85829,9663.025188409018
102693,10288.15176051046
83322,19230.88896994412
96980,8816.459523252495
101844,10278.357156851707
80791,62301.15430189392
107384,13788.513728661494
76193,15371.293786549739
88605,13244.66207348329
95910,39559.624601980904
101217,7848.438428574449
94833,16505.595976787645
80221,17892.099879379028
104479,7669.650040526779
94405,34116.55107910532
93415,15598.829466043557
82460,17862.937852521074
83009,8096.224783156522
85429,8426.321152257176
106034,7153.381357721438
88406,10493.263402910008
81623,28067.929208311143
93605,30662.419396432513
103670,16065.555505780903
100409,6779.413370820022
107237,17703.972888651904
101669,10656.13482131391
78854,50766.89230749813
94034,24596.490956291807
101096,6410.478851505635
98417,8176.588628281996
76874,14753.781708187926
94954,19996.67620380763
83137,22217.516002120326
94653,22589.488132223512
87567,16318.872373469154
78154,13377.553062929626
84461,16303.934483125207
85686,10924.088477804651
94342,16844.293056193244
101392,12309.588700278331
84192,18204.24023502811
106701,12355.008456114077
104013,20728.25253644107
82745,8404.36841042205
103973,6572.201415250965
90409,13502.544229239413
90651,9827.58984315616
87413,18891.11781941419
102121,8700.472118986212
92145,25713.53881698676
107141,7507.487367995238
83230,4771.341974992333
78553,5010.015926633267
83939,10162.746888917225
104875,18804.282292169628
78129,34933.25711365367
80313,25221.56547062944
85535,14880.780724734479
108311,17152.58573177914
102292,17007.040563661372
89716,16227.34523703898
77046,72138.79388294519
97611,17149.651574915548
93038,21042.298857193455
80503,13859.802963144439
79132,14917.286655654827
103759,7526.63466507467
78960,18785.16573004291
97265,20030.35273761637
77855,18909.148418345623
97371,13060.260657120734
94297,15024.232924540565
95653,6028.174738389907
95891,24988.613798807914
81947,10929.59147925265
79702,13125.391125983633
76463,28298.590725048965
98065,8954.629125120056
77154,27974.144492336713
77348,27815.83946364237
80987,16192.96061830868
92207,11225.173928616265
92983,32774.996523432346
80731,12264.702739585759
86277,19274.87919643734
103051,5781.7124869136915
82013,19097.064078677427
78814,43914.42147805219
80153,39992.49567574209
94618,22019.694982395893
80059,31013.721059510317
105557,10097.45646069914
78860,15806.080441706088
84849,11074.761342541682
96896,12282.549469115642
88244,7812.097658748015
105984,15470.147793717231
82644,13108.97363514984
90970,29008.055966027838
98810,23052.35515397947
85184,18665.575247970704
93723,47555.77386576881
105049,10118.551854787287
88554,11334.041684970129
94996,16077.113633185338
107689,9784.206841183217
81575,42902.78285083504
106988,9789.49556325071
89894,24147.609011574586
81703,16847.410322716514
90718,15095.21995901604
99561,9750.256428377183
81269,33565.67852510978
103069,6208.840658562749
88952,13178.667063990513
95295,12914.292881433083
106589,23861.32118271498
102918,7995.185346608759
93669,31508.53356525103
86144,14017.907572925455
98336,9223.548007769712
96891,15494.96765803211
98576,8682.211164044515
86038,15427.982282167171
87511,15143.628914458213
83642,12221.059549107851
99964,6946.8651789447895
82842,16311.093762746515
101714,10481.521695785596
99439,18207.60865316641
108487,19615.9500620009
88965,14960.882833041045
86445,6445.821964022576
85916,8273.951917213197
85616,8585.06924216181
90865,15925.131966070901
88634,11942.033855115846
108094,15781.057909268742
82654,13934.188596051072
81401,14335.890049545567
85163,16448.447702791647
97623,9043.58943304598
79759,22479.891903960975
108230,9493.689481511785
77757,32197.42769617317
83089,10306.933312804638
92851,31431.233292109086
80656,13481.18109082549
86019,10659.08612359562
100887,16426.450122686805
78011,37704.40100797736
96398,21041.742507528794
85254,9041.592524414624
95254,18871.73375156972
102320,9936.876276282557
88408,10464.736720532883
106594,5257.843540094941
83849,6662.852299639328
79313,17226.05214593998
95010,20531.151147712662
105546,16359.249502476057
81884,19973.02933721506
106088,22992.90554122702
100892,6452.2798430621215
84487,17868.459638991502
78004,28132.009404271746
97446,23029.481244866634
93170,18340.664573041202
83208,19239.729410735137
88728,8601.391149519799
91300,19488.36409416883
98637,11067.734874275013
107267,14056.583690108646
89956,15657.475530648137
77052,16601.02630196144
94583,16080.838439377645
91424,21388.200423471142
104774,7216.204884143174
93699,21207.98503921226
102986,19636.8180514481
94176,15117.94993621914
95618,19302.37031588345
81622,23635.02424835218
91273,24699.28178000774
102725,8345.419001854802
90479,9884.661539736275
79835,19746.73403736235
78909,37650.64551687003
99437,11983.258845361672
79890,16350.934729560207
77662,14326.300327776957
90320,8788.162919865128
76278,17508.24058893126
80029,15774.584946473004
95797,19820.042719190587
95356,56250.94340151384
101962,8494.166247129937
85810,16280.121282013097
93588,13168.70082413342
85679,7946.499258476142
78286,13642.68668895377
105233,12470.175371022513
98613,6219.059202450076
101314,12183.096351343667
105749,16262.88876034543
106103,20105.62234844305
96678,10274.189332667289
85003,12582.186687164132
78035,28301.553240730922
82443,8910.605376595473
93373,41723.06043929246
99857,7773.113524082153
82450,8085.731624433419
96256,14263.150077430846
95924,33183.260646821924
81425,19539.384872768373
87252,19547.27015166619
100379,10168.766830519857
106316,7597.515814811084
85879,15140.097613102133
108334,10798.142254162947
80243,22691.99611348967
84504,10948.922881313654
106064,8181.754914784189
96443,9396.468397327026
99020,6898.709636482436
85068,9219.187690340255
105374,9049.549096549828
101946,10881.948649956312
92945,22167.48963661134
79338,29021.822186487552
95027,29727.582457788485
81488,47324.032516739695
87754,10161.129467035662
108454,20744.373604663815
91283,21949.97425020729
106232,14596.951618672041
78368,28073.864064595888
101417,17701.12032032896
81479,27839.06853191526
94527,23079.945720283176
76897,26714.787161920714
84107,9524.866359892394
103177,11007.110859056867
88043,11303.693560809674
93710,50183.9464266187
87679,10768.752408237542
84644,8057.952854942505
79097,14574.572021172935
98030,22246.886287440564
95131,19246.394032622375
83593,16730.509760529607
82532,14912.790490733387
101675,11605.848125343298
85118,18131.741131768915
100813,12064.064547861157
88693,16323.954427214254
85819,13403.717657057958
104337,12039.716563397065
102104,8911.844365765965
107526,11280.678599702936
85600,14449.70166175607
81771,19138.56424411675
98339,7542.382657042424
81855,11755.655984019191
85755,11399.706568503987
87321,6646.108759110668
101819,8122.742397312664
101569,14079.797163477304
94538,8155.359770437906
104142,26595.529777620344
93830,24748.51527962892
82076,26617.962304204124
82721,20775.52508552104
88982,9839.79150787525
85055,9139.329863339552
101426,10494.85923846988
101136,9807.916775750298
91939,10604.936076490769
104368,26177.516353504903
81513,11454.052079833647
76394,22327.687624945112
92054,18218.083456032236
94663,28582.88741375476
106117,3978.767861774563
92528,27136.860766875012
79929,31185.148514655284
81579,29602.120467502693
107328,3765.4623083623155
105031,23773.936978901136
100819,7313.707765128711
87353,15900.01898948632
77698,24291.102938546555
77157,12509.371665979035
85947,17794.757156962394
92761,20308.39632296245
101344,7645.911669894467
76877,12395.520202290963
95851,12824.176036421546
84319,12919.926328874093
93218,15105.140802607637
83770,10848.404394693684
99753,7377.876346076602
82062,21345.918232839518
78053,36740.82345789179
83901,10204.618452391467
89826,8026.103679362486
104171,10378.449858306547
83906,13790.199107820048
86819,13004.80031989177
88150,17529.18411652234
85289,8023.9725599808235
100567,3544.708302253489
105930,12746.236982293682
107244,6892.198996822917
85900,10797.5292671263
83184,9962.573512273635
97034,11871.718635304574
82506,3451.3924735543164
81182,29826.897496549096
78619,5107.133420697711
86046,17244.76763163692
92798,16799.648722329082
86595,16547.975542665226
103854,13554.562834448105
108504,17621.6395873867
77451,16457.96446467203
76665,25841.494074657217
103434,6212.753487383427
82338,19683.286403525097
105189,3318.22026896832
94512,20409.603491628885
97542,11537.250745641764
83343,9270.67421797918
77274,34940.65414158159
83810,15883.959733555525
90850,12046.881744158925
79688,13844.283292621549
104038,9450.139771013306
100468,5996.403526708096
81010,18325.99967830173
80372,25600.032657380812
95979,22078.22524249172
89813,5404.636007823861
96873,11779.591374322363
87267,10080.02455542464
83327,13797.178556930352
92095,25421.884719638045
84723,6779.648431815006
101561,10102.773379013479
77409,8333.52104480054
76480,20889.215248849527
97632,10958.485515012739
91990,29093.32131888196
98020,19806.06619832769
81375,29629.169277754514
81903,15964.592305159586
107050,20596.09754915013
84920,10796.374917781604
108180,20602.14181120536
94696,25611.343949280796
88215,10537.976983051652
93276,19054.130643453907
80359,13587.998710478874
88717,2576.166405682574
99702,7870.184329308985
86283,9302.941111344828
100037,6379.978368356284
93640,31269.650950305717
104313,11412.086245320514
84666,16580.854440655803
93000,26445.686067182578
77512,19607.879363379514
85094,7582.930268102167
77184,18191.18323282098
91257,21327.55843228294
103957,6790.8277349183045
78533,30433.376725492115
89080,11936.085803572063
98463,21794.987674923985
89002,8522.709327272574
87542,9546.834480607487
88641,15392.791199651476
97972,8716.565688877085
76363,20272.106486107386
93821,32736.477818000716
93549,16936.049953274436
86037,12403.464944132016
79563,31196.973159469162
100014,14483.875789456148
98717,16076.866713557201
87323,10369.828656908483
101054,14944.720560681564
84408,12417.185912570467
82692,13512.277375179878
91513,49641.73603638086
92863,18591.328999132944
90666,17891.30418143538
76919,41408.294953201475
91549,50658.75809048228
90300,13512.115165930738
106228,14235.694426334554
101551,9188.110846985406
105986,14140.304136449538
78520,21293.177546990388
94130,26667.697494990567
88980,10834.593708235936
76245,20369.802726589463
96800,10774.54049955891
79591,29356.608012027395
94738,27012.975153083316
103275,10944.599948702837
82981,10662.741130972141
102017,10782.646359333088
85242,8443.182565713285
106488,12989.237548197103
80606,14641.144647017905
100861,11470.717594690215
93103,19861.293801093478
83680,17769.72707568848
95926,21757.839416832936
84955,10092.413153409128
102279,10253.76537565747
90285,15258.278897025695
86735,15933.256966000912
89918,6415.427750714351
100914,8393.364928959623
90315,8939.116797894181
98805,9093.339035878704
81572,34175.17366463183
85263,4902.086172873731
91962,12259.899756731578
86328,21397.805120274188
79610,23050.671821913005
96570,3848.343797678208
100929,7356.815369653895
107784,20204.369683651847
94269,14833.596598557908
105574,23149.330354812228
76572,15550.268396303692
96249,18575.021376822595
97897,12926.2526408098
77625,16465.520148962045
102369,12874.413906999705
84079,14270.140965202194
77866,15834.948137970143
83806,12327.918147452458
107540,19793.59792478323
103244,16626.858669811052
98859,22371.968446272105
96719,18862.474605275682
76235,48466.5451823409
76348,6268.8550365918545
94323,50617.75349866722
96314,13372.128725350563
77439,15442.482697361413
88588,11368.363951953033
89516,15152.81233089185
92199,15645.705673655957
81669,28251.701651496594
93600,26720.367434715685
105605,10011.407772884386
102501,10038.963218105495
105250,20084.402331202542
103132,15212.409335175236
76914,34556.52002393124
103063,8257.784079786214
85636,20835.98384499228
95703,26091.109898388262
95014,13176.974784347205
91855,28695.708817355786
89326,16647.105220250953
86878,14140.335680636732
94159,26675.139112249588
98939,20509.620764986787
106603,30055.82884319549
97683,13488.494867068986
105057,14220.405955535278
82551,8642.152543499717
95156,16745.82629652788
96663,10726.856447783683
103966,13728.735645446848
103721,9784.664244040683
104581,9609.969306376312
99601,22576.478871160733
76271,12195.944209272955
106578,12034.065987380498
105436,7376.6506582524735
96180,12817.30359908797
93214,19053.409706407816
83950,9843.419853067813
87436,8148.414690847754
78008,34775.23579307675
96396,6913.820143965893
86423,17604.675303610686
97519,20478.92480502802
86137,17853.60383395547
94515,16658.124667986758
86264,9219.522820716174
93856,13661.64716390809
89370,27444.766422818015
95869,28596.107060624254
108411,15542.140807441416
90193,12471.078299463921
84817,6564.207041645491
100719,9577.298717840737
82801,17443.52454330884
83103,20566.597133084444
103950,7699.877850872581
83927,13905.524400422539
96442,19188.47156295048
92599,14431.705014483385
105284,9541.766714591025
89963,14276.384139635129
79117,16142.622362107397
94001,13141.201852950704
90520,6451.286532712937
83344,18722.20425831927
104811,27123.12086054772
81567,5532.937076253744
102778,8142.2310393908665
90439,22395.26816012086
104220,5887.391767528554
102961,3292.2765001281555
97588,9089.313728090563
78049,8398.856718458008
80076,16123.848491098173
83466,7890.0629133223065
81941,23656.908681879235
105786,16063.167891142271
91443,17294.6949964714
99961,13724.812713034853
96323,9022.07312447788
107235,18640.1557891434
108199,4977.6945174406555
93938,26953.75227387127
82727,18583.457896609652
78548,30981.018666914737
90362,15968.36798115694
92257,23501.36143899385
80015,14845.362711061442
93724,31312.703393611984
88826,15478.260511422428
80051,4215.304657153429
90219,20186.6037405641
83727,17849.909448842136
90139,16928.836513281283
101189,8184.733076061456
85435,17209.814638580046
91933,29431.79050638719
95135,9552.863756585279
80576,28269.7486729021
97289,13660.223713872727
90225,16106.40045517272
77958,14305.413006237608
96218,30026.191859955594
83747,17418.324716770607
85699,13333.024060456753
92682,58361.81176444214
92129,41048.21749645661
91533,30104.305041456275
86503,9987.168638985366
107555,19538.72101920896
98751,24499.4836914694
88145,16121.407712823137
104214,19694.439472483657
80027,16452.918994722593
94594,18422.296647764706
105978,9373.689932008394
81202,20776.602252801033
88343,17684.405474146206
96928,21682.605662484526
89639,9149.901352552262
83427,7305.292908820083
77241,14089.099662109182
76837,21388.297578691432
105316,24917.977915838514
80915,9573.650850910431
78226,20764.877572510988
98367,16189.54064124243
99268,10272.042534548262
102336,13510.310936005726
99355,8740.648484194007
92728,25252.42870589522
105261,20389.495460275102
86321,11168.688927007644
83913,19669.605567969396
76582,9932.426958330381
80624,13353.002832171822
105804,15117.833372653717
101229,9510.1834558047
104782,9773.670558884558
91859,53149.41538315831
81892,22389.300600535586
104257,15342.401350256774
89995,22384.450249861937
94721,29086.982405915805
100123,10753.13629467557
83121,7892.124959892808
89621,8640.316757760012
86608,13280.32874603524
106922,8794.926195879052
96146,18383.868240240154
108383,21464.293926193477
81554,49715.03832208088
101538,8839.547763611929
105248,12932.143915234396
81033,22893.53632631571
107312,14778.604039217096
85588,16041.288060515957
108227,9969.514263415565
84017,15793.177872270806
101028,9767.371065831261
93019,26793.4482111387
84359,6781.823114424161
90602,8037.5026085235695
102834,6887.494879617821
85284,10191.01458937308
78749,67823.09038744579
96892,28815.30849092459
89640,8549.819652240343
102773,15521.560275176325
105779,13912.960359801547
108453,18487.64204156553
83162,11154.396964939526
89704,13035.842171079767
96488,8558.383025331688
81546,19548.04877852455
82108,20609.164785648296
96784,9251.30054312851
86526,8607.609123768594
81220,31077.654581287094
97126,10137.661309984182
79954,24559.281773485785
100182,13257.881862646393
87058,18025.87658736794
95026,21406.174010039613
96334,12667.340801753158
92636,19477.672603892483
89131,9290.963629307767
78145,14535.21010990039
106255,12175.01142269864
84691,6892.428387185866
83425,11744.838866762751
91526,23111.340525920794
81170,11222.871705023335
93766,23536.142497827015
89183,12562.43557898937
87644,17372.643977264426
105559,44882.01678094014
91968,14140.932545102258
107198,8981.038857599511
97030,8659.80685693524
96512,18938.421066939765
106506,10007.989940212194
97240,11512.02166942464
98164,4547.434264612134
79782,7674.722953669385
102498,8275.888053573151
86052,9229.61996027299
101070,12661.92174868177
88461,6092.937170304185
94238,20439.27247069716
97040,8436.276141773398
102861,13809.953631707469
81516,46217.317980041786
98512,7104.487946680248
91654,27482.286391508056
87837,6670.677840266771
97950,17369.203688415433
91492,25706.3804762217
86374,10595.909892476553
103671,6617.250360105548
99254,22737.456622179066
96920,18472.646269574354
100733,10216.59957276853
101602,6527.254505624891
101809,8796.754125368429
93626,38262.561827115394
94707,25261.487075765675
84718,6218.9943043271205
77357,18847.134678203147
101735,9028.177925630971
85009,9851.410122015506
98213,18725.556981700327
89068,7007.898110774917
76270,16294.830715311768
84608,17768.75575703013
106582,11365.170691520343
102112,14793.07462234874
79840,15336.960368046164
102362,10117.084687801755
102074,14889.41771444487
78050,21023.339788089208
91002,33919.029782710655
91648,17988.583947585772
90182,16257.716191033353
101732,12034.237864571856
108023,22377.424297949787
94586,27244.700850777517
91189,20824.185209447514
95199,23037.143895896086
78510,12615.624210253784
92551,13489.060060337788
92368,21356.824648920327
83335,8433.653466893249
82609,4932.061797503557
83471,15698.103110599784
89455,9699.587947286915
84982,9226.691139966992
106978,28068.945859980595
96399,19317.830774028615
82526,12851.601216162331
86743,11316.350688645969
92104,18221.023735804916
97862,9820.509726968996
99211,8688.728424295214
99118,22128.96156453355
97657,29405.726768414086
80627,12195.501937529867
76293,17756.347523394263
83108,7192.310354324596
93728,22005.300828397565
108295,13748.60101028616
87957,10179.809199096819
78627,26418.81407296181
103227,4166.820066022566
88115,10061.701696414057
89694,14601.21982261435
95755,39168.37771789188
100889,10243.391985960578
76859,10909.675236095998
80975,20241.86048676371
104878,11466.9721376004
105859,20597.238556537344
93283,23536.142497827015
76217,14707.717765371623
90731,16956.848299316694
99826,13644.918233690078
84180,12725.2275801524
92500,21776.089152805773
81956,11573.067407841572
100508,10621.553570686956
78336,12060.552200237576
98694,14926.691114120915
92486,24372.47962972862
77134,17712.551326267832
94264,18481.615286230153
108210,7162.32207710896
98310,18337.043968827482
76260,38080.6145373988
89623,6637.822782916157
101737,12080.457761374002
97665,7946.3401031424555
86041,15888.509174172455
86653,11205.113617264105
88423,16063.749297071365
103407,15370.15425449935
84654,18292.689578501064
77143,30690.29841328449
106392,19781.46333619766
86347,13671.540915404268
107230,10005.489868791521
103693,9418.171786570685
82765,17427.178238917775
103894,11839.48842454983
105668,12631.306260358651
94216,9854.029389210744
76250,32854.009673713175
102466,5866.839127046787
91919,17349.16159257588
99138,20411.187502345503
102850,16222.577449780149
79094,24529.179909096103
84552,10870.01930541331
93668,20202.5910673684
93389,15039.805912001444
84312,9932.68726463998
79379,21569.60580529124
98739,7390.9669524361
91448,42770.437820640815
89834,8155.239127463258
105359,8491.004586390565
100267,11276.656697649723
89101,17989.664042289158
76904,22209.27408835216
76664,29845.768764139335
102621,2494.954926916962
82337,23744.247637201843
94266,25969.90667072766
84994,17209.814638580046
86246,12600.680652130975
96923,10301.65718599162
107661,19407.562168268552
92401,19184.50956632947
96296,14197.130430206791
85114,11390.337039146176
83081,8889.73669407059
84948,9132.31955368855
80292,20169.888109367883
78938,14775.684430356629
79942,20589.417951653024
80899,28580.57333209784
102476,10909.566022207171
90589,13529.780612290708
89944,13890.769274698292
106241,19144.57574503717
99835,16632.370675554153
98665,12354.590521203969
96516,6130.99151826574
79065,21210.28886407599
97070,14245.560165462874
88721,17197.417003282895
100311,12128.793533324024
97912,5384.530064559052
101514,8719.009264952505
91763,20171.83808732069
88488,16219.23996997721
79955,8597.353837033008
105677,7768.073908385869
99297,5868.0224581492685
77377,10240.559361166917
95552,15044.106468456303
99704,15795.925130469162
82097,48486.324044757646
77067,10000.147387886398
93326,14690.551830821563
98258,5830.096125857687
98900,18789.84416599838
101474,10350.615824244655
91945,13824.058328412186
78816,30995.460410949876
95208,10263.33462813585
80788,18821.0410433114
92446,13407.375328245404
81929,27972.186957440194
101068,13448.763092969997
105116,10255.676084891269
96828,11561.144208397644
102272,9838.625134953156
89347,21589.647460189666
105201,13426.101960074413
94146,16043.160099036495
105641,9740.392849051912
94416,35669.873757791625
89152,14786.220602855507
99500,6584.594202999511
101711,6150.033242355205
88178,15674.326321260247
94259,22315.85735997531
90380,10705.460631554355
80659,46302.0975636084
94687,18033.48510218093
100447,9053.895710514627
80895,14141.642380650075
91806,23475.13245519781
82758,9889.86860293752
81850,15050.72677965041
85521,10320.61821664558
92432,18820.945465110075
78318,60020.39502673011
98804,13244.750446811064
84403,18556.095109670034
100979,10291.488268700992
80559,18117.925919954727
104553,20584.86277520075
90570,11436.167842718394
108278,23622.78197901375
107134,9535.330828630562
84351,16277.020653453157
105418,10174.245289132887
93910,19960.329945353344
98231,24029.19790651993
100789,17245.76458357667
101332,15243.4680977179
105715,9983.143690464634
82170,11022.587224485722
101526,11951.624413348009
89070,6082.341116094608
90429,15676.96911434126
91152,19354.70548266331
82374,40053.58485864405
81668,29223.322810931688
78914,18493.577308794986
105239,12079.807478410701
107483,19490.74601706684
83354,13697.434411013373
105252,12478.663293949188
93977,19110.700938107344
89807,10727.665508884204
81551,32900.136459316986
86311,11973.354302961772
85966,11729.314555027646
83878,17467.73921663219
103342,9200.951331829525
102398,11376.294158255376
77021,49187.04839941429
82755,7811.911721803572
88635,7560.975994851333
105457,11707.063179218972
106552,16465.20251280322
102641,13888.092153607746
77582,24170.082551316216
95453,52255.842139178545
78388,10293.62363818108
99772,16706.245336170196
77990,11238.787902172417
78944,31597.157012091546
88290,13837.138401997265
90011,5519.012937476755
89540,13613.182553190873
78904,24786.70246866331
91379,16736.561089046307
105750,10264.22865024142
95603,15157.74293968524
92481,12343.958674357622
93463,18629.754480408083
88974,12833.833041807762
77787,20517.496266474453
101389,10818.515911803664
90559,33001.633789032814
90421,13228.206755980786
107190,26284.663378424837
87506,12044.489044161579
101147,13027.070221383645
78096,29467.315300401606
99840,6305.769894022043
89677,10147.917703531035
97991,8650.077068935301
103556,10496.504654846403
101327,9810.313997238372
108008,20677.84004174157
107752,17706.38394516027
94554,16463.61344925514
96408,25069.49891866292
93573,28355.835703794804
83674,9883.150242873367
104503,30117.03458136569
93082,20721.684460678003
101841,5684.220059219345
85143,31277.49937546758
76781,10621.960959166498
102153,8644.765816773488
97411,6427.0859152515695
101676,8953.490284235191
103176,12081.368824732974
80879,27539.19974609469
79695,17208.476122986103
106987,17925.943017117104
89095,18772.33289892301
88707,8225.471753219317
79935,13413.556630477704
104678,9924.621873514316
78644,10977.375015879796
101947,12657.982493893896
85390,14492.693518762988
94121,12920.850576321338
80525,26615.910600262992
92964,26696.309872041085
81982,27526.846395720986
93804,20439.27247069716
95574,26590.75402189521
81710,18146.584406019425
84452,17712.995445203123
94410,20163.942400578144
79137,29943.653781659425
103270,12084.890453068829
82736,4585.343599308972
106741,17796.326809097165
77630,18271.751370117858
100426,14631.31662855112
107231,10821.190731537767
101001,12872.896864560142
95067,17110.66016553813
107197,23437.640330187915
83522,11408.336656666906
80239,6946.028401777241
106389,21461.439237084443
99072,16124.389899886657
92779,24671.718517778783
107906,22537.43548210225
81289,4660.420339413511
101206,7283.903801940273
85646,9096.326044529882
95202,26175.75819499526
96423,7701.496827582292
106597,7259.851982029498
97601,10028.783636331207
76974,51012.391539639866
80171,27171.576416805714
78391,29341.03708594014
101424,10791.085377602934
79548,33928.26048955808
99083,9512.067123847886
96204,26348.69532371672
93318,10286.92401830819
85745,19895.301820577228
79531,46071.25949012693
106411,16634.096380249706
88431,12624.574880101769
79827,14241.6756018009
80860,20859.819472445906
93114,29888.11868918004
89031,7487.897196453924
105755,18479.725987476304
81286,11007.803885370053
94641,19175.22825481244
92196,9524.171116742693
103591,7030.62122804469
80497,9659.518104209483
89672,6884.459130514629
80800,21605.63270743073
102146,10124.032532281937
106675,23638.89806482524
76780,18572.877800509676
79880,37494.94931778883
90306,14696.876703111213
102271,9028.602095573075
82996,9752.000104409646
77929,28232.169251536252
86610,13982.278947888202
85316,12779.748526983434
91134,14354.060480674756
87377,9851.491251085157
102946,13720.439635604205
105420,12351.078846073555
78375,25808.972443161463
81157,12423.393434416526
93430,20721.684460678003
90671,10249.432512605603
98881,7939.970488772924
107152,12845.427503414036
106056,6362.750133557307
86256,10876.842054874549
88692,10514.205047082289
98622,11275.134679512552
84068,5851.765619993857
85863,7255.605881091877
104131,12787.013576953812
94296,12824.176036421546
104177,8394.696709006912
105126,8038.114448058705
93360,23327.632789018553
91059,24405.355899461814
100015,9969.116892859794
97027,9711.410343144036
106300,28696.68173703267
83539,13210.403356590365
87099,13436.589249252782
90692,6725.71727796693
107313,14402.668311728276
81341,54488.60141636122
82901,11231.69067653441
85576,16687.513633783074
98646,12857.575916977745
102552,8407.133516720662
84874,15662.261385285212
104768,10666.875935872366
87768,6948.496813912626
93342,17955.214183374093
87241,13843.931679433053
103615,9121.108917246962
98526,13854.181574193313
107464,12783.267479020931
83357,20011.68688148088
103171,9430.188148198595
100341,10777.566289037948
104547,10147.88866804197
102882,12379.059661456387
107531,20161.945819556433
85433,11313.008235704909
78435,16950.269183151966
106094,19496.7946327256
92625,69794.14737177348
100319,10023.000946923865
95937,28487.373725654717
88915,9934.449255888914
87681,7310.936990722132
92428,7895.3683535872315
85427,12341.116204648113
105372,10157.745413627086
82482,21235.737833549705
95178,18764.958755528394
106881,9527.375819265892
76562,29553.84132357442
103710,9281.530130223895
89109,6129.680083960445
92522,25990.89887306629
84821,17393.152892216895
80597,25884.679561733963
104040,10585.568246998078
96115,8392.758072236567
82818,9043.952292017168
90316,16145.47804424862
94385,19319.164529371912
86823,10441.238301837055
84842,11696.747985833741
102995,6378.650210814665
85397,22230.15813261787
81427,13760.058079233342
102461,14006.824069081405
77422,32288.617411454437
102354,12811.288644557777
91822,22614.46235291299
87427,9646.815609222052
105450,20142.40243095991
94789,24160.869631217724
106631,26994.915992834103
97004,12975.144860826118
100826,15003.956081299013
97915,16395.745233718248
93253,32501.08507166765
85776,9661.93917693417
105562,15849.682037311713
77560,16753.68622736602
82659,9116.83887271453
89531,17090.69053307011
94076,19053.409706407816
98457,11132.442559554267
96163,22359.95641989948
84779,9913.531779431698
104551,18454.549341770275
79934,18602.097768857104
84896,13300.401108004666
99393,11213.74557711067
82051,16326.983316845723
93247,17656.839364177995
86929,9575.861402229362
106943,10189.292788895644
79979,22849.153806513943
80912,24362.562676224195
105006,8939.174533709598
94368,32445.82713591335
81871,23688.340238497196
90338,11217.790707401922
104271,10311.16182508844
89984,6707.236911443152
105122,9888.98097194941
104308,25981.30861854277
92941,29458.615892116854
87433,22362.61103824885
96289,23772.954391576794
89130,10521.306905505568
77233,51112.87612116789
96895,12531.403236536695
90364,11838.042635313166
76283,18155.8537710341
77689,22653.19577029695
98366,9216.626437139637
78025,23771.98180239187
96644,12090.410812321934
80641,28946.319544890717
80271,24267.757202516917
99003,7716.225310816749
79756,10656.701984650514
76981,11207.32276715664
83320,13686.83022949818
96797,4778.624729061855
86350,11295.107113113794
107535,16454.755191540447
104370,7806.16153798581
100740,11151.3170092541
85851,11318.723873286392
89132,5344.336340749496
78746,24306.694610444487
88999,16705.190736128672
96416,18081.312642002467
88921,7444.961130674115
101078,11816.45497163066
92447,22381.234867753144
77960,17626.804186904592
106799,14751.612708168663
99888,21826.12000004532
83252,17056.289343695636
78645,12960.155613483525
92233,19888.458454016123
104026,8091.586320643741
85148,16475.01416668596
107726,14698.974691797912
93331,23362.28117797365
106236,16522.875038903643
95282,16347.391171369896
76222,24673.585350702182
84158,5481.263103183385
81857,40921.16312400402
94698,16472.407474210195
104680,5047.355945055456
104366,19965.53752078594
82562,17929.93797290123
89753,10965.224687260265
101937,13476.697772147238
76600,19023.567903560575
102683,5425.066398527152
89245,18836.53610748879
99902,12816.598305212703
106525,9450.65541512545
80738,33745.91975343178
107909,15353.456251454447
105939,15223.495263850935
92485,29139.369455097833
105128,18357.010230159565
103147,6922.404827765959
96539,7808.60343492731
99656,7890.704551466313
89755,18571.240522457705
88400,11998.775995851964
82968,19666.912612646865
103521,14847.898403687715
94755,28408.651842636566
82278,29561.80836123527
106205,8038.114448058705
102677,7026.057432653713
103577,12556.552487009993
88365,13378.054758511193
93543,15271.229527050169
103285,11261.060020376988
91445,54187.69298335147
86676,10172.85546294177
108086,10913.455232382987
97671,12442.541007106529
85193,12469.981289976678
80220,32071.78240644431
107824,13793.274556302193
87246,8596.55390066811
85080,9325.809773337087
85470,11583.09713441268
93453,31043.988080962892
87214,8819.78009138745
99010,8774.08961553403
77246,34837.59482679045
81671,14954.384452899192
83651,11646.77854850102
101085,5743.7406903411475
86961,10063.45356891757
99154,7361.35925816622
85563,11237.0668579853
98972,20691.74274998646
79331,19709.15848264113
100112,11570.681023156154
92540,18387.39963110035
102135,6288.776724746203
104980,21452.631079580067
103442,6790.666904082722
104320,11140.344863185246
91208,66533.12829511127
82486,22158.146044345318
92052,10070.668353233408
80540,17657.296728360572
89228,13290.902236651149
98960,11611.566506182799
86821,15885.258189268907
95220,15061.2607621132
104196,12312.7067770165
77934,49215.5153459239
80965,16170.538349281906
80864,16842.41658063767
90303,15065.436984962522
100396,11317.966807048679
98226,11860.827568586928
107713,7906.400660567697
82199,23874.463981545334
104715,28668.319458704238
103412,11516.382143835948
77224,11139.109060739867
79149,21117.728738787453
79332,27838.142294979043
100094,15521.560275176325
76280,32352.976517155414
104668,27037.42008513346
106239,11681.474345634755
106918,18694.005188564715
103738,14160.063823648621
99768,14745.781303806252
99895,6698.566823059313
88553,14066.093537417964
106781,11492.56709758323
104339,23972.55262603651
88198,8522.709327272574
77024,12561.4141711713
90492,15653.626474248102
87383,7793.274845622041
85194,6635.937163338733
100821,10124.300084924726
86207,9192.669624212167
80736,11541.243405276964
85035,6656.324585898319
77847,9164.698770204275
102444,8403.41677527333
101635,20689.235249446574
99639,8103.058111840651
101365,7015.510857081843
106612,23629.70777365492
89655,12071.879243526308
96679,13924.15422157969
107353,33189.759341244295
101805,10478.409884808254
81804,18874.65441253682
106783,12836.598570340391
101047,14160.063823648621
76164,36905.01921435646
106524,7616.108982829874
104745,9635.762242973866
88874,11610.96818248018
89206,4898.809400531084
88602,18907.12033425235
80458,25127.41532278887
85756,9997.262783219372
100972,6963.6471768437
79897,32589.793206991515
85913,11776.950060600404
107705,24123.551763151492
102659,7688.662734173761
101994,11063.957694469811
104004,10174.245289132887
91171,38744.660799933525
100207,14344.090486019424
101431,7707.155220862121
92034,18714.865317707994
95470,31325.420677556573
79276,28602.00270670423
101893,12872.361095846645
91522,29480.24876477598
94047,20559.86718683968
100620,13608.110976629267
97405,10822.520750799746
89277,11778.809710179423
102728,11671.15527916528
95665,53862.34896096713
93861,14899.58936343334
77779,11760.067253227598
79844,17981.723134317654
102549,10884.136629810091
79764,20041.79003512624
106543,16772.743728466783
90127,12175.037331168598
78759,17156.78034002079
85232,16067.36768767141
103173,12950.54061692066
77690,11043.378565888448
78669,39348.71935291604
77821,12960.155613483525
96869,8373.089376994372
99426,10543.593164834116
86596,11492.006612843777
102352,7469.636450274755
88825,8264.847106421936
82595,19948.531347891178
79408,22930.168925918395
105771,20026.400944429282
92499,21156.38334408863
82744,10422.241089328789
104310,6865.673703327525
82965,11717.741528441305
108492,20328.362902982924
102748,7500.879018018531
105549,19160.846643614223
103794,12966.979131617964
87574,11992.744110047359
77090,19099.217775466223
77729,27568.571422569166
92854,19341.54485586815
82724,11967.521999042512
76843,7747.550917833032
95714,9488.217838574725
85077,17147.296197359465
100035,4764.4405293565305
76694,12137.884727295212
86970,11717.022441489304
93243,24599.47150967244
95700,24700.278193127884
103907,10977.79034708991
105698,14676.079604814628
84320,11313.103918302048
91561,22912.86706110029
100459,7296.070021104083
106398,25182.775914544716
86911,3145.885020635962
102905,11148.40548496367
103009,6557.842706298367
76287,13819.319921221302
106832,10840.399073275288
107240,21851.386091014843
104164,8980.872254727812
96561,13648.201150443174
81823,10225.62284593449
82102,22539.061293170314
81420,27719.858410477107
79102,22428.767495543645
92252,18053.17833984118
91605,24420.488315525978
94353,27162.65678536486
76883,16527.016416773135
79941,21349.322079701804
102977,8508.489911905974
104975,27303.8946919698
86138,18894.161266188632
76309,23090.023793736327
104976,18112.006144885814
105819,14430.879637067685
103115,6253.849283796373
78958,20537.63245987704
86851,7303.486904709497
91889,15104.308012218433
96977,21736.96380870579
98888,10868.686780504155
87642,11334.041684970129
96835,20253.98150140303
95915,28280.752475963294
89880,13665.729915587091
86974,10791.488288688975
80793,12895.733117885677
95773,26472.645628475188
92664,10430.579729286424
108423,13411.928311429454
88073,16565.8826766195
97731,18689.801139340434
92705,25166.035796902866
98275,9318.73466890441
106563,7398.58181278318
83216,10835.383370310772
108252,22375.103428918326
90052,21155.013827511182
96839,15003.647787731396
87847,7918.183276326898
101778,17744.899594768838
90493,9359.802068089744
84236,8023.9725599808235
94651,28769.07656705562
82828,6201.916413690813
84570,14351.53410027173
103560,6542.291697734503
105414,10959.108585502545
82874,9674.960873143904
94023,14893.766502872973
99936,8696.658637894847
97927,6175.931605401776
85922,18441.60105616442
92409,16401.751023488956
102547,7439.378753526198
98620,7854.458089098681
77418,28980.5976639434
106846,19773.80671212673
90794,17423.673150906972
102848,9304.73757793421
77668,20224.54212090958
87057,8809.505785616193
92125,51177.768946677796
89356,13718.837576636395
93931,17523.688854379114
98496,8206.755314912556
96762,10846.599108740038
77603,16059.24701234941
76242,11847.934527905472
77854,18687.179407319112
90496,7480.400683120909
89873,7677.523195034159
81047,37445.59886626961
81482,12021.91990817622
106630,21437.040543190964
102807,10180.006197227347
101397,9550.06866340867
103459,9842.057119953333
78508,34773.32422277916
87042,16370.23241898249
106348,22490.751614026154
90653,6231.762710903323
76159,19779.248402503254
87944,10367.89604360656
81531,24652.931277270174
107875,7454.780818748158
99542,13158.542187311827
107359,19330.311966873007
104564,13860.132747052132
82560,12869.279065511193
93591,27641.41400741369
103234,7483.074689788172
108458,10245.867164038455
79888,11702.928191901981
76419,24056.88428931437
106649,12871.594642715992
90004,7896.915878735506
93201,33353.780484220406
97558,17102.91482090636
83097,14484.72384317052
96492,5408.465856872656
78413,10708.460511043435
79076,15273.065539274156
87061,10187.124917304436
83665,13097.370577339238
97131,12369.854395720005
102075,6831.813941836198
99331,7808.019032393373
82067,46886.73849501761
85459,19264.789685469306
94510,40694.544685766334
97875,21016.483518908506
105176,13645.86462591379
89196,6631.262477647762
97424,19267.85355931561
92886,22816.47785580369
76660,11303.573583811998
81181,21288.353302841522
93133,14540.175625076463
84390,6150.743569030801
107413,23640.87665155647
98681,11036.344625882502
86318,4044.747556151502
80893,23240.0101931702
106409,22857.26268461098
101539,14834.191580627143
107735,14670.895390755279
103362,6731.258073503636
95493,28751.96219117178
95573,22090.056560675865
81435,27977.6817466179
89730,14208.981942102877
104812,10330.282406847531
95540,14317.582703088885
105693,9567.43015392384
99879,13778.644974108814
105045,9888.98097194941
95556,24522.29076584638
105209,11767.76329924613
77262,29584.83034615557
88746,12975.884424723645
106257,31104.842289973352
86665,14903.004472396118
99714,16349.158920223083
86308,4192.220465258415
107814,12598.936553530484
104110,15076.858661670214
107020,10199.580858814448
99899,7754.7945230758605
87878,10672.063714225305
107898,9197.8216617847
91803,23517.295192821453
91708,27401.539564738487
88131,12116.796870865546
94236,27731.92560982663
94787,39339.17954501091
88426,6089.675323952566
82052,19506.548377588228
81430,22469.502525812568
103458,8590.21068535151
87322,11096.93632099132
88030,9901.761749660945
94505,30790.82184980325
80104,9481.093007988391
92324,26906.782992452012
93393,17904.310828284062
101185,5585.907743775833
99944,9413.037359842509
91381,17941.263081728714
102720,8332.270745673843
80107,25798.172787490774
93006,29286.237792438445
85248,11566.375188129752
99068,12609.454474058277
76834,48670.15105008085
89377,11224.89891878492
101452,13731.300410686395
92548,41971.23246178291
100658,13496.823803052597
98383,51701.891325104414
77915,29548.329652279168
86268,4902.086172873731
80304,5553.26697789547
106680,14778.788254499426
101132,6725.193511109238
90092,24644.57617818239
100329,13748.30812439568
79943,13312.201203907389
104189,13627.108986411138
107250,22478.956461925656
105088,7658.491807261265
88824,18000.913060266477
89166,13397.606472600106
78748,16644.50836901431
80118,22780.244961398217
106238,31147.21000985729
105638,9367.738355757936
94974,15687.122314043845
78384,14816.427799331088
93451,18422.296647764706
98422,7260.0398293054795
91430,37881.127428078886
77519,21349.386004269112
96946,16139.206684413191
98391,6658.355794820562
102809,5726.510079433246
82926,9986.385137556656
79108,22765.269269222812
96213,19211.538326683545
89205,5317.712714257751
91600,43559.43807603993
107292,25182.39757686634
90688,11512.120753062669
98776,7524.061452484988
79778,13942.000938799529
106834,8535.71464416521
107835,16836.261585396394
99788,10509.247124856127
91133,25796.057092342384
82747,10414.019179195233
95651,18774.60928510822
90035,11601.296961768929
92821,14617.085593844275
93614,22747.66472038228
85993,9257.96667839499
94616,16682.139588188213
97987,12090.72418570788
79300,19462.397878957505
98588,7654.007838039421
83355,8955.991047212892
105664,21824.83540029076
106502,20672.92771742927
77235,23806.897559821748
101503,9848.306953421506
99569,25374.255956201716
93332,22034.54849936032
103565,5558.839917263091
98223,5896.476898267219
89090,11399.706568503987
101490,5646.1932865910785
89428,10201.149209477182
82555,9603.561042282952
94744,19939.576419834237
97092,7384.573280076672
80994,25103.921518163115
99486,8807.70626837845
88556,11621.194948641853
105789,27036.29488184639
90968,13914.993657232319
87386,10970.696253322687
96239,10126.32252207867
98412,8593.331187512487
107073,10503.000361129525
85775,12954.298449359061
103494,15609.82616645945
96232,9221.049140647729
95146,19351.888266362545
101493,16572.746545583777
108369,22256.76885507104
94214,24780.750092958417
95377,21343.874127254367
80081,14989.171068225316
81186,14550.24981456207
100638,12199.420184609242
79228,21483.398862594204
83296,16675.79428031002
78663,16709.979989605283
90474,10534.501027193342
99746,11029.626686746506
80600,66014.72937820763
104132,15728.111590413815
77292,12510.457765989177
104314,12348.762141397381
92563,56056.11600586554
81135,22772.832585180644
83199,13860.425281683678
103083,7305.929348003701
88165,6668.0625572383415
93492,7453.958683553519
80502,19135.94533307844
87640,9248.830304975347
95862,23347.687806517675
97106,15746.650469654393
88353,5820.015309749589
99443,16834.140792805367
85914,7658.176788506678
102522,7864.120305376714
94035,21751.302013543496
82309,13767.163819267673
103845,13800.670956148584
82955,7287.131402744599
86039,19332.707297530073
76890,9794.963918032827
94862,19595.277777278898
89261,10396.75089223697
95261,31896.84075299582
76543,29429.61098175864
93805,17981.530303412026
79387,27320.727598214682
105256,18092.85891950798
103632,13809.953631707469
101647,7645.911669894467
90779,8066.484078085279
83004,9549.11408216737
82810,4592.8455329294375
89851,6640.53803360279
95583,19054.784194061125
95318,12169.964570366827
96740,14904.87501569606
89999,5947.631818338111
101586,6427.7530066321
90205,21677.141460241033
100202,13633.257324804857
95896,15745.534654393641
78190,22440.43051638059
106867,11767.76329924613
103122,6963.6471768437
78800,18469.944431279157
98137,11000.303052929241
104071,21189.29178133031
80969,16190.938699477038
93695,12477.324909102188
79235,15418.809460058932
100233,8407.42626355279
103673,8007.924511772082
82811,11114.565682398546
106273,21674.93326921475
81714,11581.793974693934
76623,16214.965547615871
98396,7445.646165145703
87067,16879.29542942037
94615,29444.073636863657
91380,28762.76780931591
81368,14299.498938714109
100189,15862.373052370876
83055,10211.032254285645
104726,10707.321189929698
79494,20170.709285967092
86895,7376.026796890458
104253,47592.72795741845
80451,30040.23907668355
81633,28676.30297722178
85761,9203.10398465537
76040,15559.122471692466
86749,6310.83904963754
97161,20590.130134890376
89492,7690.050348706145
101063,12630.406854704852
102557,10812.699502255973
99966,5651.853003704153
93615,20281.18664808416
79812,13772.694344976062
106083,31931.89712908207
91688,18958.40488531158
93348,14712.327512148098
95861,16811.443766587676
84278,10797.5292671263
76892,15821.975434622384
86674,9292.052770006034
76138,16521.485062731026
104974,15172.779630991874
102421,11830.1390910393
82617,16565.872242825146
90307,7946.55001702079
92258,20935.921073043854
90255,20664.09902248206
101498,12371.890748038975
80567,13641.117232825265
95321,22917.70048274499
86671,2918.189518787353
89272,10347.454860348229
78823,5839.081559414009
95185,22228.74144003163
98753,7542.265268863912
88611,3102.710359274957
108390,13981.521120851898
105366,18872.107851393816
80433,20136.638841041633
104145,12259.641855559223
90881,14923.642223146493
82596,9062.648903981984
85279,11108.494608207335
105968,12973.29259293268
84463,15736.437483745682
85840,7723.834655611465
78708,13897.017317519496
81642,23604.07367752646
88004,10641.358637293297
97345,24428.13964247326
106927,6554.983523521926
78351,13229.904528371037
91596,30193.920097128615
98390,14556.358064062748
80145,15407.02267506116
88364,7487.317394216932
88715,15013.196771164707
100449,11155.88290458118
92076,29024.53598425416
102573,14135.71915924269
89983,11154.7726683348
76338,31989.413648741105
78076,17607.989518280614
96116,13083.13911560944
76662,19017.75267678535
94194,41703.4498653149
105200,6226.437766273054
95232,15322.217407280985
85705,8349.40501608953
81683,5532.937076253744
92007,39504.56075873076
101156,7864.120305376714
96857,9221.56364899238
91201,21395.80495740279
77066,10194.027313939421
94938,24656.103928821154
82691,11675.73644747431
108279,23640.87665155647
101317,10789.172601079319
91872,22142.961286962523
92517,17380.385405750545
76176,16428.629629967654
98840,21363.34434292378
96297,12620.940943015728
105077,13635.81030655695
108306,18208.332207501946
106837,12178.858136291645
80906,10550.398476639155
85979,18089.42792069659
100004,11006.878355505101
108473,19793.51160437106
77203,17886.05041804242
101523,11634.658824761165
91769,22148.61455779609
95403,25166.035796902866
83930,9453.799556855502
95272,27600.73160075094
107063,15811.008510212714
105033,7652.362177860414
105705,12783.267479020931
80224,15693.020181187168
98468,9472.840852719131
90993,21108.309467956788
89413,5840.925448105499
98561,19104.413047195514
88199,14125.044186046905
95082,17354.79173457729
96647,7421.214275401892
80307,20478.36405530988
86717,7570.38869450469
107754,26548.43219826998
92740,19627.73798075723
89653,9374.840608830207
83458,17301.997447287555
88918,6752.185714666252
80859,11722.599006492897
76830,35489.42938206617
92727,13063.421491283623
82512,8521.630240745655
94918,31469.49488498618
96158,11065.271503381635
97812,31469.93820788632
102820,11465.095039070857
88655,9095.365427205657
86512,14352.737694137317
84814,16652.80525406027
82832,23194.49134657762
86946,7918.557414033865
102885,7855.422064568521
86598,17914.590625597437
76927,50985.135991566305
83377,14246.21241978238
81917,28216.220622300807
92972,21165.148361191732
94932,16747.095002647868
76026,36866.962300919564
82383,31969.739879561155
95697,25670.751601997654
79489,27734.291643899578
102254,9976.667940557043
95248,30518.485353623157
99438,7890.704551466313
96002,24615.11712217725
107266,14783.144512773066
98233,9958.328813111253
87721,13278.969404125082
76462,48885.42597638645
101352,8320.544990296006
89118,9965.085646075751
91908,24505.334460929196
94169,20332.078198784435
105347,16385.104313574688
93347,20739.33464412903
107981,19529.311490745764
104698,12925.211153920423
87678,19141.341105509
78945,11274.238171769672
106051,11393.885216067734
100768,16670.871660856286
78915,27703.90121516297
101837,2900.995144113647
79136,12097.025067004282
97035,7906.356139205348
78591,44692.074029690804
95969,32414.93337297729
84208,10070.878946483215
100228,7680.906560591539
97687,10636.402339113449
87591,13744.769588800134
96149,21514.832258301078
87736,8798.690606732487
87550,5222.826942113378
102052,8516.204612091906
78827,34609.4850368551
102402,14870.497752871875
79412,28884.843925239
77865,49228.46708227208
107971,8176.541312894242
107469,17196.796593937997
97612,10199.630819273934
108451,16168.152078473959
91741,23381.962068963425
97524,6601.131311955074
88979,13435.767381672784
87740,15773.785811804524
98817,14459.623476650047
93862,19947.056290502565
99648,18880.036980063178
76643,15245.172572802254
107633,18021.979451525425
91213,25337.412050998493
90869,22287.006571468464
85444,16419.534872448872
104383,19254.723358948148
76870,20966.513756720753
79279,48086.01207332411
83999,3905.059278898324
98596,7318.198190287962
86831,11858.075969888923
78863,31924.4384654636
98360,7287.2907584678605
100096,11836.042353774528
104448,6686.122098031844
90367,10085.707859025044
103277,12598.078144873592
103728,10130.632633608478
84370,9857.879814491873
89978,7728.978378332189
92359,15706.818453041698
90135,6911.433429434682
87969,15205.268611311232
102318,13021.486616711198
76607,26014.10521734625
88481,12126.870777044558
98436,22844.987265665608
92888,48462.26854011709
106269,9635.730636685308
100538,10661.431867060972
106326,11067.250901271967
82449,5211.7149027977175
91142,19038.654978075247
80150,20366.444455720903
106004,19055.590001533117
108069,16322.192698650437
87037,17413.940419231352
101280,7653.377710180202
95763,14709.609771283865
86504,12125.066712147422
81964,22955.166253646334
98685,11010.081508465073
103215,12524.455404321385
94922,35841.882492555305
78554,29709.529239561245
105764,14651.547153200354
87972,11228.210266026295
84358,11708.802255818395
94964,19883.020112444123
103241,8552.295269807013
86647,12462.961460571734
99158,18680.753253772917
85420,9884.583410515585
78077,25634.152220895485
107422,10748.446368408948
104022,23273.295116071695
79737,30415.100466289736
80207,13634.41900970188
80967,18302.961073086422
104178,14168.176888073516
81030,17877.891222576214
93015,19142.51127355693
80407,22384.084383736616
87649,15861.737021271761
76690,16537.663957322802
79789,21238.89529947831
82746,8336.551560080803
87159,12557.981050900864
105962,12841.964460541893
86711,12716.38022209426
90644,6359.612551846893
85786,10325.403968148386
107631,20408.665981187838
99617,7210.11946648259
96261,21921.728228413653
103524,8162.800949830763
106761,5611.518663782593
85261,11326.446849944257
82784,11506.693404854861
79866,7385.2181781748
85332,18402.51954527897
91102,20542.455680526058
86628,18141.091884346115
79673,29837.02827040718
83347,16050.967750559415
94145,20937.263189613073
106036,19331.802105901777
82287,14251.735245474156
88789,13956.01511533445
79618,27963.33593718728
94133,21998.714139001786
76165,17990.762816272003
101369,6168.398742999911
89387,8462.38915092708
76789,34900.51651653916
107309,10172.913947244058
91783,25777.013238199834
101897,5073.420855671603
97745,20035.669398067952
82133,45081.6171396485
91614,16834.41680495381
97308,10438.480340095899
95044,48506.88296317322
80363,19028.94497849115
87137,16723.530737111167
80900,10188.225383903806
81525,29591.320787528177
86772,10869.494416615726
104784,25077.429644298038
76211,34108.80462784347
88180,11114.565682398546
107375,19750.92613016543
87142,8244.930077398796
102944,7155.434265895604
99258,15527.052875026815
80209,14234.66752268664
81591,16468.1702718058
101494,9228.9159647251
103703,13511.477356731712
84613,12418.305447392162
81070,22289.651636489623
98675,22366.61814172428
90638,6540.6320398557855
78215,18434.21060780518
104188,8935.195084733003
79525,27544.692725749646
95362,20291.06530752635
95717,9303.562742280305
106872,24528.228576877693
84301,13028.514480251526
81601,32837.87791182647
86575,8617.47975934862
100108,11297.078832470437
98140,10438.694361065554
80480,16960.095767790983
105961,21146.994206410534
88147,10429.44685782934
90426,12512.39556615155
92503,23376.294210695953
91066,25291.378746418355
103976,10714.392542359165
78267,22190.442130301988
99535,7848.7195072263185
87776,9005.513719699877
108501,22595.832332239934
102285,9945.42599845656
105946,22685.993520370084
107799,14529.448418628126
90291,14396.929598825407
103617,11297.078832470437
97086,13020.574799722874
108058,16425.18651114411
84663,13397.606472600106
83054,7716.975113240022
80706,10491.409334839127
84885,8212.70367285956
96741,9541.981714730757
89018,16767.86743368887
102962,12506.121608330053
107208,21451.066261781118
87254,9030.018160552034
90928,32774.996523432346
107211,15709.526541750962
104636,14030.714957688291
96902,22975.911696829342
92953,18625.38959147817
107082,26935.828838761052
87483,10011.767136006678
81493,19114.13617094825
97521,6596.123215322837
107168,46662.21927363118
94004,27065.086030573268
87794,15239.182610436637
99172,9913.000178412996
78673,28195.23845528298
77673,52473.14927037892
89569,20195.232699097643
95130,11573.519173673229
82941,13253.722287956778
106278,23543.939745623837
92295,24541.77405066509
100500,6674.781940090634
82192,38724.923396408834
103583,17579.182374979617
76059,13570.483036186659
105499,7250.145010788778
107083,12196.419187347567
99563,9458.131237376096
94951,16050.734557286818
103148,13576.747540275566
91319,13707.755221875334
93386,23102.715378116045
76109,9433.741735528154
82945,6752.185714666252
101785,10773.165226200876
99381,3515.733957561104
87060,18660.15033037621
95211,30176.94024310346
91694,21088.26374937274
77173,49680.46955687995
82094,13690.343084564462
102120,12993.246811153636
91721,13667.548479074436
88100,8445.888272948054
101115,15844.387605809688
104595,10653.491892936923
90098,19076.024397879333
89595,6507.565799140002
82269,33555.46033834254
79900,19703.066146823952
90360,11302.512215185518
102462,13236.327424715468
106639,18216.527553883385
100825,8483.975973605455
79579,31020.95389576714
97198,9496.716424342909
78303,12665.405960372178
87680,6251.025164601259
78160,46697.046777052616
76168,30404.253819912126
88329,19759.14540264756
97416,16928.2890685624
93159,50769.63760924858
91927,19403.99294471325
90611,13272.032424717021
78641,35833.78092719905
92598,20046.484080721017
94425,24735.132407082514
91168,20937.681319275765
78734,21736.106672970534
78005,21796.14894317109
93001,31720.317545577665
101473,13436.54808907736
81076,40312.6738567966
89625,7889.160034776265
77610,13331.19537219928
99909,15015.33334201273
84285,5222.826942113378
87146,12104.639981122777
106204,21424.44059005909
79047,10756.059869682045
101371,17920.567841150027
83269,13299.130686425495
79251,13343.357888080369
83976,20953.196689251068
102684,6825.436454927295
97327,11814.21654384964
103469,10494.85923846988
84299,12381.471929463118
99272,13542.383956706495
89489,7415.338813052004
83325,10238.585578964616
89423,11524.834519659858
86724,7626.915011052035
83802,9839.49824252147
92419,46160.196608056176
104989,11580.774330070843
83670,17372.643977264426
90400,8233.184183154726
107433,19601.955594763356
81641,30706.331355861214
103722,12734.798017247851
86632,10777.494689467754
93036,18769.493363907983
94398,16423.115267501063
84906,7664.026890342748
81280,23637.935175431077
104075,13978.321593298744
95998,25495.681705806204
100993,9718.587012693775
105404,20882.553598154806
95615,24210.34599836619
88828,7893.308682917478
94230,29981.59541481736
97101,30922.387781151585
102266,6541.678005536931
95269,10534.992243047252
87008,16664.60508769463
96384,20733.33085865428
81461,27615.59134083453
92651,35354.43391357891
83997,10948.922881313654
100143,15521.560275176325
86721,18622.962111366003
107348,12772.612253599676
99221,9494.038303414518
92846,19752.373616617268
101042,12210.809787356107
76663,50701.32216923464
87986,5754.9934236331865
92959,16280.78169641245
86076,9373.454390916919
76987,12465.350516356917
76842,23094.580190966695
77966,11885.649316549798
86599,15607.946456159703
87922,10094.884085219079
90812,6490.460201345122
90897,17339.42527475067
86531,10577.516208400055
83583,10172.243319335383
81256,25505.33120089064
80343,14212.449282672655
102122,10940.730578433995
77334,34369.75821613291
102222,9892.11478562998
93883,15354.86588635372
101876,11851.037719922528
77602,15652.193337719285
88598,13497.420587465449
77524,28241.312170200275
96783,30604.965689397715
108041,10752.795425356984
93694,29315.104105413277
96258,16524.86706572751
97398,11622.231590935444
84225,18300.25458243625
86415,10824.222929294378
90604,11607.307874163542
103848,10216.59957276853
81012,11332.602559602778
94703,25420.122048341855
107406,10579.86012223052
97842,6790.060316595992
106706,9044.086418645918
81667,32833.51779809939
81092,18737.373876588572
97523,18928.253030196927
77107,29848.20133194326
100699,5876.722513796366
86969,2962.3270725916145
100917,10709.254865037725
86251,9657.569234834718
86424,20810.546590277725
79990,11734.994134486575
86382,12250.650053484997
101613,7754.746567973007
78397,15951.531581678864
80111,11027.819853445055
88021,11831.52329287557
76832,18388.241865410957
78935,14030.071833941245
100446,12210.113596602241
100621,9548.476024730719
78399,12175.565292193873
108515,20049.958888348774
106023,10638.215871995053
93721,49247.39826698698
83647,11614.623745429613
94136,27204.546757726635
95847,24834.416640965806
107172,9716.906251272534
94458,48525.12530338173
94175,18126.39717327263
92726,24019.140543453654
80910,38075.22478128535
86869,11544.30976086355
81258,18791.030633098933
84340,14739.587154799938
100324,5799.429440063825
99428,5619.360361862315
88878,13215.908553702206
78066,50777.193954770475
105935,20192.010522493427
87309,9643.658935971684
87656,9813.582102913933
83790,10849.448963222485
77893,6268.724448988547
76055,19262.46145235776
99688,12337.346805870648
99661,9458.131237376096
93173,32632.112739135006
89291,7988.032271531691
107766,6988.9719124059275
80369,14158.709337805758
84448,20241.93252207269
98481,6123.937202461838
96477,30471.23920229387
94818,13141.285020742947
106708,11441.182188119843
77786,21660.946948364086
77244,55960.09579533317
91199,18508.25922613165
101108,7227.385433761814
78967,16564.55295379836
106914,14135.452174490078
91647,22061.018181084255
91411,28032.94341622055
98766,17103.51016004208
105906,8490.89657387684
104682,19219.584187622753
78615,37639.19326267505
85253,11502.720650870371
103137,8408.451613024166
94662,22893.36895366599
104640,7039.73905997752
97535,30936.731241558
80168,35163.80913194785
89005,9585.151095121106
99876,18529.302544698046
88741,9265.01061242039
88333,13476.219363116223
79822,16315.336793576877
108292,15864.009153268056
106845,14661.970596712625
92167,17207.4929382085
91226,14006.946273704674
95206,14373.463289196643
92166,35782.28325804261
102963,11610.37954187678
79527,48203.08543445639
94552,26300.697815226602
89210,8950.139471615845
78573,21489.07825612504
104073,10644.422677490375
98520,13447.238067572585
77491,46845.765352648916
103333,13543.631967050138
80090,22314.322916898658
98666,8784.806238534293
86798,13634.665893861966
81728,16436.093881298773
81606,10989.674975834796
84372,10383.225126607798
105528,9044.491421771168
107436,10042.030282822716
89038,10292.432780222714
102983,16425.392048797414
83135,11969.302623170754
98165,10475.31180441683
96159,7926.222571227296
90229,8614.752477011416
87710,16050.967750559415
91414,20152.43026387273
77961,19196.71680165548
101890,13401.836975934197
83710,8980.659352243261
92874,23564.231938726858
86534,7522.830551645897
98517,22256.511636718347
76174,34773.32422277916
107068,21879.92186040327
98050,12808.063871292183
98718,14197.07925066199
101964,13746.225967053631
96813,13836.790224225017
95118,15541.427401370758
91139,27204.546757726635
98838,2795.1292104298823
98268,11147.391854821079
99553,11830.922674232612
98904,10833.575645825958
80828,29088.823164569705
100001,7173.548989140728
106691,21607.519063331445
108038,21045.60554840071
98715,7542.265268863912
85714,8176.187929403036
88475,18177.786811814352
91923,25110.802979633918
94795,18510.857160468197
79738,11791.868206574076
104213,10041.499110679712
89425,3117.6010101195643
82405,13843.761583220567
101000,7258.343036312759
83819,17491.486071623047
103491,9924.655690600715
88226,9671.169479252627
102022,10818.515911803664
106889,6789.321311174403
98697,15756.351636168052
97178,9109.250794424
92375,20940.301254412014
95917,29484.935899433043
96308,12707.975815365766
92406,16020.759060830664
108375,9057.673465363256
76860,13114.055908844575
82234,20631.440100085878
99593,11139.544924595093
82962,12009.026404742639
82016,11864.79972453281
86781,20464.10084001221
101065,14736.554459829142
95525,19302.37031588345
95306,30612.85032771836
77397,34264.96853140948
92496,22743.422703786444
102473,13510.310936005726
102927,17264.383551099345
91897,27843.15452850601
95554,15445.530623583063
97488,23881.43278685189
76085,14383.566275230354
84133,11766.57008021956
106369,21236.27120837305
92172,12553.65411895474
80532,13002.024276441929
96952,6436.0235900660755
104627,27067.337141375876
87415,10693.629602943874
97047,10653.730507402286
87227,11237.0668579853
100308,6811.045616322225
105075,18399.866974034718
84539,15294.588828863172
92284,20257.11124771389
95634,34803.628649306454
86731,10027.708725855893
96425,12846.6936201496
96765,12793.7296973867
93239,12867.316819518948
95450,15284.618304663538
102086,16094.858349856362
103024,10582.551623709489
92808,24651.41831567144
99619,7189.7372955287765
79704,19178.945262675472
99613,22657.03376888737
106854,10655.166792313204
80959,46254.811245883146
96020,17354.31919844207
78736,13705.914811456047
101207,13776.529204618868
89767,6699.505337998714
105747,18395.017645998963
77828,17444.517297127815
91572,27630.167600323206
88785,13912.485125334413
76972,24024.953359482908
76362,22662.174824216007
87572,23734.896863837854
82399,30874.923876166187
93833,20631.63259659429
94597,20042.826344145415
86551,9633.169008567354
107163,16441.09366403686
84085,13014.195084840094
93349,31857.81320666864
99389,22467.980821461937
80970,21274.291937628477
96279,10068.939493596676
95329,27128.18690990732
99228,11394.399256978573
90184,16052.998093626564
107226,16219.660166152693
80769,28000.875593618
80742,17839.820728593026
93650,22216.69683223266
107530,23751.82017982292
87038,10092.413153409128
80146,31450.486539317295
94892,29350.727764914067
107150,18905.61233152421
77880,33346.91246996944
100591,7100.828546950819
80919,14046.632076355114
84533,6897.495710817418
82006,12438.22528206886
83592,15504.675036940647
77124,21902.619323715156
93924,19348.094759127842
95528,19416.18794635517
105644,13524.663830954507
85662,16754.859153155947
83079,12646.95042618106
106655,11031.118830570216
96517,12350.773582408125
80260,31043.50238984675
78203,14778.598852587378
104045,19867.64776246339
76147,30493.641659521872
94260,23608.6594552352
101648,12397.933262232198
84725,10845.540097724645
100099,11487.767063219078
79381,8401.6102370061
77511,10287.713793696888
78265,14624.98220687786
85496,10488.925111661081
77336,13135.420112857977
80330,30695.169486895964
97617,12667.340801753158
94477,40577.62198178095
94881,10675.528442388935
76653,97605.89027469263
89023,16471.67620154813
104965,17942.362963438736
79637,16252.901437659075
94018,18818.252557202028
76481,12914.40720519307
76139,16933.028935305607
89662,15437.745227643089
105654,18547.663443913825
101555,2126.4483136889326
107636,15008.314005496286
99722,10203.73801824631
77887,35069.012305701755
83236,16085.57503433867
107964,22602.898972931398
108137,13030.006521604517
99718,20409.203784096077
86701,13520.340284383905
77077,18396.28602917471
88040,37823.602318981844
78583,15675.123467937707
85917,12211.620542155046
81283,22296.427112445504
104304,10546.83050268513
87081,17980.850365643444
87129,10956.804734278952
98111,7542.265268863912
76125,21021.337495748718
89395,6497.17041420739
105028,14175.355948516988
98036,12728.665272643659
78805,10890.519392753451
103101,12985.139173472833
108365,9593.911996652234
103367,15523.022015813323
79524,25732.353029703492
96079,28792.903262225016
104361,42963.37825854018
106133,28745.429335214274
88514,15698.103110599784
80511,66031.73362898554
90340,8935.991000559954
105563,17996.979666829844
85987,15670.27653949246
88251,16439.83105932046
104270,16838.656941738707
100820,7065.910214056955
91061,23440.489994667725
94348,23568.593000928486
106956,23484.631807212187
100858,9701.598134302409
81114,22594.575972819268
103100,9456.390100522098
87787,9574.920042158106
96168,21156.62249871976
107880,9845.353328975678
79423,8504.181052234426
96948,8846.169506727998
99709,10983.83471815064
92562,23450.276659168172
101684,10558.750477541003
99037,16463.44221399966
89129,12060.024773583185
78722,18486.363839738267
100854,13177.125011307302
94206,21529.391926682096
107045,7356.48009122346
102537,11140.312164358767
95597,46007.18100006857
88680,13242.703989136757
96439,18108.68732519089
95466,22195.72230003641
89104,6438.56533158671
88224,10008.66699541534
86152,9900.317932420754
98291,12120.80894558487
106901,19450.95096602176
81783,39140.903980583156
100932,6490.8520089325175
81607,9719.39117462245
96664,14854.443745874913
87553,18060.335266588274
95513,28441.21665726515
89899,16092.820710153992
98891,20900.057116340802
107167,10233.111415613692
77353,11385.858409409948
106280,21164.53499504375
90874,6621.717809224324
101248,7731.712287458806
79805,27146.17134829748
106429,8628.987064093715
80749,30983.63352794191
100354,8488.635740593756
80249,14971.08145693378
108135,42379.82602963618
80931,16881.37047094938
107899,8654.494940566567
106399,11956.88193964381
92635,30628.183855258736
99128,7942.43742694611
83388,9850.828550943686
79225,32007.541374267435
103533,7660.304984355566
103029,13540.616229309659
107588,27044.8966871304
92646,26917.23076709722
95432,25378.715363617182
105377,10292.681708663547
104914,16156.17856177803
103692,6437.91375539427
90273,16159.228479705384
91496,14591.143844040655
90243,28886.01816187811
88300,10927.941698786555
87519,12669.101502002337
91612,19589.374721437045
101939,8547.70595868216
91015,30484.365159184315
90181,20787.551123533896
78441,15166.38418585304
108389,12606.629619254909
92627,22180.64463700178
96927,9340.853191136219
87730,10654.02129740664
89842,17617.587428479954
92971,17527.605609963462
85556,9396.638715814726
82669,13126.56673341226
96673,8999.614877764616
79153,41409.22911395564
104675,12515.065019077914
91062,24053.131205552025
93779,24128.77228467442
84248,20850.898270956466
85038,16323.315934635413
87003,13598.663866497873
104951,14090.656994361718
80530,12119.438954883697
83785,16305.604237379519
88812,9768.336090577928
82270,31130.667207742637
108300,12348.074133245704
103880,10288.15176051046
90507,16279.538567909143
108049,10190.274598740016
77105,25084.60200807553
86615,10088.373247319985
86494,8093.870821451198
103184,8070.848108850312
98599,22246.508943916673
104375,30014.699196691297
107205,31272.862568337772
78844,9359.866561447063
99780,20494.46978089129
88969,9042.533584798095
95137,50312.070330908784
102509,12387.84503022534
77745,30051.258687806145
86566,6730.644397543072
97877,13937.741149974807
101765,6445.671933405989
77886,10836.237289406306
90185,8687.514947387544
104203,15520.12393853154
85229,16730.437870695765
96143,19029.61764780989
88575,16474.598885978347
104096,15521.514158781
90161,13516.235621917896
100702,7679.993616754206
91390,23110.43791497415
94518,19037.281653878214
95365,16737.788403406215
77078,10289.922397595445
103981,9764.451871816384
93049,24264.130140921523
104932,7865.516527698565
80929,21681.60322545746
84280,17395.323614302975
107619,9419.322559694558
96726,8942.153114298764
95122,12820.364421565457
96286,24224.80296395976
104463,12106.34275874559
79669,14180.315977438315
83751,11415.366928053669
103686,7864.120305376714
76601,26843.793605654806
78424,29968.971310620796
103522,17062.27043554271
96181,17340.58270180482
106896,21552.51251869447
103201,11863.787870843458
108472,22153.538267493645
96100,9873.30688332539
78149,40673.63873650102
99046,7376.531608083634
101215,10013.272052567245
95675,26233.223405452554
103753,7327.9458383364545
102010,13022.597363908493
99789,7981.318207931651
78760,27544.96931507947
88270,14100.939464030083
77169,30404.253819912126
94033,32213.54482974614
96304,11094.121274644936
83591,9835.893632842924
80417,19819.357274204518
87101,20078.730172175663
91487,22068.393534163057
107256,22875.522654560278
81695,30357.919013722163
104760,6327.066995110836
86668,10927.592865893977
106007,26303.473064303314
94726,18671.85103649238
80940,29170.485269882498
94574,16263.625056609508
100505,11268.168868720344
86383,8635.928057533607
95683,14937.227807594438
79982,11634.4001090497
91488,33482.74177338251
79556,39300.771699805526
108183,15139.088400107583
93993,31258.644973718063
95976,34627.0614710936
98574,24332.192695579855
94825,35668.07894291614
88397,11168.688900288316
84250,11672.326438642096
98593,10569.488326312132
98330,6674.224252100245
103350,6888.138677112513
79640,10608.792245917804
88447,11350.894683597699
97515,16597.859567091
99951,12209.907913702897
99333,13068.629854094694
88755,6314.298929432166
86184,16022.185714832456
79396,13804.566089591675
86690,13342.98343187732
84172,13928.739764957025
94766,24629.419520251886
95569,33561.587866976
106158,18778.413635799167
81339,13750.556460708083
93286,26024.64933309393
98950,6473.9086893883805
78868,16738.379338422194
100793,6814.180673663029
90095,15892.375410686915
77269,25737.42644198877
79615,22282.44601196241
104050,9982.245363471315
103961,11762.78184396934
105844,18060.860587838048
101832,6462.438316719834
102550,14866.809617494124
101434,15521.560275176325
101418,7224.889265010152
108042,14728.54671295306
107747,11732.081866372144
84521,8560.343349270377
97615,14909.46659672649
81424,10450.321341565632
99517,9025.094338143152
86658,19361.920655142105
91422,18726.010427595058
83839,16772.56052096932
95100,16730.591592966586
108425,18048.712034449523
102439,6208.840658562749
88840,11731.961602257532
90580,10957.094837197506
85770,9426.046871895698
87728,18918.616142295068
89952,24139.490878535125
97315,17350.974028332563
85711,10792.854805339986
90358,16482.274016678974
102929,7307.068897781761
82447,7554.552048962739
100245,14478.177189093885
84784,9688.655713856997
76465,15509.958857131704
87664,10496.809454225284
105387,13756.045737021648
77089,18168.48254894072
81610,11784.048589508306
81058,17041.56845564104
77730,56381.82687832251
87459,29902.763130864492
104036,11721.630894702823
107145,15868.460621974044
82326,30162.59398322503
98946,12270.320018947445
107053,3412.1054939712303
108371,17041.36516953439
99914,7386.014129031408
103049,15659.12037191209
108509,12701.429978869288
97598,21527.063824854304
79617,25033.76479958332
95140,19302.37031588345
90323,4965.119416368619
87974,18741.44868859153
103944,7767.900989816371
103018,15521.560275176325
87158,10948.922881313654
77669,17785.126876693048
98042,18691.32422330987
78268,46831.062326148436
90767,6206.802314307418
90669,12127.301119737527
81912,5352.899211297713
100120,9856.563440626745
102601,9369.693730356132
106911,12616.371486773605
85941,11346.532022565738
87006,18775.349958931864
79286,26914.886325463634
97138,10942.407558267547
90797,5458.3071749833325
100707,10490.493667966432
107334,10762.507082296093
85757,8984.701837714034
85888,19037.42687023802
99962,23621.191400604155
76188,37734.06017417672
99064,24124.772819486945
77045,39096.645202341766
84655,9190.551633218816
107154,20725.436486641585
95840,14373.463289196643
82979,14681.323123099757
97459,7963.641002773763
89352,4169.005875582118
98956,19544.597345550457
96121,19634.520722162313
84625,13354.140691145638
98767,8182.71669142411
104355,20523.13911965695
89678,16967.782047178218
91357,32776.5194624432
75998,15760.498345396116
107603,13275.706795088721
86574,10814.338411298151
83632,14273.494142482927
89374,15746.423819521497
81663,13145.981074107498
85717,6889.261813858288
107272,13795.205543934697
106265,3765.576917260471
99040,17155.172331864447
88694,16687.513633783074
85144,16306.238479770262
86820,11497.051185314527
102396,9721.560441879428
87881,11193.408044706139
76603,15656.434030752105
100941,8486.666408324922
97580,23979.276245022287
106362,15249.382395065548
84680,6237.193596875183
105064,10111.112915615771
105522,17616.416972549683
82587,15058.61619902801
81216,33090.55124434518
77075,19395.082055147363
95633,16833.52280138191
97702,8485.010400682442
106735,9812.121763871546
78177,18265.674555731715
108495,10488.95244458205
100743,9695.775090848214
88876,3716.7816470870216
101192,13877.679831371255
87450,11807.037058329257
87281,10325.050084198221
89740,18055.929601050466
91037,15796.958119566118
88485,19096.50356448839
103760,10940.509801476725
108527,9489.672846711952
94564,30587.52988447035
96909,13323.98108030623
96759,12671.656445735765
99752,7398.254524644523
96075,15156.290010899265
93329,15505.233060517881
96936,25390.153035725445
98873,8345.60513510248
90863,10354.962954869596
76692,43399.5657011247
89812,15657.475530648137
82128,14088.78782975967
96066,9120.968354295213
95160,31835.547895576234
94923,21235.525119216698
79998,20813.852450110353
98555,19340.494591324798
84197,9732.741849271824
93881,40810.90273266287
96420,10679.782309988517
91466,12349.068201776585
102246,9795.774351985052
95149,25946.465950377256
92066,33827.507215610254
94579,24522.7318792058
81791,30490.780024612723
87929,9214.77479844538
79839,17556.44824451338
103708,10445.192525561482
78718,24986.607368425302
87840,15925.967237278908
86316,12650.283271482736
106118,25523.30150579355
87923,9764.640704883073
105417,20435.28957519607
95584,26022.439125409135
80187,9677.846848984856
96280,18435.79895846891
88069,7307.779735079354
102826,10091.020984426556
91166,19052.878030748765
95616,29751.344205007033
77374,26560.871240670742
101288,6615.398971085064
88801,15793.177872270806
100060,8020.133569358421
97336,9281.340105678897
79226,15426.625452017212
106287,10809.349497914201
95018,21560.769579653745
78131,16309.691874859096
84551,17349.65853686542
100445,5717.188854158917
93031,24013.672977716193
104415,15977.815099338126
82984,18300.0293264097
104242,6954.325576436945
86170,18005.691543929974
79814,20967.30839204913
94172,34950.82364909472
95530,52190.30317107891
96105,12045.301876293592
87822,8312.37651222214
78073,15880.166141260648
106610,18486.929703977363
99065,9743.10784269597
77646,56159.025410836075
86266,17077.533550993157
80186,18815.494678838124
102645,9802.587595320372
83453,16085.57503433867
93905,25314.746237481977
90535,4900.442189560738
103695,12201.361623714512
87488,16107.127524339758
84520,11298.122169809245
97541,10084.653929745742
93818,30223.985887903666
90796,23835.628814459742
92896,31769.65262734776
95577,17400.472659287752
101488,13809.953631707469
92336,27476.526735988904
98826,9252.804299748568
99527,13475.403013329758
90582,10789.6913840182
99787,22094.154913172802
107806,15224.50063186446
94108,20000.810832687253
96333,9195.316535282658
100710,13328.67265100832
94129,18452.262612378574
85361,8609.44179414146
86043,34353.583676061215
86833,13363.068273688932
94373,19410.606418526895
77978,24111.249156407466
96250,19776.905692950757
95594,27301.391038471516
96781,29393.741679106213
91860,29025.448347511967
91206,18409.64864359231
102627,7237.492526943228
89384,17240.63177704302
100945,10137.766513878129
103337,8753.840247691225
78230,20212.565582187493
103814,12210.113596602241
96429,10745.769269722245
81547,26177.837340165144
85056,24601.419204947782
107758,9117.895276892195
81328,21750.053126291175
100775,6197.324333192748
82066,20233.284950677727
83908,17753.213634995565
105323,11114.244482465858
77492,17908.774339290547
107451,8644.145831739565
77351,11021.30372980641
98029,8317.170483188935
101572,5960.704724007964
94944,31229.924499351673
91179,30348.123269087013
97780,27941.240233161843
97978,9906.872689730455
104953,13126.159475322429
89173,19969.374825647163
103406,10945.185873213373
105570,7721.046130749768
81815,18520.793493950616
83095,12993.941247481293
92184,21298.894319319963
88793,11866.851648504211
81805,9935.422199365608
85794,16675.474702505002
97245,26637.60024480844
88691,10072.353099589884
98261,22217.150612636855
76495,21729.354246652103
100400,9772.113101350342
95964,33090.0589620893
101477,10155.089788543642
91345,19665.33154958607
76207,35699.9572587501
88153,13034.733968209242
96153,17635.766522521128
82291,14001.00536392797
99451,7831.1198674018415
87965,21513.447217141795
102559,10623.623011689695
106147,10337.324310932694
77921,16334.455843429152
82334,20373.72610066479
108164,10946.954476157247
106096,9879.027631636382
87657,17377.96029793177
98448,18139.389200477355
91900,20979.931438175943
103220,11305.008890783118
107077,9691.872659752431
78197,11081.14952368614
101655,12476.272435250345
107006,11544.064630590427
101367,10426.937198458045
91219,25910.692336217926
92182,16057.196540443378
81544,17754.049109076463
80496,20813.852450110353
81766,23727.325249963123
96589,9235.757881118107
81711,20279.0503094507
94981,28255.06071740122
80701,15913.639753658332
83791,12609.55151796201
84832,15047.15245860068
108407,8335.833916292624
98308,17248.631339400104
101437,6566.298152116909
91248,34409.41283581597
104100,20309.911626161345
78410,32493.008963089847
98413,17669.050995571826
90060,11989.563619054587
101366,6770.637976100273
98709,8996.707902004498
102890,9051.748832176298
87962,13364.825501310654
79140,14579.63965591815
94166,34034.198280765966
105551,10800.56023649549
99518,11066.364923034118
101813,13824.549967715815
97443,25759.12382099744
89725,7854.025950347815
100115,15710.893155625667
91893,17371.13114392841
90000,5799.859983930613
82989,10790.291158564976
89359,16083.938018556404
91971,39828.047678320916
88614,8405.820932861841
104765,12743.63332966788
80918,24987.71657991347
91622,16584.025825075736
88210,11609.320737567543
82019,52825.76982311971
85200,12683.156584813154
81558,21403.155389217434
99276,11053.703678108031
81563,34735.6399271255
99583,9248.381460570788
77201,10560.483072220397
94664,20264.664864466093
99203,8593.331187512487
89314,11798.743872579158
89306,13927.976571964813
90716,16301.822586774728
84217,17232.527241103653
104655,21773.116505377544
92210,19158.89279228413
82528,7864.3435035199545
91346,39607.901065212296
88118,18575.727097836738
76132,20352.62283663112
101208,11625.690429337265
102136,8980.231960454961
77562,32212.277174673203
108283,27366.29360858814
100008,15521.560275176325
91342,38734.96483709841
107698,11377.042312550766
81538,11898.612333378975
99044,14773.167513180877
83163,5515.792581368524
105124,8415.949109555517
86549,9402.452971345605
91034,10240.976989151322
101853,7939.244319406055
99837,19668.54747831327
89337,9852.024276130463
107369,8878.716227268353
77529,15713.608487745198
78801,15963.816970378924
76409,20832.161115285562
98146,9309.155500553106
91565,49747.887347613054
107994,21152.533531658875
93945,29078.381562423554
99755,10853.660356113418
78753,28346.320056886525
79674,21664.16435129552
101599,10753.13629467557
81659,32981.94636645815
96322,6835.163542066566
80700,32793.5542394487
101522,15521.560275176325
93595,24266.585826577942
78924,18528.191146406236
102891,10753.13629467557
107611,16921.89496195129
78528,41938.58859046315
86323,16085.57503433867
103910,10925.818506709755
93854,19846.506189491305
88710,7810.349278974329
82438,23618.762246066857
83328,13726.619498952763
91690,23963.190687938866
83796,6156.397340726069
99904,9370.451438195973
100270,10657.118097702969
88422,8515.940516220753
102971,7976.870531584863
106161,9920.883463548422
91244,16292.32085824082
81158,16191.620028755038
98004,22459.8669726014
84522,10233.934389619408
81215,23320.467154322327
94487,21385.541033146692
78065,20757.750776186193
97766,19424.323742814133
86180,12272.133986059105
87921,10634.638819894455
76160,29772.729776528067
104197,10607.16581529202
100295,8438.989709550298
96012,13571.683130994727
95783,13957.58953454937
104527,20983.778383348945
77354,28388.050375382023
106062,8124.799469899978
84578,8744.231459305569
99784,12270.320018947445
91716,20534.808472051966
97394,13502.33170716506
97254,23005.721730996633
87501,17511.32673887103
95532,13959.528800249802
91011,24734.57457210146
106069,23294.586922467228
105103,17997.71513133039
84421,10904.134512152701
87363,4916.732428678134
108379,13420.354884924389
83268,10797.5292671263
94592,28908.57559725296
84041,14194.687345480192
88908,23965.227387839506
85932,17889.17194892176
96593,10097.503896595676
106195,10367.666194799933
107153,30811.181333734105
104500,14996.884183662469
85737,11841.715299028612
75997,10043.632839632537
79336,33642.20676199963
77061,41613.62981881049
88839,17402.44789220688
86859,9104.199885958285
101090,12571.335351453134
87563,10246.654831669966
107188,9152.849678617045
95198,17749.425706630547
86476,16295.063387415139
99894,24415.82681168589
88279,11162.68554697665
108121,14849.363841725844
99827,13681.588959744258
107457,30993.55318218285
96509,26296.066544556477
101858,9504.285606732856
93052,26313.91783743281
91879,26884.524739207525
107229,5927.949986432151
87917,10254.011583008543
82310,10357.647667780408
93584,17106.90613122912
94356,8692.96453594718
76249,37329.008844833836
88386,18058.77055720167
104406,15354.45995765039
98286,6268.775713349648
95310,20704.480531961057
95994,22857.960123370376
79879,28368.44765500695
97135,12770.34143200143
81818,30711.777025558367
108055,20574.692231097957
96474,29586.09211819602
104358,27262.80278539966
77110,12045.206025172989
95124,10668.456802299272
100539,13022.597363908493
102883,8483.975973605455
94081,5223.277621182251
100018,7832.067818838162
101491,12782.635634806544
89297,19001.947684031777
99337,24755.550126983828
78463,13365.72052716195
97799,13906.169082613038
92138,22804.110287497704
83715,13957.53518169418
90455,10798.286315771142
89100,11313.103918302048
79908,20445.609880947257
91045,17305.64160090085
78357,15147.422735562404
83989,15821.904584160446
83057,7919.917454220161
92472,14373.463289196643
77836,7561.100543971612
91661,26150.846007211516
103107,11610.872174114915
95476,29751.344205007033
96615,15142.072257242524
76337,57430.876545530766
85067,15217.103851594233
95176,15958.012757529606
104450,24640.114182164092
104227,24157.83786107055
94327,15582.075845073628
97056,21824.984042167664
79775,16672.859456127957
91282,28065.823824329305
98425,14836.96574709194
79509,16337.853688527299
79798,14935.43754420554
82615,4020.9168812597377
106314,20800.887799101813
88964,11343.330206449134
94303,14884.25053283649
96851,8206.982862511473
104465,12690.528625533645
89500,11338.562150331001
100482,8185.195890883939
102159,7990.1468605794535
83242,9838.327682393734
104780,18913.15598449729
83902,7572.258290018108
88955,12126.870777044558
83139,4770.251184399306
88842,26181.201449549706
99320,7633.327059453278
81840,25712.231685526447
103216,7333.501225014278
80734,22714.27834183353
102743,18752.29884989622
76855,24558.560479580992
89866,16272.723776680084
106171,28699.949233658466
76530,12808.763552866452
77933,12438.68548902598
89304,10475.059395511691
77180,30350.26717664513
101525,13675.700780684501
83657,14389.55428717866
92832,19097.27880971545
102059,13027.19564329523
98895,3082.7761559273654
87994,18584.84664325944
86458,10612.409533064454
95568,31780.105603930642
79603,22629.208056349595
77681,15303.296735512973
105596,16184.639782838298
100815,7198.111915736758
77113,51230.15893554563
95519,12341.717692052993
82180,12710.722249452074
105893,19685.377569602788
96087,6604.006408829612
102458,9605.650104482516
104637,15586.437131059836
78633,21852.274333632333
101205,10753.13629467557
90825,6290.974758587943
77280,30100.6846282987
94924,14615.044979740096
92185,31962.00985828258
101547,16048.979583368025
88425,14996.753661861383
95191,20957.90668774368
82878,12702.23939048928
87900,14293.629559271232
90045,6326.652615567999
85402,18211.43505998668
78124,19106.59661655195
100374,10014.59447928299
96192,8603.943994051911
108050,47592.72795741845
98773,5645.715047211676
105534,8413.670662837343
89256,16077.352620233907
102735,15304.629706637825
101683,10529.844721850704
80977,30641.922439126334
98983,9605.726105458714
91969,46834.26490311989
101852,14382.492317092629
77600,14670.540850149879
95813,16162.807822843264
85687,18729.615823836437
97288,8710.72387598392
76331,16691.730496261294
76111,20303.642676543004
84464,13290.902236651149
102105,10518.864244285644
92739,41687.268219708545
87154,17830.3886074287
76313,9986.944152160855
80830,15741.157783463546
107419,42975.077934803834
103729,15670.869697543225
93796,20230.06532757962
85542,8287.446837780872
89838,17918.85483232248
93303,18557.371774078423
86555,10598.385529024226
81471,21899.651125464297
97273,27688.68652492703
84529,12623.751606747664
86886,5561.911615001978
77905,49022.88333563409
78325,13375.590735008227
91821,24687.99025892805
79209,15418.29984989101
107729,10801.294493892636
88328,10799.452234011464
85466,8162.23083650554
105634,9035.65535922178
79780,10342.850943537003
107271,11134.747619943431
77909,25779.603251110922
81592,19835.421127601985
90946,18364.608774305725
96511,11458.024140329218
101345,11255.23290680049
94773,22556.09260683353
106754,40137.51603355255
82112,23984.052099550605
76758,27145.92829048433
99146,19806.06619832769
103707,8552.110121936095
84009,17581.054675685027
84288,13741.78236600855
107688,12544.76103767687
98025,16670.39263780809
94529,25536.901740766225
78142,20390.21678964979
98985,18251.823371257156
96366,17744.359473862052
96697,8882.263618845265
93267,17909.90023031848
98625,6064.209103506913
90111,16022.03254670335
94666,32936.75599397468
102390,6450.271880541439
87799,8811.01589538571
101806,9572.747919319798
92319,16097.192607602989
82564,9646.965752723037
80431,31436.796317646767
90298,10649.863783240395
83570,3131.8045686723526
85343,16043.963970128558
104567,20119.246586095054
107481,16654.692073066613
80625,17029.210100676348
98575,11092.455453627204
76415,17711.7589659196
95772,25658.86019138106
85564,16897.66659101669
106489,9480.056328165874
104520,9627.76579681161
85622,10234.96734964502
104842,25734.63608417072
81717,30254.136456009866
91720,12417.567907796438
93411,30490.75020346329
91818,33211.945762157986
103824,12158.175149204999
106453,20033.60490541853
96056,21987.53020264104
87924,12443.565501560372
76902,25415.24909841076
107200,32475.79174753512
98825,5763.021725335678
84740,13724.649875663352
94186,36208.21422742904
87093,9782.870782744385
90703,8924.760602651077
87711,10192.728617269413
89763,13475.156596888693
107087,10649.846591897003
97903,12145.776194158054
105393,11286.24062669203
77984,19366.798435796412
93270,32195.150005525382
83584,12868.418479198383
95630,22729.172052111004
92001,9454.709735270304
104596,14783.706327368809
108196,13396.100931536705
94963,14756.22457045129
103813,5739.046813178777
97285,9846.577543745096
102140,7136.327203229155
82537,2238.136214141692
105396,21408.047979481376
92363,23140.194335383225
87145,10796.374917781604
83808,7553.178996014659
98940,9460.350196948888
79334,19196.617225390488
88939,9470.576164469274
86108,10677.193363732324
107513,20246.173837277023
93992,15148.787552344045
77114,16246.7824933847
106247,11204.395953799327
106460,26791.943497140495
90980,23219.875275433427
91407,31490.577794630073
92716,14848.06704837247
94427,22006.439556670863
79107,62280.33224257685
97517,24238.89156298737
82963,10585.345491868495
95600,19068.41484439235
105627,21360.4238227412
94599,25562.215466839767
93831,26584.542344106932
77796,27328.79212823181
86054,9576.953157017331
103984,6683.580868613506
79232,23912.91325098728
86186,9943.534128154706
79993,21483.398862594204
106645,21442.558385322172
100923,10178.348642510344
79473,6840.018874807585
78631,11026.880103791007
98920,10194.983185753012
93487,18481.615286230153
89722,8012.316440732711
86489,10092.018368494639
77792,34279.26875140976
83434,20412.620114818164
81597,19767.791469683176
93788,31890.15943816441
105929,12139.364235025127
83037,15979.229660667908
96675,22069.263653911654
85315,23223.097591282934
88309,16640.517264164027
80642,20863.19573250907
85401,13981.307018730517
81449,13877.202258176172
108274,23838.29726191975
106544,7349.295454859942
91643,43879.465427693984
77829,30329.277717002686
78255,17113.857562291996
106408,12033.620048932957
96365,14114.947090744412
89365,13532.614929547719
98758,14503.503669521657
82412,15995.089958906883
103970,6372.023915154915
82004,28849.041036680806
76359,24382.38025579355
77601,22489.210010805982
87750,13077.039086009054
103263,8724.200508750242
103050,18565.71585812659
106203,30106.47431431164
107465,27852.650973153482
89824,9446.785030137878
83691,12556.019021201033
83517,12133.054427149493
87354,11241.354461426037
80631,48027.38614250296
88470,15634.522084075525
85074,10494.281042635248
106338,11350.526815036139
86031,6356.711103541529
77815,51114.569870354004
94854,30687.948358819318
92558,11775.79719318323
105202,8898.574126565609
79841,16413.796424090182
81027,29418.79794286351
81862,21771.11024958934
90349,15451.468173890458
95059,33495.51884301005
100279,8872.6253070492
106984,22667.25459829437
92688,29065.982602413762
79781,12988.672738279482
105426,23146.609565845094
76908,20887.36574698977
86624,8076.095887644809
77747,21391.488015040115
104911,20639.103726280682
100968,10358.77985183144
103235,3884.9459174707786
79717,7821.209502770357
93346,16671.675900414397
81416,49100.90619011218
105745,15990.484805190566
89942,15117.557744116297
99350,14912.377441669414
77848,16132.563226318813
98163,8345.60513510248
79733,11726.459003824615
106417,10772.33494103661
98931,6781.607536619576
79025,22402.058295383275
96098,22181.96334331618
89627,12254.85853162757
100722,8954.786120163837
89119,7861.515032858401
106445,19582.931035452984
80588,20435.25971273969
91785,33723.83294719429
79294,17519.159428833333
105542,14806.741943703886
98603,14440.473098822631
103921,7680.906560591539
98405,17646.55359258885
79284,21863.1702507782
104738,14765.296807549727
104623,16128.281302400595
105041,10658.588936994298
107556,14826.200571141497
103553,17883.172416186433
88716,21600.802136302984
88844,9550.499290333883
87568,2902.1204310075063
84183,16614.33710261899
104240,17972.886165429416
87404,13290.902236651149
95985,15351.241643318486
95986,15336.918682063837
102723,9594.744583713833
93713,30806.956575071854
97359,8780.170820369629
91991,18904.63770840634
77490,18968.687818564722
106975,10005.165774916062
98180,13675.257180890549
80465,4537.590524185604
98027,2339.871499724984
79085,15544.758152988148
92539,32210.806799456695
92267,24735.132407082514
87807,6097.6202662749065
78839,13092.58975768736
102361,9916.02924617302
76828,19572.913896953218
105914,26252.463426558632
80885,34463.77827599019
89833,18817.188160700713
81436,9520.48325373137
94157,24988.779616239804
98733,14857.054192767431
102978,5320.713371675959
81455,19036.918509813207
88578,5345.693618787024
105743,12870.821702479749
94325,43854.8898672635
79801,21476.206957801693
105405,17207.692698343173
80670,22995.715565031816
91173,13308.955100862093
80960,14201.22309011575
80623,33683.43759978388
93516,18942.18021093593
101762,12012.359443920404
104665,17501.460405507252
93682,30090.05923011591
86261,5550.064106727727
97450,6811.699541375189
97153,9536.1472510365
82769,9150.886827546352
81781,11724.317739899287
108329,10929.600803127309
93812,35247.55067400624
81383,17080.087374732186
84306,9729.80982371673
78773,5875.761242511976
85809,12060.613745770292
86305,10912.070496799297
88701,14007.479711979993
99973,6681.719637256616
106851,11730.354820646367
89751,10191.378268585378
83788,7723.834655611465
80351,14087.089186250616
84894,11681.314991893216
97232,9500.86196392174
82689,16314.301224987865
102485,13315.491634222402
96093,11338.085905785001
78234,44579.04253125175
83402,11063.678574732072
96362,30353.997507357002
85275,10855.534178405047
106895,20370.563957967144
87163,16219.23996997721
94751,15426.714008907213
93542,20008.4222228951
77980,21415.24713164076
76166,13444.821219537444
89776,13973.240225431695
106767,19142.253666401502
84743,18705.966800485345
92273,22271.357219302157
97882,10574.408023263084
76744,18396.897309028656
86560,12442.259145905222
93835,17326.366256862035
94203,11878.668750977353
88439,9868.972919550934
96097,28332.96625249185
105131,19086.486617258026
100343,9180.729617321855
90841,11693.29541008923
90540,8417.81039769835
92762,22793.247073713123
107805,17913.187752153233
102622,8652.668277172877
108073,26447.412893697314
86061,18621.4044104223
92883,20447.975197979726
82290,4722.42663674453
87824,9764.179430465449
82554,16740.904533778623
102928,11265.33206021847
77420,15154.14819578307
76315,25371.999953040984
99825,7845.44700333658
89292,10832.559545032575
87301,5211.7149027977175
103076,11327.106798271401
93084,29507.293635064238
96934,7803.505648852726
85141,5576.439052307464
101607,10275.363790210844
106992,26357.589891536703
95873,25943.40279773128
83341,5865.917753890024
78017,25592.513787697426
83129,23323.652006503875
92261,12754.518796922644
83824,17769.72707568848
86151,12262.855661874362
88105,12076.81766899083
101848,8523.473027092536
89588,7342.590194923637
93705,25786.183962676758
93017,18899.26614953133
77465,19969.863646516907
105484,12065.171756511967
76751,13168.856325744246
97511,12297.360215624183
102864,10349.3857300243
85858,16610.36927870543
94836,17718.025049245345
85250,8776.928589988715
78497,22273.15114953206
99540,11942.692532444013
97147,27993.15777631261
81347,25633.48280638741
95555,22384.04751971945
98074,21013.714316050387
104435,10156.517883333587
107097,12996.953478399584
92205,14501.044940844304
90822,12018.418017998087
93344,13404.138754711657
84232,12116.796870865546
105217,33425.933120521644
76013,29628.135814265886
102818,10179.510538289915
106541,11373.035354781032
87213,9046.171929623182
94119,20488.26623604376
105753,25038.13016446448
90397,15128.93597896552
87612,5958.200300379793
82789,15418.66517562949
102916,10341.172221253602
104561,8281.907751022343
105428,12865.58594367102
86677,7777.349256157869
95080,28398.15123528904
90113,9328.207126036234
77433,21199.985721352878
106180,19714.1575331761
101692,8161.015882272292
80466,2975.960477356967
99512,18880.036980063178
104554,11978.439753581551
89047,13524.733091809792
93888,29721.859721647936
89659,8854.428310768382
89920,8275.92715099178
86975,16758.607509104535
91405,26877.38316700228
83203,28073.147748956464
104338,18083.992383347784
91659,31431.233292109086
86385,13794.573189532126
81048,14642.257053320835
102880,9757.323121205787
100237,11007.110859056867
97751,7120.8448242376035
85614,6679.514290882765
106145,10143.649817841566
105955,10205.106885724605
100146,9308.038609209067
107491,18210.135181994912
80061,19197.985937541263
94324,29928.548017019017
97114,21417.822232846418
106600,8014.3019833027965
90922,23432.302272445853
80222,11732.297982970418
99356,8432.902846059871
92780,21406.174010039613
107380,9097.942099439379
86069,10513.130307334248
107753,18259.922803721263
97983,11647.479724008548
88082,9565.747404324378
82115,12498.500546412797
81634,17183.96181569554
89943,12215.39501310753
104167,13886.497639037758
91010,22417.10406613783
85004,12125.066712147422
96953,21088.57938522035
78632,13464.006317132866
76114,14060.099458508752
78570,12878.094755445394
82674,13135.047449370775
91196,15247.21875049341
93734,12830.64396948885
96031,25326.681510201215
102015,9681.649852666571
108372,25283.006117774894
98719,10256.931600075124
83391,8410.797390088077
97098,17175.489436967895
104357,13114.048580619185
93495,17920.785990834254
86422,17025.845468350846
99731,12898.492095432955
94144,18419.11166270431
88103,8735.373417393068
105199,25223.75537993985
97003,7316.496882691431
99925,9821.478068455723
92816,15825.143828524146
98472,13960.277352285157
91986,14405.945789040057
84152,8085.206452542765
87538,12635.484072998323
93305,20844.11024334969
104249,15584.01476340029
85501,10849.448963222485
82343,25954.691911643986
80601,32600.79781314706
99715,16256.246584637709
90451,32097.663049253257
98282,10868.686780504155
98397,20784.715928757993
76414,16526.508260994473
99016,14756.962229383045
85767,11323.166270323816
102787,9865.45868013347
101188,14523.249483750007
85019,15151.15503470532
79803,11180.008741812191
107582,9769.682471554128
98501,8970.465449826455
107021,9581.514925002188
82317,21757.39831671592
105678,3224.9468727674375
77931,20361.686458891858
101619,9576.69616889407
76128,15724.91373691315
86460,16937.566812312118
106084,7661.046021263866
80551,20982.183163681268
77062,31009.874945776206
98406,18871.623397895706
103489,6289.546929724563
107191,9129.518368054347
88549,13211.065937787933
85095,14957.282167480758
83923,15243.179314637217
87074,17323.29619051451
94031,24607.192213274317
99120,6408.372923312231
105824,14008.506141094678
82389,38014.838011253756
91994,18438.02562436541
85060,9839.79150787525
87412,21471.66880716734
94683,18815.847333360147
83069,20829.8322676349
77071,28989.60898652845
81406,33020.12725761078
89203,10964.165608878879
82423,9576.953157017331
88301,11759.474045687362
86758,10359.26405152568
94072,16452.030973041106
102247,9532.163573291376
101529,7561.8514862357315
100738,11449.061232878363
101790,10326.427299199635
96188,9797.640519301684
98656,15102.022141728694
79321,13365.655672849654
80052,17748.741720670503
85150,16278.950352840478
102370,8408.451613024166
107503,20392.854098326545
76560,22273.15114953206
85319,12725.618594907177
89242,18143.363931834054
89510,7085.395403884141
104922,23088.27941300992
86937,14399.76219181031
107780,47109.467896524795
102448,9559.95013881986
89648,9788.408373448756
95347,20890.232983523045
97926,9996.908720622188
104963,15216.843195958862
92272,16940.59821083014
76618,21179.63547194505
87722,11301.334040993814
85560,14388.085256375492
92621,26415.825435254705
87712,10887.30235524481
91009,31276.835402078563
76199,20938.804670255933
99145,27876.4335095957
103618,14160.063823648621
106072,13758.302271706078
102488,7566.9768413452375
79837,21656.793167236905
102792,15104.48905772899
86565,6048.564827954951
98631,15812.763213660706
106374,45368.57653092413
108222,9812.121763871546
92127,18618.664087907935
96068,11988.918211233695
84411,11879.594600280596
102143,10657.281405145488
77502,20041.006312980342
105514,15834.08469484882
76896,33280.527898920765
104868,19373.91964237012
99686,13554.699465932168
96721,19769.073971594134
93026,19997.83049225008
95961,22105.102925252715
97465,12711.690524968295
86075,13632.893776956518
106946,11974.368461918666
97605,16417.222650591382
83156,19767.549864834837
88123,17563.19584701251
106817,8762.10718592523
103245,7659.761181309207
78564,34990.068199127534
81879,22089.18710444462
102330,8830.599586973209
98866,12016.185587725207
87178,18902.25422894522
83106,10812.67871200535
78280,16927.253140959037
101161,11627.820591345862
96047,12675.40205457886
93044,12591.950522732175
90176,32249.414801424617
76585,20688.668417534616
99524,22718.690104923444
97467,24550.061419553218
95557,14224.435176674999
102816,8969.365759266111
87141,14201.236858748161
82602,13583.672998937209
80108,22660.606978653042
77871,17898.673273136756
89910,7185.509247622134
76255,11723.3868153693
76231,51088.462358599856
87089,14725.137445235749
107635,14934.13560307672
80916,25881.54570059678
95179,34213.10978748128
90694,7186.089435102582
87504,17562.30600398141
95882,20157.432547638633
82944,9806.031766883214
90862,4483.830432035456
89494,11432.787511983846
81196,35980.87922605082
78258,25679.244989935112
98420,8867.052014296383
84051,11398.010680847889
97011,12293.564363299149
97357,6658.546704312614
82683,10191.397147149864
107472,9789.705643678524
101033,8296.703517277105
86376,19373.05788183626
97773,27941.240233161843
76448,23328.93249704962
94912,23397.159227281638
100444,11809.299350516443
92364,22587.732631782175
104206,25365.838438408624
82384,28034.357539702683
78524,27807.668545649616
82825,14727.140583034203
81519,21120.296684676585
89462,4945.645115686383
94783,25767.174849198535
99101,8648.79023239812
102363,7515.623992749941
107901,14784.391343056168
107950,30692.48117806784
94631,21950.686944080815
85176,9829.763135351674
93934,14199.0067307571
99621,2480.9269746860627
101616,5666.775041193214
86156,15865.39250378993
96327,7672.596135573968
89538,14686.898246357428
98236,20771.723882099446
92253,20075.824146008257
105896,18153.733212353312
97333,17963.787685366176
83166,21385.064648570817
96224,14432.427245615889
94462,23801.683320449196
82796,10499.098663539939
103597,10494.85923846988
99905,10526.462435529944
107349,13971.278731241766
76754,20947.55875906573
90912,24362.003680502952
108289,24749.04824310069
94106,29261.237121511065
86956,17679.494531548135
82492,7870.975283490454
81747,14467.91948233526
89144,10512.8114293232
85256,11860.215526361371
85342,9136.598619482256
108054,12669.062952101995
94681,28234.469271707323
86244,9335.983948132689
81028,28376.988660384508
86773,8495.549860984123
108431,20309.911626161345
102839,9728.493488582037
77700,13328.413835242802
92967,21998.714139001786
91982,19638.869552697153
80639,11650.512701883365
97770,11538.30085013974
100460,14171.469991904036
100531,9563.07816902874
84508,11403.128158188656
103706,5191.790034831792
79723,48346.040381710634
88897,10127.049254489792
88695,10430.996837005592
87380,7138.521610791404
76070,22812.175021689527
99342,23615.1231836651
79110,16684.771630623167
89341,13206.741785093593
90330,18237.73349535874
93894,25616.0557524111
104137,6366.496881074942
89113,11483.18843853033
91150,17161.796530661948
79621,26773.361854630613
86822,8542.540831331415
104869,14127.83280372676
93874,16066.624751813775
77606,30299.08436900365
96981,9022.47627920805
88437,8535.52704320673
87834,10680.815284594404
98923,9459.89846394652
108118,24556.445281956458
94447,19035.131384069755
99454,21995.792920232467
82144,13550.05470248382
83494,13884.019289625821
76545,16908.016429217583
85852,13703.904980918967
107056,23272.742265616092
95419,10142.525723881598
76570,18002.235608720555
91325,19995.728192201565
98990,9725.508523416745
107639,13809.896749853651
100232,10517.01626458154
83318,14119.092697147602
82277,37861.172145649296
105198,17009.92523720724
107660,20078.951182262572
92349,24710.824363614818
105445,15981.020681331793
98333,12792.950570430705
100919,12967.369337245143
94295,30947.365216419188
105853,6654.606049965918
100457,11373.258902389834
77726,15733.12213266161
96027,10202.224786338009
104201,11397.276341909705
105205,24111.003532867035
94718,69482.1178648944
96617,13474.43568128159
81405,12736.984822324219
98642,15187.984773584467
89156,13489.122275462752
104916,10017.218230768021
107696,30066.919917224597
87902,11027.031072928128
106870,9879.027631636382
106153,12881.241394944445
85108,14749.023995063993
106590,14521.25061410651
97948,8513.91130962755
77144,29202.15620342088
91535,13284.858916377623
83900,3723.605728879384
107374,5929.516430006088
106805,14576.160508148592
101971,6922.052596871223
103690,8555.693844095193
107830,13468.465490593015
105302,16895.079318001488
90504,12533.017133137819
91865,17584.480077444005
107204,20421.98763000857
93231,29008.055966027838
94654,16321.095152083066
107435,9861.917343842031
78616,29832.005166648225
102268,14160.845766089069
81320,23981.867601841415
85005,12141.319258100344
98032,7754.7945230758605
92938,29710.163344404686
76177,11025.491617115918
83869,21748.371798018034
85806,5616.922882441943
77987,10929.11049891801
103802,9724.147406089269
104020,22069.270707406526
93262,22088.54831257313
92988,24725.692595815686
84434,18132.147811861098
95648,35432.02549832692
77947,32316.10590080837
76135,17758.53312653246
80971,32968.887526767714
105584,11537.496490360896
85530,12984.237409647087
106515,14440.590078920519
80686,24135.54762000471
85040,17377.96029793177
77404,9893.41445046598
91234,38144.18852068571
99225,10797.021612417519
88808,11399.706568503987
89948,15998.034798500763
107161,4125.019282819283
83683,11425.722567039875
83709,16413.890963032747
80256,18910.451803004336
83504,13211.065937787933
90112,8908.967501563686
93042,33712.548258651106
89466,6654.613473546613
103405,13666.243976574931
86026,34440.28020530051
86824,15524.764473648398
79357,24366.776964148754
78812,11871.735229260044
105364,18589.688013235194
105744,7746.038067116723
99819,23300.687107759397
91051,21842.15503215783
95688,21108.443029483686
102174,16428.488202174638
91914,49722.57289398056
86568,7918.882015327479
98761,2574.593174436739
101252,9749.454649600355
91406,19065.89590101157
78069,15475.14890082747
86168,19374.745023418312
105858,11396.827884821343
83972,16559.865320872974
107196,22630.161217042572
80990,11634.648800646151
101095,13496.823803052597
93806,21677.062264734635
104535,8523.149671995767
99257,8639.498695729317
94967,15061.853412034448
94257,16030.160607968935
100543,9359.734418380242
96277,17377.486931361014
78730,14171.21058502189
82370,17737.98344425957
86050,10362.811321857916
104245,22269.678167137237
89903,11456.90104791864
106353,13687.440521054312
90055,9863.224287930434
78070,23900.35497115389
84302,11942.033855115846
101048,8397.215804752022
97981,9529.296377857047
85001,17030.642113448182
79444,22721.880492450007
88862,11843.856885969994
90445,10526.921697329384
92203,43770.883449472436
100623,8352.97820664064
94528,16635.751186819056
94482,18818.252557202028
77706,30333.73672870836
100947,10218.366903758428
94367,24614.559913540208
108205,19894.465479375773
77256,26602.97412787461
88458,16884.968956746914
102997,9723.254777162758
88421,9063.071602578302
86001,10492.884580576265
97594,12392.155214599728
76992,28782.991513246605
92157,16212.431624221326
106018,7974.820826024991
85491,13145.928757387686
103359,10076.456196679512
101024,7489.337044774138
95167,31636.7839093015
93493,20935.921073043854
77624,19124.57338996913
76803,27310.876725225815
77142,23310.798503080256
86693,18138.651369821117
101755,9150.664820948557
82229,32259.16601569945
105220,10119.522358768778
81442,39815.19826785701
92017,10407.370698244287
106471,10995.274779198337
86231,11028.387377943252
92036,24675.669956409536
93224,25583.51459584586
87139,9056.871154873883
107623,12469.692263212793
81066,26880.683677285724
97790,13358.629416276182
76514,21185.194129557596
85297,11312.110482267131
93020,11505.257391106901
88666,17583.69113933518
98711,15317.88177014367
107486,21034.64716257753
79363,28381.200845642543
88053,7884.037916955173
87127,13640.700425652574
104704,26838.67247092904
103808,8277.749090127929
90199,25570.138041790997
92950,74116.79899949451
92002,24818.686501719
108435,14203.18568040082
86748,10865.233971368563
86978,8068.466451866516
79932,32448.995659093423
107382,6710.893512803256
82616,14108.290887037047
99198,22718.155815064954
96788,7668.320213929283
92073,19368.941657337797
92060,16836.20761297014
79559,7993.75096517422
105276,20902.763936060568
78536,17646.68295677744
86795,15698.103110599784
103739,16885.5863283513
105087,19417.924055911884
106499,14918.423771199723
81009,48053.59975098569
77053,28636.70725213544
104832,7117.054566399849
81864,14118.528722527371
102634,8812.42059260706
90510,7256.282920134655
103001,6991.433089431401
97323,23989.086360035963
77996,28969.371446564048
89082,16565.872242825146
106910,19285.96528244175
83882,8413.02473076118
106459,20729.13254945414
99678,7110.691690970009
92583,39148.848048161424
76986,21927.023943535183
90844,9201.46531230532
94286,10231.174676854847
85208,11717.474529829311
81224,20317.186795300568
85569,6561.168151855045
78152,23044.360848372264
93054,18676.971681168445
93481,21172.979856362188
99735,13832.977276611155
88060,15693.433437820402
97546,12101.672326205795
81083,27447.64099569217
100259,11360.742790011755
77751,13507.64126076306
105093,7422.213038375972
94991,19040.968844598763
91352,24834.416640965806
99901,11827.175443850054
83577,13949.876285626313
95846,36128.71750646046
89917,17848.476203453094
93394,16002.24127958855
102805,5972.667102596906
105448,24706.37695482368
108444,13014.291593942238
100862,5611.61142213018
95006,51017.582751645794
86446,8287.446837780872
90906,20366.545169350014
95336,26726.165604730282
94904,12116.390964125838
81105,14381.767680643983
78132,11439.7434211266
87302,10795.237033172976
101471,10134.061054799497
90015,9383.168631382876
90539,14328.850468532515
82418,8329.641385537137
79940,19667.09208071175
77401,33716.69915479568
79054,13259.008220566186
78493,46028.68635013168
87727,8622.13722132239
100390,7773.493130786432
86020,11396.553977593458
106293,25093.621010008726
105435,11744.561885880084
81992,27964.4715221671
92805,18777.41013708944
92871,21582.8840093508
101833,12951.972941668306
98352,10638.575739578608
98629,12550.458403712168
79700,16085.515956546495
99710,14399.283525812612
84526,20247.796694469806
98636,12080.774048618307
106829,9385.277614639183
99652,19080.909635029657
85469,8012.770371321068
82224,21794.528189900215
81899,18653.812016458323
94817,23063.62092387092
92379,25389.265640772137
94423,28099.66412987943
94010,28376.891704540176
84867,13982.7469083564
84679,15789.721049547608
103292,9607.268169515073
77349,18445.460967952364
77697,13011.705610517325
103017,4174.322119182139
79727,22829.482421690365
86490,10205.472719881585
101009,7390.487083486699
96540,14102.27452193393
106974,19228.6447918824
80055,20092.64537362226
102035,9209.682340824373
87843,8148.414690847754
107868,23541.3903352326
100831,6978.25161585279
98936,9872.238459770157
96915,24818.78674674344
88473,17440.569565046248
89030,11353.980370997324
95894,20055.004712098747
92113,21783.845891732857
105809,9092.26202351725
99360,15187.984773584467
86746,9257.217974726593
101917,9771.561093973707
96687,13479.085384064027
101210,7673.9997502599535
101146,10146.11961717043
104900,9620.594983138983
85924,24088.472615586914
90544,7429.639934847574
93003,20115.059310710592
98738,12604.227378537227
99884,7581.027924857814
108053,26891.364637625946
90188,6635.48995339641
91970,18277.456865710166
103257,6999.472476262036
83138,7757.617717810448
104017,26598.199574175924
105104,7993.517159985183
100054,10902.615968459628
87155,18025.87658736794
107600,11351.104201572847
80848,26313.462079099005
86709,16633.456024410058
106214,30103.968855293628
91963,25154.78566119074
97698,7215.135046921242
106109,11592.132348674688
88231,9955.524648022896
104537,10819.351257791192
99388,11413.901820487888
94517,19638.869552697153
76658,41950.69750655258
107430,20091.844306226198
87408,7980.172414932086
105971,16809.746297455862
90264,14900.155295646708
78434,17404.990172717335
88248,18974.36623018606
103386,7313.707765128711
87862,35481.3120735422
83101,16664.60508769463
92350,29444.073636863657
98624,5921.460965561124
97298,11746.464991555784
81919,16772.878602662953
80556,28250.79852448272
98141,13681.434541387887
88205,15564.438635174376
102779,16048.979583368025
99926,9802.734490585304
101484,6874.696733686534
102869,15860.342414661583
89043,13178.680923881226
92878,26257.683054595902
101071,15362.533499698146
106583,25021.309356732603
106819,10185.473243793933
79956,14620.71170167916
90659,16728.72471221477
82276,11342.490150207715
85881,17026.23836298355
76753,33013.90030205161
102970,12840.87798050937
93126,33633.01015517678
97964,11787.198202376627
81951,11304.99190739438
101200,12949.334383075297
96104,28469.635715220884
78169,19461.560601631343
90062,11453.482425208576
100918,10094.028529071162
108353,10707.321189929698
96642,15527.438499654763
104763,9972.004182007602
100926,14198.102476028851
107597,10649.352002291456
102765,7078.972993749152
85805,12126.870777044558
102162,12630.406854704852
82952,15311.980098634082
94184,46502.63657347393
87797,14039.567503873694
101511,7567.884390761796
107686,6073.598904439491
95366,14491.95011147208
78349,9164.698770204275
100908,3974.857327166054
96196,6530.247416673471
107677,22109.572818496457
93603,24128.157415748843
99861,13931.6203692687
87456,15249.245185834552
82484,12677.972601095367
89252,14095.354444638275
104243,19770.00464628808
107181,30574.835743903433
90446,4242.321453722259
81412,17366.792436483745
86732,13280.32874603524
103972,9971.06426923955
102586,9849.638283510429
82466,13364.825501310654
84937,16148.733846709352
103038,15521.560275176325
104111,20071.861316273127
101111,13149.737117084005
107812,12592.55512181441
81483,17130.960103052985
81303,17649.763711880638
105370,14780.761164462569
80504,28316.404887115394
85839,12181.239374096824
91560,18048.62767419432
92722,40560.80907957513
86115,18165.30705902881
88062,19920.879844214498
104876,16350.697055096784
98777,15774.69933218004
92504,21914.244251900014
94025,12025.854372692813
87253,14562.724869908594
106668,30619.71069127359
100007,10508.331895619158
100956,15067.748473883601
104055,14944.48903273722
83761,9021.112664122022
79429,19220.29204497204
104731,20807.85843750658
104125,11656.254289071758
95628,21285.414048178623
80913,27283.4001733805
85196,13206.741785093593
102697,12969.449107177925
98587,6072.787865421
106771,18492.102794602633
90889,12265.427172783315
99697,8768.463067746792
101404,8554.925607157582
96283,10028.783636331207
83072,8588.721653120849
84053,8428.935361654814
92435,19545.471378781644
99445,11991.050328125802
94604,31055.70976547114
105585,19609.97716682401
106189,13178.879054834033
108456,28694.61797937606
107914,11170.207892532168
105646,11390.86184364753
99808,20436.7756219265
101337,12840.87798050937
94636,10219.046054243623
100480,7698.855100008104
104644,26068.42872258577
96254,23403.29996163875
105238,25255.187919924723
99534,6600.585672592622
85285,12400.694888710344
82145,20611.38141678197
79604,17385.883296838398
92928,24948.36671444412
82245,28004.863338887804
100973,11763.544829695531
76365,17495.390976211045
79164,18448.491883415296
75989,16087.35753505244
96557,20439.558057944392
95029,5221.84680638936
107817,7354.85402272804
98521,10439.436002436109
103150,11532.342939665989
95850,14881.08573427014
102008,10505.34953628347
106002,14643.96056168008
106077,19651.731460083534
83367,11430.72191819756
97196,14101.052342231285
76566,8346.628567131085
104384,25328.254932652377
80692,15032.106571040264
101094,11481.978595844039
81800,17736.64749631684
86722,14057.699520715663
100318,14048.177410943774
104827,21175.057404172378
98244,6884.454484777484
94712,26494.3581634767
98393,7169.796487138501
80771,6275.15719437779
86607,17383.489218433107
80768,10638.776666333968
96949,18616.050150697094
87207,9838.327682393734
84629,10219.313995905684
76136,22254.709808463347
76644,9138.493869297681
107649,17750.147047219667
90281,14464.720683920556
108187,17257.338335418382
92025,42446.484178146755
99737,23052.35515397947
90801,16449.28668354942
100790,13060.92353617641
102558,14180.297815072632
98713,9457.889427351585
103633,7951.312652704944
101449,13570.39980804607
81515,20031.934075732774
98364,10882.420535109297
83966,12723.056460753896
99995,9945.897198544828
99150,46643.34508518347
86873,13411.775857997618
83731,21154.150644268862
80810,36479.17602301376
94650,17551.741704850767
82521,18827.50402825762
100255,7510.885086554392
80454,9234.965298238865
105154,14019.480884987604
79689,20967.120808110918
86810,7098.536792996563
82113,21420.344478932744
85929,8078.351230600939
77522,26591.024216549857
103578,4715.867245901664
102688,15278.185312263933
90791,18868.995346044307
94401,30034.776977654798
76740,17949.846607338288
81666,15806.935339367717
100227,2088.6928434527367
85673,10665.47048856349
108395,24551.71101484691
100214,5143.788239977633
95659,25281.369915261468
80490,26571.80415323616
88384,11653.339658664116
107062,8502.331595743877
105277,9413.15622538473
79265,31105.70328860436
84984,10864.128223176502
77376,11027.662419989963
77355,24348.790828165438
86313,18704.20064080467
99285,23477.596450901896
98028,8654.100785178694
77611,15439.688454921814
90056,16022.03254670335
84773,9319.157585492407
99264,19635.237188551895
100948,19963.938229421867
82379,25850.514476768753
85047,17469.852710891922
104114,18716.38448090176
107632,17411.539609395706
93536,14210.022523037096
81421,33270.79763174681
104793,39077.514600455055
88141,15365.275786463377
102679,10911.24575440113
81051,30692.074226098077
101005,16001.214000382844
97532,9868.221111232626
102499,14211.189770716102
89537,13329.593112607645
93046,18188.245059206245
79823,18056.507381463314
98882,21375.233904636618
97094,14650.316895757976
82461,11231.69067653441
86118,10055.261699072124
89801,6993.832853157711
83127,17215.12846888823
107519,10042.030282822716
82583,8670.575793788197
103259,8431.82594572702
81152,17288.124771461724
106206,27852.650973153482
96706,9053.765699559195
88303,16292.317941523372
94241,26484.590235574648
95076,24350.483886602004
107546,8759.245153154548
78467,18565.09100056931
98304,22606.34484228347
95393,18787.703684428674
98134,10282.683322080185
104152,15868.711530135914
76818,21117.448488369573
84707,7255.605881091877
87889,16765.188055430575
104736,14505.093117528339
87844,17792.34016983522
88388,8678.461908966974
83940,13166.564365601089
99536,18150.48199816604
83313,16868.9251403294
89864,15144.477468702864
106944,17557.64342489273
105635,7841.023901677551
83110,10436.262639827204
78937,37734.06017417672
91724,20009.363625400463
94886,19944.3253740179
91449,17725.215451661126
81745,27389.00274799185
93405,14554.301051767823
99402,2491.651174013748
94317,13655.415890967568
78503,21979.4495947503
87111,15698.103110599784
108538,15077.981335176279
90689,7678.745342743297
84402,16704.683670269966
80890,19420.465436058897
101682,7036.082331918647
81874,10567.028456284552
84259,4807.258475833382
96616,14421.987453921212
106173,7036.8512904749805
102534,8261.48331262358
81629,57709.55760123741
104910,13107.813341922521
92100,28146.340312266642
98454,9995.964747214619
81880,21842.20329800886
83346,12251.859952219213
95335,23082.29333195273
106693,23954.146696032065
107432,9769.682471554128
82694,11313.008235704909
100199,11023.950076266256
107361,20755.893882843164
88659,10628.159710864973
84237,5345.693618787024
83666,10460.614545257456
104468,28383.684524180233
95495,15371.114558818072
84298,17377.96029793177
108427,13150.115353415393
88238,17219.386479491735
103836,14141.681630109806
87394,10556.280444211992
77799,17084.823879197444
97905,9381.595023235306
101142,15593.719559132487
103274,6289.546929724563
88302,12492.971653074204
76533,11195.28680505288
80080,28294.64215190528
105134,11938.792033843616
100792,7553.916455964747
81408,18869.966323253786
80410,17247.23449293209
86355,12561.597355446715
100954,7073.4303201846915
93799,18299.52521237552
100810,8035.140008087109
80379,14870.342860836367
107796,20795.31915066679
94046,16484.152204669368
99931,15433.966479376404
85890,2859.5753557322
106923,13559.821211042323
98319,12443.159336616953
94853,18544.589979974917
91069,54573.85682338707
78790,7485.294181610397
92697,24629.419520251886
94765,32189.829153680457
102150,8667.02531706451
105768,6272.2521315463355
81755,21396.961806215906
96933,9968.67143035727
92136,41858.89005079796
96082,9105.506377320433
108457,14907.292221568887
95142,26975.691742781048
85688,17701.114933323064
86672,15502.855469533384
107583,11029.513035084703
93369,26493.841170618893
97637,11064.878384563206
80868,15047.991478563157
102315,7155.305870557107
108428,16184.639782838298
99478,11556.833702238897
98906,6872.760300068336
96394,9557.445541386498
106032,15506.294643883815
76121,19425.217436076946
92642,17191.570081297486
94725,17441.96859545478
84528,15129.748781260536
104492,11524.355719262821
98456,23773.29323298534
102089,9777.179352711355
105274,4567.091491955492
91436,29475.960165955657
99127,4626.837609672719
80416,16490.67883476033
83419,8259.444203518557
76209,19771.518250538338
91874,15227.653492037956
107892,12826.391650502095
86727,11169.30522168603
83096,6756.027014633895
107036,17391.680194896147
86096,8754.280013281954
89684,9380.666755304388
105301,10929.600803127309
79056,15014.927619584818
103508,15034.817602047755
102651,11629.272198321458
76605,18095.406733660875
99170,5961.235151005719
94850,14650.583081210034
78638,12881.720991771012
106031,16430.086741501527
104955,12098.34134201768
101565,10128.520017183713
105886,26989.12237802314
86499,12342.10812285322
91809,31959.261479484514
86033,9454.35137951382
90761,17085.739422889972
104168,28983.674640616693
88048,15439.993875775896
106343,29672.767294720306
96568,9424.582941722312
90082,32230.692822473364
85659,8383.709714864852
102950,11063.871456703888
96231,9983.793164825254
101781,14940.839019376439
103210,7484.299336636035
95174,5026.485585444623
105594,19900.046888960213
107809,21576.98898967536
81222,32435.749150697546
84506,20243.091087247853
83399,13717.7423384047
88318,25504.578353556142
106235,21012.268225490254
83952,10561.461214721146
103610,11807.692155529325
107273,18528.298883953692
102134,15521.560275176325
77708,27918.21887275657
99754,12904.273006862973
103372,12311.518635532864
90457,8033.214502353531
80228,10641.9208349815
105630,17896.8981238001
78448,24325.61080910048
86729,10575.110570055838
108510,13110.594783515848
79686,31268.80228209607
82677,17219.386479491735
94161,22789.430578740485
93064,14225.284159059658
103595,4120.840178871229
107257,6559.713198603904
81162,31368.985057553255
106410,10014.966914860353
97829,21822.836534833375
92429,22386.424472494276
90183,16605.088985494815
83816,17073.16200563606
88613,9681.900773570407
90025,5992.24039864564
89004,6983.739121314336
107997,17932.505218584538
97458,15215.042029385713
82737,9923.422752608902
101739,11281.404341217663
86766,14371.17730225924
77098,15889.470922216431
93598,22015.18518710852
108115,12156.574339500805
107653,28632.12821023225
94706,19662.091018165193
105344,10011.407772884386
87516,7423.72718484576
98959,6917.713320650999
104557,9322.623473897396
99137,6254.303334587312
102126,6064.305092614441
104455,13520.922787205776
104278,11339.383853147305
80331,23782.196651400667
90087,19156.008265890687
93700,27365.668850864444
108517,13756.045737021648
97373,19594.962508552046
83394,19423.251139643744
100989,10660.539432688542
82625,15965.556035161291
93457,12229.537561838632
103186,9924.10766475399
85133,11382.798972544075
101198,6994.414944734508
102095,7484.299336636035
99684,7141.202047515033
83595,13750.34402411976
76960,38001.22624748213
103015,7583.240208887661
91987,48352.243813844
78825,25601.30928499259
87668,18025.87658736794
84826,18456.943990483032
92309,10773.324567568961
90969,19577.62733766613
92987,16309.459314470272
105317,16724.790153693524
93606,23037.67566708903
95536,38820.13347707734
92839,16048.278117108399
102133,8768.925596602761
105225,18966.645171619373
85627,9729.339841367026
79013,51063.81401302307
92008,27519.49695904864
80983,19589.97843602116
106475,25938.454259839327
99357,12783.86226800728
79246,22199.34068858833
83200,7940.358488784255
79656,21368.151520456257
99031,24529.013510705026
82780,16614.169392359552
88310,11231.69067653441
98056,27297.25760062245
77289,20487.469978464145
105503,15539.789704108773
79198,32959.989802344004
93429,25888.1555254578
97172,12433.24987517661
105958,20381.473339587126
103180,2526.2166714763493
85825,9042.098645192647
81725,31771.15238520418
86590,14403.617472478292
92366,30371.591085519944
80589,74480.88527685961
95454,17703.4990117102
104525,7514.449393925881
107646,8139.39792846324
99226,8825.604356407479
77273,20274.965745493027
99642,12208.574226478095
91195,24607.192213274317
98641,17791.38192048283
107724,23137.003628331935
89646,28806.155834681384
85873,14077.023001494857
81468,33978.26446176984
97648,7400.278593117699
85573,11231.69067653441
102394,3805.7883537192156
77771,20956.792524232933
88122,13722.17387839371
85640,14409.21014888352
97560,6078.481659971174
100584,5974.120543766027
97404,13282.785053524065
82414,10556.280444211992
84609,11318.723873286392
100462,10215.819400812521
91573,16752.39684241538
94716,19010.127569887543
107560,25230.44381462509
79627,18875.951698292844
83025,12729.21793839422
91918,9319.158559580866
87344,13281.220819063587
91683,29552.797606642544
77259,13747.669037831436
95887,20648.36378754278
96802,14874.015715377176
103965,5968.868114075824
78110,10204.899075386367
99144,9661.369284529923
86801,10769.455779675063
88181,7812.097658748015
88262,19918.591398165398
85846,19820.15409570835
97896,14598.266739699551
92462,55012.821839434466
99668,19997.79880574915
89440,8507.446224755615
82867,25848.206662415836
85857,11393.846456002786
79583,31299.434520176444
103090,9304.814154667723
104184,30894.470522406213
100921,10701.071973714506
83124,14014.950900879878
93320,22938.940703840322
81985,25392.80838754258
89618,17240.63089008087
90086,8001.970623148599
80855,28888.746942301692
105114,10296.386599367543
92497,23263.17336767462
89049,9817.726056707937
88584,20644.35818142992
88019,14861.575654985762
80119,21383.997731630247
84879,20192.471415843447
99293,11391.740559005055
82515,15571.038804450838
97600,18299.426756837514
103737,13208.926745007344
102387,15961.027523165521
80404,33883.55986828212
105785,41828.01452846334
76379,20685.609671413593
100569,14675.157998127403
101553,10497.308938228744
105803,10045.247947018013
89151,9542.130887309899
102960,7237.492526943228
103094,8193.04033853778
92146,10852.897434124869
97802,10827.645927582547
102939,10891.234222694331
101492,11054.739643438914
84207,10074.820761217863
86995,13815.006983759296
90024,21969.30578902161
87536,9047.495239331478
103571,8254.119180238811
87529,11231.69067653441
96756,20148.18283259321
92326,18730.16487735781
97609,7000.620400942437
75984,16725.880051582153
80733,33598.3151206804
77150,10943.818694857733
102496,7503.33957097702
86666,16362.5927780971
78836,11635.503973772315
82444,9857.879814491873
104414,21640.055646955516
98585,7972.159857008152
85191,6669.940974338835
88013,9913.346542160914
78962,20216.177667035794
101510,15392.172105819323
103438,11577.880975153272
99474,11452.419540573008
87180,19386.408684756916
82983,22377.511861738087
87503,9604.693329431066
90410,20512.0291641186
98416,8654.586201895545
104117,11084.30134284766
84900,7086.029060138811
88565,18852.071276520473
93797,18163.873900269256
108131,42945.79244391763
78848,16140.783482516006
88151,12326.68912922468
85081,10399.642076112501
78163,9867.466258756329
106580,12958.882637940178
104638,10644.525859879106
103696,12126.986208494318
99589,6828.443264698882
79699,14042.893567621608
95129,27347.695936121356
102173,12961.388377731411
92811,22691.984934202483
84986,8004.013385828224
84162,16300.808135647
77340,23855.625283246656
79685,30612.009299215544
81423,25360.831617599302
93745,19770.93320889254
101399,9968.882952102265
91611,23367.12383074157
76973,12287.721195951406
83734,22642.339555317223
79526,20710.823499207225
80087,6775.869654974534
102186,14180.774849764524
77640,29434.092252481987
105138,17333.64563366443
79146,28811.972833024374
91713,12758.811695628616
104230,26139.01787391728
101896,5956.713182697095
107587,30111.40510727771
76461,32045.495143196822
95587,29963.423901922484
96185,11390.333273995908
103181,9941.703176371122
107643,28341.782282135027
88948,9639.076605388163
97565,24664.94932227581
83821,11952.82343227105
103781,7588.389034759949
81677,52825.76982311971
107975,18422.830886463806
84106,10329.426917751729
93060,45558.48987733681
81078,30902.782077010776
106748,19919.71723502138
79264,61739.11873126347
84098,9925.587386503208
87838,22420.382398906328
102957,13639.756534162054
89353,12163.118484720626
85492,11635.6891820292
107957,27213.306747959003
89938,13509.22694847305
90260,8195.378325134137
89571,11287.189546181435
106963,10717.91621173002
97266,11073.458653067446
80413,15351.062499164918
86028,10307.196853975516
93343,29228.166811785537
105232,7363.25735845263
107755,10275.248707729872
107326,11387.229028127098
107571,9589.529761411854
100062,9686.002866504477
91477,27455.346802778815
104598,9012.383072286346
98614,9059.948825448493
104034,28492.194236997086
98446,9089.927053146828
103023,5967.024762446623
91550,22190.236345164678
81211,17959.342892827994
90619,11681.389939396619
91525,37028.14844962834
104422,22537.43548210225
93555,22108.62025260813
88346,10192.728617269413
102067,6692.391031234136
107051,17985.287153734465
89642,16883.213951477886
83492,14980.683940164365
99169,13880.53023393681
85964,9247.148786392887
85179,12131.046894736844
100677,2795.0932732916854
85529,12685.105023136137
86198,12244.538585778102
99532,6698.657062030159
80443,33595.974949027106
93248,20790.183108199857
86958,13335.277566043604
77942,26231.91612773257
88568,16380.090307982331
81730,54260.849788152904
98884,8768.463067746792
82267,15965.753023042675
88088,11239.09942829654
89578,20023.901891930655
83568,26455.246952534344
85083,7762.529118149865
79222,17094.281183752133
82543,10964.165608878879
82611,2550.6789760532706
99708,18251.823371257156
97699,6540.577320127549
91371,27287.565610925467
101757,5851.023382739563
104417,11544.064630590427
99830,9727.564783833204
88477,16743.477636011736
104614,14762.31403566841
76098,28030.650987658937
92143,17871.709919878682
81343,27526.154394546025
77212,29408.278270397357
78262,49136.95064292674
95097,28270.996729459235
84440,10357.82889146947
96942,20528.734510870545
101584,9576.555916392534
77202,8507.969287740698
85173,18768.485099984828
82953,15751.934611573657
81151,24611.607708698168
104377,16636.618662481356
86697,2859.5753557322
96650,12111.737299479162
77031,19617.62874111458
82235,42093.828794934285
91333,14536.233583871597
103393,12739.202219026489
76254,18051.682705747764
101592,12854.773463563353
101865,9768.215900161871
90819,14182.69238008934
76941,10515.53915974117
91974,16468.707976018464
102930,13230.136892124116
96310,20087.07815511465
77912,24625.973718043973
108119,13951.230988006448
93631,16586.928233691167
76592,18382.99754851331
94282,34385.798428474285
77715,23004.61908624886
93747,19168.177423657075
94560,31123.924692576573
90108,15222.931997522743
102128,7315.378152181682
85820,15673.923643921344
79541,11737.642500466163
102901,13506.324304343778
102761,8805.414839852185
91536,20790.715410573346
82089,14457.090119863802
108489,9024.850455957287
98409,7542.382657042424
79151,13946.21882291786
95549,19475.50499965915
85472,7123.716296556382
82072,23227.450872490237
99386,13109.317952250574
92932,29101.152817994414
86525,19042.20632740707
99013,8765.568370689518
99472,5246.423086409333
89967,8257.48455500323
106604,24384.019251799145
91608,14615.044979740096
82249,28239.709507027485
85445,18133.91195521729
106905,22173.68968083445
89122,16195.511752195443
87056,15865.193724698407
98254,7605.5198965569925
81697,26597.385632215217
102542,9694.235856209241
86804,10593.68777818625
92626,48526.47341147588
76602,52227.8195256282
87943,11919.670533422108
95438,19886.535901665105
95823,18672.852866311474
82403,75090.52215956623
79347,21623.06008439262
99419,14089.65898148118
88561,8704.741431621369
104572,4331.037463805318
108507,22667.828880659723
97900,7390.9669524361
89733,15096.744758862016
86211,7056.022869039642
96713,16395.575382077262
107123,15157.48148751074
78086,16704.24408717187
100576,14058.891464960769
102589,17407.118424472523
104477,27421.276710510214
103487,13708.15328812079
79189,14198.498284620704
89098,16679.663581013487
79787,30626.41730574648
84294,17445.643541793754
79128,16543.12155061249
90269,8843.023337872628
78251,22547.159502242128
80572,10579.605607613239
75986,43902.68132094726
77619,32578.94964176421
105025,15709.796009869273
93882,25969.90667072766
78338,23225.18979837025
80621,23168.564163673247
103601,4524.008601257952
88170,16565.872242825146
102889,13067.189188543804
76347,22998.426514071114
106080,6364.964507487229
98834,23107.21349387499
76498,32005.973235272675
85104,8677.73546266933
87534,10987.953609576018
89883,5192.203472068529
88738,4854.236774457729
99252,20108.65593228538
102696,11050.746720344083
95948,22553.64968357614
105438,28216.442429956027
103463,10753.13629467557
100261,9581.748866360647
95315,22131.010626727846
104172,23676.76737172943
76502,32594.56152531248
91569,27601.426695690858
96071,13673.216560883022
105936,15456.984546287236
97089,17237.887951631146
85434,15495.083366795188
88446,10513.28901064906
93751,28906.055723333382
105399,13895.798867199226
88174,32004.03400948291
88555,10348.733726238015
102346,12741.311005294812
87144,10835.383370310772
101990,10356.188995631212
102931,9845.244465431626
108317,11992.837212105593
87976,7955.831153318993
97988,10990.846491194534
101822,10660.539432688542
82536,13863.780933145666
80676,31587.819163865704
91255,10113.916741215267
94069,16834.982895541772
91894,25818.634412773677
108147,13420.354884924389
76928,23637.034466498775
82648,13697.434411013373
79426,12509.223666781305
101936,12810.592979294059
107567,21600.79037288053
88776,11289.469353932684
91113,24053.670695997585
84568,19304.32679367827
78044,25196.593382469517
76929,39110.7339951299
102526,5944.810655335045
92515,11170.429350502283
90009,7548.637526704371
82978,7928.102935913175
104437,15767.159866467102
101451,12264.15659352474
76325,31419.741324322058
89491,7598.450153102626
98435,13198.539973789213
92282,16613.73166076544
82209,14975.896111289452
88705,13916.220419804213
104679,8611.750178557546
84919,7358.320268520048
89998,19257.31477115243
103520,5428.554026015451
106857,10845.684863975112
108499,13319.012169330452
78893,37757.64496211433
100860,10732.19237282627
91684,11475.04383049204
80617,13312.201203907389
76634,35329.424087429725
92055,25503.720471583525
83030,2238.136214141692
86154,7252.578888940017
96022,21875.258135553162
100336,17115.527827244467
92663,14178.470134549165
102884,10496.504654846403
80763,23658.241116453664
78329,10186.998460378036
87867,13546.866835291086
104353,26769.62982654437
94284,14234.96611712573
107996,21087.827542111107
95784,22211.869464949956
101298,16259.196079088117
95995,17393.62254198109
102718,6493.758265091314
93623,28870.632414024618
89585,16891.459002073592
77533,22566.308904693775
107550,15141.567769851348
87760,15671.388864108627
86299,2991.5276913189705
83152,11752.485587078254
91322,31571.951212113465
91286,8676.04250321541
89231,15788.677982521642
80082,9306.568915322443
105518,9609.969306376312
100224,12182.998962231763
97261,11741.966014989062
99651,27931.045837891856
76487,10260.204852110395
76867,24098.436729024685
84574,11159.656361298883
92378,48999.78764260978
103934,10479.736714763896
108445,8999.44461226676
76872,23875.119431222272
76180,43752.05249197956
106906,9609.969306376312
76431,14592.302898228498
102603,10426.819577838045
78403,15168.882281252449
100799,7575.722203009942
104755,14604.490269893346
89602,25986.090827047323
101656,7585.511182464519
79362,15715.698506347158
102262,13496.406505236515
79884,16518.340209636834
97740,29156.20836168375
101264,7646.39273726277
76525,12594.797067370953
101988,15815.466116599531
102819,20125.107678523003
95501,19095.19021468462
82890,13073.475846758793
94413,18820.945465110075
77898,28245.189161387178
92991,23095.46565992092
82055,10003.158662414346
100865,12713.159977196166
107388,13458.623732519633
94252,22561.1477759863
105973,7819.67682156727
100976,15953.463267121677
106212,26375.502124967596
76078,7810.527243696904
79014,17999.34939409567
104787,9777.499999703155
92342,24660.470892653284
86334,9556.765340754424
94066,11707.200441955125
76062,9971.234769035802
99371,14474.450041525302
91498,19337.091482179556
86406,17344.610027993946
95531,31713.016200455386
93274,10114.432551339618
100190,16177.101069148597
90424,20053.38320652838
99089,12442.03822612712
94306,14544.985741865627
88209,7926.534357671278
90029,8658.569911147524
103397,10043.519093934574
82341,27035.88375413027
92358,27985.813114984594
100389,11269.034243390113
104886,23804.393858184547
98404,10003.64093571452
85100,16561.019665744087
84878,19661.720890595057
78693,31208.894236470587
91992,56806.415008036514
105754,8350.137839367148
89594,16394.70993862496
84756,5422.631842357186
91795,50399.92057286317
108235,10944.798516890769
95474,24159.907151593554
103485,8759.299389479567
107700,9600.385323495108
86613,13017.8853151421
85741,8601.391149519799
89372,10819.818223025146
79735,24907.213107736614
76186,14426.63412052287
93135,28878.525777864914
108107,7424.61146080607
95853,30022.107576178914
106625,25040.39021975162
94400,16469.984370929717
84893,12975.278931327564
97777,24750.12349314465
82127,27166.889886339886
102116,15936.707671254782
84330,21186.71634987303
105251,22113.39555487925
104115,9701.593937849286
93746,15915.434856067961
104982,18519.27048245627
105988,9974.864043796731
102562,3004.99590476832
100822,11567.165639373172
104409,27618.34185424606
80140,15561.278968809895
103317,9746.641503941457
96145,9750.214878834535
105732,27035.496447873527
100943,11496.817307689285
92940,13569.088724606157
108400,2791.6723816806148
108512,12388.076775809532
92473,47239.414562777834
99001,9678.676830138493
81082,24112.698933801097
108460,13338.075989901328
108169,11663.056566625728
106864,18844.738812502732
84685,20230.434367699574
77736,29772.729776528067
94232,26343.853579655053
89520,3436.7539002994213
104514,18488.599416186473
87509,11535.804996894169
102802,9936.869163780466
91042,28872.862142215778
79197,28696.101039907942
76499,14836.659176859815
100082,9874.117796448689
91224,24067.11820339589
95303,14171.440189624082
96830,13086.362233149512
88064,14005.882832448027
81628,10339.362500775556
84857,8405.820932861841
82032,20824.017852644043
93316,22631.528657421768
104993,20684.431212018386
82315,18682.080767394425
95990,51286.13355439958
89970,12094.83811125225
93407,19814.953592343314
84755,13948.378959880358
84684,16508.094510044542
79353,38635.53285335581
79649,52459.009302789236
81749,25302.073127981763
107002,6950.501898182134
82546,18385.068148779363
97536,15196.272994120456
77580,30756.551924991694
95967,19582.12252693675
108150,6479.889413491014
98992,8194.684754265454
108536,9607.401341300501
102358,6388.558352223918
91856,27750.378111923455
93148,25905.496546717968
84957,14502.780348659588
95413,12758.811695628616
102404,11673.636684513354
91495,19527.32656194579
77953,23209.31502914042
87398,8135.664948914612
95955,17971.76953331949
93290,16066.624751813775
88128,9618.41422047537
88830,19525.558722514852
83397,12394.078896084853
81599,33754.665920596395
106055,8187.95037841416
77655,16990.189853047734
92106,28465.862282489492
96536,12472.216014809974
104575,15216.843195958862
105513,8029.939307088991
92308,17336.1973240934
82419,15404.777469358638
96473,12589.331168226468
76961,31041.81155809445
104060,40779.990505563954
91056,19971.573653377727
87618,17146.12610677884
95253,30176.776107168025
96135,9707.518362335351
98015,7736.452292671698
87695,11295.442401569759
79066,14666.365758501612
95512,35481.02120372685
89234,17525.161022306933
89971,10874.990128708841
103750,11132.840438712246
94180,32232.533161128445
107947,20604.730295037916
93455,77545.6571216728
86369,15687.842149082642
78817,19588.029825001868
85051,7552.6592734942315
79315,64362.791826473585
92395,27233.720849756453
82513,13204.392839382886
107728,7466.333208785574
90261,12182.017188626765
101064,13676.782047122657
79329,21360.535771908697
88998,11268.326139728984
102002,9466.41397455484
87718,10429.896986983398
87774,20841.014227147352
105214,12491.208808652756
103055,9601.039222139265
103543,14328.128752441713
104548,6552.819125319392
90387,9293.249696207771
83786,16754.859153155947
108102,14259.730556453353
101455,9807.916775750298
100577,16180.751891227292
97483,6685.077341272535
103056,11763.544829695531
78401,10646.878986441981
97400,10526.645512762892
97703,13067.784278430629
101311,9370.23717943024
87912,10587.427275815598
97168,8749.045590367397
100833,15644.967866468029
93043,27707.289569791526
80772,19783.52147631215
99794,5761.664148412344
78326,10157.186200225939
98710,9273.178455761894
92351,20155.482114295683
87356,5986.860642651866
96926,32608.4718527527
100570,8042.590440499323
95109,22562.215345380795
85050,7861.515032858401
84046,20257.808087846664
101466,14390.82764393683
90832,15761.86537380807
93397,32213.54482974614
107778,15453.497772570874
106710,21720.37621644919
83464,6914.73556542681
93622,16431.184670407903
88744,17197.417003282895
107378,22766.32183312663
83032,10568.749299964806
89480,31436.36583488004
92634,26039.785737168626
81057,8898.668506464317
102633,18177.008154231204
101794,9623.08824870052
78355,13044.513355086954
76544,51114.569870354004
77408,13598.114226790065
104451,31919.296669530606
89254,17215.12846888823
85412,16723.530737111167
97709,8982.754216802683
105230,24562.224456437772
87691,10815.57316952822
90722,9801.730732796059
86679,14232.047405587864
81418,30005.59779429726
76980,16232.242338365833
105319,14384.640378597509
80516,16259.273838913701
88960,9457.257414724872
82982,10584.999097027126
105004,22361.737864873132
78037,37751.461226324966
105901,21260.010300090806
77109,15320.016252068996
85855,11485.360697173617
107355,27346.9240543463
106193,10952.2300717754
97700,21340.16142486928
86150,9919.4291647383
76267,33397.78000228761
102096,14798.238060726148
102561,15049.045009911466
101137,12561.316977164874
92050,53826.25130657993
103878,9024.90069102463
94760,22785.435818784823
102678,10442.607927160621
79971,24289.12499715246
85739,15698.103110599784
79714,20509.613766034123
87673,17233.196235621785
107304,20315.413669799258
78692,29897.603285308047
107274,10174.245289132887
88686,5579.796485145388
90843,12376.087352222892
97507,8073.716645538652
92343,47039.228283085395
78781,13299.909183438389
84990,20502.490915079325
92913,37955.00597859163
92079,47322.46815538962
98507,8090.07932358746
97152,20415.978232978425
78442,29157.212364796014
79711,12582.80525856707
96643,9739.933815309962
105000,7823.163175693117
89454,5657.095957898214
102265,15521.560275176325
94961,29609.976654060785
76335,17591.547546212198
82897,10804.813732850835
94061,27023.03594451274
90661,7293.9795383439905
78112,28158.480065933793
95596,18210.809196978775
94740,33227.81908344928
83287,4464.25253364278
96668,13473.669461144198
101834,17397.798443111453
77285,33208.82701677355
102545,14533.032295436507
96287,18543.74491523022
82156,72891.15614265765
87276,11967.521999042512
77564,18423.7921914648
105991,7661.046021263866
107570,19317.413540461366
94519,31859.358141084664
78369,40379.14677496403
92674,9429.444826775663
90532,20579.78500718407
85489,7256.674694680745
103660,9398.02232771999
81206,15842.942079522401
106764,26617.510706605124
97425,12469.620008780734
96393,22245.48813028506
84960,10612.164977207696
78993,34094.355136786435
85876,13949.876285626313
103936,11433.313427262823
84201,4607.093944168496
105098,27544.258405242756
85078,16121.407712823137
89886,15733.631908032881
81268,48542.64547831322
79945,17302.915749609372
97727,8836.436392752636
90636,7363.648965147045
80106,10409.094598289605
76947,15553.958828230163
83264,15698.103110599784
101532,7045.261164221898
91558,30490.75020346329
93311,15262.264302554771
101967,6878.149119085653
85725,6798.024507772466
104684,21175.057404172378
89747,13696.720587769374
105165,18142.382016557003
104814,16531.763473032068
101904,8107.332452168595
99238,12323.014249210413
80989,24473.637714616965
93575,12758.811695628616
101536,9815.401788288904
86847,8637.587498244333
99847,10066.62725485869
89212,6668.0625572383415
93997,20864.07995875769
93647,28502.4533348761
87846,11095.28547522488
93737,23862.350784870683
77906,25266.708200376714
80648,27621.155585162403
102925,7186.513751222834
103709,12804.903417473042
86195,13333.024060456753
76865,12969.242813270066
83260,16968.94782644835
97233,22604.838983846137
104618,21253.284017914957
83879,7681.49546381419
104804,7975.423768420123
100551,10400.039927270976
90524,20924.10632045773
99669,17447.56267872066
102658,8128.489688024012
101398,6241.058762994422
103286,11340.670258090659
94823,33150.0326557071
83630,11168.688927007644
86079,6831.519125335355
102145,7746.777494730005
94270,37015.29544221309
105688,29238.435656410184
87335,18094.906364918712
89805,13995.737245549819
95093,27689.956024005896
76699,17464.916282125374
83187,17764.72912319177
84218,6372.306814219649
94153,16414.56053021066
91849,16452.1169407427
96202,14122.016164743249
90172,13082.694845510032
98759,9387.153740139669
86718,7797.174808340206
103349,10253.873780935728
93293,42633.19440151163
94622,38341.103085565
93181,21432.169238325456
104870,11699.631961509427
83247,8949.132192740186
87566,9008.133238870607
77362,21139.22898544307
79537,20144.79807617581
85049,13371.700630450328
81402,16223.638182405628
108341,14953.575703951916
92193,24921.27220813354
100184,16049.350044882616
106252,8685.62019924877
98047,11965.170590190559
105416,9895.734748636089
90872,31646.372614209286
100235,9968.260597159693
91485,21257.399917663344
90534,20727.14470752412
77841,15734.252470584734
105730,11873.301133059505
84175,12513.45933829947
103964,8661.578370061872
105970,55023.959482800165
99843,7260.0398293054795
102012,10536.158592002206
76779,27323.38917048606
80778,20713.575668244135
106638,15010.646481529398
88233,14362.68154185362
102657,23883.497539307933
107180,29933.57931676875
108468,16550.530604838463
86399,10625.18999024506
85128,24387.45305637459
99868,4932.870101950544
100413,11642.70487903259
91125,21846.661255587915
80467,31535.705571545735
78605,12225.600989835833
90259,14738.24897274182
106759,10875.833043568777
101253,8614.3910287127
100980,7570.901560411697
83805,10348.763493419989
96745,7416.784233887011
90242,16624.63102480614
76118,25692.01517023078
98824,7641.45719334084
78006,21362.738512895005
100924,13187.752300241224
77138,68585.72025530261
87665,11075.48654434114
78023,15620.035277157886
96117,21575.42520086808
86789,8525.555901094238
88649,15736.437483745682
96792,9008.91768794536
79403,21396.961806215906
100547,7263.935204803281
106529,12548.389325248081
83042,10904.134512152701
80334,17871.92342706573
86589,6965.7411110296125
101811,12243.727964486021
94128,13314.225827418055
95868,7570.8147248490095
76244,31221.870566894573
88957,18429.583917273612
108503,17996.979666829844
84409,8744.231459305569
104962,26449.787477442318
105121,8240.780460135422
94389,14237.860620348778
105602,14794.029766639685
88289,9223.280604370855
108168,17427.649160383495
84978,19450.188945174545
108011,11555.568424531184
79783,12079.608785235858
89892,22604.419190592354
91748,23963.190687938866
105942,12518.433458107782
106893,16964.15940263376
85969,11365.911797941002
105403,13968.46367949548
80319,29025.25685409655
103010,4590.145389735554
76518,27859.223963714212
95598,15064.53890712755
101287,14320.96259183834
84475,8761.638568340348
87686,14347.648093858197
91202,23093.168153170118
85296,16954.064111318625
89710,10372.501579424492
108409,13936.996369176302
104660,12383.340080655058
91493,15362.053944829682
103318,9832.372619909478
83537,11002.82244334512
93277,19331.47447429886
91290,16143.462125168588
107127,12638.748216902877
87752,11108.494608207335
82613,14705.141829913426
104508,8997.75606390341
100051,9436.37430689455
84203,16816.484091763763
88624,12892.196645262478
99483,7282.80209483856
96635,29655.462217149754
78956,15790.557086101593
105839,22806.947516918215
92487,20846.021650484014
89382,10662.741130972141
100337,7422.422795748167
78640,48722.91066665706
99495,7179.82740152353
95580,41713.868782965714
85347,16555.2992767219
100050,12583.431102403829
97749,12059.751083898254
76587,30082.11493716482
95918,32774.996523432346
93823,32867.1520259707
80470,25894.622422707074
95399,81514.02440057615
101483,8029.768276484848
94776,26724.435227996713
97442,6165.11529874882
79267,27220.483598842267
82710,12561.597355446715
77473,19093.863291054517
105371,14106.699886888127
84991,13965.878661510096
93878,25110.802979633918
107126,17771.87371921128
90996,7828.134880618036
87095,9986.83957276814
80205,16829.740877954377
100043,10348.734605771628
84793,15753.185122356881
80403,12936.079087226335
88018,13375.660155340629
92747,27622.848121179017
104894,13756.045737021648
108319,41172.65199955913
99481,28042.43672144661
98270,10797.021612417519
88155,18406.28634490466
84565,18918.652347635183
80779,48086.01207332411
105684,22390.05244270527
106855,14382.025660177404
103908,7952.638884757119
100595,10638.260677660504
89822,20076.67158546077
100401,11205.106352769606
101037,9539.943382879364
96350,17653.03904334348
104191,18645.0894824939
87891,11627.527440207165
97744,17593.98210267706
105757,22883.298262722128
98966,13109.317952250574
91869,6899.014007403052
81292,16329.512615121246
108284,24582.93953839722
83092,10369.94754466992
78394,20762.49509586137
97961,12592.514948594822
77723,36299.3760629051
87317,8607.609123768594
95065,36425.170730901234
88227,9722.948394547051
108087,9835.662104528545
76311,11014.503364734303
100764,8352.860677053204
87828,11608.614993142262
77314,16654.239517432467
107860,12466.53608665128
100339,6232.024212581017
106165,5917.705281758635
104443,12240.890622936822
79613,29989.396878012016
92686,24629.419520251886
97493,18030.454141240854
78977,34805.1855507906
82933,14091.573395631902
80063,23046.144666136955
92287,21998.714139001786
103664,11414.648570702677
102185,17418.360160973287
94679,15436.664613274346
99024,8959.048936752755
99366,9051.08637162904
96554,10881.419925930117
95906,23963.190687938866
85623,11470.856918798814
84336,18133.036809296
96560,15070.645271081481
107448,8297.781338499057
104118,17131.66486635413
88391,8209.871128212168
100327,14160.063823648621
89323,6550.772739315453
106925,24324.156088570715
98542,8764.88288001063
93996,22462.12562870599
85103,11759.474045687362
76033,24257.164204914505
77213,21640.73666140339
98117,22964.26634197055
81109,36169.19402808167
78316,23380.710275159978
91021,26437.54375130202
78093,12734.797371758623
77497,13436.495639622597
83590,12738.708516642406
76126,22428.767495543645
90509,3055.8134284698376
76454,22029.68836433223
82095,30742.46129632154
88625,15016.330468065791
100031,7984.531286669144
99458,8204.62991818572
88085,10093.992850901135
91823,19266.73081171191
77735,27174.072630584553
91799,7808.757573211707
91480,9572.937538591286
84915,13338.507659981045
83688,10797.5292671263
102334,8825.42216557745
97765,10702.768396568548
99836,12684.523107647034
98569,16303.238162553438
105050,24103.759048552787
80826,14719.683111186685
78684,12667.923429538705
99123,8936.555704162649
96507,11557.024679367347
104742,21360.143861667744
93690,18344.68669850225
107606,14277.187074990985
87019,18584.48473214936
100735,9473.225724630449
101685,7285.5645590767845
82792,10981.690759575304
100036,7115.338784846226
102607,7498.092231544553
97772,16942.04311126874
96207,17572.041342782493
100697,7907.491873644682
96481,21410.66302471489
89054,16069.477974802747
97847,21415.25908721151
87528,10650.155698759414
97145,6246.072997949618
95223,54980.113480327775
104325,14092.997444396658
93743,16028.592828707056
81914,5918.536929595306
79040,23988.29843794624
107030,15735.460276573574
106244,26906.485988109507
79602,26935.155828771127
107684,6979.314305560968
105346,22706.751166308644
100000,14971.397456117971
79001,10497.378013049884
78942,27032.18026939485
87637,11112.114280386471
102257,9764.451871816384
103502,8408.38439762904
84619,5045.867244748095
91129,23148.991420566468
98493,13647.648512409825
107108,30588.915938048343
101158,7578.627392241234
80236,17789.616125574932
105375,13405.33798168625
93002,29326.500327152724
91619,20294.7000097914
83965,14990.280378291402
94431,40423.17083343335
104601,9205.05810900468
92698,29217.925849768577
84014,9150.584298257034
91961,28769.07656705562
77595,51894.68061893206
88848,19959.92518148243
106046,14275.818326294724
99498,9453.117079114154
98153,7012.960381167955
83157,8948.471825106943
107475,11524.355719262821
100589,13496.823803052597
81448,15197.897893151985
102638,6837.183871045268
104473,26365.96028385158
102724,5402.1680120874225
99338,8662.807413604462
92431,10852.897434124869
84969,10266.94906641859
108426,3911.471809833139
103206,16362.576821489627
87345,8606.618729047772
102625,15375.509550817445
84606,12006.759125780778
99166,7864.021004766722
94408,21907.81583302327
94898,21432.169238325456
93658,32337.43583826419
98234,14877.289953114037
99725,12116.499816035559
103979,13496.823803052597
77277,22577.513986119928
84401,10188.599099376004
80006,28364.68827522037
78572,15053.209594734988
88781,11343.330206449134
78546,15771.950921496356
103829,17787.126151634708
79159,55482.78684471577
104502,11419.081207911519
95125,26039.785737168626
80804,15328.857437723818
96580,23866.334127640363
92059,17867.767702574405
100530,18621.17495550473
78079,27864.589219099442
95036,14178.005536332155
91490,19295.75232574125
103310,15979.591352331425
88853,14326.714561363673
105948,9115.051981505647
93744,20494.63673807504
108518,47790.80201782638
107733,20614.459832470264
106813,9888.704862708528
98343,13417.593821230961
83056,8835.090557827229
105721,22282.73947921705
89165,7138.521610791404
106402,12753.094063701621
77252,47370.110386894994
89194,9643.620947893533
76777,14817.600636101983
90569,13691.013418656028
93912,8756.551484966883
96848,3527.0478888860275
87355,7457.912722618212
80539,35245.61275961151
105351,13986.438078475223
108019,5918.724751732409
91331,17166.142201556646
80814,11654.83832440837
95951,22210.04686718218
98392,9360.1043172628
99209,19338.219848541423
86085,9723.631462860036
84678,7544.7912136496425
96534,13549.515115549275
93665,25699.98495682674
89832,12533.684988664862
85079,10674.693239154554
79425,10102.43194590025
96052,4496.716325731221
96599,9891.5190470697
103705,18691.150912407065
78171,30456.284737404287
92005,21761.960196414388
101323,13707.489133101717
80398,17604.262760939204
82123,16204.183127624141
90262,6281.7604670551
93300,14811.708160912825
76795,16880.78826706719
91043,25113.36159776839
97362,14601.178712836914
98969,8015.331559197834
104826,13395.36894272724
84329,6634.451475014171
97976,12005.053438661495
96904,5441.98920596047
88148,13822.924285162422
94895,13891.564248090603
91122,27509.99961558581
108145,13250.8065223736
85476,15886.05662216057
97564,12981.780018841364
107770,41777.50384164514
106947,21195.071990443408
89548,15271.310985438533
79027,17789.505749741424
96032,19896.7940324657
100133,9892.092988471095
83191,8433.55847519409
82695,12597.545603915945
79273,49171.4913793708
95667,16379.80308256504
99578,14363.496168915855
84492,11714.476432932437
92353,15071.944859745034
106435,16169.58690788408
86655,14457.85407433436
106651,11956.164976244043
90268,8192.569088009854
98311,12521.594197253364
86971,7773.563459434823
88573,13597.50771167806
93189,18173.285255446313
87244,12465.057654976927
108207,7023.477957407474
95819,42602.4382390149
105846,28164.726177562174
102372,7974.643170147931
83616,11905.821332238667
92411,26398.668896005474
90395,13082.535771371573
104613,15718.427862865878
95808,26284.891057426637
98662,12282.547860608207
86066,12515.99247348107
77454,14512.546930512266
80846,16964.592941971398
89060,7525.642678800099
91975,14364.33136501704
84011,10990.433348014943
88315,12326.68912922468
95692,26166.186053402453
98373,8427.741859939506
97283,23008.98737125508
101495,7605.905142492748
81770,13824.743368071233
87458,16045.510264099981
102710,15651.104927748916
81205,29519.66834153861
97440,13335.60256036943
82618,7068.8170006830715
104838,7699.006226344305
103606,11518.990496246695
91507,48632.253050458945
81463,13285.745214719598
76741,37711.288909001385
94422,21128.002639281276
99543,8550.030083198055
104044,19651.564370109492
83284,10356.026182728821
100834,14848.707567892041
108440,10480.178215385884
96881,7267.88256701803
103925,10070.118995552299
102881,13576.206830211555
78690,21493.840075206328
78052,25568.76275444846
103938,13635.854167155658
101271,8851.92983417371
76924,20506.85107725261
100415,12584.11017611642
78455,21201.78435785444
102811,6303.766372214971
85154,14043.338403310665
103761,7761.005711825956
77732,17657.04628172324
85957,15698.103110599784
96779,22568.332930498622
99061,12607.343908029494
106028,20371.74676990111
85889,22361.809955603734
97539,8521.117381323429
100890,15671.813273490492
96058,15157.345741074565
80216,18845.367780069093
93045,20707.3665786903
95789,15154.123265992679
89368,10908.252863951158
80917,19683.286403525097
93323,26065.955671161024
103669,14721.676591582745
81561,16787.23427933363
92214,29502.00407848586
86368,13439.345303525655
95070,19664.198538423047
80730,13970.969566856216
105647,17942.499561549157
104707,27272.994605444328
80353,19970.960665947445
98677,28850.54217177803
89445,9174.449717470305
98332,8273.977129466002
95929,13717.665423962262
88970,18130.33923167787
81272,16439.60860058552
77963,15838.84201468052
88285,17952.782541427812
88924,12141.319258100344
93562,31073.152115566303
89463,5786.9622613421525
105407,14006.764937043576
80944,35494.51958601458
108099,25624.879314854614
89199,6883.225385145623
82756,15888.186779402564
79573,14775.891000213593
98847,10716.762260369214
100966,8291.101124755342
108500,25577.764309236834
103830,11552.874560891783
84043,9699.14686799818
84550,11792.419970372666
83946,8323.569178399193
86287,10113.858448094119
77598,16720.972983244028
92893,17795.468867250773
106936,15725.186359669753
101123,9790.540764054655
83943,10538.516405270046
89197,12125.066712147422
80185,56770.55367494401
82429,16565.872242825146
95864,24709.691057506225
100750,14238.109606855029
85497,6541.973236977588
99469,16446.185712100458
87667,7993.647366740908
78681,49727.18933731752
106579,15687.390209658575
97388,8779.992050038949
82487,11241.354461426037
80635,21193.41446041821
96378,9129.24805273054
77827,29953.84463469122
79045,33430.921829004175
95229,20045.058252293573
95387,16669.60020333764
101754,7108.74218487174
90728,8143.839959189999
77618,29490.53584426706
79390,42465.14386637234
79449,17246.788849983543
107826,21785.820497881024
87026,13068.957115130608
77765,19435.929206725887
89691,15220.370721282488
91087,15125.351897074108
79770,28217.647538360437
79341,32998.78927621344
87532,14447.053333035881
104082,8497.282033233407
83169,6391.300691865682
107978,27532.231971057
97466,10542.710594885468
98381,19806.06619832769
87614,13066.751542608068
84768,11967.521999042512
103605,6309.111621689677
107420,9977.766482507841
76099,42696.660352567895
81932,12073.487879116978
96233,9938.89155353397
103484,9279.699976848284
89608,14584.202375823332
91316,19827.930875177844
80424,10954.615293194312
83120,9883.491030511714
95888,20844.11024334969
103279,11403.554665515456
76800,12761.481378222994
102188,14096.020141839645
100147,5632.034488570051
107959,21787.177326958095
93341,16327.419876241318
87446,13333.914133338822
103554,8235.845268289131
83756,6296.402858183174
86353,9404.73814552891
107874,21698.375525978685
78416,16199.677356579481
100911,12115.473141608969
86514,10885.288034858626
92702,31398.15829270235
76787,19312.946693887498
98523,23874.571233172304
88972,18435.03329083262
87370,14609.906712089747
107060,9900.584570671703
108186,12733.901409549148
90126,16154.23765093519
103874,5990.245940511621
88271,11328.93377250603
81752,16322.646949646101
78089,47539.3845304912
102383,12972.692001062265
76766,33346.91246996944
86120,10750.411803187339
82871,20307.657550153537
78647,29379.477488827262
92451,15785.087783203095
91743,22990.28785552041
96582,11643.688906690233
79729,19887.683531950748
78864,25932.11270078118
94728,24395.14307701956
90355,7918.430764232223
103777,14160.063823648621
96076,5107.046915184732
79201,28435.090176493126
106707,15639.922544604748
83836,9911.144383001209
82332,32921.479626635075
106545,30534.882797047077
107268,27043.852105968923
105459,7976.578809602905
99683,13558.336002647293
98385,15848.342562534051
103402,9264.454089292267
89402,12900.723845200851
87077,6831.519125335355
94222,22540.843809330396
89919,6725.71727796693
80585,25771.84587411536
102406,4762.319973946324
95002,14294.858104394634
78216,18991.32474378302
81346,20646.47108109837
78309,19864.122633606854
93307,22005.300828397565
87233,3425.036454434899
77093,10109.874423116906
86762,7054.8068963359165
94561,14852.97917007142
76392,71697.51878298164
76895,28029.230995978745
85419,13783.839875046138
101026,13747.41495470804
102584,7632.087398454374
81381,28969.345912116092
81761,50723.82148102518
98099,10024.352063641303
91347,14825.216527228855
100024,7611.221436448383
97924,12323.014249210413
100492,11429.323148143367
93559,23568.593000928486
103175,12539.930665343722
98122,14596.370767266953
84362,9310.746692343375
77943,19652.75740422074
87275,11393.902361448041
79991,11360.540523648362
102700,10542.209590508988
79660,47344.39041060951
105465,19956.16564932657
94354,31015.775354773836
96390,8291.58415242528
88763,38103.14759966973
87219,17881.685296257234
77221,27857.05038992659
78165,11223.857116891693
95069,25333.222061629556
85157,12646.95042618106
94547,12758.811695628616
80643,15006.429369009984
97499,9282.034671064004
81957,26256.85076119531
82538,11066.118781039237
83777,24033.260644084312
87927,15239.182610436637
82916,17336.394814507647
104146,13218.324466384194
105260,9962.75386500887
85483,13822.924285162422
102412,15778.200512753996
86508,8396.389340246717
102998,11922.361298921549
94493,37330.74953999859
93422,20873.27475159324
90033,10210.999196679213
92957,20834.205848711877
96584,14396.138102162251
103170,12401.70414045218
83550,17165.155877055073
76050,12764.062101328771
99903,10130.632633608478
95255,35137.358940954466
106697,24454.107585907128
91497,30596.044838455433
97177,9684.328770241298
101863,10753.867109240944
99298,7518.480932597337
106496,6517.765088604198
98770,24746.955480705194
101801,11548.771743164258
85037,13258.38234695879
104399,17693.26796260776
83980,5233.16186966869
97825,18718.21146289703
81924,22049.60911526313
104192,9685.375140567114
87130,8716.89928837815
79364,16367.849692976639
81388,10314.959367700092
94917,17197.597892243204
102119,8730.92912830568
84135,11621.194948641853
94992,24462.078666537524
81229,19609.072576660044
79503,18763.83127445969
84540,13681.643578559888
77881,8242.402129774428
104978,3218.6609877469027
107373,16139.511130863913
76208,14141.905496287092
88192,17467.73921663219
107010,50680.421656980914
93961,43556.828678665406
83957,18151.319836126724
85283,7529.199785748911
104226,7234.789180397434
79463,15141.336936680556
102587,13275.04901590093
90204,2803.4967602423094
103507,11461.526001758446
94351,29638.415927409016
95181,12993.247969310687
107410,19637.83162833839
86541,18270.950237007317
106281,19276.286272389523
77315,10910.735035871181
84485,8588.660437597517
77592,11167.880481556265
104262,27527.183607731993
81260,22070.83580880485
94417,49125.561515503876
83014,13669.116511858181
78192,21924.342569203996
85838,9320.53045541042
98395,22411.636915549843
92617,20477.71633682858
107538,8964.43919663497
102588,11110.998985092774
88950,11858.983048349366
101450,8682.30469897353
96101,12757.309515682444
90567,12768.203103322687
94383,31334.947617608206
82961,3068.6993147604076
96591,8261.709411921267
77890,23030.644214355856
77801,16012.015635025982
85738,8571.167092202857
88580,22218.785522939714
88914,9943.426924014051
82206,19619.810247364727
107485,13326.240651792927
105203,23800.836863544213
82256,75048.37110798388
80181,31659.15613295482
88792,8579.203151143605
92581,18525.950242153627
101272,20006.341835313233
102359,10119.887412580032
85306,10643.12874557107
106078,17986.58853822025
82442,7896.817863965189
106313,20558.671591790677
107617,11201.83115299056
89719,17992.28678974702
91358,19617.830198290078
89676,31864.563299220572
86927,14832.360400939195
76819,27540.10173477701
96646,8928.625487610734
81533,39396.14794353655
89207,13354.140691145638
90282,6708.792676341688
94908,26724.435227996713
89890,9531.984173289715
103477,13496.823803052597
76090,20111.520158550284
84810,5942.753169608557
98323,11313.337807303895
100552,12181.1865473744
104719,10552.956726178796
90016,15107.211818046631
84632,7067.625049839409
99846,7539.155767934608
92362,24172.232607908525
81315,11978.951289138875
85084,17299.1987245266
86760,11023.040983688907
80297,19737.048433671982
93420,26524.799137194135
78563,18809.563770185454
100791,11402.845918903931
89019,7013.4931462858185
101709,9568.811913203726
103419,7176.306832347226
96092,20063.402147686797
89891,6827.523663348152
86562,11782.709619493922
95874,31558.65018891464
99343,12331.468910873085
87586,7695.23364142918
103112,9283.468622850762
82740,10092.413153409128
81595,31837.853882099407
77578,5622.611209492523
94090,17635.099051336252
102873,9263.829055728578
103258,13175.059384891458
107497,7373.165676121661
101861,8911.844365765965
103997,23939.460576115805
79785,15831.592965225946
90250,6642.884986887487
93233,31431.233292109086
86527,12352.060574957572
86140,6252.701153232709
104063,8719.079567671568
77734,21553.664662602052
91652,19506.145842117403
97758,8715.092313712576
95096,16144.854743055823
106186,14061.208803654281
107960,22849.33162854499
78445,21387.2236203048
91886,23376.820163042295
82711,9654.734851709938
99248,9181.67424024863
91701,17104.744490190897
88172,9479.733505282687
83916,13354.463780242646
88883,11320.407964013886
90342,15259.583773992526
102042,10704.005552549339
96563,7662.169251422805
82344,20954.338952515438
102707,12972.692001062265
101718,12404.109826923146
102705,7658.215730658192
92589,28524.68972275236
84231,12288.740062581674
83534,8284.09687235485
85768,8959.97612580639
82141,11434.740534418323
87448,12600.680652130975
79569,6824.211016695855
82261,11282.302746379615
80605,14541.766282583025
91120,11303.55998904668
92482,22005.300828397565
99998,11297.078832470437
82202,20185.504867543543
105899,15987.511006903907
93653,16865.77617119712
94333,15351.241643318486
107717,12951.435770950537
107655,8852.627209302113
86240,15013.196771164707
88745,15350.440520071463
81723,37137.598219673964
84125,13934.188596051072
89476,14656.083945274868
79059,36534.7797221006
77879,13542.359598916559
82855,12378.258304582392
108513,33198.468032801524
83646,6936.908613800249
95702,34062.26394676924
84145,10637.125883671166
107629,25121.233363216634
81843,10877.740153012192
98863,9139.687210653521
95154,27873.339067562236
93275,28154.382728233428
94003,21406.174010039613
81095,17839.911572805966
81099,10850.718647465043
105527,12697.250675195923
89596,9801.730732796059
91007,23178.28573013197
80594,15981.171253054901
82782,11241.114399073227
92721,18589.743501866713
91718,29228.366750903548
87452,12358.72693289516
78098,11724.38994719078
84123,9281.80683049525
104672,13864.553534416875
105118,10571.671302037248
84690,13363.448377452947
88986,11059.581495384484
76028,23947.222282624305
92995,17305.64160090085
76275,33296.431786602916
103315,5551.748554026861
98168,18451.10342256482
93633,14638.18831521347
90151,6670.337490923729
105269,29592.52063413606
102604,2350.8590026901584
89541,7696.164300336589
105694,31377.75380246556
80405,29091.59825484957
96001,15127.480886744701
96500,7912.545917861322
95235,17040.68062920553
88367,22347.38699139395
98850,14151.101654919627
105724,22307.508470383676
86451,11653.44903335947
86426,12805.451429396227
81213,39376.00121414622
98547,18389.02138028099
86461,6414.998578763993
99294,21109.2237506228
99597,10948.743933845179
92255,10266.395453858557
90097,21357.084634076036
102302,11931.836530104873
105746,10111.112915615771
86133,25342.394049832874
94950,54799.0440724827
103666,7758.824708439442
94750,20216.134815434376
92880,25292.560477257615
82349,18177.89314477184
107337,14443.267000743548
82954,6808.205144881125
89689,19105.66753446582
99034,12143.80857881414
79873,14819.414754583508
107966,21541.18414558172
88864,11475.563356217577
97942,25803.972491161992
97481,8859.330178324335
100313,9353.919523557455
99927,5942.071881849427
87287,9066.900289882322
99134,22352.315687216396
104705,18113.81523093569
86134,20457.76424254455
93028,25166.035796902866
80161,21034.699504575503
76639,22329.24307355266
79239,22457.927275257367
94244,19783.377492933792
103815,8743.591649049427
84445,15512.316684516964
85884,9253.345038620242
103496,10588.603817870324
88620,18021.55124389164
101448,6672.3409348106925
100044,7767.900989816371
98388,15266.39669141953
87610,9838.327682393734
82063,23973.223786851453
82211,38210.61074824792
91156,14643.177288536288
83323,8521.630240745655
100187,8919.526842309433
93117,22717.60747904604
82227,30742.46129632154
94263,16827.882349633353
88207,9126.423753492765
87988,17323.29619051451
104687,17888.68589056728
79791,45806.58161913267
82242,21478.445043866705
80273,14108.210157650085
81542,25601.137121650667
90361,12726.35630774997
83914,18964.65844139788
103142,10800.7668511785
80137,33630.15374926839
103580,15131.64892260168
98328,7992.93731665525
95936,35432.02549832692
95189,28083.701769156356
97806,23878.881325658793
95829,10593.160895568844
98684,20665.817277576425
92494,19777.87304828195
83016,20398.60494002392
80865,17895.443267623923
94537,19877.826138164142
86293,11693.102450574614
100087,6167.225707460898
95534,17880.205970516963
80827,29452.188466473104
80610,13455.326933827551
97472,6218.29081677217
85523,6711.043109432184
100005,7840.821555845822
96618,31423.348849832953
104893,10200.87648763211
93688,36936.10601812017
86182,13117.016269037498
105091,19972.965884777346
103031,10252.235548134498
99359,7326.873171468969
101907,17110.4527094841
82914,13354.140691145638
83990,15698.103110599784
98598,20949.759651341425
85494,9257.217974726593
82922,10203.715377415636
82854,11452.558068060085
89024,18464.889035395594
91754,27593.500626828456
102699,4590.145389735554
96887,15377.720022359117
102671,12191.576377652753
80646,21821.4072748854
88146,11750.610353581273
82969,16085.57503433867
77225,18950.800341349404
87443,7341.703058443134
91227,13687.883061580424
95731,16160.016571108052
95171,20267.762673755744
97076,18190.236094760738
98901,9947.536143838783
86013,8533.664830596721
80831,21533.592954171916
100258,9503.458903977302
103586,15585.231317096546
84553,15222.024098360158
84400,14703.772850288859
93434,50339.15949168722
86149,6815.362700648872
80336,23379.817136718368
104511,20229.003983192993
93127,20606.78031980762
86330,10645.117897734744
105082,12140.222127865423
101222,14136.790619747997
92606,25410.973991271567
90462,10512.423174431686
102123,12859.657689712605
83212,11085.886926961764
90403,14356.26508938878
79392,24987.71657991347
102630,15535.468166538893
85988,9262.737360447913
107908,21576.86272942407
80949,17483.07043355612
80517,13324.545908527998
97922,12462.89538860241
100296,8908.848055770344
93073,22323.81769333676
97137,7801.438895506296
88311,9701.453719445293
78021,15883.0085837948
81970,21634.56775875002
98957,6895.4316101270915
99602,20432.454614869064
91417,12809.87274039336
89429,13107.023466832929
96535,17155.71600285366
80782,57909.42227683765
86889,18301.182274456183
79609,20550.607715017704
99497,10834.937506609858
99547,27691.99204130192
93817,3747.399008174345
91079,32809.27018341172
81962,14577.520681089252
85833,8644.695972178033
103305,8389.46814558063
94357,15201.871457956708
88736,9429.320117863774
105162,16276.834705503868
91131,21284.327883496113
84148,6963.752166426164
76377,20340.794711951687
76357,26148.216053580763
84675,14814.682416010633
83239,29273.691524606507
86317,8061.360171602731
93990,27441.032179609123
96357,9229.110190659381
89745,20453.478645772797
97141,21104.15397995602
82911,18133.461515732175
82943,7268.715960552446
96282,4528.806845116158
105885,19894.465479375773
80131,43161.4402849612
99806,22355.787697374362
105497,25473.92687339598
106447,22466.533647500455
107746,19754.87509180211
89523,11833.818672510957
84388,13946.358289310338
78166,30993.012048496104
103685,8277.050334473333
105018,9510.1325582678
102373,4081.970173604492
76988,22006.275857026645
81097,21742.26181160315
105521,22972.739499034662
99775,12242.581428013043
99766,9851.959918560033
101346,8063.127295927219
95228,4857.8314025146765
75982,27020.906770132748
107142,6101.783617510904
86109,13622.355227842047
94195,19389.841177661427
80777,34348.84337844515
92612,25326.967093488463
99383,9878.384310230374
81686,20055.501112588474
88650,10354.847473538035
95681,14526.93338955794
100071,9679.872098566604
77554,35414.22189880439
103505,4325.643709506819
93281,20119.223437781977
107444,18176.017404921633
78752,23143.828787842936
103057,13191.972718741934
100248,12695.195309700162
98489,11563.90016124022
89189,16050.967750559415
81293,16050.716050149314
83285,9862.300009702954
99459,14172.042148476121
90810,7814.690702501048
82015,16121.25624024905
96132,16176.473722190056
80808,65929.56439665268
104685,17072.934967954436
80937,19189.05651675966
103328,10453.8298909342
76512,19228.248505303476
83456,13290.902236651149
95102,36572.64645684038
79692,23288.762234880447
107807,5122.465093636998
99176,12396.169090365562
89632,10823.3192902867
85310,17144.867028803794
105676,14845.879256731178
96825,5708.33484274241
76640,10580.609168141395
99932,15270.46413332556
103568,13499.187201688772
100906,11193.27970254526
97420,13768.785566475282
86996,15996.305104356601
86948,10974.99289048866
77326,25194.95125165285
89296,13959.634156687254
83087,7032.950096379675
100477,9892.092988471095
84635,10385.871587233769
95060,31669.27620077216
79303,27100.7030263366
84026,8933.666057600914
87802,11304.711424156509
85561,10633.99293786031
95941,15379.275617736312
107662,21597.626388620152
105811,9457.582251348535
81618,14443.155624764506
95733,29951.673803753543
93613,14597.050435282987
82163,12769.30700371142
91734,28376.09526835159
87677,3562.9675102885462
89816,6902.479831678256
106327,9322.877984870567
101799,10154.1152145682
106344,4769.43120335761
97705,24289.789274926374
86976,18803.43528672674
104847,20156.121576437432
103833,6548.549515456219
103482,9848.993878848949
96532,14092.689567726171
105817,11853.841939615828
80883,15550.539601131382
77825,50883.648992221184
98673,9504.525765547756
107364,7295.561538747431
88945,6936.597951400554
108307,14245.56505443206
78078,30281.125096753574
92490,37226.96575682232
89401,11419.013911025933
81002,18547.864026846164
93285,24623.33782178458
76796,28909.059310960645
99933,2688.896407912719
103989,8544.511341622674
77504,16072.398067542137
77187,15544.758152988148
76477,10908.242300667822
104834,11650.423130962135
90656,20811.123086523967
86161,9875.835420039497
82503,15627.198796771478
95429,23012.848093431527
86123,22094.48661207659
85549,9709.468246774124
101443,9773.07959495885
89089,11139.824504064893
101004,9499.547645704391
98976,10106.733558402466
106328,47247.10447730013
101630,4455.245126428648
79682,13323.825352309477
107885,24138.908129236628
97206,6637.264791315352
80721,26991.138737772137
96625,24993.072312599557
87687,14994.812063383817
91458,26776.934857887834
104683,12030.108550950676
104151,10193.07366555221
108346,33236.57365108267
101262,9221.965003213838
96543,15274.506593526014
102763,8376.04119328481
81274,12210.147244838714
95280,12155.143201971632
82561,14327.736302635174
77783,16798.107153042503
95843,31578.762559036153
99776,6556.652554619799
79114,30505.631462534675
102376,13503.885009597641
101704,12788.080565884324
77297,20646.342036458063
80285,39339.16939833293
83467,7041.025548515617
101059,8801.404887987492
102229,12344.828859855605
84664,13724.016070958804
107750,19802.575746222745
102405,10356.188995631212
85553,9090.770810224261
89780,32053.602052345403
104268,9902.781307327421
102935,7124.434454627557
97898,11829.837876836527
103785,5457.147318481664
98529,20611.924056414202
93897,12012.346209887432
101766,11159.991203809954
95038,15421.140643501627
108350,19941.732180871095
103542,10209.545261088882
106061,42184.901217044906
82286,20103.322290905675
93548,31448.755101241877
89937,10296.927928448535
97650,17202.64768238159
77515,34108.80462784347
87466,15153.767078357763
87489,13780.487420026757
83029,6668.0625572383415
78512,49942.57711296493
93310,20844.11024334969
99598,10665.720166511162
91341,16689.254516305336
82704,9275.395095686776
80819,4669.217757298832
82774,10779.832342547152
100367,7969.34081926827
80303,15603.48046418912
84897,10686.055781327852
81307,30019.304220303668
99687,9318.73466890441
85321,13694.164674384776
80702,12686.190441380497
103843,8447.734986046431
98898,6882.201723431584
87147,11653.339658664116
97662,8962.988282687335
97518,13502.33170716506
100217,5175.172762394173
94513,28989.190187863063
77035,13331.430224519387
103165,7687.866905201391
77140,11211.355355006483
103771,13393.829424157611
95993,22011.236415317584
83624,15603.366108588416
97945,9534.062610744126
87103,6639.239212820438
107640,12959.603164429944
99549,11022.685599739149
80464,17446.37146354772
99623,13105.006091387675
103689,14793.07462234874
97337,11636.871604985188
84308,18412.083111421427
81459,23028.611380080663
104126,31079.929604158348
97303,29464.16348174838
95139,18270.347383381537
93074,38285.97442913636
102368,9723.869617000839
78475,10051.961253346068
80333,25977.936901332734
80144,12674.790953314128
100439,7446.320241412526
108154,18841.042713095783
107137,41919.317291788124
92752,23028.899183661077
89896,10826.889175701233
90485,36577.27826245965
83159,11702.263039601126
76671,15573.937261475183
96849,13203.187620589368
93722,36190.40562638375
107787,7462.9301056381355
90164,15164.457486935285
84760,16155.679792970313
90370,10112.563395631432
88117,9192.47240384174
89557,10934.205515091702
98274,3243.9411177947454
97325,8594.11572807908
78887,28772.16217458205
90525,18630.89285072269
86491,24053.26197178176
81617,10994.989224597284
96123,8749.045590367397
79413,13285.745214719598
88016,13597.50771167806
104681,20570.991743040213
83330,8024.355699883277
99163,6777.206187566721
102236,6974.896949835821
78116,16393.52648895383
81077,21821.98039848459
81046,32416.544985421962
93928,24583.37934967912
96436,9015.695331360297
93479,17022.2504523478
92021,33845.16796413641
95143,18571.595281641225
90500,13139.89922555622
78940,17082.443461792085
94861,16166.068201722632
81961,14338.002500958666
87630,9470.576164469274
101224,13742.310422898112
103357,7313.707765128711
99521,19774.322559482163
103897,15641.09490807262
76701,10369.540161271676
83560,9838.327682393734
83516,18141.091884346115
76385,15203.118514866714
87311,17381.505946561567
102065,10729.702262579296
81718,20243.85184592877
100025,13260.16968220499
93182,28983.85185737518
79240,20639.06115916603
96331,14547.721637377781
84781,11663.366231775293
100663,3867.965961142644
76390,22140.204666405916
87234,9888.996843463676
85790,17813.720208006467
91278,22726.69119294913
92254,21438.424713864373
99105,6331.134734984405
101324,11867.066156719364
104734,9975.808575818719
103445,17646.576477936414
103323,9140.293648287168
78055,22984.152736655004
101302,12827.560297737613
103095,9402.44547161893
88134,7126.538739729412
79346,13281.666743732692
81699,15828.888174614789
96464,24448.75211156604
86609,10797.5292671263
96737,24403.038418644068
100080,12499.599002794681
93423,22321.82833640984
79886,27662.421440338592
89452,10983.057578601582
81509,15085.735026931234
83975,19596.152595511045
81360,8434.97931216117
98089,9176.452547251805
104047,27586.80379148128
78711,18887.677686165352
81025,24300.23457513866
79973,17690.005023087877
102117,16048.979583368025
78400,51427.0354835672
87911,11051.651800623316
82806,15658.744614087913
102480,10589.323421228813
94044,15534.197856658255
76824,8234.172041100077
104095,17100.30343691654
98660,10999.616010691056
101444,10316.903046769572
92320,51416.52807552379
105141,13628.49722977597
106950,10840.176570042126
81851,28290.31769808752
100884,11586.841832333917
95196,18215.341192458593
103636,2892.774605008223
80584,16601.725437562316
92337,17443.029700051713
85513,7695.23364142918
85180,13970.804916589368
103365,11672.361981205915
85796,15763.515435857842
78462,30406.753792939013
87895,10211.678733545947
99262,11446.881034388995
83363,10229.264310808403
103800,13194.665098096291
78822,9703.62550224703
107816,24581.91797919508
90042,11505.163805181839
99022,13741.217338422848
81854,25426.133275330245
102619,13077.754662463674
80425,16569.021203565233
102306,14638.74316003738
99778,14119.490956273945
105957,21736.236709575925
102184,12159.984140241555
105195,10202.138315821905
98841,9991.779819524167
78452,36459.33274548008
98974,11857.627936713492
86430,12792.622317906524
87124,8738.677184952916
105872,21053.37050556729
108077,15711.37379570544
103608,9927.56230522344
89218,12440.615690983504
106418,19055.85094821399
94498,9221.84038071641
89269,15721.226581348312
87283,9627.854765084014
97545,11602.057249759308
85408,16121.407712823137
104594,8700.71219820303
103905,9635.451612232531
95101,23120.797468287958
83226,11528.978866357442
89257,16054.639525897135
79479,10314.959367700092
77652,19872.976436773286
96606,9369.860986773103
95504,4352.459428102651
84103,10640.93760016856
102843,8797.919507010032
99361,8637.681574931783
91098,19400.243545708807
92937,13598.247379451881
85635,11653.339658664116
105348,12433.788363454018
96427,20982.9529996945
89473,17965.36027832778
79316,19775.932994633735
89157,17813.720208006467
92217,14211.684719732288
99761,18522.9064924753
88748,12762.295917438681
96029,24523.73046558947
92916,29444.073636863657
81210,15188.682140379735
83778,20879.08363675627
89380,11346.318957249969
103398,2853.559065586998
92869,30529.911658919234
105278,21137.656738955367
77054,18849.279229369455
94021,21006.073131310066
85177,11334.041684970129
77904,21855.36056104634
99917,15651.104927748916
77123,28150.45858992326
95195,21359.92955151016
81922,35018.242748713245
84281,19192.178002492765
101289,13991.707149736418
108200,24536.41772017987
90235,11018.215163602586
81150,30897.75988029516
104224,15594.4065357631
90071,12934.12334246257
93187,25989.63590828675
84284,11494.548964524027
97109,7672.501784880593
102231,10745.083767265007
108093,9043.730554267402
108443,39077.514600455055
92992,13959.528800249802
80438,68591.38561370234
104913,11940.98651040427
82772,9932.68726463998
83960,13040.280255522981
83052,15845.527683178518
82939,7543.802786022977
91175,24122.347033743317
80115,26369.859299874126
99384,8772.409267199831
101540,10938.877765841547
76849,34928.23266952755
97226,12293.433217300997
97672,21726.819937306765
97579,8260.86079716765
92361,26185.085963308895
91952,29702.411825399755
79024,16799.787322996945
98048,14232.072584272903
95481,21420.911779340786
90572,9123.55696498598
91301,19905.47962164758
103209,9903.641374003926
78464,13127.618514610282
91311,27548.624557058476
105722,19399.348840325383
96211,9978.427593671695
105482,11061.321968168624
80750,54007.672979419396
85880,16280.121282013097
106997,20497.269932929972
99866,22108.00625458382
107262,12993.273896553761
98814,3243.9411177947454
98650,5863.409582152807
93505,14120.181914511248
103810,15113.134347746474
92931,58604.69051843261
96126,8573.0204684145
104285,7455.747549294312
96503,14140.014026115181
76826,20548.934683255648
102531,10013.41635982055
86939,13987.90807090814
98276,9478.00625502079
89094,6650.041324784197
89376,8487.085425816396
101715,7435.999613182794
98971,8315.35252987857
98359,12376.737191778197
101520,8460.213375296898
86866,11182.255595993696
80468,17176.708489834542
84146,10284.563651408525
82628,10727.002440704411
88012,17186.58738056686
78341,15232.467870445798
104664,9372.197971364176
80753,27304.893023351313
88296,13765.706700863131
100349,10392.61846880234
95307,23410.114117477606
97982,13755.78201181399
99328,21573.885571283987
84689,6653.694897913808
86620,8601.391149519799
105565,11739.950662513722
94198,45084.3270412727
81959,10409.094598289605
92894,41388.186588894074
95163,19664.733395434283
81774,16730.037417410073
97953,7266.481131374034
83179,12625.47185141906
83316,9079.556162217064
88506,14503.8445084975
83533,9969.862509277878
84069,11112.122065837655
103724,8064.552194980847
76757,16618.413139888107
88222,13821.977697534947
77382,18224.371803330818
86702,16664.60508769463
92511,14590.725820110121
100163,14014.91662046189
78982,23310.743976047914
94043,14893.766502872973
87066,10707.261991111302
79987,29500.384534246386
83428,18751.2675083009
88886,19314.105782247898
79836,16597.894676244287
95090,22210.04686718218
77868,23838.356434877118
81415,17414.025987793233
76542,25002.527638814474
99066,9720.38491614522
98211,13290.378910284911
77789,11731.850132835583
102614,9708.302377869266
100676,8862.560495863343
95751,16081.981613614349
95684,20867.19140039035
108508,16207.000515893445
82075,15395.33326892709
78948,13886.026012417835
93337,20846.021650484014
86465,17233.196235621785
76163,25858.890378697168
101688,9611.197831790132
97445,18315.931817041776
76672,29003.702318900643
108153,27918.946078826822
92963,25311.760032746406
88441,12058.102338345818
76274,16087.87004657021
107189,8663.563677303495
79393,10820.801614902797
94684,33561.40673170727
77033,5558.436295585148
106413,20862.375610731167
90407,22395.26816012086
86730,10902.226729397706
79417,15576.58206671224
93426,30543.890782440136
86689,6338.584099091642
94562,21869.57841704642
101792,17175.30031901897
99696,11122.973899461569
84181,21145.64728784204
83652,19069.239420845264
87285,8483.36267584782
105860,4974.313795596676
80615,31915.86589549288
100040,7221.998047335805
88919,12187.14414487231
84980,11663.366231775293
83969,14349.340815249907
103616,6188.5199122036265
105097,13775.541579870851
81573,26100.642658817607
85124,15696.17271326272
82995,15732.610290626813
106976,8991.101828737743
97250,17025.02750769837
91609,14748.741949739102
92582,30022.107576178914
106719,13428.819796456264
95711,22317.156818462357
81868,27181.271856207495
86650,10034.535393437856
84727,8840.707171006312
79409,10560.140455283708
90538,16855.766649518482
90346,7091.1706763840775
94050,44333.20542610913
82866,9336.765498918967
93402,14632.585155232486
95803,50953.91271221543
88730,18492.300716082267
84023,16297.456727848288
85119,15137.526885164596
80528,27767.116227759252
103284,8345.51554169351
87269,8399.171356600085
80708,14479.786344883672
96853,19516.886766370124
77191,23477.048419081697
89419,15150.70973265425
106060,10745.23643717504
98372,4029.1843642627396
102076,9413.560607495652
79960,25191.410801778333
97268,14213.94551610352
101849,15521.560275176325
96850,21755.402463470156
99301,7223.656187056924
81672,21291.368957158345
100709,13117.422991256439
104616,12729.505822686682
89965,8104.361414982707
93313,12096.036004771111
104340,12963.873398325532
103783,10185.52837711105
78842,30599.369778123757
87942,10990.433348014943
96790,6687.761516916219
97330,10761.84047007322
90180,10510.34906725232
78934,30941.277480304583
90145,24624.14433150907
78173,18767.017674202172
92455,29346.101366533574
81565,22722.391381444344
78530,27976.216849220586
103732,13717.871702394807
91559,24383.32565503829
100802,10738.620947409197
104472,27204.230950329078
96556,9282.847005256834
85610,9773.753913674604
81512,33406.12333294132
94005,24569.176650794627
88847,10167.838171029565
105272,19134.821305060374
88156,7444.961130674115
102245,11708.76820413209
103740,9072.992583883011
98554,3084.357803896644
82268,11312.600690949326
80472,13361.202373620483
77127,23757.135885994237
94612,11582.969817722187
91124,34699.73275010151
85847,14098.662856613844
95527,25706.3804762217
83373,16518.653409180413
86221,16085.57503433867
83131,15940.339106596039
104639,19627.038365288532
108323,42427.47495274506
95465,18010.855343841064
96905,17681.8371188759
104272,15199.631937846478
90562,17314.71662318552
81396,30149.770492032872
107589,15202.807963444362
78022,16810.193240544893
89141,24801.488292748694
87808,12195.183926648477
92344,16020.759060830664
85181,14852.669873168163
101172,5510.424090966875
107038,15064.928505948727
108214,46694.09510354573
90048,8812.070551966137
92619,22006.630639830913
106279,13148.8939232351
103918,12649.919785626702
96418,29126.673893842595
97891,12396.169090365562
90459,8480.290696901196
90230,18025.64421142148
82589,13541.589897767646
84093,6686.464605412473
84128,18070.236262722206
77775,22474.851358808803
80709,14814.452654224788
87084,16583.531714463206
78358,27132.905550823543
99051,7123.233696819614
81732,13063.693723038026
94316,37330.74953999859
95333,28161.78447837024
84653,8028.170740620404
94200,22319.49725194488
77707,25752.835118105213
78884,8954.110281430903
87384,13710.801009879113
84311,11389.4904406451
106179,4713.820433940841
77959,45597.31308069628
101918,11782.547306262215
82519,13258.38234695879
90216,5729.430358252712
99455,8675.076680920949
78784,30716.659515402207
93016,19949.93158257935
102343,7541.215250522786
91681,28255.06071740122
94868,14824.849427869822
87562,7791.977532250415
96639,18952.258288724846
85312,19009.95636156143
103821,6679.9292302916
101157,14052.50929812342
98644,7494.944423545743
91060,21383.58015656374
87747,13252.027107601356
77903,22016.050587322967
99482,17964.42946224149
76170,17224.712775153017
83750,17367.071463125812
95288,12064.749403819576
83977,18262.47723165967
78300,23916.492468567936
80362,7441.006156893051
101315,12294.2845541667
88661,5872.8996266218965
96575,24642.744200416473
87420,15829.273553150299
76175,11057.338065147262
95867,26956.102146646852
80904,32448.721733821858
106939,14856.353567593404
97892,9996.908720622188
102282,16094.858349856362
81764,18685.616503525576
103326,12311.518635532864
94064,26124.73060006958
97529,21568.425330126087
97606,5902.286598627992
89922,18011.64787334696
104023,12697.250675195923
98885,7876.217715662229
83365,12403.464944132016
81828,40746.284425950435
100521,11315.496081016494
76827,8507.969287740698
89850,8572.069019417748
90528,13173.59657579622
80710,24813.52623722792
104646,12967.96588266752
102709,10408.580896246307
93055,18915.235802001585
103701,18092.489770285538
103548,8527.138608841982
96053,8002.81271567669
77609,29754.957517397415
99637,17420.32164702606
99911,15385.494423494403
87622,13214.592524657126
95938,15332.086313565515
93648,17891.32772417162
105208,19117.702964695767
82558,26011.561041479836
89781,20036.49153705006
94210,43476.2711880538
97589,25389.197548493168
96120,14421.070077182934
79277,28236.40595187131
93852,26305.34326784284
106276,13895.798867199226
104292,21617.662864663474
103994,12533.976906583403
83967,14066.093537417964
77971,23100.086987583865
76636,25328.647170782482
105328,12348.762141397381
89518,8162.196910634783
107941,11956.88193964381
79721,23756.531204734205
96770,9488.453131378988
105293,9812.121763871546
81503,43115.245189648944
97932,12397.1296805962
101258,9299.52862402884
83499,7482.253484294599
85447,11974.173717712038
98221,9461.124746554613
105617,25231.843950081835
103224,7129.571504172066
82749,4158.099591471437
104578,17001.478431788797
77279,27812.143116976113
106045,25194.87703224776
106053,9977.766482507841
99749,14019.06990326738
102786,13647.683992567698
87467,10814.386472808661
97949,9440.234706842126
91680,26485.302970869187
86203,17508.721650513722
102078,7053.85571666341
94020,21501.339284778416
97807,12976.737348107985
86146,12141.319258100344
92130,25650.89890158127
108463,13542.489965107221
79600,23252.124513792478
89904,9836.268431301747
105696,12162.377942215255
105440,11832.892004750032
78666,24098.82431785099
87225,7465.6012597335875
92285,31759.63600017297
85762,8144.966859174583
107249,7078.374164482985
86894,8210.338450828292
86790,21124.479371594698
98272,13208.046063705617
95514,15468.603245212278
103863,12571.335351453134
85887,10898.875434426769
92171,18022.52276091077
105828,18761.241924420927
99025,6110.87121353711
77032,7171.610671977501
96993,18157.41795988702
95599,14590.725820110121
77651,37680.970288338205
99249,7056.633127006978
82347,30475.161850088924
83547,15030.218043167588
90793,7765.517820092529
94114,4878.649686021833
98376,14993.117898073118
88356,12015.95580993646
97473,9164.112703612822
84728,15631.976689913334
99765,9468.109249975932
95147,25683.89872899834
93220,23801.102184712723
91907,29024.53598425416
100215,8724.020916318266
93841,28995.601678961782
99392,10797.021612417519
100078,9982.109154799142
98334,45271.78522994672
97491,10447.23616528411
76179,12902.072676249127
96845,18316.55053019729
99295,13563.135396215497
101419,5831.411004094415
88658,15258.465791186272
82883,20106.188469549284
76475,10776.755805667803
99742,20206.877074618344
93385,29420.094159758515
96197,7689.300547704039
103239,13510.310936005726
89746,14000.49545085786
84083,17701.362633738798
90921,34938.19106041951
81029,37906.08694220318
85735,14803.173956215447
100511,7357.27824758942
86938,10077.126900045552
106540,13617.02472675711
95088,20284.47321287503
106791,23686.395737490722
101353,6095.540473213469
90012,7468.887742980759
87810,9767.080701974533
78427,24013.603659684355
105147,21810.551596765843
99572,20321.778759288827
95461,36716.69707896587
91238,24607.192213274317
89040,22146.586871270298
106508,14173.905275726109
84365,8640.007930199065
98635,13308.903594793745
95456,26721.761622317088
82157,23643.12124587371
107710,11021.81393416443
102827,8751.520043900176
79534,23369.15288690333
81865,26579.50513316085
88639,14267.146659023085
106981,30563.631644348075
105063,9336.7035138638
89959,10283.796131131916
76364,19585.535317475504
82709,11398.010680847889
97975,7777.000614074866
81231,27821.60685031138
91395,20951.075621490643
102044,10769.265010120107
78668,14294.466302042445
78000,16189.250581376851
105797,20087.00027593638
97820,19641.56684361254
78541,17168.314019667916
83979,23612.530361128105
92189,25545.336892574953
92421,30518.485353623157
104433,14930.668251610508
94419,23068.866270636685
81249,59389.67671488114
83181,13822.878670619475
101041,4676.709659166205
84544,7122.014480115947
82304,23830.343673952982
97216,22636.56699815661
106909,27125.59153960293
88158,6291.5892283630465
97244,27387.914641423507
85241,17868.959889743175
93235,26710.25931606242
84502,18378.304508218473
100273,9304.545974830471
99220,8193.443239766893
100249,7771.224438038974
98796,12446.916248650905
100226,9554.374499752983
76989,57430.876545530766
101824,13789.435910130522
104347,18089.349214129084
83602,12233.058651224113
105100,29351.955525173347
87507,8752.192328875808
105460,20089.289571731973
106962,18227.26633425182
76968,19192.337770121314
102530,10893.206935514316
80270,28968.38096335657
76134,14828.412807816265
81648,20365.57062812505
82846,10977.193954247943
107094,28983.529518715717
88963,11717.160952944583
85665,15918.688146464125
83962,10836.690664545982
96200,14297.402106874024
89390,7781.199542672069
86778,8065.140010401548
87626,11604.167902426836
76994,14767.599423521484
95430,14136.252935781662
99912,9676.470623098914
79916,33825.74802128603
77558,35248.17866584898
102504,4704.194433963073
79125,18865.66399553331
90514,15622.625192811722
84199,12388.382313322287
88179,13026.557443073425
93132,27985.813114984594
103105,15247.343244415897
91760,28533.389391318204
102027,15190.38024022731
99456,10152.120405314608
97843,8973.134585809072
98592,21576.620447375837
101912,9477.712099301776
99398,8466.067820764521
78585,17564.921789101947
99870,12375.074678171317
86989,17623.391236021587
86206,8835.608525295498
84406,10238.585578964616
86226,5282.595453865975
86528,12368.285821336285
84765,13836.858201312694
86600,9839.79150787525
97750,30401.50329035414
90475,8613.819239721228
103437,7729.52595834845
106713,16920.282451078725
84811,16547.975542665226
79863,30279.153926546973
79529,16178.32352943488
87367,11057.880041771994
93885,26068.87413750206
107524,12545.746950628376
77240,25804.871357430537
100091,11499.551660070132
77872,20047.891901388473
97015,25481.163948524718
78978,18672.150594999086
95091,22216.69683223266
107650,17149.099113621418
76162,31374.67489224595
102355,13770.228756623257
101524,10329.201047285695
78720,34369.94899475209
108192,28924.64529777213
94404,16215.11340723779
100206,11491.827092591158
94915,29918.07104702374
101631,7362.114623328813
84639,11690.271682623747
108277,21451.73753435875
103453,12366.767007314109
105392,19256.212763239662
82369,10944.807223472666
104666,9631.540037175755
95742,28824.840880396074
96912,12396.62355314957
93541,26396.20510390045
82393,18708.542835088036
81024,12113.088910927769
81284,19779.057919784573
78406,19394.26235612459
99306,8037.86545919842
108130,7646.752272857023
106160,18636.358433947527
102940,14783.660874325078
76742,21179.109300127824
108025,13645.86462591379
77658,21841.485809814418
84295,10968.122286104159
91996,14925.174525138767
103468,11261.060020376988
87336,10695.241142626843
103993,24391.432935219844
90396,7481.965612073561
97935,9913.495326039816
80399,33566.50438489775
105883,10636.187195159137
92823,24470.01142887305
82238,20011.378276303927
98091,17965.510513362708
87257,11933.352966736924
87937,10033.596532159876
97548,15118.61544174241
105775,17421.52995256192
81363,35580.124288644794
76833,34234.235731449735
91768,21427.59651884039
99627,11140.565815049225
