;mean_fit_time;std_fit_time;mean_score_time;std_score_time;param_scaler__scaler;param_regressor__regressor__weights;param_regressor__regressor__p;param_regressor__regressor__n_neighbors;param_regressor__regressor__metric;param_regressor__regressor__algorithm;param_feature_selection__spearman_thr;param_feature_selection__rfe_k;params;split0_test_R2;split1_test_R2;split2_test_R2;split3_test_R2;split4_test_R2;mean_test_R2;std_test_R2;rank_test_R2;split0_train_R2;split1_train_R2;split2_train_R2;split3_train_R2;split4_train_R2;mean_train_R2;std_train_R2;split0_test_MAE;split1_test_MAE;split2_test_MAE;split3_test_MAE;split4_test_MAE;mean_test_MAE;std_test_MAE;rank_test_MAE;split0_train_MAE;split1_train_MAE;split2_train_MAE;split3_train_MAE;split4_train_MAE;mean_train_MAE;std_train_MAE;split0_test_MAPE;split1_test_MAPE;split2_test_MAPE;split3_test_MAPE;split4_test_MAPE;mean_test_MAPE;std_test_MAPE;rank_test_MAPE;split0_train_MAPE;split1_train_MAPE;split2_train_MAPE;split3_train_MAPE;split4_train_MAPE;mean_train_MAPE;std_train_MAPE;split0_test_MedAE;split1_test_MedAE;split2_test_MedAE;split3_test_MedAE;split4_test_MedAE;mean_test_MedAE;std_test_MedAE;rank_test_MedAE;split0_train_MedAE;split1_train_MedAE;split2_train_MedAE;split3_train_MedAE;split4_train_MedAE;mean_train_MedAE;std_train_MedAE;split0_test_RMSE;split1_test_RMSE;split2_test_RMSE;split3_test_RMSE;split4_test_RMSE;mean_test_RMSE;std_test_RMSE;rank_test_RMSE;split0_train_RMSE;split1_train_RMSE;split2_train_RMSE;split3_train_RMSE;split4_train_RMSE;mean_train_RMSE;std_train_RMSE;overfit_mae;overfit_R2;Model;Use_Log;Execution_Time_s;param_regressor__regressor__validation_fraction;param_regressor__regressor__subsample;param_regressor__regressor__n_iter_no_change;param_regressor__regressor__n_estimators;param_regressor__regressor__min_samples_split;param_regressor__regressor__min_samples_leaf;param_regressor__regressor__min_impurity_decrease;param_regressor__regressor__max_leaf_nodes;param_regressor__regressor__max_features;param_regressor__regressor__max_depth;param_regressor__regressor__loss;param_regressor__regressor__learning_rate;param_regressor__regressor__criterion;param_regressor__n_estimators;param_regressor__min_samples_split;param_regressor__min_samples_leaf;param_regressor__min_impurity_decrease;param_regressor__max_samples;param_regressor__max_features;param_regressor__max_depth;param_regressor__criterion;param_regressor__ccp_alpha;param_regressor__bootstrap;param_regressor__regressor__solver;param_regressor__regressor__max_iter;param_regressor__regressor__learning_rate_init;param_regressor__regressor__hidden_layer_sizes;param_regressor__regressor__batch_size;param_regressor__regressor__alpha;param_regressor__regressor__activation;param_regressor__solver;param_regressor__max_iter;param_regressor__learning_rate_init;param_regressor__hidden_layer_sizes;param_regressor__activation;param_regressor__fit_intercept;param_regressor__epsilon;param_regressor__alpha;param_regressor__max_leaf_nodes;mean_train_MAE_pos;mean_test_MAE_pos
51;121.22678298950196;1.3132164971286244;7.242850208282471;0.08983254344863544;RobustScaler();;;;;;0.2;11;{'scaler__scaler': RobustScaler(), 'regressor__regressor__validation_fraction': 0.2, 'regressor__regressor__subsample': 0.75, 'regressor__regressor__n_iter_no_change': None, 'regressor__regressor__n_estimators': 900, 'regressor__regressor__min_samples_split': 5, 'regressor__regressor__min_samples_leaf': 4, 'regressor__regressor__min_impurity_decrease': 0.0, 'regressor__regressor__max_leaf_nodes': 30, 'regressor__regressor__max_features': 0.4, 'regressor__regressor__max_depth': 8, 'regressor__regressor__loss': 'huber', 'regressor__regressor__learning_rate': 0.04, 'regressor__regressor__criterion': 'squared_error', 'feature_selection__spearman_thr': 0.2, 'feature_selection__rfe_k': 11};0.9482264899953318;0.9382512037028303;0.9213314127969693;0.9457169280692403;0.9466816589388349;0.9400415387006413;0.009965628727731896;1;0.9500382283913948;0.948723261462213;0.9490724499078886;0.9499392885525829;0.9497070839124173;0.9494960624452993;0.0005121703420110923;-1336.494261546753;-1353.7900137434985;-1389.6087569560002;-1329.6122068110528;-1324.41021352785;-1346.7830905170308;23.598218376141663;1;-1254.2605337274244;-1257.6963733514535;-1280.8087977110379;-1257.0581588439625;-1261.8810783516037;-1262.3409883970965;9.550350598636145;-0.0831449263077825;-0.08328034401908602;-0.08356493445949786;-0.08391547517182245;-0.08252714915353217;-0.0832865658223442;0.00046256463500846313;1;-0.07744977050449116;-0.07732536244548452;-0.07959101050084329;-0.07733140291673922;-0.07777860319421687;-0.07789522991235501;0.0008637543042456291;-864.3245069872628;-864.4901491383644;-861.7024596655756;-850.7480026112444;-847.2007141456002;-857.6931665096093;7.274268886737612;1;-807.3740360305392;-807.9934579913461;-831.8489319220153;-814.6552370244281;-816.398582443624;-815.6540490823905;8.843861799522998;-2171.541110453375;-2417.021821252578;-2817.9825389432795;-2293.5380961947435;-2196.1299850258456;-2379.242710373964;235.7691260862659;1;-2187.041270541412;-2205.420332259199;-2179.412327238962;-2172.512811821225;-2196.040118900236;-2188.085372152207;11.684137360020864;6.689325855382214;-0.9957412272262706;GradientBoosting;True;5274.752969026566;0.2;0.75;;900.0;5.0;4.0;0.0;30;0.4;8.0;huber;0.04;squared_error;;;;;;;;;;;;;;;;;;;;;;;;;;;1262.3409883970965;1346.7830905170308
104;81.66445183753967;2.0932117657251075;8.409782886505127;0.07985908561331102;MinMaxScaler(feature_range=(-1, 1));;;;;;0.2;14;{'scaler__scaler': MinMaxScaler(feature_range=(-1, 1)), 'regressor__n_estimators': 400, 'regressor__min_samples_split': 25, 'regressor__min_samples_leaf': 2, 'regressor__min_impurity_decrease': 0.001, 'regressor__max_samples': 0.8, 'regressor__max_features': 0.5, 'regressor__max_depth': 19, 'regressor__criterion': 'squared_error', 'regressor__ccp_alpha': 5e-05, 'regressor__bootstrap': True, 'feature_selection__spearman_thr': 0.2, 'feature_selection__rfe_k': 14};0.9467706866294766;0.9315901642328597;0.9144227812149085;0.9370886822586533;0.9439565364180833;0.9347657701507963;0.011470883110663336;1;0.9510615793525105;0.9520124868305141;0.9526042346237025;0.9506394797848375;0.9510359097213708;0.9514707380625872;0.0007246768993550852;-1351.8935292914543;-1362.5381538460535;-1384.78123944061;-1352.726029634629;-1326.7371869670576;-1355.735227835961;18.733130481542904;1;-1192.053804161946;-1182.1627688534793;-1194.0266250815348;-1185.5407472769784;-1193.7761072557882;-1189.5120105259452;4.791811042766958;-0.08674572228260902;-0.08647139883325008;-0.08449250870769892;-0.08651826301966124;-0.0846073353707421;-0.08576704564279228;0.0009987613572377376;1;-0.07525305852887416;-0.07461279045408646;-0.07604045570459551;-0.07453731077497043;-0.07541393836389008;-0.07517151076528333;0.0005540513513612194;-853.2112901915752;-853.9185959316064;-846.0327204876958;-841.7154867652466;-839.1048383497064;-846.796586345166;5.957104954613605;1;-755.2167162052046;-749.8445397202759;-757.0136063735035;-754.1568165502285;-756.1441208252536;-754.4751599348932;2.502919597584659;-2201.859904285985;-2544.0497341387377;-2939.115860463955;-2469.0969378231903;-2251.5531910370587;-2481.1351255497852;262.50791734982596;1;-2164.5271538784746;-2133.51302841934;-2102.4843955322913;-2157.2660143610465;-2166.834321914044;-2144.924982821039;24.281686357454507;13.974068007646249;-1.755699596795381;RandomForest;False;5327.5425760746;;;;;;;;;;;;;;400.0;25.0;2.0;0.001;0.8;0.5;19;squared_error;5,00E-05;True;;;;;;;;;;;;;;;;;1189.5120105259452;1355.735227835961
15;29.391762733459473;0.4299602910604109;9.078359413146973;0.2231844851214173;RobustScaler();distance;3.0;11.0;manhattan;kd_tree;0.25;11;{'scaler__scaler': RobustScaler(), 'regressor__regressor__weights': 'distance', 'regressor__regressor__p': 3, 'regressor__regressor__n_neighbors': 11, 'regressor__regressor__metric': 'manhattan', 'regressor__regressor__algorithm': 'kd_tree', 'feature_selection__spearman_thr': 0.25, 'feature_selection__rfe_k': 11};0.9410256081479937;0.9350130581011615;0.905699386383909;0.9454453557106255;0.9432103184952786;0.9340787453677937;0.01460893779557729;1;0.9988427851704378;0.9989315638776173;0.9988991566512784;0.99893299426973;0.9988497801629936;0.9988912560264115;3.8726979800942665e-05;-1355.8154596519066;-1367.2720642781026;-1409.4749154322185;-1337.636520822801;-1315.5978114964746;-1357.1593543363006;31.462656466652636;1;-51.63895934715847;-50.72833569280259;-48.77064942226851;-50.063416416676866;-52.0882872624095;-50.65792962826318;1.1771636946092339;-0.08516097137706985;-0.08569314469570859;-0.0849407950409656;-0.08580995561000765;-0.08384081659911671;-0.0850891366645737;0.000702833423053938;1;-0.0043961052707650545;-0.004256108692769043;-0.004396570347828794;-0.004271810121292339;-0.004428595568601192;-0.004349838000251285;7.12753255751557e-05;-838.8801204966294;-843.4878642786025;-821.2756057870192;-820.0802248902874;-801.3214234768757;-825.0090477858828;15.054625513895173;1;-7.275957614183426e-12;-7.275957614183426e-12;-7.275957614183426e-12;-7.275957614183426e-12;-7.275957614183426e-12;-7.275957614183426e-12;0.0;-2317.640047332608;-2479.58713071341;-3085.2821156443397;-2299.268100444235;-2266.4933229816784;-2489.654143423254;306.76064689994075;1;-332.8473156594222;-318.35044285606034;-320.4245419101925;-317.1737328394503;-332.10643269009176;-324.1804931910434;6.85748753113251;2579.065971103389;-6.48844509025356;KNN;True;9891.770384073257;;;;;;;;;;;;;;;;;;;;;;;;;;;;;;;;;;;;;;;;50.65792962826318;1357.1593543363006
102;67.47912821769714;1.4367549868733536;8.040967798233032;0.07416397409207368;MinMaxScaler();;;;;;0.2;14;{'scaler__scaler': MinMaxScaler(), 'regressor__n_estimators': 300, 'regressor__min_samples_split': 24, 'regressor__min_samples_leaf': 3, 'regressor__min_impurity_decrease': 0.0005, 'regressor__max_samples': 0.8, 'regressor__max_features': 0.5, 'regressor__max_depth': 19, 'regressor__criterion': 'squared_error', 'regressor__ccp_alpha': 0.0001, 'regressor__bootstrap': True, 'feature_selection__spearman_thr': 0.2, 'feature_selection__rfe_k': 14};0.9457605292339565;0.929044924784967;0.9128437693618827;0.9353911889836655;0.9432568421738723;0.9332594509076688;0.011792636533804317;5;0.9481819286427753;0.9495154865044628;0.9509522088623314;0.9488218227721433;0.9483294181281577;0.9491601729819742;0.0010098749204290576;-1358.197388979845;-1373.9038121374235;-1390.882294114585;-1357.2017425468866;-1330.988294624105;-1362.2347064805692;19.873707336793654;2;-1203.193998555334;-1200.596623076132;-1204.2146487321106;-1195.8044645363552;-1205.174646182119;-1201.7968762164103;3.363227915347034;-0.087023656242857;-0.0871090065927112;-0.08468393487970975;-0.08670300915520711;-0.08470779451399989;-0.086045480276897;0.0011102675118620988;2;-0.07576969164992602;-0.07574743174882252;-0.07658442100849634;-0.0750517522083919;-0.07599370406146642;-0.07582940013542064;0.0004923560737815084;-854.9690909038345;-861.2145270422552;-847.2055076808283;-843.9079514869318;-837.7102026293223;-849.0014559486344;8.2635753992961;2;-758.9758964222383;-757.099229250688;-761.7637050021092;-757.1870147621721;-759.6851102534274;-758.9421911381271;1.7315402375897702;-2222.6545693511616;-2590.944174718425;-2966.107193154593;-2502.186198468416;-2265.564745738957;-2509.4913762863102;267.19336934609726;5;-2227.299840449297;-2188.317154282543;-2138.812618136007;-2196.6266311335776;-2225.9148003903692;-2195.3942088783588;32.25695524839794;13.34982919653292;-1.6752411791942465;RandomForest;False;5327.5425760746;;;;;;;;;;;;;;300.0;24.0;3.0;0.0005;0.8;0.5;19;squared_error;0.0001;True;;;;;;;;;;;;;;;;;1201.7968762164103;1362.2347064805692
112;64.80503830909728;1.5227369064813716;8.095535135269165;0.1536158054338211;MinMaxScaler();;;;;;0.25;12;{'scaler__scaler': MinMaxScaler(), 'regressor__n_estimators': 300, 'regressor__min_samples_split': 26, 'regressor__min_samples_leaf': 2, 'regressor__min_impurity_decrease': 0.0005, 'regressor__max_samples': 0.8, 'regressor__max_features': 0.5, 'regressor__max_depth': 18, 'regressor__criterion': 'squared_error', 'regressor__ccp_alpha': 0.0001, 'regressor__bootstrap': True, 'feature_selection__spearman_thr': 0.25, 'feature_selection__rfe_k': 12};0.9458999783018583;0.9310474008687487;0.9132361997793735;0.9364355372327784;0.9434153329152025;0.9340068898195923;0.011627921766033073;2;0.9496839285375654;0.9504221985255228;0.9505031986013084;0.9490959581236393;0.9500853793748536;0.9499581326325778;0.0005190719730957674;-1360.767807120296;-1370.1889104008674;-1406.0615846327198;-1357.044063886011;-1332.9569776982644;-1365.4038687476318;23.74921736867172;3;-1210.406142513148;-1204.1275011940977;-1225.976093081741;-1200.2297063878223;-1211.2603450215468;-1210.3999576396711;8.78787824672835;-0.0872899070160991;-0.08696638630939425;-0.08601475214781384;-0.08683566972074122;-0.08488740801055975;-0.08639882464092163;0.000864740375041021;3;-0.07626715008309631;-0.07604487565680346;-0.0781329062554453;-0.07534353119416357;-0.0764288379044808;-0.07644346021879789;0.0009224142777585425;-859.322968390521;-858.2150418415986;-864.5626460232415;-846.8541681273864;-838.1534221330312;-853.4216493031557;9.57261256740372;4;-767.0170022353195;-763.2163163525458;-784.7981927652177;-762.370036888291;-766.601297506535;-768.8005691495819;8.20338335700358;-2219.7955206019847;-2554.1220354314933;-2959.422049233198;-2481.8809194986957;-2262.3985303465497;-2495.5238110223845;264.2706727718636;2;-2194.7821842221383;-2168.5768093338443;-2148.58024378765;-2190.7356284001207;-2187.7653937813175;-2178.0880519050143;17.282827696594612;12.806007644797393;-1.6791521926108939;RandomForest;False;5327.5425760746;;;;;;;;;;;;;;300.0;26.0;2.0;0.0005;0.8;0.5;18;squared_error;0.0001;True;;;;;;;;;;;;;;;;;1210.3999576396711;1365.4038687476318
83;71.58709149360656;0.7011836032383276;9.28986930847168;0.19655071506540484;MinMaxScaler(feature_range=(-1, 1));;;;;;0.2;11;{'scaler__scaler': MinMaxScaler(feature_range=(-1, 1)), 'regressor__n_estimators': 300, 'regressor__min_samples_split': 25, 'regressor__min_samples_leaf': 2, 'regressor__min_impurity_decrease': 0.001, 'regressor__max_samples': 0.75, 'regressor__max_features': 0.5, 'regressor__max_depth': 18, 'regressor__criterion': 'squared_error', 'regressor__ccp_alpha': 5e-05, 'regressor__bootstrap': True, 'feature_selection__spearman_thr': 0.2, 'feature_selection__rfe_k': 11};0.9461853590106435;0.9309952274362662;0.9135052059609059;0.9359662377645529;0.9430414637336909;0.9339386987812119;0.01151645417027483;3;0.9493178832107714;0.9501697167314509;0.9503765945071976;0.9482148939182233;0.9496173728795451;0.9495392922494377;0.0007625824001766511;-1361.5137598822498;-1370.6856778230792;-1414.4114883752895;-1363.677028434782;-1333.9864648670334;-1368.8548838764868;25.981781896659736;4;-1211.3026153623327;-1207.0299758292472;-1234.0281372328848;-1211.383486090065;-1213.3980080506708;-1215.4284445130402;9.528795018861896;-0.08735625686385146;-0.08707406758403972;-0.08677953967204038;-0.08737971771667052;-0.08488848462436634;-0.08669561329219369;0.0009295627039308138;6;-0.07637443116609206;-0.07622300010493535;-0.07883103915995368;-0.07607372967647558;-0.07656985855569938;-0.0768144117326312;0.0010216215500461615;-855.9898326234525;-860.9937592065571;-875.721267969031;-848.9162375302967;-841.5662931626184;-856.6374780983912;11.578824092799405;7;-768.5458746713757;-767.3742114239403;-791.3127357666276;-768.2968987290114;-768.1906561074757;-772.7440753396861;9.292647457930272;-2213.9330049351433;-2555.0881492348553;-2954.830728606355;-2491.02599366539;-2269.8603442588255;-2496.947644140114;262.5788380997331;3;-2202.7511480203048;-2174.0916852297837;-2151.3263336925697;-2209.6132866102535;-2197.9978623176835;-2187.1560631741186;21.538457002687217;12.623239159497931;-1.642964498211366;RandomForest;False;5327.5425760746;;;;;;;;;;;;;;300.0;25.0;2.0;0.001;0.75;0.5;18;squared_error;5,00E-05;True;;;;;;;;;;;;;;;;;1215.4284445130402;1368.8548838764868
110;63.40646796226501;1.508731296751933;7.9573736667633055;0.0558843729553724;RobustScaler();;;;;;0.2;12;{'scaler__scaler': RobustScaler(), 'regressor__n_estimators': 300, 'regressor__min_samples_split': 25, 'regressor__min_samples_leaf': 2, 'regressor__min_impurity_decrease': 0.001, 'regressor__max_samples': 0.75, 'regressor__max_features': 0.5, 'regressor__max_depth': 18, 'regressor__criterion': 'squared_error', 'regressor__ccp_alpha': 0.0001, 'regressor__bootstrap': True, 'feature_selection__spearman_thr': 0.2, 'feature_selection__rfe_k': 12};0.9455400305267864;0.9309830774706112;0.9128520188675587;0.9349204209462914;0.9431072220088883;0.9334805539640272;0.01159267681427977;4;0.9487544264851302;0.9499624584166754;0.9504798954034245;0.9483010162464544;0.9486510481733743;0.9492297689450118;0.000839416438328294;-1367.3598356616828;-1375.4599953233715;-1402.211284363885;-1367.6636885785617;-1338.6206126716809;-1370.2630833198364;20.318105684479328;5;-1220.44631157031;-1213.9099448427676;-1222.3672446145163;-1210.39031715817;-1221.072135754574;-1217.6371907880675;4.657745279375301;-0.08765220790774289;-0.0873969182078413;-0.08561652726187534;-0.08748227977127918;-0.08531078606352403;-0.08669174384245255;0.001010726891243385;5;-0.07685566067502882;-0.07669281643223291;-0.07777631391999816;-0.07604652869200766;-0.07714536469515301;-0.07690333688288412;0.0005659290637758259;-862.027435501197;-857.9047242469514;-855.0421528906227;-850.9412719954407;-842.5585533222365;-853.6948275912897;6.641830213259465;6;-771.0777281076253;-770.8979834979114;-775.6924617697405;-767.8789654685206;-773.6313796792801;-771.8357037046155;2.6536261469756273;-2227.1678451174826;-2555.3130819873527;-2965.966815943569;-2511.2856640523064;-2268.54969605408;-2505.656620630958;263.87823629936327;4;-2214.96180975295;-2178.608326309243;-2149.085962313289;-2207.775149736665;-2218.97624252936;-2193.8814981283017;26.48421830498261;12.534595172227597;-1.6591572974463806;RandomForest;False;5327.5425760746;;;;;;;;;;;;;;300.0;25.0;2.0;0.001;0.75;0.5;18;squared_error;0.0001;True;;;;;;;;;;;;;;;;;1217.6371907880675;1370.2630833198364
82;74.75763926506042;1.5467033758510107;9.668258714675904;0.33936583483623317;StandardScaler();;;;;;0.25;12;{'scaler__scaler': StandardScaler(), 'regressor__n_estimators': 300, 'regressor__min_samples_split': 25, 'regressor__min_samples_leaf': 3, 'regressor__min_impurity_decrease': 0.0005, 'regressor__max_samples': 0.8, 'regressor__max_features': 0.5, 'regressor__max_depth': 20, 'regressor__criterion': 'squared_error', 'regressor__ccp_alpha': 0.0001, 'regressor__bootstrap': True, 'feature_selection__spearman_thr': 0.25, 'feature_selection__rfe_k': 12};0.9446389830687868;0.9283465193745563;0.9119791453904234;0.9340595406590071;0.9429546051125235;0.9323957587210593;0.011810066799661508;8;0.946433127498418;0.9481800435308705;0.9494804722843201;0.9474268091736704;0.9475921220464654;0.947822514906749;0.001001669671158935;-1369.7012055369682;-1376.4126302594782;-1402.9340408877317;-1367.9445688548487;-1338.1956375964621;-1371.0376166270976;20.66988716918688;6;-1221.868687653114;-1214.0467577609465;-1222.1920099808212;-1209.8075856499986;-1219.5006998372965;-1217.4831481764354;4.8207860330750565;-0.08769841732709809;-0.0873886741516824;-0.08544123264961793;-0.08740584916842875;-0.08529838851129644;-0.08664651236162473;0.0010491937538105723;4;-0.07695966735769717;-0.07672432497911051;-0.07765113566118172;-0.07598942549382166;-0.07703789049536851;-0.07687248879743591;0.0005372154273138966;-858.5525968745533;-853.5370079309614;-854.2518973902679;-851.3075464829099;-845.5522587574142;-852.6402614872213;4.2514267294901735;3;-769.2547063671645;-765.8666186926766;-771.1012879050095;-765.4035417040177;-768.4481183027747;-768.0148545943287;2.130018447863386;-2245.5166551088896;-2603.6641840997263;-2980.783357660739;-2527.8408856341343;-2271.590390767733;-2525.8790946542445;266.92999070822935;8;-2264.5723951729265;-2217.0714988555187;-2170.664240082708;-2226.3631536866114;-2241.73952223491;-2224.0821620065353;31.173925179948082;12.6124512426031;-1.6275996764233254;RandomForest;False;5327.5425760746;;;;;;;;;;;;;;300.0;25.0;3.0;0.0005;0.8;0.5;20;squared_error;0.0001;True;;;;;;;;;;;;;;;;;1217.4831481764354;1371.0376166270976
89;84.82080993652343;2.2321531097509326;9.250026416778564;0.7818273140305924;MinMaxScaler(feature_range=(-1, 1));;;;;;0.2;10;{'scaler__scaler': MinMaxScaler(feature_range=(-1, 1)), 'regressor__n_estimators': 400, 'regressor__min_samples_split': 26, 'regressor__min_samples_leaf': 2, 'regressor__min_impurity_decrease': 0.0005, 'regressor__max_samples': 0.75, 'regressor__max_features': 0.5, 'regressor__max_depth': 19, 'regressor__criterion': 'squared_error', 'regressor__ccp_alpha': 5e-05, 'regressor__bootstrap': True, 'feature_selection__spearman_thr': 0.2, 'feature_selection__rfe_k': 10};0.9456305510763094;0.930464553852536;0.911252263086986;0.9354358248031684;0.9433762183213681;0.9332318822280736;0.012265836056148519;6;0.9496440622589433;0.9502464283682112;0.9493770188921282;0.9482882251761495;0.9496143785948272;0.9494340226580519;0.0006407416382030106;-1363.3341695152358;-1374.073032884372;-1422.1482880939593;-1364.4244411399106;-1333.7169792612135;-1371.539382178938;28.692029580107203;7;-1208.2046120388845;-1203.8310417771668;-1244.2423933074067;-1208.42731600809;-1209.49331267859;-1214.8397351620276;14.82859297231108;-0.08731486456743007;-0.08712433144589693;-0.08708580200749826;-0.08721069261812175;-0.0849046470923712;-0.08672806754626364;0.0009151086141673654;7;-0.07609728527478109;-0.07592186258516723;-0.07955701448598444;-0.07583971205578442;-0.07628057396300143;-0.07673928967294372;0.0014170102190851099;-857.6637001527379;-866.3461322487328;-881.952806569434;-847.5536608438911;-834.719526530705;-857.6471652691001;16.087211993603376;8;-763.8227431186829;-760.9039413328264;-795.9117067506745;-763.6349675599167;-763.4468036185172;-769.5440324761236;13.22672916068698;-2225.3161336402645;-2564.8941439992414;-2993.0658099958923;-2501.3217155399584;-2263.180345603338;-2509.5556297557387;275.1018410301944;6;-2195.6514936782714;-2172.417579072437;-2172.8856358715766;-2208.048250468923;-2198.0631758394543;-2189.413226986132;14.303950522479678;12.898791707369595;-1.7065051434135947;RandomForest;False;5327.5425760746;;;;;;;;;;;;;;400.0;26.0;2.0;0.0005;0.75;0.5;19;squared_error;5,00E-05;True;;;;;;;;;;;;;;;;;1214.8397351620276;1371.539382178938
90;67.23023548126221;2.8810041046618347;7.987325382232666;0.05251979821850152;RobustScaler();;;;;;0.25;11;{'scaler__scaler': RobustScaler(), 'regressor__n_estimators': 300, 'regressor__min_samples_split': 24, 'regressor__min_samples_leaf': 3, 'regressor__min_impurity_decrease': 0.0005, 'regressor__max_samples': 0.8, 'regressor__max_features': 0.5, 'regressor__max_depth': 18, 'regressor__criterion': 'squared_error', 'regressor__ccp_alpha': 0.0001, 'regressor__bootstrap': True, 'feature_selection__spearman_thr': 0.25, 'feature_selection__rfe_k': 11};0.945332367329919;0.9289162649765506;0.9122784070682887;0.933937271468789;0.943099818740051;0.9327128259167197;0.01183740732548223;7;0.9477793611607528;0.9489779903269632;0.9494514113246467;0.9468409076542458;0.9479628976741877;0.9482025136281592;0.0009221230081660748;-1366.2862173503336;-1376.7177465459436;-1413.7951728275614;-1367.2025920547912;-1337.2080730989758;-1372.241960375521;24.637132514509354;8;-1215.4760053806604;-1211.5701605760028;-1232.5661084583974;-1217.7168226700749;-1216.427508546922;-1218.7513211264115;7.205767149635995;-0.08753674333668174;-0.08716491781256058;-0.0863003603756888;-0.08753902212793876;-0.08510725537229456;-0.08672965980503289;0.0009286974613209058;8;-0.07650776878373412;-0.07638955389813944;-0.07847268407896388;-0.07652863561350762;-0.07663617248316401;-0.07690696297150182;0.0007867667778291795;-862.3621436170324;-854.465724399055;-861.5523817306621;-852.1716424483284;-837.2850433473022;-853.567387108476;9.044088816040519;5;-766.0085267715308;-764.8949510009361;-780.5375723641082;-770.5063810071169;-766.8526846700424;-769.7600231627468;5.708027439382389;-2231.410050385791;-2593.2921350614442;-2975.7118678967677;-2530.1834073452515;-2268.6972906833093;-2519.8589502745126;268.173770768918;7;-2235.9348950899403;-2199.935548420689;-2171.288479061272;-2238.734624241003;-2233.795509346897;-2215.9378112319605;26.412537577923125;12.594090081252038;-1.6335843333899747;RandomForest;False;5327.5425760746;;;;;;;;;;;;;;300.0;24.0;3.0;0.0005;0.8;0.5;18;squared_error;0.0001;True;;;;;;;;;;;;;;;;;1218.7513211264115;1372.241960375521
103;73.55566835403442;1.8302353316932567;8.346816062927246;0.06860613675049633;StandardScaler();;;;;;0.25;12;{'scaler__scaler': StandardScaler(), 'regressor__n_estimators': 400, 'regressor__min_samples_split': 25, 'regressor__min_samples_leaf': 3, 'regressor__min_impurity_decrease': 0.001, 'regressor__max_samples': 0.75, 'regressor__max_features': 0.5, 'regressor__max_depth': 19, 'regressor__criterion': 'squared_error', 'regressor__ccp_alpha': 0.0001, 'regressor__bootstrap': True, 'feature_selection__spearman_thr': 0.25, 'feature_selection__rfe_k': 12};0.944188587477037;0.928011065154219;0.9114447243568967;0.9328592910104634;0.942440089716276;0.9317887515429785;0.011802570460919183;9;0.9457686688109999;0.9472369666233136;0.9483106642353489;0.9463470197307411;0.9460318717410534;0.9467390382282913;0.0009287971513455257;-1376.1105423332237;-1383.8470016256724;-1407.9596670176647;-1372.9246926244573;-1342.4541823279824;-1376.6592171858001;21.05048470819042;9;-1232.8964943385247;-1227.3144457028775;-1234.1553220799508;-1221.8861100467993;-1232.1743390363495;-1229.6853422409004;4.537322907064498;-0.08804760589604003;-0.08775210999102136;-0.0857889030257418;-0.08764721006300924;-0.08545643919771825;-0.08693845363470613;0.0010874212131153252;9;-0.07762091426753938;-0.0774148401545473;-0.0784345767561996;-0.07675424637453249;-0.07772684768461773;-0.0775902850474873;0.0005407693714544332;-866.9393641534389;-861.694811799236;-859.90640035871;-855.7984509719072;-847.4509909329818;-858.3580036432547;6.522051907236898;9;-777.3425207388727;-774.3874214857051;-777.748457317286;-771.9898875540957;-777.7623414768132;-775.8461257145545;2.3034034479667493;-2254.6324748185657;-2609.7517479838234;-2989.818617922503;-2550.743046081378;-2281.8115896281165;-2537.3514952868773;266.6001932512712;9;-2278.574307381207;-2237.154896062663;-2195.651892152897;-2249.110344071422;-2274.864529224935;-2247.0711937786245;30.03781395466088;11.952153115614433;-1.5791349127517242;RandomForest;False;5327.5425760746;;;;;;;;;;;;;;400.0;25.0;3.0;0.001;0.75;0.5;19;squared_error;0.0001;True;;;;;;;;;;;;;;;;;1229.6853422409004;1376.6592171858001
87;87.53004622459412;0.9347481976076162;9.755294561386108;0.2797777662062687;MinMaxScaler();;;;;;0.3;12;{'scaler__scaler': MinMaxScaler(), 'regressor__n_estimators': 400, 'regressor__min_samples_split': 26, 'regressor__min_samples_leaf': 3, 'regressor__min_impurity_decrease': 0.001, 'regressor__max_samples': 0.75, 'regressor__max_features': 0.5, 'regressor__max_depth': 20, 'regressor__criterion': 'squared_error', 'regressor__ccp_alpha': 0.0001, 'regressor__bootstrap': True, 'feature_selection__spearman_thr': 0.3, 'feature_selection__rfe_k': 12};0.9436335744239196;0.9269676050358878;0.9102694123296621;0.931142287662059;0.9413934691300435;0.9306812697163144;0.011942873845068695;11;0.9451447565818785;0.9470799018561565;0.9471903696005365;0.9454254396907316;0.9451633668522057;0.9460007669163017;0.0009321674464626736;-1379.1565987808938;-1388.0156445131206;-1426.3193033398145;-1384.0912513188573;-1348.4256141764442;-1385.201682425826;24.85490865666551;10;-1229.9236038815845;-1225.494758745945;-1248.660308372702;-1228.5863343444923;-1233.5942530346845;-1233.2518516758819;8.130861609223325;-0.088091956508341;-0.08767396072274324;-0.08686654294916178;-0.08806394760677622;-0.0854739070742537;-0.08723406297225518;0.0009850299091297022;10;-0.07719112773999703;-0.07701956482483338;-0.07924333661289237;-0.0768683552638912;-0.07742128091480029;-0.07754873307128285;0.0008670339995909167;-868.9330454571427;-860.5750646928464;-867.5365534537414;-854.1540100125494;-844.8069319726401;-859.2011211177839;8.930212944566806;10;-769.4678331469995;-768.360111506433;-786.4414450133481;-769.4548514270791;-770.6154145826258;-772.8679311352971;6.824138437176509;-2265.815266799023;-2628.5975250384586;-3009.5937644428404;-2583.152492586209;-2302.4633970628493;-2557.924489185876;268.41178504509844;11;-2291.6439191582244;-2240.48219818669;-2219.3182001182613;-2268.3442258116443;-2293.0960811717714;-2262.5769248893184;28.875820448368156;12.321070553711923;-1.619395854183571;RandomForest;False;5327.5425760746;;;;;;;;;;;;;;400.0;26.0;3.0;0.001;0.75;0.5;20;squared_error;0.0001;True;;;;;;;;;;;;;;;;;1233.2518516758819;1385.201682425826
88;88.21101546287537;1.645735125004888;9.559282875061035;0.18349938236974406;MinMaxScaler(feature_range=(-1, 1));;;;;;0.3;14;{'scaler__scaler': MinMaxScaler(feature_range=(-1, 1)), 'regressor__n_estimators': 400, 'regressor__min_samples_split': 30, 'regressor__min_samples_leaf': 2, 'regressor__min_impurity_decrease': 0.001, 'regressor__max_samples': 0.8, 'regressor__max_features': 0.5, 'regressor__max_depth': 19, 'regressor__criterion': 'squared_error', 'regressor__ccp_alpha': 5e-05, 'regressor__bootstrap': True, 'feature_selection__spearman_thr': 0.3, 'feature_selection__rfe_k': 14};0.9437525943862829;0.9286348911673484;0.9113689441870466;0.9324505954835083;0.941535852957367;0.9315485756363107;0.011534335736009215;10;0.9471513075022978;0.9476835287880703;0.9479795551157043;0.9457600556898322;0.9470848644341385;0.9471318623060085;0.0007625430236838308;-1380.6367571572262;-1392.684677905093;-1426.7822310111928;-1385.7426177603145;-1349.4272981529307;-1387.0547163973515;24.773801853383034;11;-1232.5770053280196;-1234.0687456557562;-1250.1941890710766;-1236.446667712074;-1235.89219940519;-1237.8357614344231;6.329023179681193;-0.08819419055582459;-0.08824659362657938;-0.08701969398574337;-0.08814212475790055;-0.08559894364825886;-0.08744030931486135;0.001027474671816163;11;-0.07744955674835642;-0.07763499937201486;-0.0794622389602985;-0.07745671337920658;-0.07769738084176259;-0.07794017786032778;0.0007672289454934534;-866.9301153331489;-870.502390194164;-874.3208023421957;-855.9152109132765;-848.5404908505225;-863.2418019266615;9.579890721891354;11;-774.5797326319243;-777.7278744271553;-791.0158666439811;-781.9300923822047;-774.9899096610934;-780.0486951492718;6.0779203120510426;-2263.421822881926;-2598.4196359334787;-2991.0975960004157;-2558.4946447046577;-2299.6647933493264;-2542.219698573961;261.3334311440802;10;-2249.3404183653247;-2227.6676519398084;-2202.673068012425;-2261.3795218594723;-2252.562332807558;-2238.7245985969175;21.163142452550055;12.054826626596338;-1.6453133180164392;RandomForest;False;5327.5425760746;;;;;;;;;;;;;;400.0;30.0;2.0;0.001;0.8;0.5;19;squared_error;5,00E-05;True;;;;;;;;;;;;;;;;;1237.8357614344231;1387.0547163973515
106;59.8739296913147;0.9724768281324875;8.41883955001831;0.19037427352475128;MinMaxScaler();;;;;;0.2;12;{'scaler__scaler': MinMaxScaler(), 'regressor__n_estimators': 400, 'regressor__min_samples_split': 26, 'regressor__min_samples_leaf': 2, 'regressor__min_impurity_decrease': 0.0005, 'regressor__max_samples': 0.75, 'regressor__max_features': 'sqrt', 'regressor__max_depth': 19, 'regressor__criterion': 'squared_error', 'regressor__ccp_alpha': 5e-05, 'regressor__bootstrap': True, 'feature_selection__spearman_thr': 0.2, 'feature_selection__rfe_k': 12};0.9442098833217278;0.9274178842658043;0.9071375790878011;0.9314942316467962;0.9390753025637212;0.9298669761771702;0.012773282771461836;14;0.9440507291114877;0.9453035843925146;0.944977358857282;0.9425973795909278;0.9442272111653323;0.9442312526235088;0.0009390118309442418;-1382.370020698609;-1396.6076273114513;-1436.2219625380123;-1389.2638368429346;-1363.3424195078153;-1393.5611733797646;24.025427773005493;12;-1259.0953867491928;-1254.9134720421582;-1280.3394219460217;-1265.1677486770811;-1260.6735764888915;-1264.0379211806692;8.786563278860896;-0.08963961732166048;-0.08939334525334966;-0.08816944223256516;-0.09010928266699991;-0.08725832129469055;-0.08891400175385315;0.0010469604832733996;14;-0.0800565056106027;-0.07988307019717508;-0.08196953556169624;-0.08041046658251913;-0.08012774175390364;-0.08048946394117937;0.000759323621927509;-885.6626010587897;-873.8325908770603;-886.0724776618517;-866.8108439997113;-865.2682862914644;-875.5293599777755;8.922119532297739;14;-796.5918526020323;-796.9541120723734;-817.6873004941281;-806.9715239886955;-799.2948524350322;-803.4999283184522;8.019792882180106;-2254.2022860641405;-2620.481723252881;-3061.6646728395776;-2576.54256028111;-2347.5584704098674;-2572.089942569515;280.53946278905386;13;-2314.3832592962845;-2277.7738909195177;-2265.3417407630727;-2326.374863756828;-2312.586796142799;-2299.2921101757006;23.467544999384053;10.246785324139228;-1.5212667878158104;RandomForest;False;5327.5425760746;;;;;;;;;;;;;;400.0;26.0;2.0;0.0005;0.75;sqrt;19;squared_error;5,00E-05;True;;;;;;;;;;;;;;;;;1264.0379211806692;1393.5611733797646
115;74.93935523033142;1.838507655662416;8.559051370620727;0.5299175500276423;MinMaxScaler(feature_range=(-1, 1));;;;;;0.3;11;{'scaler__scaler': MinMaxScaler(feature_range=(-1, 1)), 'regressor__n_estimators': 400, 'regressor__min_samples_split': 30, 'regressor__min_samples_leaf': 3, 'regressor__min_impurity_decrease': 0.001, 'regressor__max_samples': 0.8, 'regressor__max_features': 0.5, 'regressor__max_depth': 19, 'regressor__criterion': 'squared_error', 'regressor__ccp_alpha': 0.0001, 'regressor__bootstrap': True, 'feature_selection__spearman_thr': 0.3, 'feature_selection__rfe_k': 11};0.9431183011034455;0.9262999864263823;0.9085478468641613;0.9307492595375519;0.9406599404755319;0.9298750668814147;0.012329578077330839;13;0.9441996376733961;0.9455232483380505;0.9446678257065283;0.9441320509562808;0.9439751434679405;0.9444995812284391;0.0005614766526773655;-1388.4135879817268;-1398.3533287846349;-1446.7771029859384;-1391.1386550161803;-1355.9561796869068;-1396.1277708910775;29.21802383680374;13;-1248.5080558182735;-1244.5431792631982;-1285.9282782513649;-1245.1549003140578;-1250.5028105191932;-1254.9274448332176;15.65358243064758;-0.08862640165593293;-0.08827688284518422;-0.08842153231665907;-0.08846036541551994;-0.08590850635864666;-0.08793873771838856;0.0010212002027406644;12;-0.07830718558292951;-0.07815282035056254;-0.08185740565915472;-0.07789859847005276;-0.0784555376410144;-0.07893430954074279;0.0014731205438949198;-874.2505510830943;-865.2945060287147;-892.036911070074;-856.4847281697271;-848.924601791784;-867.3982596286787;14.95877017014685;12;-781.7702152492584;-778.7020787152887;-819.1460080866855;-782.6444982561297;-781.5150428069446;-788.7555686228613;15.252652405389895;-2276.14817388733;-2640.584728037286;-3038.3275373834213;-2590.514100632744;-2316.8275895989027;-2572.4804259079365;273.915358080965;14;-2311.3013505282847;-2273.1954541152463;-2271.7047120584284;-2295.066119167925;-2317.8068262155803;-2293.814892417093;18.95772129990203;11.251672488254947;-1.5483875946248051;RandomForest;False;5327.5425760746;;;;;;;;;;;;;;400.0;30.0;3.0;0.001;0.8;0.5;19;squared_error;0.0001;True;;;;;;;;;;;;;;;;;1254.9274448332176;1396.1277708910775
80;72.91017136573791;1.7769111881007174;9.336677598953248;0.11652076923092747;MinMaxScaler(feature_range=(-1, 1));;;;;;0.2;12;{'scaler__scaler': MinMaxScaler(feature_range=(-1, 1)), 'regressor__n_estimators': 300, 'regressor__min_samples_split': 35, 'regressor__min_samples_leaf': 2, 'regressor__min_impurity_decrease': 0.001, 'regressor__max_samples': 0.75, 'regressor__max_features': 0.5, 'regressor__max_depth': 19, 'regressor__criterion': 'squared_error', 'regressor__ccp_alpha': 5e-05, 'regressor__bootstrap': True, 'feature_selection__spearman_thr': 0.2, 'feature_selection__rfe_k': 12};0.9433213530764604;0.9269532151900016;0.9091345888194742;0.9321334924154564;0.9398898946176528;0.9302865088238091;0.012033769967080598;12;0.943819841164706;0.9454738152477928;0.9451515391910708;0.9436630325234976;0.9438623045963189;0.9443941065446773;0.0007598076547075958;-1390.4241301780867;-1400.1143877720463;-1440.7354654901937;-1390.5607586521633;-1365.4853915811073;-1397.4640267347193;24.491999451382135;14;-1267.719610633695;-1256.5994376203832;-1285.2418919333677;-1259.3760052876894;-1270.6350348542724;-1267.9143960658816;10.085775443898287;-0.08910340792913687;-0.08879114155329536;-0.08804585182223347;-0.08881282149256758;-0.08686532877560833;-0.08832371031456832;0.0008086695409730121;13;-0.07983941958568518;-0.07918788296124273;-0.0818219684997969;-0.07906870002014224;-0.08019579694239568;-0.08002275360185254;0.0009907529289890377;-881.1813707752372;-879.6388447485961;-887.5274693204447;-862.8635019543599;-864.8190218163215;-875.2060417229919;9.668509176367483;13;-802.5123731616968;-793.5643966325033;-815.7508066544651;-798.34120401576;-803.6090063609299;-802.755557365071;7.397674890710855;-2272.0819312738963;-2628.8564734837228;-3028.5651491352546;-2564.4928958278865;-2331.8116735652325;-2565.1616246571984;268.01052733511744;12;-2319.15376864145;-2274.226587510254;-2261.7533020967994;-2304.679668427403;-2320.13978309567;-2295.9906219543154;23.837282324965003;10.21753764061735;-1.4938252603549802;RandomForest;False;5327.5425760746;;;;;;;;;;;;;;300.0;35.0;2.0;0.001;0.75;0.5;19;squared_error;5,00E-05;True;;;;;;;;;;;;;;;;;1267.9143960658816;1397.4640267347193
3;37.63986015319824;2.583640088492471;35.971910047531125;3.5325340528819456;MinMaxScaler(feature_range=(-1, 1));distance;1.5;18.0;manhattan;ball_tree;0.25;12;{'scaler__scaler': MinMaxScaler(feature_range=(-1, 1)), 'regressor__regressor__weights': 'distance', 'regressor__regressor__p': 1.5, 'regressor__regressor__n_neighbors': 18, 'regressor__regressor__metric': 'manhattan', 'regressor__regressor__algorithm': 'ball_tree', 'feature_selection__spearman_thr': 0.25, 'feature_selection__rfe_k': 12};0.9392233306021422;0.9242023500407996;0.8981283833286049;0.9335274658954725;0.9365750815090729;0.9263313222752185;0.014985734903215867;3;0.9989551221538626;0.9990715037264598;0.9990168185321733;0.9990835806224783;0.9989543879553399;0.9990162825980627;5.504585555624975e-05;-1395.1101860846013;-1405.8094910093287;-1457.338844517618;-1388.3124034602504;-1379.7551413437081;-1405.2652132831013;27.39797589909426;2;-45.72661410237303;-44.40731977182701;-42.90248922940524;-43.246153594111014;-46.154702347727806;-44.487455809088814;1.2941867197981445;-0.08831507511799445;-0.08754420364921728;-0.08766873004289924;-0.08746061521884009;-0.087395205279125;-0.08767676586161521;0.00033198598865073065;2;-0.003866257898930593;-0.0037379896766101144;-0.003909156128307992;-0.003749128533128361;-0.003882004522584174;-0.0038289073519122475;7.111247797376191e-05;-869.6769573503625;-868.6825057661281;-858.5672244158959;-850.98307150852;-841.5628812263594;-857.8945280534532;10.67847876168982;3;-7.275957614183426e-12;-7.275957614183426e-12;-7.275957614183426e-12;-7.275957614183426e-12;-7.275957614183426e-12;-7.275957614183426e-12;0.0;-2352.787474301293;-2677.8990039951523;-3206.743488326215;-2538.018992053291;-2395.243588589484;-2634.1385094530874;308.3049115837905;3;-316.2793402487757;-296.7708630074832;-302.8167211362384;-293.94154287631864;-316.6446464215253;-305.29062273806824;9.562153262162644;3058.7897930454474;-7.275653218966379;KNN;True;9891.770384073257;;;;;;;;;;;;;;;;;;;;;;;;;;;;;;;;;;;;;;;;44.487455809088814;1405.2652132831013
108;59.67511405944824;0.8476592555256712;8.271042203903198;0.0733853523343986;RobustScaler();;;;;;0.25;12;{'scaler__scaler': RobustScaler(), 'regressor__n_estimators': 400, 'regressor__min_samples_split': 24, 'regressor__min_samples_leaf': 4, 'regressor__min_impurity_decrease': 0.0005, 'regressor__max_samples': 0.8, 'regressor__max_features': 'sqrt', 'regressor__max_depth': 18, 'regressor__criterion': 'squared_error', 'regressor__ccp_alpha': 0.0001, 'regressor__bootstrap': True, 'feature_selection__spearman_thr': 0.25, 'feature_selection__rfe_k': 12};0.9419798416503931;0.9256421233944304;0.9054201743105558;0.9263622239599524;0.9382811176526881;0.9275370961936039;0.012791844071116023;17;0.9391848412603885;0.9422641032631379;0.9421368103351135;0.9389804804917241;0.9400842015422394;0.9405300873785206;0.0014140829217765688;-1399.4836331412891;-1410.7874065527049;-1440.0721055759484;-1416.8415376794812;-1374.0218571090356;-1408.2413080116917;21.639380448205703;15;-1288.9431908074837;-1278.2759809841377;-1290.0515312243408;-1295.0729367740778;-1284.6623736883305;-1287.4012026956739;5.639651195468186;-0.09038793883295358;-0.09037961077729402;-0.08815323763503637;-0.09151648772364535;-0.08808641737085557;-0.08970473846795697;0.0013587324052958785;16;-0.08169976424888176;-0.0814589584253052;-0.08238455804329434;-0.08221437655291952;-0.08175205428541678;-0.08190194231116352;0.000343543363371266;-885.9416248180896;-879.9977296801953;-879.1767465396842;-876.8328724411485;-863.6572733458306;-877.1212493649897;7.37102492557562;15;-808.8757417023062;-804.4303539741059;-817.7443715142754;-818.9751659950998;-805.8014157452508;-811.1654097862076;6.060544831278678;-2298.8133253709875;-2652.343774362442;-3089.8463028020947;-2671.3087193915044;-2362.809748090212;-2615.0243740034484;280.5773241189594;17;-2412.925904595478;-2340.2062498680934;-2323.080160018307;-2398.546979916903;-2396.9420626120586;-2374.3402714021686;35.7166270443221;9.386359517374395;-1.3814540714089474;RandomForest;False;5327.5425760746;;;;;;;;;;;;;;400.0;24.0;4.0;0.0005;0.8;sqrt;18;squared_error;0.0001;True;;;;;;;;;;;;;;;;;1287.4012026956739;1408.2413080116917
91;52.97936882972717;0.7854948443297918;8.059987831115723;0.056536501060396954;StandardScaler();;;;;;0.2;12;{'scaler__scaler': StandardScaler(), 'regressor__n_estimators': 300, 'regressor__min_samples_split': 24, 'regressor__min_samples_leaf': 4, 'regressor__min_impurity_decrease': 0.001, 'regressor__max_samples': 0.75, 'regressor__max_features': 'sqrt', 'regressor__max_depth': 20, 'regressor__criterion': 'squared_error', 'regressor__ccp_alpha': 0.0001, 'regressor__bootstrap': True, 'feature_selection__spearman_thr': 0.2, 'feature_selection__rfe_k': 12};0.9415502605039308;0.9241270769805704;0.9053583101992786;0.9249183835155131;0.9378597927300877;0.9267627647858762;0.012730383556148774;18;0.9385825869174874;0.9408844437566022;0.9414448859690008;0.9377462647462169;0.9397617630950148;0.9396839888968642;0.001379547780905215;-1402.5506828985747;-1412.2780712297977;-1442.542214140062;-1420.6666328907284;-1376.7630913368325;-1410.960138499199;21.603413896717136;16;-1293.1241518281981;-1282.2328317798076;-1294.1985443968372;-1299.655134773055;-1288.6836226561559;-1291.5788570868106;5.834509922058419;-0.09059688264813703;-0.09039135422258902;-0.08832413857107525;-0.09164764317759314;-0.08828833023206367;-0.08984966977029162;0.0013303746913902546;17;-0.0819428912118339;-0.08160739020814173;-0.08266022553070403;-0.08247100646463465;-0.08202696086496714;-0.08214169485605628;0.0003782825479837936;-885.2937444699637;-876.3032349476834;-885.807200131283;-877.2149833615349;-865.5669776696341;-878.0372281160198;7.378610433580671;16;-810.5416571057849;-803.1578611130208;-817.7971564357849;-819.0059196323491;-809.8573561932599;-812.0719900960399;5.789043553862033;-2307.307835864023;-2679.228356773989;-3090.8566628165563;-2697.370211118906;-2370.860910097435;-2629.1247953341817;279.510468824887;19;-2424.8441095410044;-2368.002013300264;-2336.9285065221447;-2422.6827373765364;-2403.3830121199344;-2391.168075771977;33.926541643079005;9.243050144197626;-1.375060580329441;RandomForest;False;5327.5425760746;;;;;;;;;;;;;;300.0;24.0;4.0;0.001;0.75;sqrt;20;squared_error;0.0001;True;;;;;;;;;;;;;;;;;1291.5788570868106;1410.960138499199
21;28.70550141334534;1.1640368308397202;8.517063522338868;0.09540228180263506;RobustScaler();distance;1.5;8.0;euclidean;kd_tree;0.2;12;{'scaler__scaler': RobustScaler(), 'regressor__regressor__weights': 'distance', 'regressor__regressor__p': 1.5, 'regressor__regressor__n_neighbors': 8, 'regressor__regressor__metric': 'euclidean', 'regressor__regressor__algorithm': 'kd_tree', 'feature_selection__spearman_thr': 0.2, 'feature_selection__rfe_k': 12};0.9318319242922236;0.9312692866084864;0.9036684885493111;0.9287525843731028;0.9401170464535008;0.927127866055325;0.01233677784587554;2;0.9989788762268086;0.9989369971291026;0.9989463136433563;0.9990838527482814;0.9988732765310042;0.9989638632557106;6.907763744413585e-05;-1432.8798768296317;-1410.3939266030668;-1440.8153794721813;-1421.2320010579942;-1356.9620155381485;-1412.4566399002044;29.60487054343678;3;-46.36970892257492;-50.42750485399539;-46.39646050597311;-44.66186629197908;-51.58348872535569;-47.88780585997564;2.6473971441513955;-0.08942846784032707;-0.08889566915791167;-0.08647760619366948;-0.08945431662083565;-0.08676095777451269;-0.0882034035174513;0.0013117792518909533;3;-0.004159613313548335;-0.004251418468637569;-0.004171908985133329;-0.004036716982265358;-0.004391902958327328;-0.0042023121415823836;0.00011706870442406363;-875.645054157947;-862.7823328744744;-839.2363893018319;-859.5723499613487;-841.3858917383086;-855.7244036067821;13.703290943416437;2;-7.275957614183426e-12;-7.275957614183426e-12;-7.275957614183426e-12;-7.275957614183426e-12;-7.275957614183426e-12;-7.275957614183426e-12;0.0;-2491.7517293785518;-2550.0092106749976;-3118.328109526075;-2627.5942795110846;-2327.4016276317416;-2623.01699134449;266.57201790943617;2;-312.6635519118285;-317.53996736526074;-313.48638884690854;-293.89789745623824;-328.6968418048806;-313.2569294770234;11.24199426759401;2849.5121242978635;-7.191050631828241;KNN;True;9891.770384073257;;;;;;;;;;;;;;;;;;;;;;;;;;;;;;;;;;;;;;;;47.88780585997564;1412.4566399002044
114;51.14713797569275;0.5292913986753928;8.147150659561158;0.19821380396536642;MinMaxScaler();;;;;;0.25;14;{'scaler__scaler': MinMaxScaler(), 'regressor__n_estimators': 300, 'regressor__min_samples_split': 24, 'regressor__min_samples_leaf': 3, 'regressor__min_impurity_decrease': 0.001, 'regressor__max_samples': 0.8, 'regressor__max_features': 'sqrt', 'regressor__max_depth': 20, 'regressor__criterion': 'squared_error', 'regressor__ccp_alpha': 0.0001, 'regressor__bootstrap': True, 'feature_selection__spearman_thr': 0.25, 'feature_selection__rfe_k': 14};0.9429125917973765;0.9221236100384584;0.9061761927943979;0.925201585023119;0.9373564387307324;0.9267540836768168;0.012812559843571375;19;0.9405660377505367;0.9411904032289425;0.9436182929857989;0.9389412188778192;0.9411065860406962;0.9410845077767588;0.0015029482529009752;-1396.4835774628973;-1425.2944210653366;-1435.118657286943;-1425.48658745945;-1380.610332602678;-1412.598715175461;20.5785338441433;17;-1278.8556286214778;-1281.0023170174288;-1281.5915995422652;-1293.1400786799827;-1280.0415396284598;-1282.9262326979228;5.190310561098471;-0.09080250503828335;-0.09128987815356503;-0.08819187237387936;-0.09196086703625066;-0.08877907081010261;-0.09020483868241622;0.0014630788557957524;20;-0.0817124299268858;-0.08148302086665318;-0.0822838317153106;-0.08223906733486823;-0.08165129237175482;-0.08187392844309453;0.0003255163366645739;-897.1165420059988;-892.6813364595037;-876.0919779971737;-882.5875893707853;-874.1700263954581;-884.5294944457839;9.024051772085008;18;-805.1157657907424;-809.3068278349692;-816.5172173395977;-822.7678747072132;-807.2409743397839;-812.1897320024613;6.534012078847388;-2280.2602372335887;-2714.371138317348;-3077.472269630311;-2692.278278840381;-2380.44387919943;-2628.9651606442117;281.3607327652031;18;-2385.3680922116187;-2361.8661281256764;-2293.148189583829;-2399.318500924218;-2376.4037348241404;-2363.2209291338963;37.092700632978435;10.10755561563692;-1.5227563498836627;RandomForest;False;5327.5425760746;;;;;;;;;;;;;;300.0;24.0;3.0;0.001;0.8;sqrt;20;squared_error;0.0001;True;;;;;;;;;;;;;;;;;1282.9262326979228;1412.598715175461
107;50.48325910568237;0.43963554505130376;7.960433769226074;0.05101928601237749;RobustScaler();;;;;;0.25;13;{'scaler__scaler': RobustScaler(), 'regressor__n_estimators': 300, 'regressor__min_samples_split': 26, 'regressor__min_samples_leaf': 4, 'regressor__min_impurity_decrease': 0.0005, 'regressor__max_samples': 0.75, 'regressor__max_features': 'sqrt', 'regressor__max_depth': 20, 'regressor__criterion': 'squared_error', 'regressor__ccp_alpha': 0.0001, 'regressor__bootstrap': True, 'feature_selection__spearman_thr': 0.25, 'feature_selection__rfe_k': 13};0.9407382526528811;0.9226108080016929;0.9041678725876585;0.9251031469175581;0.9359034751936838;0.925704711070695;0.012679051144425623;22;0.9364042764203578;0.9387363080362601;0.939932115399877;0.9372209260565528;0.9371782734001337;0.9378943798626362;0.001268697436943215;-1412.6817083831327;-1432.0734849703083;-1453.9837958033695;-1424.3451522029113;-1398.2510292902864;-1424.2670341300018;18.735447590000817;18;-1311.9982269796437;-1307.4082775084917;-1314.3661133773414;-1308.2976876010082;-1313.5929636449123;-1311.1326538222795;2.798771673815761;-0.09161947542764384;-0.09178401328109663;-0.08930186471829225;-0.09209513792205067;-0.08989068695386196;-0.09093823566058908;0.0011218661595664822;23;-0.08356772800103617;-0.0833719870588106;-0.08426965968953438;-0.08318929222411622;-0.08381878739636069;-0.08364349087397162;0.0003764484040178314;-901.7259919795179;-890.1518590297737;-892.1403961878359;-881.2798098334233;-880.6643709372174;-889.1924855935537;7.772239495352452;19;-825.9915219581185;-822.2595470853321;-830.2551389649643;-825.7144495151024;-824.8083809661148;-825.8058076979265;2.584964574055862;-2323.2795909557863;-2705.8672073459215;-3110.234876573437;-2694.049276496727;-2407.8918081823776;-2648.26455191085;276.4869503473718;22;-2467.4707895102283;-2410.642226904043;-2366.923271257131;-2432.8833719605454;-2454.3799542716756;-2426.459922780725;35.48941370385131;8.628751635306104;-1.2996845970786788;RandomForest;False;5327.5425760746;;;;;;;;;;;;;;300.0;26.0;4.0;0.0005;0.75;sqrt;20;squared_error;0.0001;True;;;;;;;;;;;;;;;;;1311.1326538222795;1424.2670341300018
113;60.87203359603882;1.902910714922608;8.041694021224975;0.16695381520932295;MinMaxScaler(feature_range=(-1, 1));;;;;;0.3;9;{'scaler__scaler': MinMaxScaler(feature_range=(-1, 1)), 'regressor__n_estimators': 300, 'regressor__min_samples_split': 25, 'regressor__min_samples_leaf': 3, 'regressor__min_impurity_decrease': 0.0005, 'regressor__max_samples': 0.75, 'regressor__max_features': 0.5, 'regressor__max_depth': 19, 'regressor__criterion': 'squared_error', 'regressor__ccp_alpha': 0.0001, 'regressor__bootstrap': True, 'feature_selection__spearman_thr': 0.3, 'feature_selection__rfe_k': 9};0.9397784284338068;0.9230211985997441;0.9019555913624218;0.9275833931229936;0.9374134648912056;0.9259504152820343;0.013487875711185924;21;0.9421112994943809;0.9440492999174186;0.9415584520167685;0.942657811163243;0.9424128440233789;0.942557941323038;0.0008311011328156312;-1413.5327053427598;-1422.5020963330946;-1489.148021035171;-1416.7849991291102;-1381.4682660084204;-1424.6872175697113;35.25539933568399;19;-1260.2229391578396;-1255.507422425188;-1307.960487025386;-1256.7990287573987;-1264.1541877820007;-1268.9288130295627;19.74500571428471;-0.08956982155103065;-0.08921094862516249;-0.0901933577742125;-0.08947790257675846;-0.08699817285983077;-0.08909004067739898;0.0010943915984517128;15;-0.07855450143620533;-0.07839889172193458;-0.0827579088392869;-0.07818662032661423;-0.07884411816277014;-0.07934840809736224;0.0017181748226190426;-880.2662577417541;-883.0636044456605;-912.4566249522536;-863.0220787896242;-865.5196730027046;-880.8656477863994;17.64693750654547;17;-783.7989387227894;-780.1003050801446;-822.6189592073306;-785.2111427948639;-784.7111517650419;-791.2880995140341;15.767451838726236;-2342.018349789028;-2698.683138554029;-3145.9298777947984;-2649.066348463765;-2379.360140666202;-2643.0115710535642;288.5036578643051;21;-2354.154512298527;-2303.742527802931;-2334.6612020716034;-2325.1499761951113;-2349.901597208472;-2333.521963115329;18.17799382076823;12.27479453069365;-1.7619634096650172;RandomForest;False;5327.5425760746;;;;;;;;;;;;;;300.0;25.0;3.0;0.0005;0.75;0.5;19;squared_error;0.0001;True;;;;;;;;;;;;;;;;;1268.9288130295627;1424.6872175697113
68;79.18051629066467;4.6610607973732305;7.141632604598999;0.047522290318959826;RobustScaler();;;;;;0.25;14;{'scaler__scaler': RobustScaler(), 'regressor__regressor__validation_fraction': 0.15, 'regressor__regressor__subsample': 0.8, 'regressor__regressor__n_iter_no_change': 10, 'regressor__regressor__n_estimators': 900, 'regressor__regressor__min_samples_split': 4, 'regressor__regressor__min_samples_leaf': 4, 'regressor__regressor__min_impurity_decrease': 0.0, 'regressor__regressor__max_leaf_nodes': 40, 'regressor__regressor__max_features': 0.5, 'regressor__regressor__max_depth': 7, 'regressor__regressor__loss': 'absolute_error', 'regressor__regressor__learning_rate': 0.05, 'regressor__regressor__criterion': 'squared_error', 'feature_selection__spearman_thr': 0.25, 'feature_selection__rfe_k': 14};0.9371854144084324;0.9220929616693376;0.9034636583499982;0.9316011876558713;0.9337581175421285;0.9256202679251537;0.012158172952229858;2;0.9281693302730196;0.9331912159820317;0.9342610331020438;0.9359164163531477;0.9295652003768623;0.932220639217421;0.0029061470952552577;-1433.3092437950727;-1427.4392408552364;-1460.6736939071804;-1402.9411544974375;-1401.948355959726;-1425.2623378029307;21.749633181413408;2;-1387.8435176259125;-1335.2985487799906;-1353.7844499848259;-1321.2329724332765;-1357.5994520930046;-1351.151788183402;22.54438743016138;-0.0888885460650465;-0.08709813687795452;-0.08664545520421098;-0.0878441282978678;-0.08641632207935922;-0.0873785177048878;0.0008987539521554743;2;-0.08519676997590364;-0.08190334296471694;-0.08341810142976654;-0.08124495037449872;-0.08328491952931348;-0.08300961685483987;0.0013685159620780236;-903.4075625537953;-879.9129941964384;-877.9448486686015;-867.9398829160905;-875.7363663976107;-880.9883309465073;11.923809852463695;2;-856.1614960042871;-820.1696919508358;-830.5958855237468;-812.6947673078048;-829.3176217616638;-829.7878925096677;14.704595742386815;-2391.908160512036;-2714.905208176255;-3121.641607811976;-2574.5304351524064;-2447.8570953352023;-2650.1685013975753;260.7018055323559;2;-2622.364284943085;-2517.375265537354;-2476.1357365424196;-2458.030303038019;-2598.8457457721497;-2534.550267166605;65.43355907546632;5.484990677410782;-0.7080267282870055;GradientBoosting;True;5274.752969026566;0.15;0.8;10;900.0;4.0;4.0;0.0;40;0.5;7.0;absolute_error;0.05;squared_error;;;;;;;;;;;;;;;;;;;;;;;;;;;1351.151788183402;1425.2623378029307
185;2142.174979543686;258.87507042605637;7.360467195510864;0.6282555185206854;MinMaxScaler();;;;;;0.3;11;{'scaler__scaler': MinMaxScaler(), 'regressor__solver': 'adam', 'regressor__max_iter': 700, 'regressor__learning_rate_init': 0.01, 'regressor__hidden_layer_sizes': (400, 200), 'regressor__activation': 'logistic', 'feature_selection__spearman_thr': 0.3, 'feature_selection__rfe_k': 11};0.9401486899319699;0.9218543289042913;0.9039720872014647;0.9311738052721111;0.9396019759905508;0.9273501774600776;0.013455616476828058;1;0.943341728142158;0.9484732454732445;0.9399551502864649;0.9471632134052207;0.9497633003130146;0.9457393275240206;0.003602757401593921;-1407.524771078629;-1441.8583639034105;-1499.4980532959041;-1418.6559145030556;-1365.4739911922584;-1426.6022187946517;44.06882259438231;1;-1228.184253438677;-1190.8897591542502;-1310.5403799426738;-1178.0615646226993;-1152.03386380928;-1211.941964193516;55.07361773464389;-0.08763721929980084;-0.09002374123364208;-0.08963774478554423;-0.08962218949617222;-0.08672427921980048;-0.08872903480699197;0.001304672366631004;1;-0.07436847638199197;-0.07399462067210662;-0.08022917838433409;-0.0717992260037487;-0.07129135594882724;-0.07433657147820173;0.0031796925670241945;-879.4693429129875;-889.4758039061508;-907.676455361805;-869.3273772740304;-852.8224098089104;-879.7542778527768;18.483955342855147;1;-755.7338817399504;-735.3826395408396;-826.0116634846127;-728.2997576119378;-716.0129327781451;-752.2881750310971;39.04909767325645;-2334.8075098292857;-2719.0599674811783;-3113.410366121058;-2582.56124355508;-2337.389520980486;-2617.4457215934176;288.38833008558134;1;-2329.001271023339;-2210.7904072206925;-2366.469392803617;-2231.937536028125;-2194.812431201864;-2266.6022076555278;68.31905489490244;17.712090260360018;-1.9444205743337735;MLP_adam;False;114275.22255015373;;;;;;;;;;;;;;;;;;;;;;;;;;;;;;;adam;700.0;0.01;(400, 200);logistic;;;;;1211.941964193516;1426.6022187946517
40;84.92036361694336;4.1838582667613275;7.091782426834106;0.1007631625129218;MinMaxScaler(feature_range=(-1, 1));;;;;;0.2;12;{'scaler__scaler': MinMaxScaler(feature_range=(-1, 1)), 'regressor__regressor__validation_fraction': 0.2, 'regressor__regressor__subsample': 0.8, 'regressor__regressor__n_iter_no_change': 10, 'regressor__regressor__n_estimators': 700, 'regressor__regressor__min_samples_split': 6, 'regressor__regressor__min_samples_leaf': 4, 'regressor__regressor__min_impurity_decrease': 0.0, 'regressor__regressor__max_leaf_nodes': 40, 'regressor__regressor__max_features': 0.6, 'regressor__regressor__max_depth': 7, 'regressor__regressor__loss': 'absolute_error', 'regressor__regressor__learning_rate': 0.04, 'regressor__regressor__criterion': 'squared_error', 'feature_selection__spearman_thr': 0.2, 'feature_selection__rfe_k': 12};0.9390146902813108;0.9190507956232973;0.9068865899033185;0.9258144941733666;0.9336598566790751;0.9248852853320736;0.011273783064373669;3;0.9293329652062687;0.9323258366418526;0.9367310859495152;0.930291216636576;0.9289419558664322;0.9315246120601289;0.0028546111612244253;-1417.108246656023;-1437.052453010997;-1446.3961834306108;-1430.2239190134458;-1402.814802577597;-1426.7191209377347;15.297277472531192;3;-1363.586028196987;-1346.2539351400112;-1345.3223795833549;-1363.551026714348;-1364.635414703007;-1356.6697568675415;8.898209955357942;-0.0879900936361489;-0.08753487502482951;-0.0865831173234464;-0.08852639679400764;-0.08659264178601757;-0.08744542491289001;0.0007673303054982065;3;-0.08357122886819518;-0.08272074727932796;-0.0834913670254899;-0.08290626515970859;-0.0833112263999227;-0.08320016694652888;0.000331975937525877;-911.7972230853338;-882.0771258096756;-885.8392810601181;-873.9878887040004;-876.8471480532589;-886.1097333424774;13.482705966677587;3;-835.3744069253935;-828.3275091635815;-832.7814329871317;-839.5277864060627;-837.5653877227251;-834.7153046409788;3.9054106254798113;-2356.822458192424;-2767.4043263844396;-3065.7994249436247;-2681.2251285251705;-2449.6719548327624;-2664.184658575684;250.09051173323726;3;-2601.0368069589126;-2533.6266865207504;-2429.1716325567254;-2563.6432460515143;-2610.3184062376104;-2547.5593556651024;65.21809566045039;5.163332027975062;-0.7127376606155391;GradientBoosting;True;5274.752969026566;0.2;0.8;10;700.0;6.0;4.0;0.0;40;0.6;7.0;absolute_error;0.04;squared_error;;;;;;;;;;;;;;;;;;;;;;;;;;;1356.6697568675415;1426.7191209377347
117;62.73501601219177;2.861314066763383;7.998681974411011;0.058734967481264125;MinMaxScaler(feature_range=(-1, 1));;;;;;0.2;8;{'scaler__scaler': MinMaxScaler(feature_range=(-1, 1)), 'regressor__n_estimators': 300, 'regressor__min_samples_split': 24, 'regressor__min_samples_leaf': 2, 'regressor__min_impurity_decrease': 0.001, 'regressor__max_samples': 0.8, 'regressor__max_features': 0.5, 'regressor__max_depth': 20, 'regressor__criterion': 'squared_error', 'regressor__ccp_alpha': 0.0001, 'regressor__bootstrap': True, 'feature_selection__spearman_thr': 0.2, 'feature_selection__rfe_k': 8};0.9398481110638383;0.9259200479514893;0.9062318197220324;0.9313491394499828;0.9379691253288909;0.9282636487032467;0.012073195522347802;16;0.9473004416715622;0.9476451647351231;0.947186801163314;0.9465407443836966;0.9472971007887383;0.9471940505484868;0.0003611935578074107;-1423.96511228597;-1428.0840627278228;-1460.2070720990596;-1424.5260531794925;-1397.5884492588355;-1426.8741499102362;19.920722434048894;20;-1246.376767753909;-1240.6093061094793;-1262.813752016729;-1242.1025456524228;-1245.441351552958;-1247.4687446170997;7.957637540995159;-0.09081874528061051;-0.09033864372610548;-0.08894857470598107;-0.09095616375531164;-0.08894465294707775;-0.09000135608301729;0.0008852701159457465;18;-0.07848896503373094;-0.07817844553477096;-0.08032327582588135;-0.07795026304967957;-0.07842377952364032;-0.07867294579354063;0.0008469147324116775;-900.0448691690654;-905.5232242874335;-900.331204451224;-877.2710830163314;-886.4543874754972;-893.9249536799103;10.451545944198179;24;-788.3398112668929;-784.3181712799756;-799.885075400553;-788.1300983669921;-786.6552142951277;-789.4656741219083;5.403900863570665;-2340.662978029769;-2647.382352666156;-3076.559837519531;-2579.2696188662326;-2368.774286039283;-2602.529814624194;264.75389958738674;16;-2246.1644599064452;-2228.4842847895243;-2219.393180418587;-2245.046244250431;-2248.040413389951;-2237.425716550987;11.42130840267334;14.381555134529926;-1.9985769372472466;RandomForest;False;5327.5425760746;;;;;;;;;;;;;;300.0;24.0;2.0;0.001;0.8;0.5;20;squared_error;0.0001;True;;;;;;;;;;;;;;;;;1247.4687446170997;1426.8741499102362
94;61.42775483131409;1.931065859166403;8.049037647247314;0.11309603267616689;MinMaxScaler();;;;;;0.3;8;{'scaler__scaler': MinMaxScaler(), 'regressor__n_estimators': 300, 'regressor__min_samples_split': 26, 'regressor__min_samples_leaf': 2, 'regressor__min_impurity_decrease': 0.001, 'regressor__max_samples': 0.75, 'regressor__max_features': 0.5, 'regressor__max_depth': 19, 'regressor__criterion': 'squared_error', 'regressor__ccp_alpha': 0.0001, 'regressor__bootstrap': True, 'feature_selection__spearman_thr': 0.3, 'feature_selection__rfe_k': 8};0.941011324253751;0.9263900885814675;0.9045414359392899;0.9309682081745696;0.9391896756340967;0.928420146516635;0.013079197884342034;15;0.9463548303880841;0.9470673176447608;0.9437407930273664;0.944913818912497;0.9462272843372641;0.9456608088619944;0.0011853507572553788;-1420.71120624433;-1425.8055790905626;-1480.5600327804661;-1424.6598290339234;-1391.5465918158552;-1428.6566477930276;28.838692141379095;21;-1261.3931539566877;-1256.4127021946756;-1294.8492840771194;-1261.4059444423135;-1263.9160453441993;-1267.5954260029991;13.842989520016317;-0.09089881446783075;-0.09035287760631966;-0.08990152874960602;-0.0911428663221699;-0.08860843035481121;-0.09018090350014751;0.000896779322432319;19;-0.07961577770709384;-0.07935881398334499;-0.08209275835282702;-0.07934674042976647;-0.07979898189366626;-0.08004261447333971;0.0010388898093766094;-901.9072959421756;-891.5038311778499;-906.5400416357115;-887.1610626161605;-880.8739096889876;-893.5972282121769;9.426165900924923;22;-796.1978028742915;-795.9896103065075;-817.9171310057636;-803.1428551514;-801.2215288501284;-802.8937856376182;8.013279061733261;-2317.9207023761546;-2638.970107321562;-3104.166951963772;-2586.415671101889;-2345.353916169201;-2598.5654697865157;282.9454320120273;15;-2266.226820022785;-2240.7485717068507;-2290.655683481287;-2278.95195946239;-2270.7422784339606;-2269.4650626214548;16.5879351934096;12.70604314957881;-1.823133853469813;RandomForest;False;5327.5425760746;;;;;;;;;;;;;;300.0;26.0;2.0;0.001;0.75;0.5;19;squared_error;0.0001;True;;;;;;;;;;;;;;;;;1267.5954260029991;1428.6566477930276
81;67.4660786151886;0.23760427146728047;10.030277490615845;0.5590716671666479;RobustScaler();;;;;;0.25;13;{'scaler__scaler': RobustScaler(), 'regressor__n_estimators': 400, 'regressor__min_samples_split': 30, 'regressor__min_samples_leaf': 4, 'regressor__min_impurity_decrease': 0.0005, 'regressor__max_samples': 0.8, 'regressor__max_features': 'sqrt', 'regressor__max_depth': 20, 'regressor__criterion': 'squared_error', 'regressor__ccp_alpha': 5e-05, 'regressor__bootstrap': True, 'feature_selection__spearman_thr': 0.25, 'feature_selection__rfe_k': 13};0.9407313366705528;0.9216477488094632;0.9030367832932212;0.9242695701730104;0.9351607494288874;0.9249692376750269;0.012998961917639896;25;0.9357470674967214;0.9381472033060834;0.938985055259171;0.9360581857434294;0.935833747349414;0.9369542518309638;0.001346332390552238;-1415.2880585114901;-1439.2911532628807;-1458.9562155078547;-1429.8850204479807;-1402.895646651498;-1429.263218876341;19.355485664120817;22;-1323.5258205660705;-1317.5558209399635;-1323.4685395245217;-1318.3995671512644;-1323.4695851279444;-1321.283866661953;2.7127118022307597;-0.09205046547365028;-0.09254782980998234;-0.08967959808204852;-0.09261106946562735;-0.09015837926050634;-0.09140946841836298;0.0012416331520195922;25;-0.08441146778145593;-0.08410552086596541;-0.08499217686776968;-0.08391080339768414;-0.08445911231776335;-0.08437581624612771;0.0003680777703656507;-907.6713737891332;-896.4147887797099;-890.4319629958591;-885.5883950411999;-884.952137094172;-893.0117315400148;8.404809368406774;21;-833.8386687816819;-827.7689343144593;-838.2063980974635;-830.722732083952;-833.3613053694098;-832.7796077293933;3.4712424763416045;-2323.4151530388795;-2722.6515479768195;-3128.535804642887;-2708.99972369664;-2421.8024863329656;-2661.0809431376388;281.3800142686968;25;-2480.1876488730118;-2422.204728927111;-2385.509343140088;-2455.309899626969;-2480.5055296666596;-2444.7434300467676;36.506275615692154;8.172305356848364;-1.279146141075318;RandomForest;False;5327.5425760746;;;;;;;;;;;;;;400.0;30.0;4.0;0.0005;0.8;sqrt;20;squared_error;5,00E-05;True;;;;;;;;;;;;;;;;;1321.283866661953;1429.263218876341
111;62.16068859100342;1.4579608674598308;8.001204204559325;0.12336663213543789;MinMaxScaler();;;;;;0.3;8;{'scaler__scaler': MinMaxScaler(), 'regressor__n_estimators': 300, 'regressor__min_samples_split': 24, 'regressor__min_samples_leaf': 4, 'regressor__min_impurity_decrease': 0.0005, 'regressor__max_samples': 0.8, 'regressor__max_features': 0.5, 'regressor__max_depth': 20, 'regressor__criterion': 'squared_error', 'regressor__ccp_alpha': 5e-05, 'regressor__bootstrap': True, 'feature_selection__spearman_thr': 0.3, 'feature_selection__rfe_k': 8};0.940401021779405;0.9238346609552786;0.9020613429284303;0.9273771963257462;0.9389174899505371;0.9265183423878796;0.01380255227156354;20;0.9424264903595209;0.9446963190276342;0.9414734743279893;0.942555124692967;0.9426924834333456;0.9427687783682914;0.0010546900436875823;-1423.3348519422696;-1430.4813937828112;-1489.5206639033327;-1430.9736879584239;-1393.228164076989;-1433.507752332765;31.23766868173168;23;-1270.49361599435;-1263.886079972953;-1305.1555837761935;-1268.1093608574067;-1272.6300026223137;-1276.0549286446433;14.837246181109418;-0.09095926360557606;-0.0904965258248796;-0.09026839098024557;-0.09129645708624462;-0.08866758203140253;-0.09033764390566967;0.000908281879415005;21;-0.08006152641599489;-0.07979469213583407;-0.08261033262904702;-0.07960797002520545;-0.08020796976363577;-0.08045649819394343;0.001096791609338538;-898.4192290100182;-893.2724042870668;-913.1722741686372;-882.0687381878597;-881.1239698207755;-893.6113230948715;11.790054200766779;23;-798.6931597279518;-797.5162905258485;-821.8203228173188;-800.894619619683;-799.7269266334433;-803.7302638648491;9.113766542117387;-2329.8805620216854;-2684.3862963189054;-3144.2328061618728;-2652.835102234516;-2350.5969322623837;-2632.3863397998725;295.3045777768678;20;-2347.7368455834185;-2290.3834474374517;-2336.3579576580155;-2327.2309453110693;-2344.1891708286794;-2329.1796733637266;20.640378424327128;12.339031820155236;-1.7236926331541769;RandomForest;False;5327.5425760746;;;;;;;;;;;;;;300.0;24.0;4.0;0.0005;0.8;0.5;20;squared_error;5,00E-05;True;;;;;;;;;;;;;;;;;1276.0549286446433;1433.507752332765
84;61.6197283744812;0.12493078354952025;9.014572286605835;0.1059207097310971;RobustScaler();;;;;;0.3;11;{'scaler__scaler': RobustScaler(), 'regressor__n_estimators': 300, 'regressor__min_samples_split': 35, 'regressor__min_samples_leaf': 4, 'regressor__min_impurity_decrease': 0.001, 'regressor__max_samples': 0.8, 'regressor__max_features': 'sqrt', 'regressor__max_depth': 19, 'regressor__criterion': 'squared_error', 'regressor__ccp_alpha': 0.0001, 'regressor__bootstrap': True, 'feature_selection__spearman_thr': 0.3, 'feature_selection__rfe_k': 11};0.938645449204283;0.9203940194417436;0.9027447521810023;0.9220885117323877;0.9346352602054872;0.9237015985529806;0.012614239318694456;26;0.9345020267104851;0.9374940340338902;0.9369566327817431;0.9349378449691268;0.9351671739467642;0.9358115424884019;0.001186203972830704;-1429.1860950047035;-1442.1792928892041;-1485.0987691595665;-1443.6646215313428;-1405.5285543696846;-1441.1314665909003;25.887826366971236;24;-1328.7889356444598;-1322.4348167601506;-1351.83393362101;-1324.2920849428654;-1331.4638572969368;-1331.7627256530845;10.531918111507267;-0.09164251121670991;-0.09147299398786918;-0.09056203034211106;-0.09203727675238071;-0.0891619575347118;-0.09097535396675653;0.0010275862424000035;24;-0.08359634114700766;-0.08339285021285534;-0.08581645652874502;-0.08317065676307105;-0.08383761891579519;-0.08396278471349486;0.0009527159689905832;-903.1296651557568;-890.6777673474626;-907.8226592132887;-888.2668318424567;-874.6402596017651;-892.907436632146;11.723090166217903;20;-828.3577835375336;-827.0821850683933;-851.7711952518193;-829.5332969016599;-828.7627162671179;-833.1014354053048;9.36856057811239;-2363.946488629493;-2744.3479346752224;-3133.2434811435332;-2747.732812804198;-2431.5964227632153;-2684.1734280031324;274.10403702011223;26;-2504.1018811925746;-2434.96045623315;-2424.8378997822183;-2476.726549654153;-2493.356265291123;-2466.796610430644;31.527055997273884;8.212329330976157;-1.294057979154643;RandomForest;False;5327.5425760746;;;;;;;;;;;;;;300.0;35.0;4.0;0.001;0.8;sqrt;19;squared_error;0.0001;True;;;;;;;;;;;;;;;;;1331.7627256530845;1441.1314665909003
86;69.94206218719482;2.0081893598242693;9.184742832183838;0.09415938976569013;MinMaxScaler(feature_range=(-1, 1));;;;;;0.2;8;{'scaler__scaler': MinMaxScaler(feature_range=(-1, 1)), 'regressor__n_estimators': 300, 'regressor__min_samples_split': 24, 'regressor__min_samples_leaf': 3, 'regressor__min_impurity_decrease': 0.0005, 'regressor__max_samples': 0.75, 'regressor__max_features': 0.5, 'regressor__max_depth': 18, 'regressor__criterion': 'squared_error', 'regressor__ccp_alpha': 0.0001, 'regressor__bootstrap': True, 'feature_selection__spearman_thr': 0.2, 'feature_selection__rfe_k': 8};0.9384388007498123;0.9224888217170636;0.9035649692614933;0.9269035255829786;0.935573793499088;0.9253939821620871;0.01233710122847964;23;0.94160886940529;0.9435647992845289;0.9433285831379794;0.9418291245491212;0.9420629501652569;0.9424788653084353;0.0008066367611767254;-1439.3746876846128;-1447.586509017203;-1476.5741526605973;-1443.7618968451884;-1417.2740245236598;-1444.9142541462522;19.002563708909488;25;-1287.0029491250748;-1278.6431531463375;-1298.8901670375171;-1281.1746917313963;-1286.2635432052775;-1286.3949008491206;6.983678548383347;-0.0915834688678841;-0.09128400081693422;-0.08991033505674963;-0.09185485381727021;-0.08987037435716641;-0.09090060658320091;0.0008444993733202837;22;-0.08074410852691308;-0.08039165539512214;-0.08257462751628436;-0.08016078904193048;-0.08074269673802112;-0.08092277544365423;0.0008550645893237985;-908.4341339145249;-913.450583495418;-909.1976974294848;-886.2093230787741;-898.4561910130051;-903.1495857862413;9.794050359980705;26;-810.8689960231573;-807.206059921783;-821.6755431696479;-807.4453074078083;-809.5449025506441;-811.3481618146081;5.339015454040457;-2367.924149933321;-2707.998956676232;-3120.003160729188;-2661.472389831147;-2414.076384420244;-2654.2950083180267;268.1540482245982;23;-2364.3485802297573;-2313.6955648692565;-2299.032158147671;-2341.890783789632;-2357.029670960338;-2335.199351599331;25.065890623762613;12.322759767820637;-1.8127603467009268;RandomForest;False;5327.5425760746;;;;;;;;;;;;;;300.0;24.0;3.0;0.0005;0.75;0.5;18;squared_error;0.0001;True;;;;;;;;;;;;;;;;;1286.3949008491206;1444.9142541462522
85;59.68080787658691;0.8096314496832305;9.158956956863403;0.18370199586181582;StandardScaler();;;;;;0.25;11;{'scaler__scaler': StandardScaler(), 'regressor__n_estimators': 300, 'regressor__min_samples_split': 30, 'regressor__min_samples_leaf': 4, 'regressor__min_impurity_decrease': 0.001, 'regressor__max_samples': 0.8, 'regressor__max_features': 'sqrt', 'regressor__max_depth': 18, 'regressor__criterion': 'squared_error', 'regressor__ccp_alpha': 5e-05, 'regressor__bootstrap': True, 'feature_selection__spearman_thr': 0.25, 'feature_selection__rfe_k': 11};0.9412279994336379;0.92309775051523;0.8859881190128429;0.9260706123653731;0.9369902880097364;0.9226749538673641;0.019528325051962135;28;0.9372615064728879;0.9398134645386742;0.9248905818695196;0.9371945219228555;0.9380730805200793;0.9354466310648034;0.005361838138948659;-1409.3271843182183;-1425.905165000615;-1594.7520473750474;-1422.354635670607;-1387.2914340783357;-1447.9260932885645;74.6500089645241;26;-1307.205445360923;-1300.9179071577005;-1451.4218045163157;-1312.219811035226;-1308.3246302450548;-1336.017919663044;57.816078119434515;-0.09082516969146584;-0.09101651757313689;-0.09551843404780193;-0.09189031458854764;-0.08857015963567741;-0.09156411910732594;0.0022606511069937886;26;-0.08266920579353342;-0.08256380498424602;-0.0903508945546079;-0.08320942772216214;-0.08290284765492532;-0.08433923614189497;0.003013996449299157;-893.7013760094451;-886.7676343136227;-959.2472183554783;-882.0097853419438;-871.2417152402504;-898.593545852148;31.19550367636292;25;-820.2757702685535;-815.842087617566;-894.075401865487;-829.0099202241345;-820.2639779687925;-835.8934315889067;29.403305782212332;-2313.6597325656226;-2697.340945987558;-3392.4439248741205;-2676.592793339435;-2387.3905733962206;-2693.4855940325915;381.2623310541542;27;-2450.784396945712;-2389.355931201849;-2646.733470539192;-2433.3949391178385;-2436.837669088373;-2471.421281378593;90.04109651906906;8.376247951355678;-1.3653026023410373;RandomForest;False;5327.5425760746;;;;;;;;;;;;;;300.0;30.0;4.0;0.001;0.8;sqrt;18;squared_error;5,00E-05;True;;;;;;;;;;;;;;;;;1336.017919663044;1447.9260932885645
98;50.24758253097534;0.6550330537720166;7.953329944610596;0.10104589250254986;MinMaxScaler();;;;;;0.3;8;{'scaler__scaler': MinMaxScaler(), 'regressor__n_estimators': 300, 'regressor__min_samples_split': 24, 'regressor__min_samples_leaf': 2, 'regressor__min_impurity_decrease': 0.0005, 'regressor__max_samples': 0.75, 'regressor__max_features': 'sqrt', 'regressor__max_depth': 19, 'regressor__criterion': 'squared_error', 'regressor__ccp_alpha': 5e-05, 'regressor__bootstrap': True, 'feature_selection__spearman_thr': 0.3, 'feature_selection__rfe_k': 8};0.9402736398499957;0.9231116773322745;0.899949276739898;0.9273018131811376;0.9354411670585134;0.9252155148323638;0.013989086123609636;24;0.9409992685035674;0.9426951595934883;0.9395843588297504;0.9400157138835405;0.9414157949556078;0.9409420591531908;0.0010956756272644552;-1429.8580767872231;-1449.2874271414607;-1514.4373468251108;-1444.5281590454613;-1413.7982762755425;-1450.3818572149598;34.345751603476;27;-1299.674545297332;-1293.074924139703;-1335.180345384434;-1297.4571748169294;-1301.4302459838177;-1305.3634471244434;15.168375232732224;-0.09246460389934638;-0.09256170310989488;-0.09218799230278986;-0.0931566834648702;-0.0904659133855009;-0.09216737923248045;0.0009075205357701163;27;-0.08260783486213359;-0.08236768490619678;-0.08481445614989663;-0.08220297590595067;-0.0827704632436202;-0.08295268301355957;0.0009510633034769411;-913.833563117324;-903.5910170377028;-931.2670691685153;-896.8135983231041;-891.7441656407209;-907.4498826574734;14.019277334003633;27;-819.8039424027629;-814.5995774363873;-845.4945816578193;-822.3300748452166;-822.7907716066511;-825.0037895897674;10.65086663145963;-2332.369080102207;-2697.096693868684;-3177.9549656774034;-2654.211578863809;-2416.5598905189504;-2655.6384418062107;295.363168866041;24;-2376.6583841336565;-2331.4538905081495;-2373.76490742336;-2378.113535980339;-2370.157091943565;-2366.029561997814;17.500533811701278;11.1094278309979;-1.671361607002703;RandomForest;False;5327.5425760746;;;;;;;;;;;;;;300.0;24.0;2.0;0.0005;0.75;sqrt;19;squared_error;5,00E-05;True;;;;;;;;;;;;;;;;;1305.3634471244434;1450.3818572149598
28;29.055974006652832;0.445624685823685;131.60131931304932;22.729793274814426;StandardScaler();distance;1.5;34.0;minkowski;ball_tree;0.3;11;{'scaler__scaler': StandardScaler(), 'regressor__regressor__weights': 'distance', 'regressor__regressor__p': 1.5, 'regressor__regressor__n_neighbors': 34, 'regressor__regressor__metric': 'minkowski', 'regressor__regressor__algorithm': 'ball_tree', 'feature_selection__spearman_thr': 0.3, 'feature_selection__rfe_k': 11};0.936465519801271;0.9212552786101381;0.8732966392685214;0.9308324529407425;0.9340770662960357;0.9191853913833418;0.02352054789563563;4;0.9987579411766745;0.9987752052135642;0.9932977047120594;0.9988208549344763;0.9987392091273555;0.9976781830328261;0.0021904064043477773;-1417.630980925866;-1425.2133747041173;-1635.8487327456523;-1413.2561018600536;-1387.5344646308597;-1455.8967309733098;90.86262337304505;4;-53.687869797391265;-53.31412479260059;-131.36336000926516;-52.217255022510884;-54.504615483746434;-69.01744502110287;31.181635183609718;-0.08833229676436709;-0.08794811256033634;-0.09640388545782919;-0.08873584663200554;-0.08705247251709299;-0.08969452278632623;0.003400607165319762;4;-0.0044996203531013045;-0.004410242418995196;-0.010294355805089304;-0.004433946501057281;-0.004518756329521288;-0.0056313842815528745;0.002331830982955104;-866.9820441442844;-863.7199574576789;-918.7852619018267;-848.0666810862049;-841.3111568405138;-867.7730202861018;27.231862873786312;5;-7.275957614183426e-12;-7.275957614183426e-12;-7.275957614183426e-12;-7.275957614183426e-12;-7.275957614183426e-12;-7.275957614183426e-12;0.0;-2405.5754979874105;-2729.461976546409;-3576.2814462141573;-2588.95759417811;-2441.956877752444;-2748.4466785357063;429.55889792921937;4;-344.83325827207386;-340.84964154768943;-790.6327313393405;-333.42446003793737;-347.7029610045677;-431.48861044032185;179.63612385217186;2009.461934628488;-7.867546167129295;KNN;True;9891.770384073257;;;;;;;;;;;;;;;;;;;;;;;;;;;;;;;;;;;;;;;;69.01744502110287;1455.8967309733098
70;83.69031710624695;0.7815987419930496;7.068976831436157;0.11151315173788286;MinMaxScaler();;;;;;0.3;13;{'scaler__scaler': MinMaxScaler(), 'regressor__regressor__validation_fraction': 0.2, 'regressor__regressor__subsample': 0.8, 'regressor__regressor__n_iter_no_change': None, 'regressor__regressor__n_estimators': 900, 'regressor__regressor__min_samples_split': 6, 'regressor__regressor__min_samples_leaf': 3, 'regressor__regressor__min_impurity_decrease': 0.0001, 'regressor__regressor__max_leaf_nodes': 40, 'regressor__regressor__max_features': 0.5, 'regressor__regressor__max_depth': 9, 'regressor__regressor__loss': 'absolute_error', 'regressor__regressor__learning_rate': 0.05, 'regressor__regressor__criterion': 'squared_error', 'feature_selection__spearman_thr': 0.3, 'feature_selection__rfe_k': 13};0.9358298551764679;0.9162058030004674;0.8956978082515662;0.91673909652823;0.9285589997650037;0.918606312544347;0.013636384523517701;4;0.9236108886211606;0.9262476980783205;0.9251362049134743;0.9228080534106389;0.920784282532733;0.9237174255112656;0.0018898068533365353;-1436.4621723833113;-1462.3897406239328;-1504.7322242142732;-1463.3346666676464;-1419.53340494565;-1457.2904417669627;28.888298185613436;4;-1395.711302359499;-1389.0002415168021;-1424.194491196542;-1397.0138964713046;-1400.8601554017446;-1401.3560173891783;12.043452862035332;-0.08844148900063625;-0.0887873319944923;-0.08889891438415326;-0.09004922363590594;-0.08716533703042949;-0.08866845920912345;0.0009257043252237449;4;-0.08477789212600667;-0.08463211205111294;-0.08715157483841307;-0.08475062145343251;-0.08487167839897666;-0.08523677577358837;0.0009604467704046736;-905.1902582074636;-893.6036045720921;-903.7885032331615;-884.9799050044194;-870.930874596891;-891.6986291228055;12.71423552284804;4;-846.9073728403118;-845.1265627088419;-871.2287067267935;-855.710541028614;-850.215756936419;-853.837788048196;9.41261353134837;-2417.579479792172;-2815.615160715638;-3244.7731501436133;-2840.4968331467976;-2542.105034151987;-2772.113931590042;285.85803660443656;4;-2704.2933025507505;-2644.9591380948723;-2642.4022487877273;-2697.738401453994;-2756.0845786388877;-2689.095533905246;42.24094638094462;3.991449973005004;-0.5533199683972226;GradientBoosting;True;5274.752969026566;0.2;0.8;;900.0;6.0;3.0;0.0001;40;0.5;9.0;absolute_error;0.05;squared_error;;;;;;;;;;;;;;;;;;;;;;;;;;;1401.3560173891783;1457.2904417669627
101;61.40195393562317;2.508686514541241;8.245529747009277;0.07528074444800742;MinMaxScaler();;;;;;0.3;9;{'scaler__scaler': MinMaxScaler(), 'regressor__n_estimators': 400, 'regressor__min_samples_split': 30, 'regressor__min_samples_leaf': 4, 'regressor__min_impurity_decrease': 0.001, 'regressor__max_samples': 0.8, 'regressor__max_features': 'sqrt', 'regressor__max_depth': 19, 'regressor__criterion': 'squared_error', 'regressor__ccp_alpha': 0.0001, 'regressor__bootstrap': True, 'feature_selection__spearman_thr': 0.3, 'feature_selection__rfe_k': 9};0.938462605097953;0.9204851409686192;0.9004290631071277;0.9222475667827863;0.9337735617382995;0.9230795875389572;0.013202030010407609;27;0.9357144869996314;0.9384432830437682;0.9365435414100877;0.935494711618662;0.9361395196286614;0.9364671085401621;0.0010517050064975193;-1445.703991889535;-1461.6806543430557;-1497.826754829871;-1460.4175825229463;-1428.1418335232388;-1458.7541634217293;23.001827885627723;28;-1333.2969274888546;-1326.5267622123158;-1362.2058862371641;-1331.618281323524;-1335.1973896703446;-1337.7690493864407;12.553830267296311;-0.09271739174227009;-0.09284073095868427;-0.09212490988875596;-0.09326308099991193;-0.09097485475476719;-0.09238419366887787;0.0007931398927313154;28;-0.08413370837410147;-0.08389897976846265;-0.08737951650927235;-0.08377129082221284;-0.08428314265078186;-0.08469332762496623;0.0013548561933960628;-919.0182865877214;-917.0524174631137;-916.3320432629225;-899.9569460640296;-906.474624569677;-911.7668635894928;7.33270791047874;28;-838.1933587914637;-836.4324463450157;-865.3642485715504;-840.3990006944987;-839.4145515638993;-843.9607211932856;10.7833379498911;-2367.4662938362007;-2742.776816687841;-3170.325976298984;-2744.926653714909;-2447.5717215838163;-2694.6134924243497;282.562705749161;28;-2480.816378974948;-2416.400415462648;-2432.769297936615;-2466.1046276824372;-2474.5882792115362;-2454.135799853637;25.115320794427703;9.043796766772093;-1.4295772781677718;RandomForest;False;5327.5425760746;;;;;;;;;;;;;;400.0;30.0;4.0;0.001;0.8;sqrt;19;squared_error;0.0001;True;;;;;;;;;;;;;;;;;1337.7690493864407;1458.7541634217293
52;60.6085889339447;2.0766345747206114;6.94688229560852;0.03380907971639172;RobustScaler();;;;;;0.2;13;{'scaler__scaler': RobustScaler(), 'regressor__regressor__validation_fraction': 0.15, 'regressor__regressor__subsample': 0.8, 'regressor__regressor__n_iter_no_change': 10, 'regressor__regressor__n_estimators': 900, 'regressor__regressor__min_samples_split': 4, 'regressor__regressor__min_samples_leaf': 3, 'regressor__regressor__min_impurity_decrease': 0.0001, 'regressor__regressor__max_leaf_nodes': 40, 'regressor__regressor__max_features': 0.6, 'regressor__regressor__max_depth': 8, 'regressor__regressor__loss': 'absolute_error', 'regressor__regressor__learning_rate': 0.05, 'regressor__regressor__criterion': 'squared_error', 'feature_selection__spearman_thr': 0.2, 'feature_selection__rfe_k': 13};0.9314887301743816;0.9102136921039998;0.8891773259241561;0.9117878244327169;0.926709699873;0.9138754545016509;0.01485065380761155;6;0.915999159206998;0.9218999344871767;0.9207056364342517;0.9186417227416274;0.9191901521693415;0.919287321007879;0.0020037771719548713;-1473.8459309743262;-1491.09694143072;-1531.5870048442523;-1491.2536948427446;-1446.4203118205844;-1486.8407767825254;27.72180987738427;5;-1444.6273524556289;-1421.1043268180524;-1448.3738789981849;-1435.0342650822283;-1426.7498265671272;-1435.1779299842442;10.32031519203134;-0.09103661377089169;-0.0906937233855549;-0.09020584324096124;-0.09175176725581285;-0.08911043583237017;-0.09055967669711817;0.0008822714532275173;5;-0.08800563452026253;-0.08674381147757186;-0.08858622000500711;-0.08711445628195473;-0.0869459281394798;-0.0874792100848552;0.0007015468239678196;-924.7208897468226;-914.0660690479417;-915.4727252188131;-903.3507779880592;-902.6020284808183;-912.042498096491;8.261614580131733;5;-885.7411445107;-867.0352458955108;-885.0451754026276;-879.9920685852148;-865.5843666645233;-876.6796002117153;8.708440247552165;-2498.016252058057;-2914.5491258284214;-3344.6596813429323;-2923.735065462164;-2574.796899802753;-2851.1514048988656;301.3019503346906;6;-2835.827959917983;-2721.8041767013556;-2719.4693572392057;-2769.5850710026266;-2783.6780537922564;-2766.0729237306855;43.173267723693165;3.5997520390275475;-0.5887023983203369;GradientBoosting;True;5274.752969026566;0.15;0.8;10;900.0;4.0;3.0;0.0001;40;0.6;8.0;absolute_error;0.05;squared_error;;;;;;;;;;;;;;;;;;;;;;;;;;;1435.1779299842442;1486.8407767825254
33;29.868925285339355;0.7926618117872914;13.104995679855346;1.2636355660702312;StandardScaler();distance;4.0;85.0;manhattan;kd_tree;0.2;10;{'scaler__scaler': StandardScaler(), 'regressor__regressor__weights': 'distance', 'regressor__regressor__p': 4, 'regressor__regressor__n_neighbors': 85, 'regressor__regressor__metric': 'manhattan', 'regressor__regressor__algorithm': 'kd_tree', 'feature_selection__spearman_thr': 0.2, 'feature_selection__rfe_k': 10};0.9359405035836128;0.9056342013496053;0.8784656227343198;0.9124923858227613;0.928786513922305;0.9122638454825209;0.020099288465815282;5;0.9988433877646823;0.9966967105060581;0.99692016006566;0.9967220976960223;0.9988512148865322;0.9976067141837909;0.0010158890811343584;-1426.8350813515003;-1526.4526546305976;-1573.0440001416182;-1502.5819314316477;-1416.6775755969622;-1489.1182486304651;59.57433076168257;5;-51.714953977788916;-108.42565244221625;-99.21145556690409;-105.645334135585;-52.13271751501518;-83.42602272750189;25.8948721086641;-0.08869829809936723;-0.09306471860547727;-0.0930704938146061;-0.09260710499024659;-0.08799569494113617;-0.09108726209016668;0.0022547018060041384;5;-0.004362583066010361;-0.008381110512860569;-0.008286291197678666;-0.008181924779903472;-0.004375292525842225;-0.006717440416459058;0.0019185836075944313;-879.7698691161477;-895.9830043698312;-895.3737258820547;-872.8591417178068;-862.9229825858456;-881.3817447343372;12.844696373380426;6;-7.275957614183426e-12;-7.275957614183426e-12;-7.275957614183426e-12;-7.275957614183426e-12;-7.275957614183426e-12;-7.275957614183426e-12;0.0;-2415.494267644098;-2987.95211501558;-3502.572974473433;-2912.035543218264;-2538.053956416734;-2871.221771353622;382.77524197189814;5;-332.76064290462364;-559.7633952616789;-535.9534657975094;-555.919413312753;-331.8992420392304;-463.259231863159;107.20890175123833;1684.956539872982;-8.554760857949386;KNN;True;9891.770384073257;;;;;;;;;;;;;;;;;;;;;;;;;;;;;;;;;;;;;;;;83.42602272750189;1489.1182486304651
93;58.716056156158444;1.46773312109292;8.269773864746094;0.030417820657304893;MinMaxScaler(feature_range=(-1, 1));;;;;;0.25;7;{'scaler__scaler': MinMaxScaler(feature_range=(-1, 1)), 'regressor__n_estimators': 400, 'regressor__min_samples_split': 25, 'regressor__min_samples_leaf': 3, 'regressor__min_impurity_decrease': 0.001, 'regressor__max_samples': 0.8, 'regressor__max_features': 'sqrt', 'regressor__max_depth': 18, 'regressor__criterion': 'squared_error', 'regressor__ccp_alpha': 5e-05, 'regressor__bootstrap': True, 'feature_selection__spearman_thr': 0.25, 'feature_selection__rfe_k': 7};0.9348198053685596;0.9171016623554461;0.8986424192064185;0.9205251851283103;0.9294729973000441;0.9201124138717557;0.012442857891103724;29;0.9341827609564008;0.936223148375644;0.9385430858892357;0.9348423052525381;0.9346031422416944;0.9356788885431027;0.0015871575010470353;-1480.3696159191886;-1495.344147976865;-1514.603206009171;-1492.8754804360578;-1464.7704705996298;-1489.5925841881824;16.556506662674835;29;-1356.4988559561045;-1348.6364210652368;-1340.0709613872016;-1349.7687167331294;-1355.8713529233198;-1350.1692616129985;5.950853949737022;-0.0946561130204396;-0.09470065712055986;-0.09186826850272702;-0.09545243605839322;-0.09336157707739717;-0.09400781035590336;0.0012635294374233005;29;-0.08552492258164954;-0.08515113357830012;-0.08477328517804554;-0.08488432857376028;-0.08547308700366898;-0.0851613513830849;0.00030225966766376356;-942.3162174150075;-936.991388036251;-924.1842984594714;-925.6079078687653;-931.6965451854112;-932.1592713929813;6.83004504536146;29;-860.0351539998073;-851.2013746108514;-841.1371848538311;-855.1361667747678;-853.6100107199054;-852.2239781918327;6.2510655190604885;-2436.5317643043704;-2800.523582759141;-3198.6427733281107;-2775.1631003281436;-2525.7911727745573;-2747.3304786988647;265.6924738747922;29;-2510.1975056533834;-2459.589980587829;-2394.1336209408923;-2478.5443417999177;-2504.178611064029;-2469.32881200921;41.758463096529;10.326358815828755;-1.6636556474609285;RandomForest;False;5327.5425760746;;;;;;;;;;;;;;400.0;25.0;3.0;0.001;0.8;sqrt;18;squared_error;5,00E-05;True;;;;;;;;;;;;;;;;;1350.1692616129985;1489.5925841881824
76;63.00153193473816;3.752523524408761;7.157123613357544;0.17258677319067173;StandardScaler();;;;;;0.3;14;{'scaler__scaler': StandardScaler(), 'regressor__regressor__validation_fraction': 0.15, 'regressor__regressor__subsample': 0.8, 'regressor__regressor__n_iter_no_change': 15, 'regressor__regressor__n_estimators': 1100, 'regressor__regressor__min_samples_split': 6, 'regressor__regressor__min_samples_leaf': 3, 'regressor__regressor__min_impurity_decrease': 0.0001, 'regressor__regressor__max_leaf_nodes': 40, 'regressor__regressor__max_features': 0.6, 'regressor__regressor__max_depth': 8, 'regressor__regressor__loss': 'absolute_error', 'regressor__regressor__learning_rate': 0.05, 'regressor__regressor__criterion': 'squared_error', 'feature_selection__spearman_thr': 0.3, 'feature_selection__rfe_k': 14};0.931727465987322;0.9080070851563553;0.8913074339697052;0.9086803913090642;0.9246444166893646;0.9128733586223623;0.014144863880621828;7;0.9184117763384424;0.9192096008283858;0.9204227279666424;0.9161346902053978;0.917890996005016;0.9184139582687768;0.0014238511141689734;-1480.0388606673014;-1520.1742476771765;-1536.9311250095661;-1514.0764060159024;-1455.5976680389172;-1501.3636614817726;29.427095588909378;6;-1441.169288512026;-1456.9280327185288;-1456.685239612609;-1450.1133466554447;-1440.2388548051376;-1449.0269524607493;7.228142594361464;-0.0913183518603534;-0.0922075871199694;-0.09067408737984231;-0.092846314835256;-0.08897525073682576;-0.09120431838644939;0.0013390736820421175;6;-0.08774247397592556;-0.08852150780741759;-0.08896307199626335;-0.08772002805945307;-0.08696368150484421;-0.08798215266878076;0.000695204342765075;-932.3054734134239;-918.3644710684384;-923.4246006512767;-907.5995323639304;-901.2892114456217;-916.5966577885381;11.061455919664981;6;-880.4920268398073;-894.007222242316;-890.717528807605;-882.096168513699;-875.8268787552879;-884.6279650317431;6.723516204848087;-2493.6601338845485;-2950.146026393192;-3312.3600897754663;-2974.7862865782486;-2610.823093167119;-2868.3551259597148;290.47438311763375;7;-2794.8068722077232;-2768.28662255977;-2724.316334117888;-2811.9333032949216;-2805.96502249991;-2781.0616309360425;32.07927765155664;3.611852004004807;-0.6032791201103499;GradientBoosting;True;5274.752969026566;0.15;0.8;15;1100.0;6.0;3.0;0.0001;40;0.6;8.0;absolute_error;0.05;squared_error;;;;;;;;;;;;;;;;;;;;;;;;;;;1449.0269524607493;1501.3636614817726
71;67.14527688026428;3.0793532717478693;7.1030395984649655;0.1586903152034723;MinMaxScaler(feature_range=(-1, 1));;;;;;0.25;12;{'scaler__scaler': MinMaxScaler(feature_range=(-1, 1)), 'regressor__regressor__validation_fraction': 0.2, 'regressor__regressor__subsample': 0.8, 'regressor__regressor__n_iter_no_change': 15, 'regressor__regressor__n_estimators': 700, 'regressor__regressor__min_samples_split': 4, 'regressor__regressor__min_samples_leaf': 3, 'regressor__regressor__min_impurity_decrease': 0.0001, 'regressor__regressor__max_leaf_nodes': 30, 'regressor__regressor__max_features': 0.6, 'regressor__regressor__max_depth': 8, 'regressor__regressor__loss': 'absolute_error', 'regressor__regressor__learning_rate': 0.04, 'regressor__regressor__criterion': 'squared_error', 'feature_selection__spearman_thr': 0.25, 'feature_selection__rfe_k': 12};0.9316300364814641;0.9123946018362705;0.8877297816922012;0.9088670632545142;0.9232220708139658;0.9127687108156831;0.014881754762091404;8;0.9166454113127223;0.9204714299817518;0.9164232087709837;0.9163077814533813;0.9152233747847827;0.9170142412607243;0.0017968748972209837;-1482.5942428900441;-1494.0230872948637;-1565.938552631403;-1498.9731843324373;-1476.0263247537223;-1503.511078380494;32.25129357851919;7;-1453.4991348034048;-1435.7641991200887;-1493.9542147387074;-1439.6344225545836;-1466.0713902149407;-1457.784672286345;21.02191299834607;-0.09133865619881183;-0.09100546549422969;-0.09202109482082967;-0.0914686881235019;-0.09020290891369429;-0.09120736271021349;0.0005995629766405506;7;-0.08818364711094265;-0.08747296963081087;-0.09102790154898484;-0.08689101186035578;-0.0884948203697507;-0.08841407010416896;0.0014210634537633615;-930.3242585585122;-922.3347046093622;-949.3631327853655;-907.0422520871789;-920.3517980787574;-925.8832292238352;13.922641916866821;7;-883.940909070825;-882.844020413313;-917.0320965350497;-881.0965755180605;-893.0227481884867;-891.5872699451469;13.375094127041526;-2495.4388100480683;-2878.934321173144;-3366.432461435406;-2971.7442607358953;-2635.347710885377;-2869.579512855578;300.7436793058437;8;-2824.898317760699;-2746.583229110282;-2791.938562940279;-2809.0300024923063;-2851.181885453375;-2804.726399551388;35.00770340094256;3.136705095302789;-0.46297322920572664;GradientBoosting;True;5274.752969026566;0.2;0.8;15;700.0;4.0;3.0;0.0001;30;0.6;8.0;absolute_error;0.04;squared_error;;;;;;;;;;;;;;;;;;;;;;;;;;;1457.784672286345;1503.511078380494
11;28.277902364730835;0.6730593164003686;37.5961172580719;1.023444642252334;MinMaxScaler(feature_range=(-1, 1));distance;1.0;47.0;minkowski;brute;0.2;13;{'scaler__scaler': MinMaxScaler(feature_range=(-1, 1)), 'regressor__regressor__weights': 'distance', 'regressor__regressor__p': 1, 'regressor__regressor__n_neighbors': 47, 'regressor__regressor__metric': 'minkowski', 'regressor__regressor__algorithm': 'brute', 'feature_selection__spearman_thr': 0.2, 'feature_selection__rfe_k': 13};0.9310374606755837;0.902563380129997;0.888005879453055;0.908848605100901;0.9211836987653023;0.9103278048249679;0.014882761529175528;8;0.9990721912228632;0.9991687350749319;0.9990513793700088;0.9992098552408633;0.9991004976201139;0.9991205317057563;5.970338539327258e-05;-1488.9189189929564;-1524.1943082744287;-1527.8013649316702;-1502.7063221994072;-1484.0357539486952;-1505.5313336694312;17.8340902332994;6;-40.978359125405575;-39.94785784597284;-41.06179309807779;-38.55571492042701;-41.482246215042764;-40.4051942409852;1.0535095001056716;-0.0931883543775296;-0.09311545123749039;-0.09124067117694636;-0.09317566235479638;-0.09197247494068446;-0.09253852281748944;0.0007957265017485004;7;-0.003645459676503907;-0.003534559878355192;-0.0037248376392680868;-0.00355222283904811;-0.0036774344986146173;-0.003626902906357982;7.292921872410834e-05;-920.4848182819514;-911.6852315959368;-895.8988664273274;-897.3717099454352;-898.8728076112147;-904.8626867723731;9.622282183945243;8;-7.275957614183426e-12;-7.275957614183426e-12;-7.275957614183426e-12;-7.275957614183426e-12;-7.275957614183426e-12;-7.275957614183426e-12;0.0;-2506.2297061800987;-3036.1793913510232;-3362.290505433854;-2972.045195484697;-2670.1013876985367;-2909.369237229642;298.3009726558983;8;-298.0350227141663;-280.80245801290215;-297.44679470228886;-272.93998887441467;-293.68922918031416;-288.5826986968172;9.992214935534488;3626.0836433309073;-8.887088600731321;KNN;True;9891.770384073257;;;;;;;;;;;;;;;;;;;;;;;;;;;;;;;;;;;;;;;;40.4051942409852;1505.5313336694312
19;30.257647943496703;0.2198214917733176;8.440275955200196;0.5388918150768138;StandardScaler();distance;4.0;16.0;manhattan;kd_tree;0.3;10;{'scaler__scaler': StandardScaler(), 'regressor__regressor__weights': 'distance', 'regressor__regressor__p': 4, 'regressor__regressor__n_neighbors': 16, 'regressor__regressor__metric': 'manhattan', 'regressor__regressor__algorithm': 'kd_tree', 'feature_selection__spearman_thr': 0.3, 'feature_selection__rfe_k': 10};0.9166756706001702;0.90156008234109;0.8776575774453445;0.908742686186771;0.9416694370613896;0.9092610907269532;0.020802082741861835;11;0.9937662059843125;0.9957194965124215;0.9932952222405739;0.9934535279657069;0.9987379835978439;0.9949944872601717;0.002064467742187605;-1540.7771801403503;-1544.0851193303308;-1611.80073835985;-1525.3643439569853;-1324.493562972961;-1509.3041889520953;97.07595066378542;7;-132.69202898926216;-126.40114512935895;-131.4087298076471;-128.79712079371726;-54.558833283660775;-114.77157160072925;30.184349230946605;-0.09358971893474564;-0.0936611609533111;-0.09512281073923583;-0.09416780446305517;-0.08381899081202146;-0.09207209718047385;0.004162713211934032;6;-0.00978852999244701;-0.00930060853688422;-0.01031416779640342;-0.009370887743047219;-0.004619884932821376;-0.008678815800320648;0.002061375817631977;-879.0437140651484;-877.3782592900934;-899.7928266356248;-861.6122974032651;-806.8259081819224;-864.9306011152108;31.485442349787853;4;-7.275957614183426e-12;-7.275957614183426e-12;-7.275957614183426e-12;-7.275957614183426e-12;-7.275957614183426e-12;-7.275957614183426e-12;0.0;-2754.86400502406;-3051.7710168806393;-3514.1974583471274;-2973.7714685947017;-2297.0360511541944;-2918.3280000001446;397.1562895659668;9;-772.5281035587034;-637.2041633296279;-790.7791395037455;-785.628981605067;-347.8719092214557;-666.8024594437198;169.26938671190894;1215.0505546815266;-8.616469501182364;KNN;True;9891.770384073257;;;;;;;;;;;;;;;;;;;;;;;;;;;;;;;;;;;;;;;;114.77157160072925;1509.3041889520953
105;49.75496850013733;0.7958877791426245;7.989397859573364;0.08626222905775013;MinMaxScaler(feature_range=(-1, 1));;;;;;0.3;9;{'scaler__scaler': MinMaxScaler(feature_range=(-1, 1)), 'regressor__n_estimators': 300, 'regressor__min_samples_split': 35, 'regressor__min_samples_leaf': 4, 'regressor__min_impurity_decrease': 0.0005, 'regressor__max_samples': 0.8, 'regressor__max_features': 'sqrt', 'regressor__max_depth': 18, 'regressor__criterion': 'squared_error', 'regressor__ccp_alpha': 0.0001, 'regressor__bootstrap': True, 'feature_selection__spearman_thr': 0.3, 'feature_selection__rfe_k': 9};0.9320353647001094;0.9117037165592446;0.8927635105545342;0.912279787137489;0.924327903733771;0.9146220565370298;0.013335859459545185;30;0.925311686435317;0.9285372911421464;0.9297773142005665;0.9265626147618975;0.925944819283718;0.9272267451647291;0.0016718125647910585;-1501.9927014777704;-1519.6773701118311;-1572.0570624604713;-1521.3731580508447;-1490.4150778576154;-1521.1030739917067;27.947715334797962;30;-1414.79247386898;-1408.3455742810072;-1429.7020205200654;-1407.6730221082057;-1419.5087426817067;-1416.004366691993;8.117184973299965;-0.09613457416152826;-0.09619728578146253;-0.09586430433818392;-0.09674289792636302;-0.09447827383782442;-0.09588346720907244;0.0007582998855322697;30;-0.08883881157191507;-0.0886297828432192;-0.09086086430626607;-0.08825314386159817;-0.08923640271784984;-0.08916380106016966;0.000906132972446118;-957.2225362936388;-948.1919227729959;-965.8639860547737;-929.9611865773122;-937.0767176122235;-947.6632698621888;13.025850910374526;31;-880.6134245704334;-880.1529749804631;-904.9367434708602;-880.8617578501435;-886.6532858043429;-886.6436373352486;9.450503895081518;-2488.030766428989;-2890.264143649688;-3290.0986233767994;-2915.570774803236;-2616.3004140522116;-2840.052944462185;277.3986405969158;30;-2674.018393413346;-2603.579925613494;-2559.1852774094023;-2631.3125689090916;-2664.799781568872;-2626.5791893828414;41.96332239671662;7.422202203037028;-1.3593965762344404;RandomForest;False;5327.5425760746;;;;;;;;;;;;;;300.0;35.0;4.0;0.0005;0.8;sqrt;18;squared_error;0.0001;True;;;;;;;;;;;;;;;;;1416.004366691993;1521.1030739917067
54;94.5267837524414;0.8628091198272275;7.196020221710205;0.05562980971163598;MinMaxScaler();;;;;;0.3;7;{'scaler__scaler': MinMaxScaler(), 'regressor__regressor__validation_fraction': 0.2, 'regressor__regressor__subsample': 0.75, 'regressor__regressor__n_iter_no_change': None, 'regressor__regressor__n_estimators': 1100, 'regressor__regressor__min_samples_split': 6, 'regressor__regressor__min_samples_leaf': 3, 'regressor__regressor__min_impurity_decrease': 0.0001, 'regressor__regressor__max_leaf_nodes': None, 'regressor__regressor__max_features': 0.4, 'regressor__regressor__max_depth': 8, 'regressor__regressor__loss': 'absolute_error', 'regressor__regressor__learning_rate': 0.02, 'regressor__regressor__criterion': 'squared_error', 'feature_selection__spearman_thr': 0.3, 'feature_selection__rfe_k': 7};0.9303160699062609;0.9084190042099224;0.8853701189172137;0.9088506829411245;0.9232924020412028;0.9112496556031449;0.015440686334298445;10;0.9170381195309756;0.919337798404158;0.9181837461376827;0.9168778977986268;0.917001656221245;0.9176878436185376;0.0009505026952553585;-1494.7774598993403;-1532.0893041039174;-1569.9308624789144;-1531.7321238237346;-1483.86275102499;-1522.4785002661793;30.621063031138153;8;-1453.9446689050278;-1450.056142445085;-1473.9452921339719;-1451.27269486872;-1453.8039019504788;-1456.6045400606565;8.796934185718507;-0.09225042863304675;-0.09315887769376849;-0.09219848594235379;-0.09405015552438237;-0.09123061221655;-0.09257771200202028;0.0009561849327156486;10;-0.08834840244603141;-0.08792838393020865;-0.08971800123629776;-0.08787256578269576;-0.08818209102341568;-0.08840988888372985;0.0006763717187014367;-935.2163880665921;-936.6073676107699;-948.7981876130016;-928.4020086682967;-929.5447885435201;-935.713748100436;7.263140859557469;8;-889.625545966117;-885.5139606597058;-900.0446610089693;-887.7955264910543;-888.8658910750055;-890.3691170401704;5.0323880838016075;-2519.303959529713;-2943.5336434049304;-3401.6258507870316;-2972.01132068633;-2634.140399707324;-2894.123034823066;307.9439596069361;10;-2818.2359940561378;-2766.089402761776;-2762.376088004991;-2799.446013625368;-2821.12009290329;-2793.453518270312;25.02047940403196;4.522432712092163;-0.7015662308445012;GradientBoosting;True;5274.752969026566;0.2;0.75;;1100.0;6.0;3.0;0.0001;;0.4;8.0;absolute_error;0.02;squared_error;;;;;;;;;;;;;;;;;;;;;;;;;;;1456.6045400606565;1522.4785002661793
44;56.380084657669066;2.4310534428913693;6.956302309036255;0.06510645326566143;MinMaxScaler(feature_range=(-1, 1));;;;;;0.25;11;{'scaler__scaler': MinMaxScaler(feature_range=(-1, 1)), 'regressor__regressor__validation_fraction': 0.15, 'regressor__regressor__subsample': 0.8, 'regressor__regressor__n_iter_no_change': 15, 'regressor__regressor__n_estimators': 1100, 'regressor__regressor__min_samples_split': 4, 'regressor__regressor__min_samples_leaf': 3, 'regressor__regressor__min_impurity_decrease': 0.0001, 'regressor__regressor__max_leaf_nodes': 40, 'regressor__regressor__max_features': 0.4, 'regressor__regressor__max_depth': 7, 'regressor__regressor__loss': 'absolute_error', 'regressor__regressor__learning_rate': 0.04, 'regressor__regressor__criterion': 'squared_error', 'feature_selection__spearman_thr': 0.25, 'feature_selection__rfe_k': 11};0.927296370731721;0.9092388850827544;0.8895233697341834;0.906704496453652;0.9243847233396234;0.9114295690683868;0.0136132170630193;9;0.9115384651827649;0.91653907828521;0.9195773938514604;0.9146833635403043;0.917113390675191;0.9158903383069861;0.002679801747125391;-1521.2895993585223;-1521.5279147862575;-1569.7490334406943;-1530.230150488566;-1470.8480034370602;-1522.7289403022203;31.503342958039976;9;-1497.1349434952672;-1466.324786906172;-1493.213330787495;-1472.3510435911214;-1456.6141531747328;-1477.1276515909576;15.616416306006375;-0.09330463175509557;-0.09225766574427031;-0.09302444425069077;-0.09324767594405894;-0.08995536023190401;-0.09235795558520392;0.001258135740905336;8;-0.09041823777883322;-0.08887499494792482;-0.09172369191111772;-0.08863371151956509;-0.08819415852004539;-0.08956895893549725;0.0013122879773392834;-959.8274131016742;-931.6709113699508;-960.7217542965282;-916.6283171960349;-915.113474159376;-936.7923740247128;20.030085034047456;10;-916.2506766976594;-897.3946419556041;-930.8042251615225;-901.5514325139902;-890.8786853853799;-907.3759323428312;14.3760641692179;-2573.3111183554533;-2930.3279962541274;-3339.4337485777082;-3006.796986997503;-2615.3179840579464;-2893.037566848548;280.3406860916359;9;-2910.149490378911;-2813.667443108334;-2738.7480542573935;-2836.159821418138;-2819.220522030918;-2823.589066238739;54.71060411138445;3.0871596413585016;-0.48704184901054515;GradientBoosting;True;5274.752969026566;0.15;0.8;15;1100.0;4.0;3.0;0.0001;40;0.4;7.0;absolute_error;0.04;squared_error;;;;;;;;;;;;;;;;;;;;;;;;;;;1477.1276515909576;1522.7289403022203
34;29.672263145446777;0.5854473020766734;8.52320580482483;0.24122072294946648;RobustScaler();uniform;1.5;15.0;euclidean;kd_tree;0.3;11;{'scaler__scaler': RobustScaler(), 'regressor__regressor__weights': 'uniform', 'regressor__regressor__p': 1.5, 'regressor__regressor__n_neighbors': 15, 'regressor__regressor__metric': 'euclidean', 'regressor__regressor__algorithm': 'kd_tree', 'feature_selection__spearman_thr': 0.3, 'feature_selection__rfe_k': 11};0.9292826627092517;0.9059189044675834;0.8876521933421113;0.9121388001934028;0.9256241042928225;0.9121233330010343;0.014926789811448;6;0.9229448134632722;0.9270481406805359;0.9214278502547828;0.9238841626568308;0.9230421326539258;0.9236694199418695;0.0018657463287397986;-1505.7636853442518;-1522.7763193505273;-1606.3271211618187;-1523.9147315550144;-1482.6521171380423;-1528.286794909931;41.78417662279099;8;-1409.8094245111324;-1400.620763221266;-1466.6001280018186;-1407.1413896775668;-1416.7046502839278;-1420.1752711391423;23.77824285358671;-0.09343670649980111;-0.09360297202283678;-0.09544327732375067;-0.09489487680854054;-0.0920361781968675;-0.09388280217035931;0.0011955504285331825;8;-0.086345467657509;-0.08602251847253696;-0.08978592799081606;-0.085978003725702;-0.08663580549728629;-0.08695354466877005;0.0014360780637136749;-922.6957131878644;-922.118236397795;-958.0088811781679;-917.6140178552782;-897.3528770803005;-923.5579451398811;19.5536137973887;9;-848.3849077706491;-847.7368665988215;-885.6699477411535;-856.3757027923039;-858.6022211255331;-859.3539292056921;13.836497418207472;-2537.915750315198;-2983.4413606233215;-3367.5955073112195;-2917.912836949413;-2593.79609421981;-2880.1323098837925;299.6067753172366;6;-2716.0577612081197;-2630.5669517255355;-2707.0565521636477;-2678.8682331135055;-2716.5229164055813;-2689.814482923278;32.647907632279825;7.612547969805927;-1.2500237305205784;KNN;True;9891.770384073257;;;;;;;;;;;;;;;;;;;;;;;;;;;;;;;;;;;;;;;;1420.1752711391423;1528.286794909931
47;96.42972679138184;9.397616027769894;8.494078016281128;0.22600767653904152;MinMaxScaler(feature_range=(-1, 1));;;;;;0.3;9;{'scaler__scaler': MinMaxScaler(feature_range=(-1, 1)), 'regressor__regressor__validation_fraction': 0.15, 'regressor__regressor__subsample': 0.75, 'regressor__regressor__n_iter_no_change': 10, 'regressor__regressor__n_estimators': 700, 'regressor__regressor__min_samples_split': 6, 'regressor__regressor__min_samples_leaf': 4, 'regressor__regressor__min_impurity_decrease': 0.0, 'regressor__regressor__max_leaf_nodes': 40, 'regressor__regressor__max_features': 0.4, 'regressor__regressor__max_depth': 9, 'regressor__regressor__loss': 'absolute_error', 'regressor__regressor__learning_rate': 0.02, 'regressor__regressor__criterion': 'squared_error', 'feature_selection__spearman_thr': 0.3, 'feature_selection__rfe_k': 9};0.9305664709793381;0.904821082817298;0.8812047156887527;0.9013489352411092;0.9225278047653807;0.9080938018983756;0.01727766285111296;13;0.9180122905787448;0.9149935223303505;0.9123860432718015;0.9105569413336443;0.9154902031817962;0.9142878001392674;0.0025826975251421616;-1478.5049999245896;-1535.7997041260505;-1613.8970504614197;-1559.8355517245066;-1476.349541697085;-1532.87736958673;51.86756639937442;10;-1433.398950432123;-1477.8853085472426;-1528.5301682050956;-1493.471207401498;-1459.2439677862221;-1478.5059204744362;32.03882613565292;-0.0905933395155901;-0.09259311783512207;-0.09466242435834268;-0.09407440005925582;-0.09042840047493406;-0.09247033644864895;0.0017370068938853535;9;-0.08660694065089149;-0.08885390541832035;-0.09290895079160005;-0.08935513327883725;-0.08807840676592296;-0.08916066738111442;0.002091619308782836;-925.6879827265275;-940.7808009450991;-978.7209008303798;-924.897565799743;-911.7827489433416;-936.3739998490182;23.079467238916646;9;-865.3064735198232;-893.7678921603601;-940.5481873728859;-905.5601487409403;-885.1198578204458;-898.060511922891;24.980637551036143;-2514.7734734923743;-3000.7975951888016;-3462.878252913107;-3091.8942980505744;-2647.2359900704832;-2943.5159219430684;336.6411883744125;12;-2801.6407150827804;-2839.6001317284376;-2858.575437496421;-2903.936789162211;-2846.6914032220448;-2850.088895338379;32.98605872755235;3.6774590050235805;-0.6774670120227174;GradientBoosting;True;5274.752969026566;0.15;0.75;10;700.0;6.0;4.0;0.0;40;0.4;9.0;absolute_error;0.02;squared_error;;;;;;;;;;;;;;;;;;;;;;;;;;;1478.5059204744362;1532.87736958673
46;71.13166861534118;7.939733545486576;7.7923829555511475;0.7103828423698739;RobustScaler();;;;;;0.25;14;{'scaler__scaler': RobustScaler(), 'regressor__regressor__validation_fraction': 0.2, 'regressor__regressor__subsample': 0.75, 'regressor__regressor__n_iter_no_change': 15, 'regressor__regressor__n_estimators': 700, 'regressor__regressor__min_samples_split': 4, 'regressor__regressor__min_samples_leaf': 4, 'regressor__regressor__min_impurity_decrease': 0.0, 'regressor__regressor__max_leaf_nodes': 40, 'regressor__regressor__max_features': 0.6, 'regressor__regressor__max_depth': 8, 'regressor__regressor__loss': 'huber', 'regressor__regressor__learning_rate': 0.03, 'regressor__regressor__criterion': 'squared_error', 'feature_selection__spearman_thr': 0.25, 'feature_selection__rfe_k': 14};0.9294651148185447;0.9113003947136258;0.8899350952090876;0.9156561570517234;0.9264471981755253;0.9145607919937013;0.01401199805843865;5;0.9153696688026329;0.9209352349381189;0.9207531063049179;0.9197810783591769;0.9195857765468496;0.9192849729903394;0.0020270663592756246;-1529.3763261219003;-1540.223668707798;-1571.6373094453477;-1535.012007292603;-1504.6372795694722;-1536.1773182274242;21.522868819581426;11;-1516.2255856138029;-1494.3382498271667;-1502.8062407909395;-1488.0854732474995;-1488.1579761398566;-1497.922705123853;10.618980532377675;-0.09419840327946102;-0.09373442907415587;-0.09272085635597933;-0.09440520477473371;-0.09255138121721677;-0.09352205494030935;0.0007571829537012694;12;-0.09189204326829535;-0.09068225639436431;-0.09190554837244944;-0.0902032745729059;-0.09067538987273849;-0.09107170249615068;0.0006973029395330334;-981.8486380420363;-964.2898161720514;-965.8773174003309;-959.123530966006;-966.0382407446459;-967.4355086650141;7.630242075144096;12;-958.5820791214755;-944.4524061975844;-954.7022421295214;-941.6861225899047;-945.6609921936142;-949.0167684464201;6.475380837953952;-2534.6396998176697;-2896.8577309980174;-3333.2052215071126;-2858.909726898496;-2579.4038152784115;-2840.603238899942;285.65546898336737;5;-2846.433773942234;-2738.5625791549205;-2718.6552250668155;-2750.1238179584093;-2776.855604881622;-2766.1262002008;44.34805395460889;2.553844265309288;-0.5138973371087311;GradientBoosting;True;5274.752969026566;0.2;0.75;15;700.0;4.0;4.0;0.0;40;0.6;8.0;huber;0.03;squared_error;;;;;;;;;;;;;;;;;;;;;;;;;;;1497.922705123853;1536.1773182274242
